op name, kernel name, exec duration (ms), global size, local size, output size
attn_norm-0,kernel_rms_norm_mul,0.009000,2048x1x1,1024x1x1,2048x2x1x1
Qcur-0,kernel_transpose_32_16,0.005800,512x2x0,1x16x0,2048x2x1x1
Qcur-0,kernel_gemm_noshuffle_q4_0_f32,0.317700,1x512x1,1x128x1,2048x2x1x1
Qcur_normed-0,kernel_rms_norm_mul,0.005000,2048x2x1,128x1x1,128x16x2x1
Qcur-0,kernel_rope_neox_f32,0.004300,1024x2x1,64x1x1,128x16x2x1
Vcur-0,kernel_transpose_32_16,0.004600,512x2x0,1x16x0,1024x2x1x1
Vcur-0,kernel_gemm_noshuffle_q4_0_f32,0.314500,1x256x1,1x128x1,1024x2x1x1
Kcur-0,kernel_transpose_32_16,0.004800,512x2x0,1x16x0,1024x2x1x1
Kcur-0,kernel_gemm_noshuffle_q4_0_f32,0.331000,1x256x1,1x128x1,1024x2x1x1
Kcur_normed-0,kernel_rms_norm_mul,0.005800,1024x2x1,128x1x1,128x8x2x1
Kcur-0,kernel_rope_neox_f32,0.004100,512x2x1,64x1x1,128x8x2x1
cache_k_l0 (view),kernel_set_rows_f16_i64,0.003200,2048x1x1,1024x1x1,1024x40192x1x1
cache_v_l0 (view),kernel_set_rows_f16_i64,0.003300,2048x1x1,1024x1x1,1024x40192x1x1
node_25,flash_attn_blk_f16,0.007400,8x1x1,0x0x0,128x16x2x1
node_25,flash_attn_f32_f16,0.063500,128x16x0,128x1x0,128x16x2x1
node_27,kernel_transpose_32_16,0.005500,512x2x0,1x16x0,2048x2x1x1
node_27,kernel_gemm_noshuffle_q4_0_f32,0.341900,1x512x1,1x128x1,2048x2x1x1
ffn_inp-0,kernel_add,0.014400,128x1x1,64x1x1,2048x2x1x1
ffn_norm-0,kernel_rms_norm_mul,0.005500,2048x1x1,1024x1x1,2048x2x1x1
ffn_gate-0,kernel_transpose_32_16,0.004800,512x2x0,1x16x0,6144x2x1x1
ffn_gate-0,kernel_gemm_noshuffle_q4_0_f32,0.345800,1x1536x1,1x128x1,6144x2x1x1
ffn_up-0,kernel_transpose_32_16,0.005000,512x2x0,1x16x0,6144x2x1x1
ffn_up-0,kernel_gemm_noshuffle_q4_0_f32,0.333700,1x1536x1,1x128x1,6144x2x1x1
ffn_swiglu-0,kernel_swiglu,0.007200,1024x1x1,512x1x1,6144x2x1x1
ffn_out-0,kernel_transpose_32_16,0.010200,1536x2x0,1x16x0,2048x2x1x1
ffn_out-0,kernel_gemm_noshuffle_q4_1_f32,1.184000,1x512x1,1x128x1,2048x2x1x1
l_out-0,kernel_add,0.014000,128x1x1,64x1x1,2048x2x1x1
attn_norm-1,kernel_rms_norm_mul,0.005800,2048x1x1,1024x1x1,2048x2x1x1
Qcur-1,kernel_transpose_32_16,0.005200,512x2x0,1x16x0,2048x2x1x1
Qcur-1,kernel_gemm_noshuffle_q4_0_f32,0.338700,1x512x1,1x128x1,2048x2x1x1
Qcur_normed-1,kernel_rms_norm_mul,0.004100,2048x2x1,128x1x1,128x16x2x1
Qcur-1,kernel_rope_neox_f32,0.003600,1024x2x1,64x1x1,128x16x2x1
Vcur-1,kernel_transpose_32_16,0.005400,512x2x0,1x16x0,1024x2x1x1
Vcur-1,kernel_gemm_noshuffle_q4_0_f32,0.328900,1x256x1,1x128x1,1024x2x1x1
Kcur-1,kernel_transpose_32_16,0.004900,512x2x0,1x16x0,1024x2x1x1
Kcur-1,kernel_gemm_noshuffle_q4_0_f32,0.324600,1x256x1,1x128x1,1024x2x1x1
Kcur_normed-1,kernel_rms_norm_mul,0.004000,1024x2x1,128x1x1,128x8x2x1
Kcur-1,kernel_rope_neox_f32,0.002800,512x2x1,64x1x1,128x8x2x1
cache_k_l1 (view),kernel_set_rows_f16_i64,0.002900,2048x1x1,1024x1x1,1024x40192x1x1
cache_v_l1 (view),kernel_set_rows_f16_i64,0.002800,2048x1x1,1024x1x1,1024x40192x1x1
node_60,flash_attn_blk_f16,0.007500,8x1x1,0x0x0,128x16x2x1
node_60,flash_attn_f32_f16,0.061100,128x16x0,128x1x0,128x16x2x1
node_62,kernel_transpose_32_16,0.005400,512x2x0,1x16x0,2048x2x1x1
node_62,kernel_gemm_noshuffle_q4_0_f32,0.327600,1x512x1,1x128x1,2048x2x1x1
ffn_inp-1,kernel_add,0.012700,128x1x1,64x1x1,2048x2x1x1
ffn_norm-1,kernel_rms_norm_mul,0.005500,2048x1x1,1024x1x1,2048x2x1x1
ffn_gate-1,kernel_transpose_32_16,0.004700,512x2x0,1x16x0,6144x2x1x1
ffn_gate-1,kernel_gemm_noshuffle_q4_0_f32,0.341800,1x1536x1,1x128x1,6144x2x1x1
ffn_up-1,kernel_transpose_32_16,0.005500,512x2x0,1x16x0,6144x2x1x1
ffn_up-1,kernel_gemm_noshuffle_q4_0_f32,0.343500,1x1536x1,1x128x1,6144x2x1x1
ffn_swiglu-1,kernel_swiglu,0.007100,1024x1x1,512x1x1,6144x2x1x1
ffn_out-1,kernel_transpose_32_16,0.010400,1536x2x0,1x16x0,2048x2x1x1
ffn_out-1,kernel_gemm_noshuffle_q4_1_f32,1.151400,1x512x1,1x128x1,2048x2x1x1
l_out-1,kernel_add,0.013100,128x1x1,64x1x1,2048x2x1x1
attn_norm-2,kernel_rms_norm_mul,0.005400,2048x1x1,1024x1x1,2048x2x1x1
Qcur-2,kernel_transpose_32_16,0.004700,512x2x0,1x16x0,2048x2x1x1
Qcur-2,kernel_gemm_noshuffle_q4_0_f32,0.329000,1x512x1,1x128x1,2048x2x1x1
Qcur_normed-2,kernel_rms_norm_mul,0.004300,2048x2x1,128x1x1,128x16x2x1
Qcur-2,kernel_rope_neox_f32,0.003000,1024x2x1,64x1x1,128x16x2x1
Vcur-2,kernel_transpose_32_16,0.005000,512x2x0,1x16x0,1024x2x1x1
Vcur-2,kernel_gemm_noshuffle_q4_0_f32,0.323600,1x256x1,1x128x1,1024x2x1x1
Kcur-2,kernel_transpose_32_16,0.004900,512x2x0,1x16x0,1024x2x1x1
Kcur-2,kernel_gemm_noshuffle_q4_0_f32,0.328800,1x256x1,1x128x1,1024x2x1x1
Kcur_normed-2,kernel_rms_norm_mul,0.003700,1024x2x1,128x1x1,128x8x2x1
Kcur-2,kernel_rope_neox_f32,0.003000,512x2x1,64x1x1,128x8x2x1
cache_k_l2 (view),kernel_set_rows_f16_i64,0.002900,2048x1x1,1024x1x1,1024x40192x1x1
cache_v_l2 (view),kernel_set_rows_f16_i64,0.002800,2048x1x1,1024x1x1,1024x40192x1x1
node_95,flash_attn_blk_f16,0.006800,8x1x1,0x0x0,128x16x2x1
node_95,flash_attn_f32_f16,0.061900,128x16x0,128x1x0,128x16x2x1
node_97,kernel_transpose_32_16,0.004800,512x2x0,1x16x0,2048x2x1x1
node_97,kernel_gemm_noshuffle_q4_0_f32,0.337200,1x512x1,1x128x1,2048x2x1x1
ffn_inp-2,kernel_add,0.013100,128x1x1,64x1x1,2048x2x1x1
ffn_norm-2,kernel_rms_norm_mul,0.005800,2048x1x1,1024x1x1,2048x2x1x1
ffn_gate-2,kernel_transpose_32_16,0.004800,512x2x0,1x16x0,6144x2x1x1
ffn_gate-2,kernel_gemm_noshuffle_q4_0_f32,0.333000,1x1536x1,1x128x1,6144x2x1x1
ffn_up-2,kernel_transpose_32_16,0.004900,512x2x0,1x16x0,6144x2x1x1
ffn_up-2,kernel_gemm_noshuffle_q4_0_f32,0.335600,1x1536x1,1x128x1,6144x2x1x1
ffn_swiglu-2,kernel_swiglu,0.007000,1024x1x1,512x1x1,6144x2x1x1
ffn_out-2,kernel_transpose_32_16,0.010300,1536x2x0,1x16x0,2048x2x1x1
ffn_out-2,kernel_gemm_noshuffle_q4_1_f32,1.175300,1x512x1,1x128x1,2048x2x1x1
l_out-2,kernel_add,0.013800,128x1x1,64x1x1,2048x2x1x1
attn_norm-3,kernel_rms_norm_mul,0.005700,2048x1x1,1024x1x1,2048x2x1x1
Qcur-3,kernel_transpose_32_16,0.004800,512x2x0,1x16x0,2048x2x1x1
Qcur-3,kernel_gemm_noshuffle_q4_0_f32,0.341600,1x512x1,1x128x1,2048x2x1x1
Qcur_normed-3,kernel_rms_norm_mul,0.004100,2048x2x1,128x1x1,128x16x2x1
Qcur-3,kernel_rope_neox_f32,0.003500,1024x2x1,64x1x1,128x16x2x1
Vcur-3,kernel_transpose_32_16,0.004900,512x2x0,1x16x0,1024x2x1x1
Vcur-3,kernel_gemm_noshuffle_q4_0_f32,0.330000,1x256x1,1x128x1,1024x2x1x1
Kcur-3,kernel_transpose_32_16,0.005100,512x2x0,1x16x0,1024x2x1x1
Kcur-3,kernel_gemm_noshuffle_q4_0_f32,0.323700,1x256x1,1x128x1,1024x2x1x1
Kcur_normed-3,kernel_rms_norm_mul,0.004000,1024x2x1,128x1x1,128x8x2x1
Kcur-3,kernel_rope_neox_f32,0.002600,512x2x1,64x1x1,128x8x2x1
cache_k_l3 (view),kernel_set_rows_f16_i64,0.002800,2048x1x1,1024x1x1,1024x40192x1x1
cache_v_l3 (view),kernel_set_rows_f16_i64,0.002800,2048x1x1,1024x1x1,1024x40192x1x1
node_130,flash_attn_blk_f16,0.007100,8x1x1,0x0x0,128x16x2x1
node_130,flash_attn_f32_f16,0.061800,128x16x0,128x1x0,128x16x2x1
node_132,kernel_transpose_32_16,0.005200,512x2x0,1x16x0,2048x2x1x1
node_132,kernel_gemm_noshuffle_q4_0_f32,0.328100,1x512x1,1x128x1,2048x2x1x1
ffn_inp-3,kernel_add,0.013000,128x1x1,64x1x1,2048x2x1x1
ffn_norm-3,kernel_rms_norm_mul,0.005300,2048x1x1,1024x1x1,2048x2x1x1
ffn_gate-3,kernel_transpose_32_16,0.004700,512x2x0,1x16x0,6144x2x1x1
ffn_gate-3,kernel_gemm_noshuffle_q4_0_f32,0.342400,1x1536x1,1x128x1,6144x2x1x1
ffn_up-3,kernel_transpose_32_16,0.005000,512x2x0,1x16x0,6144x2x1x1
ffn_up-3,kernel_gemm_noshuffle_q4_0_f32,0.345100,1x1536x1,1x128x1,6144x2x1x1
ffn_swiglu-3,kernel_swiglu,0.005900,1024x1x1,512x1x1,6144x2x1x1
ffn_out-3,kernel_transpose_32_16,0.010200,1536x2x0,1x16x0,2048x2x1x1
ffn_out-3,kernel_gemm_noshuffle_q4_0_f32,0.976000,1x512x1,1x128x1,2048x2x1x1
l_out-3,kernel_add,0.013100,128x1x1,64x1x1,2048x2x1x1
attn_norm-4,kernel_rms_norm_mul,0.005400,2048x1x1,1024x1x1,2048x2x1x1
Qcur-4,kernel_transpose_32_16,0.004700,512x2x0,1x16x0,2048x2x1x1
Qcur-4,kernel_gemm_noshuffle_q4_0_f32,0.326800,1x512x1,1x128x1,2048x2x1x1
Qcur_normed-4,kernel_rms_norm_mul,0.004400,2048x2x1,128x1x1,128x16x2x1
Qcur-4,kernel_rope_neox_f32,0.003100,1024x2x1,64x1x1,128x16x2x1
Vcur-4,kernel_transpose_32_16,0.005000,512x2x0,1x16x0,1024x2x1x1
Vcur-4,kernel_gemm_noshuffle_q4_0_f32,0.326400,1x256x1,1x128x1,1024x2x1x1
Kcur-4,kernel_transpose_32_16,0.005100,512x2x0,1x16x0,1024x2x1x1
Kcur-4,kernel_gemm_noshuffle_q4_0_f32,0.327700,1x256x1,1x128x1,1024x2x1x1
Kcur_normed-4,kernel_rms_norm_mul,0.004800,1024x2x1,128x1x1,128x8x2x1
Kcur-4,kernel_rope_neox_f32,0.003500,512x2x1,64x1x1,128x8x2x1
cache_k_l4 (view),kernel_set_rows_f16_i64,0.002900,2048x1x1,1024x1x1,1024x40192x1x1
cache_v_l4 (view),kernel_set_rows_f16_i64,0.003200,2048x1x1,1024x1x1,1024x40192x1x1
node_165,flash_attn_blk_f16,0.007100,8x1x1,0x0x0,128x16x2x1
node_165,flash_attn_f32_f16,0.062200,128x16x0,128x1x0,128x16x2x1
node_167,kernel_transpose_32_16,0.005100,512x2x0,1x16x0,2048x2x1x1
node_167,kernel_gemm_noshuffle_q4_0_f32,0.339000,1x512x1,1x128x1,2048x2x1x1
ffn_inp-4,kernel_add,0.013600,128x1x1,64x1x1,2048x2x1x1
ffn_norm-4,kernel_rms_norm_mul,0.005500,2048x1x1,1024x1x1,2048x2x1x1
ffn_gate-4,kernel_transpose_32_16,0.004800,512x2x0,1x16x0,6144x2x1x1
ffn_gate-4,kernel_gemm_noshuffle_q4_0_f32,0.332900,1x1536x1,1x128x1,6144x2x1x1
ffn_up-4,kernel_transpose_32_16,0.005100,512x2x0,1x16x0,6144x2x1x1
ffn_up-4,kernel_gemm_noshuffle_q4_0_f32,0.332200,1x1536x1,1x128x1,6144x2x1x1
ffn_swiglu-4,kernel_swiglu,0.006900,1024x1x1,512x1x1,6144x2x1x1
ffn_out-4,kernel_transpose_32_16,0.010300,1536x2x0,1x16x0,2048x2x1x1
ffn_out-4,kernel_gemm_noshuffle_q4_0_f32,1.013400,1x512x1,1x128x1,2048x2x1x1
l_out-4,kernel_add,0.013200,128x1x1,64x1x1,2048x2x1x1
attn_norm-5,kernel_rms_norm_mul,0.005400,2048x1x1,1024x1x1,2048x2x1x1
Qcur-5,kernel_transpose_32_16,0.005200,512x2x0,1x16x0,2048x2x1x1
Qcur-5,kernel_gemm_noshuffle_q4_0_f32,0.337000,1x512x1,1x128x1,2048x2x1x1
Qcur_normed-5,kernel_rms_norm_mul,0.004500,2048x2x1,128x1x1,128x16x2x1
Qcur-5,kernel_rope_neox_f32,0.003000,1024x2x1,64x1x1,128x16x2x1
Vcur-5,kernel_transpose_32_16,0.004800,512x2x0,1x16x0,1024x2x1x1
Vcur-5,kernel_gemm_noshuffle_q4_0_f32,0.329600,1x256x1,1x128x1,1024x2x1x1
Kcur-5,kernel_transpose_32_16,0.004800,512x2x0,1x16x0,1024x2x1x1
Kcur-5,kernel_gemm_noshuffle_q4_0_f32,0.325900,1x256x1,1x128x1,1024x2x1x1
Kcur_normed-5,kernel_rms_norm_mul,0.003800,1024x2x1,128x1x1,128x8x2x1
Kcur-5,kernel_rope_neox_f32,0.002800,512x2x1,64x1x1,128x8x2x1
cache_k_l5 (view),kernel_set_rows_f16_i64,0.002800,2048x1x1,1024x1x1,1024x40192x1x1
cache_v_l5 (view),kernel_set_rows_f16_i64,0.002900,2048x1x1,1024x1x1,1024x40192x1x1
node_200,flash_attn_blk_f16,0.006900,8x1x1,0x0x0,128x16x2x1
node_200,flash_attn_f32_f16,0.062000,128x16x0,128x1x0,128x16x2x1
node_202,kernel_transpose_32_16,0.004900,512x2x0,1x16x0,2048x2x1x1
node_202,kernel_gemm_noshuffle_q4_0_f32,0.327800,1x512x1,1x128x1,2048x2x1x1
ffn_inp-5,kernel_add,0.013500,128x1x1,64x1x1,2048x2x1x1
ffn_norm-5,kernel_rms_norm_mul,0.005300,2048x1x1,1024x1x1,2048x2x1x1
ffn_gate-5,kernel_transpose_32_16,0.004800,512x2x0,1x16x0,6144x2x1x1
ffn_gate-5,kernel_gemm_noshuffle_q4_0_f32,0.344700,1x1536x1,1x128x1,6144x2x1x1
ffn_up-5,kernel_transpose_32_16,0.005100,512x2x0,1x16x0,6144x2x1x1
ffn_up-5,kernel_gemm_noshuffle_q4_0_f32,0.343700,1x1536x1,1x128x1,6144x2x1x1
ffn_swiglu-5,kernel_swiglu,0.006000,1024x1x1,512x1x1,6144x2x1x1
ffn_out-5,kernel_transpose_32_16,0.010100,1536x2x0,1x16x0,2048x2x1x1
ffn_out-5,kernel_gemm_noshuffle_q4_0_f32,0.976000,1x512x1,1x128x1,2048x2x1x1
l_out-5,kernel_add,0.014100,128x1x1,64x1x1,2048x2x1x1
attn_norm-6,kernel_rms_norm_mul,0.006000,2048x1x1,1024x1x1,2048x2x1x1
Qcur-6,kernel_transpose_32_16,0.005000,512x2x0,1x16x0,2048x2x1x1
Qcur-6,kernel_gemm_noshuffle_q4_0_f32,0.326500,1x512x1,1x128x1,2048x2x1x1
Qcur_normed-6,kernel_rms_norm_mul,0.004700,2048x2x1,128x1x1,128x16x2x1
Qcur-6,kernel_rope_neox_f32,0.003600,1024x2x1,64x1x1,128x16x2x1
Vcur-6,kernel_transpose_32_16,0.004800,512x2x0,1x16x0,1024x2x1x1
Vcur-6,kernel_gemm_noshuffle_q4_0_f32,0.326600,1x256x1,1x128x1,1024x2x1x1
Kcur-6,kernel_transpose_32_16,0.005000,512x2x0,1x16x0,1024x2x1x1
Kcur-6,kernel_gemm_noshuffle_q4_0_f32,0.330200,1x256x1,1x128x1,1024x2x1x1
Kcur_normed-6,kernel_rms_norm_mul,0.004000,1024x2x1,128x1x1,128x8x2x1
Kcur-6,kernel_rope_neox_f32,0.002600,512x2x1,64x1x1,128x8x2x1
cache_k_l6 (view),kernel_set_rows_f16_i64,0.002900,2048x1x1,1024x1x1,1024x40192x1x1
cache_v_l6 (view),kernel_set_rows_f16_i64,0.002800,2048x1x1,1024x1x1,1024x40192x1x1
node_235,flash_attn_blk_f16,0.007000,8x1x1,0x0x0,128x16x2x1
node_235,flash_attn_f32_f16,0.061000,128x16x0,128x1x0,128x16x2x1
node_237,kernel_transpose_32_16,0.004900,512x2x0,1x16x0,2048x2x1x1
node_237,kernel_gemm_noshuffle_q4_0_f32,0.338600,1x512x1,1x128x1,2048x2x1x1
ffn_inp-6,kernel_add,0.012500,128x1x1,64x1x1,2048x2x1x1
ffn_norm-6,kernel_rms_norm_mul,0.005400,2048x1x1,1024x1x1,2048x2x1x1
ffn_gate-6,kernel_transpose_32_16,0.004700,512x2x0,1x16x0,6144x2x1x1
ffn_gate-6,kernel_gemm_noshuffle_q4_0_f32,0.332600,1x1536x1,1x128x1,6144x2x1x1
ffn_up-6,kernel_transpose_32_16,0.004900,512x2x0,1x16x0,6144x2x1x1
ffn_up-6,kernel_gemm_noshuffle_q4_0_f32,0.335100,1x1536x1,1x128x1,6144x2x1x1
ffn_swiglu-6,kernel_swiglu,0.006700,1024x1x1,512x1x1,6144x2x1x1
ffn_out-6,kernel_transpose_32_16,0.010400,1536x2x0,1x16x0,2048x2x1x1
ffn_out-6,kernel_gemm_noshuffle_q4_0_f32,1.008800,1x512x1,1x128x1,2048x2x1x1
l_out-6,kernel_add,0.013200,128x1x1,64x1x1,2048x2x1x1
attn_norm-7,kernel_rms_norm_mul,0.005500,2048x1x1,1024x1x1,2048x2x1x1
Qcur-7,kernel_transpose_32_16,0.004700,512x2x0,1x16x0,2048x2x1x1
Qcur-7,kernel_gemm_noshuffle_q4_0_f32,0.338900,1x512x1,1x128x1,2048x2x1x1
Qcur_normed-7,kernel_rms_norm_mul,0.004700,2048x2x1,128x1x1,128x16x2x1
Qcur-7,kernel_rope_neox_f32,0.003000,1024x2x1,64x1x1,128x16x2x1
Vcur-7,kernel_transpose_32_16,0.004900,512x2x0,1x16x0,1024x2x1x1
Vcur-7,kernel_gemm_noshuffle_q4_0_f32,0.328100,1x256x1,1x128x1,1024x2x1x1
Kcur-7,kernel_transpose_32_16,0.004800,512x2x0,1x16x0,1024x2x1x1
Kcur-7,kernel_gemm_noshuffle_q4_0_f32,0.324800,1x256x1,1x128x1,1024x2x1x1
Kcur_normed-7,kernel_rms_norm_mul,0.003500,1024x2x1,128x1x1,128x8x2x1
Kcur-7,kernel_rope_neox_f32,0.002500,512x2x1,64x1x1,128x8x2x1
cache_k_l7 (view),kernel_set_rows_f16_i64,0.003200,2048x1x1,1024x1x1,1024x40192x1x1
cache_v_l7 (view),kernel_set_rows_f16_i64,0.002800,2048x1x1,1024x1x1,1024x40192x1x1
node_270,flash_attn_blk_f16,0.007000,8x1x1,0x0x0,128x16x2x1
node_270,flash_attn_f32_f16,0.062100,128x16x0,128x1x0,128x16x2x1
node_272,kernel_transpose_32_16,0.005000,512x2x0,1x16x0,2048x2x1x1
node_272,kernel_gemm_noshuffle_q4_0_f32,0.327900,1x512x1,1x128x1,2048x2x1x1
ffn_inp-7,kernel_add,0.013500,128x1x1,64x1x1,2048x2x1x1
ffn_norm-7,kernel_rms_norm_mul,0.005700,2048x1x1,1024x1x1,2048x2x1x1
ffn_gate-7,kernel_transpose_32_16,0.005400,512x2x0,1x16x0,6144x2x1x1
ffn_gate-7,kernel_gemm_noshuffle_q4_0_f32,0.343400,1x1536x1,1x128x1,6144x2x1x1
ffn_up-7,kernel_transpose_32_16,0.005000,512x2x0,1x16x0,6144x2x1x1
ffn_up-7,kernel_gemm_noshuffle_q4_0_f32,0.343300,1x1536x1,1x128x1,6144x2x1x1
ffn_swiglu-7,kernel_swiglu,0.006500,1024x1x1,512x1x1,6144x2x1x1
ffn_out-7,kernel_transpose_32_16,0.010200,1536x2x0,1x16x0,2048x2x1x1
ffn_out-7,kernel_gemm_noshuffle_q4_0_f32,0.970500,1x512x1,1x128x1,2048x2x1x1
l_out-7,kernel_add,0.013200,128x1x1,64x1x1,2048x2x1x1
attn_norm-8,kernel_rms_norm_mul,0.005700,2048x1x1,1024x1x1,2048x2x1x1
Qcur-8,kernel_transpose_32_16,0.004900,512x2x0,1x16x0,2048x2x1x1
Qcur-8,kernel_gemm_noshuffle_q4_0_f32,0.328100,1x512x1,1x128x1,2048x2x1x1
Qcur_normed-8,kernel_rms_norm_mul,0.004400,2048x2x1,128x1x1,128x16x2x1
Qcur-8,kernel_rope_neox_f32,0.003800,1024x2x1,64x1x1,128x16x2x1
Vcur-8,kernel_transpose_32_16,0.004800,512x2x0,1x16x0,1024x2x1x1
Vcur-8,kernel_gemm_noshuffle_q4_0_f32,0.325100,1x256x1,1x128x1,1024x2x1x1
Kcur-8,kernel_transpose_32_16,0.004800,512x2x0,1x16x0,1024x2x1x1
Kcur-8,kernel_gemm_noshuffle_q4_0_f32,0.328000,1x256x1,1x128x1,1024x2x1x1
Kcur_normed-8,kernel_rms_norm_mul,0.004000,1024x2x1,128x1x1,128x8x2x1
Kcur-8,kernel_rope_neox_f32,0.002700,512x2x1,64x1x1,128x8x2x1
cache_k_l8 (view),kernel_set_rows_f16_i64,0.003100,2048x1x1,1024x1x1,1024x40192x1x1
cache_v_l8 (view),kernel_set_rows_f16_i64,0.002900,2048x1x1,1024x1x1,1024x40192x1x1
node_305,flash_attn_blk_f16,0.007200,8x1x1,0x0x0,128x16x2x1
node_305,flash_attn_f32_f16,0.062700,128x16x0,128x1x0,128x16x2x1
node_307,kernel_transpose_32_16,0.005300,512x2x0,1x16x0,2048x2x1x1
node_307,kernel_gemm_noshuffle_q4_0_f32,0.343700,1x512x1,1x128x1,2048x2x1x1
ffn_inp-8,kernel_add,0.013100,128x1x1,64x1x1,2048x2x1x1
ffn_norm-8,kernel_rms_norm_mul,0.005500,2048x1x1,1024x1x1,2048x2x1x1
ffn_gate-8,kernel_transpose_32_16,0.004800,512x2x0,1x16x0,6144x2x1x1
ffn_gate-8,kernel_gemm_noshuffle_q4_0_f32,0.333500,1x1536x1,1x128x1,6144x2x1x1
ffn_up-8,kernel_transpose_32_16,0.004900,512x2x0,1x16x0,6144x2x1x1
ffn_up-8,kernel_gemm_noshuffle_q4_0_f32,0.333000,1x1536x1,1x128x1,6144x2x1x1
ffn_swiglu-8,kernel_swiglu,0.006300,1024x1x1,512x1x1,6144x2x1x1
ffn_out-8,kernel_transpose_32_16,0.010200,1536x2x0,1x16x0,2048x2x1x1
ffn_out-8,kernel_gemm_noshuffle_q4_0_f32,1.013000,1x512x1,1x128x1,2048x2x1x1
l_out-8,kernel_add,0.014100,128x1x1,64x1x1,2048x2x1x1
attn_norm-9,kernel_rms_norm_mul,0.005900,2048x1x1,1024x1x1,2048x2x1x1
Qcur-9,kernel_transpose_32_16,0.004900,512x2x0,1x16x0,2048x2x1x1
Qcur-9,kernel_gemm_noshuffle_q4_0_f32,0.339600,1x512x1,1x128x1,2048x2x1x1
Qcur_normed-9,kernel_rms_norm_mul,0.004800,2048x2x1,128x1x1,128x16x2x1
Qcur-9,kernel_rope_neox_f32,0.003900,1024x2x1,64x1x1,128x16x2x1
Vcur-9,kernel_transpose_32_16,0.005500,512x2x0,1x16x0,1024x2x1x1
Vcur-9,kernel_gemm_noshuffle_q4_0_f32,0.330600,1x256x1,1x128x1,1024x2x1x1
Kcur-9,kernel_transpose_32_16,0.004700,512x2x0,1x16x0,1024x2x1x1
Kcur-9,kernel_gemm_noshuffle_q4_0_f32,0.324500,1x256x1,1x128x1,1024x2x1x1
Kcur_normed-9,kernel_rms_norm_mul,0.004100,1024x2x1,128x1x1,128x8x2x1
Kcur-9,kernel_rope_neox_f32,0.002800,512x2x1,64x1x1,128x8x2x1
cache_k_l9 (view),kernel_set_rows_f16_i64,0.002900,2048x1x1,1024x1x1,1024x40192x1x1
cache_v_l9 (view),kernel_set_rows_f16_i64,0.002800,2048x1x1,1024x1x1,1024x40192x1x1
node_340,flash_attn_blk_f16,0.007400,8x1x1,0x0x0,128x16x2x1
node_340,flash_attn_f32_f16,0.061500,128x16x0,128x1x0,128x16x2x1
node_342,kernel_transpose_32_16,0.004900,512x2x0,1x16x0,2048x2x1x1
node_342,kernel_gemm_noshuffle_q4_0_f32,0.326300,1x512x1,1x128x1,2048x2x1x1
ffn_inp-9,kernel_add,0.013000,128x1x1,64x1x1,2048x2x1x1
ffn_norm-9,kernel_rms_norm_mul,0.005500,2048x1x1,1024x1x1,2048x2x1x1
ffn_gate-9,kernel_transpose_32_16,0.004700,512x2x0,1x16x0,6144x2x1x1
ffn_gate-9,kernel_gemm_noshuffle_q4_0_f32,0.341700,1x1536x1,1x128x1,6144x2x1x1
ffn_up-9,kernel_transpose_32_16,0.005200,512x2x0,1x16x0,6144x2x1x1
ffn_up-9,kernel_gemm_noshuffle_q4_0_f32,0.344600,1x1536x1,1x128x1,6144x2x1x1
ffn_swiglu-9,kernel_swiglu,0.007000,1024x1x1,512x1x1,6144x2x1x1
ffn_out-9,kernel_transpose_32_16,0.010200,1536x2x0,1x16x0,2048x2x1x1
ffn_out-9,kernel_gemm_noshuffle_q4_0_f32,0.978700,1x512x1,1x128x1,2048x2x1x1
l_out-9,kernel_add,0.013200,128x1x1,64x1x1,2048x2x1x1
attn_norm-10,kernel_rms_norm_mul,0.005300,2048x1x1,1024x1x1,2048x2x1x1
Qcur-10,kernel_transpose_32_16,0.004700,512x2x0,1x16x0,2048x2x1x1
Qcur-10,kernel_gemm_noshuffle_q4_0_f32,0.326300,1x512x1,1x128x1,2048x2x1x1
Qcur_normed-10,kernel_rms_norm_mul,0.004700,2048x2x1,128x1x1,128x16x2x1
Qcur-10,kernel_rope_neox_f32,0.003000,1024x2x1,64x1x1,128x16x2x1
Vcur-10,kernel_transpose_32_16,0.004800,512x2x0,1x16x0,1024x2x1x1
Vcur-10,kernel_gemm_noshuffle_q4_0_f32,0.325600,1x256x1,1x128x1,1024x2x1x1
Kcur-10,kernel_transpose_32_16,0.005300,512x2x0,1x16x0,1024x2x1x1
Kcur-10,kernel_gemm_noshuffle_q4_0_f32,0.329600,1x256x1,1x128x1,1024x2x1x1
Kcur_normed-10,kernel_rms_norm_mul,0.004300,1024x2x1,128x1x1,128x8x2x1
Kcur-10,kernel_rope_neox_f32,0.003800,512x2x1,64x1x1,128x8x2x1
cache_k_l10 (view),kernel_set_rows_f16_i64,0.002800,2048x1x1,1024x1x1,1024x40192x1x1
cache_v_l10 (view),kernel_set_rows_f16_i64,0.002900,2048x1x1,1024x1x1,1024x40192x1x1
node_375,flash_attn_blk_f16,0.007200,8x1x1,0x0x0,128x16x2x1
node_375,flash_attn_f32_f16,0.063000,128x16x0,128x1x0,128x16x2x1
node_377,kernel_transpose_32_16,0.005200,512x2x0,1x16x0,2048x2x1x1
node_377,kernel_gemm_noshuffle_q4_0_f32,0.337800,1x512x1,1x128x1,2048x2x1x1
ffn_inp-10,kernel_add,0.013700,128x1x1,64x1x1,2048x2x1x1
ffn_norm-10,kernel_rms_norm_mul,0.005700,2048x1x1,1024x1x1,2048x2x1x1
ffn_gate-10,kernel_transpose_32_16,0.004800,512x2x0,1x16x0,6144x2x1x1
ffn_gate-10,kernel_gemm_noshuffle_q4_0_f32,0.333100,1x1536x1,1x128x1,6144x2x1x1
ffn_up-10,kernel_transpose_32_16,0.005000,512x2x0,1x16x0,6144x2x1x1
ffn_up-10,kernel_gemm_noshuffle_q4_0_f32,0.336200,1x1536x1,1x128x1,6144x2x1x1
ffn_swiglu-10,kernel_swiglu,0.007200,1024x1x1,512x1x1,6144x2x1x1
ffn_out-10,kernel_transpose_32_16,0.010300,1536x2x0,1x16x0,2048x2x1x1
ffn_out-10,kernel_gemm_noshuffle_q4_0_f32,1.009700,1x512x1,1x128x1,2048x2x1x1
l_out-10,kernel_add,0.013600,128x1x1,64x1x1,2048x2x1x1
attn_norm-11,kernel_rms_norm_mul,0.005300,2048x1x1,1024x1x1,2048x2x1x1
Qcur-11,kernel_transpose_32_16,0.004800,512x2x0,1x16x0,2048x2x1x1
Qcur-11,kernel_gemm_noshuffle_q4_0_f32,0.340700,1x512x1,1x128x1,2048x2x1x1
Qcur_normed-11,kernel_rms_norm_mul,0.004700,2048x2x1,128x1x1,128x16x2x1
Qcur-11,kernel_rope_neox_f32,0.002900,1024x2x1,64x1x1,128x16x2x1
Vcur-11,kernel_transpose_32_16,0.004700,512x2x0,1x16x0,1024x2x1x1
Vcur-11,kernel_gemm_noshuffle_q4_0_f32,0.326100,1x256x1,1x128x1,1024x2x1x1
Kcur-11,kernel_transpose_32_16,0.005200,512x2x0,1x16x0,1024x2x1x1
Kcur-11,kernel_gemm_noshuffle_q4_0_f32,0.324300,1x256x1,1x128x1,1024x2x1x1
Kcur_normed-11,kernel_rms_norm_mul,0.003600,1024x2x1,128x1x1,128x8x2x1
Kcur-11,kernel_rope_neox_f32,0.002600,512x2x1,64x1x1,128x8x2x1
cache_k_l11 (view),kernel_set_rows_f16_i64,0.002800,2048x1x1,1024x1x1,1024x40192x1x1
cache_v_l11 (view),kernel_set_rows_f16_i64,0.002900,2048x1x1,1024x1x1,1024x40192x1x1
node_410,flash_attn_blk_f16,0.006800,8x1x1,0x0x0,128x16x2x1
node_410,flash_attn_f32_f16,0.062300,128x16x0,128x1x0,128x16x2x1
node_412,kernel_transpose_32_16,0.005300,512x2x0,1x16x0,2048x2x1x1
node_412,kernel_gemm_noshuffle_q4_0_f32,0.326500,1x512x1,1x128x1,2048x2x1x1
ffn_inp-11,kernel_add,0.012900,128x1x1,64x1x1,2048x2x1x1
ffn_norm-11,kernel_rms_norm_mul,0.005500,2048x1x1,1024x1x1,2048x2x1x1
ffn_gate-11,kernel_transpose_32_16,0.004800,512x2x0,1x16x0,6144x2x1x1
ffn_gate-11,kernel_gemm_noshuffle_q4_0_f32,0.343100,1x1536x1,1x128x1,6144x2x1x1
ffn_up-11,kernel_transpose_32_16,0.005600,512x2x0,1x16x0,6144x2x1x1
ffn_up-11,kernel_gemm_noshuffle_q4_0_f32,0.344500,1x1536x1,1x128x1,6144x2x1x1
ffn_swiglu-11,kernel_swiglu,0.006500,1024x1x1,512x1x1,6144x2x1x1
ffn_out-11,kernel_transpose_32_16,0.010400,1536x2x0,1x16x0,2048x2x1x1
ffn_out-11,kernel_gemm_noshuffle_q4_0_f32,0.979200,1x512x1,1x128x1,2048x2x1x1
l_out-11,kernel_add,0.013700,128x1x1,64x1x1,2048x2x1x1
attn_norm-12,kernel_rms_norm_mul,0.005600,2048x1x1,1024x1x1,2048x2x1x1
Qcur-12,kernel_transpose_32_16,0.004600,512x2x0,1x16x0,2048x2x1x1
Qcur-12,kernel_gemm_noshuffle_q4_0_f32,0.326200,1x512x1,1x128x1,2048x2x1x1
Qcur_normed-12,kernel_rms_norm_mul,0.004500,2048x2x1,128x1x1,128x16x2x1
Qcur-12,kernel_rope_neox_f32,0.003400,1024x2x1,64x1x1,128x16x2x1
Vcur-12,kernel_transpose_32_16,0.005000,512x2x0,1x16x0,1024x2x1x1
Vcur-12,kernel_gemm_noshuffle_q4_0_f32,0.326300,1x256x1,1x128x1,1024x2x1x1
Kcur-12,kernel_transpose_32_16,0.004800,512x2x0,1x16x0,1024x2x1x1
Kcur-12,kernel_gemm_noshuffle_q4_0_f32,0.326700,1x256x1,1x128x1,1024x2x1x1
Kcur_normed-12,kernel_rms_norm_mul,0.004000,1024x2x1,128x1x1,128x8x2x1
Kcur-12,kernel_rope_neox_f32,0.002500,512x2x1,64x1x1,128x8x2x1
cache_k_l12 (view),kernel_set_rows_f16_i64,0.002900,2048x1x1,1024x1x1,1024x40192x1x1
cache_v_l12 (view),kernel_set_rows_f16_i64,0.003300,2048x1x1,1024x1x1,1024x40192x1x1
node_445,flash_attn_blk_f16,0.007200,8x1x1,0x0x0,128x16x2x1
node_445,flash_attn_f32_f16,0.061900,128x16x0,128x1x0,128x16x2x1
node_447,kernel_transpose_32_16,0.004900,512x2x0,1x16x0,2048x2x1x1
node_447,kernel_gemm_noshuffle_q4_0_f32,0.340200,1x512x1,1x128x1,2048x2x1x1
ffn_inp-12,kernel_add,0.012800,128x1x1,64x1x1,2048x2x1x1
ffn_norm-12,kernel_rms_norm_mul,0.005400,2048x1x1,1024x1x1,2048x2x1x1
ffn_gate-12,kernel_transpose_32_16,0.004700,512x2x0,1x16x0,6144x2x1x1
ffn_gate-12,kernel_gemm_noshuffle_q4_0_f32,0.334500,1x1536x1,1x128x1,6144x2x1x1
ffn_up-12,kernel_transpose_32_16,0.005000,512x2x0,1x16x0,6144x2x1x1
ffn_up-12,kernel_gemm_noshuffle_q4_0_f32,0.336400,1x1536x1,1x128x1,6144x2x1x1
ffn_swiglu-12,kernel_swiglu,0.006000,1024x1x1,512x1x1,6144x2x1x1
ffn_out-12,kernel_transpose_32_16,0.010200,1536x2x0,1x16x0,2048x2x1x1
ffn_out-12,kernel_gemm_noshuffle_q4_0_f32,1.063200,1x512x1,1x128x1,2048x2x1x1
l_out-12,kernel_add,0.013800,128x1x1,64x1x1,2048x2x1x1
attn_norm-13,kernel_rms_norm_mul,0.005900,2048x1x1,1024x1x1,2048x2x1x1
Qcur-13,kernel_transpose_32_16,0.005500,512x2x0,1x16x0,2048x2x1x1
Qcur-13,kernel_gemm_noshuffle_q4_0_f32,0.338200,1x512x1,1x128x1,2048x2x1x1
Qcur_normed-13,kernel_rms_norm_mul,0.004700,2048x2x1,128x1x1,128x16x2x1
Qcur-13,kernel_rope_neox_f32,0.003700,1024x2x1,64x1x1,128x16x2x1
Vcur-13,kernel_transpose_32_16,0.004900,512x2x0,1x16x0,1024x2x1x1
Vcur-13,kernel_gemm_noshuffle_q4_0_f32,0.335700,1x256x1,1x128x1,1024x2x1x1
Kcur-13,kernel_transpose_32_16,0.004800,512x2x0,1x16x0,1024x2x1x1
Kcur-13,kernel_gemm_noshuffle_q4_0_f32,0.324900,1x256x1,1x128x1,1024x2x1x1
Kcur_normed-13,kernel_rms_norm_mul,0.003900,1024x2x1,128x1x1,128x8x2x1
Kcur-13,kernel_rope_neox_f32,0.002800,512x2x1,64x1x1,128x8x2x1
cache_k_l13 (view),kernel_set_rows_f16_i64,0.002900,2048x1x1,1024x1x1,1024x40192x1x1
cache_v_l13 (view),kernel_set_rows_f16_i64,0.002800,2048x1x1,1024x1x1,1024x40192x1x1
node_480,flash_attn_blk_f16,0.007200,8x1x1,0x0x0,128x16x2x1
node_480,flash_attn_f32_f16,0.062300,128x16x0,128x1x0,128x16x2x1
node_482,kernel_transpose_32_16,0.005300,512x2x0,1x16x0,2048x2x1x1
node_482,kernel_gemm_noshuffle_q4_0_f32,0.327800,1x512x1,1x128x1,2048x2x1x1
ffn_inp-13,kernel_add,0.013200,128x1x1,64x1x1,2048x2x1x1
ffn_norm-13,kernel_rms_norm_mul,0.005500,2048x1x1,1024x1x1,2048x2x1x1
ffn_gate-13,kernel_transpose_32_16,0.004800,512x2x0,1x16x0,6144x2x1x1
ffn_gate-13,kernel_gemm_noshuffle_q4_0_f32,0.344600,1x1536x1,1x128x1,6144x2x1x1
ffn_up-13,kernel_transpose_32_16,0.004900,512x2x0,1x16x0,6144x2x1x1
ffn_up-13,kernel_gemm_noshuffle_q4_0_f32,0.344600,1x1536x1,1x128x1,6144x2x1x1
ffn_swiglu-13,kernel_swiglu,0.006800,1024x1x1,512x1x1,6144x2x1x1
ffn_out-13,kernel_transpose_32_16,0.010300,1536x2x0,1x16x0,2048x2x1x1
ffn_out-13,kernel_gemm_noshuffle_q4_0_f32,0.974800,1x512x1,1x128x1,2048x2x1x1
l_out-13,kernel_add,0.013700,128x1x1,64x1x1,2048x2x1x1
attn_norm-14,kernel_rms_norm_mul,0.005800,2048x1x1,1024x1x1,2048x2x1x1
Qcur-14,kernel_transpose_32_16,0.005000,512x2x0,1x16x0,2048x2x1x1
Qcur-14,kernel_gemm_noshuffle_q4_0_f32,0.328100,1x512x1,1x128x1,2048x2x1x1
Qcur_normed-14,kernel_rms_norm_mul,0.004600,2048x2x1,128x1x1,128x16x2x1
Qcur-14,kernel_rope_neox_f32,0.003700,1024x2x1,64x1x1,128x16x2x1
Vcur-14,kernel_transpose_32_16,0.004900,512x2x0,1x16x0,1024x2x1x1
Vcur-14,kernel_gemm_noshuffle_q4_0_f32,0.326800,1x256x1,1x128x1,1024x2x1x1
Kcur-14,kernel_transpose_32_16,0.004900,512x2x0,1x16x0,1024x2x1x1
Kcur-14,kernel_gemm_noshuffle_q4_0_f32,0.330400,1x256x1,1x128x1,1024x2x1x1
Kcur_normed-14,kernel_rms_norm_mul,0.004200,1024x2x1,128x1x1,128x8x2x1
Kcur-14,kernel_rope_neox_f32,0.002800,512x2x1,64x1x1,128x8x2x1
cache_k_l14 (view),kernel_set_rows_f16_i64,0.003000,2048x1x1,1024x1x1,1024x40192x1x1
cache_v_l14 (view),kernel_set_rows_f16_i64,0.002800,2048x1x1,1024x1x1,1024x40192x1x1
node_515,flash_attn_blk_f16,0.007300,8x1x1,0x0x0,128x16x2x1
node_515,flash_attn_f32_f16,0.060700,128x16x0,128x1x0,128x16x2x1
node_517,kernel_transpose_32_16,0.004900,512x2x0,1x16x0,2048x2x1x1
node_517,kernel_gemm_noshuffle_q4_0_f32,0.339200,1x512x1,1x128x1,2048x2x1x1
ffn_inp-14,kernel_add,0.012700,128x1x1,64x1x1,2048x2x1x1
ffn_norm-14,kernel_rms_norm_mul,0.005400,2048x1x1,1024x1x1,2048x2x1x1
ffn_gate-14,kernel_transpose_32_16,0.004800,512x2x0,1x16x0,6144x2x1x1
ffn_gate-14,kernel_gemm_noshuffle_q4_0_f32,0.332600,1x1536x1,1x128x1,6144x2x1x1
ffn_up-14,kernel_transpose_32_16,0.004900,512x2x0,1x16x0,6144x2x1x1
ffn_up-14,kernel_gemm_noshuffle_q4_0_f32,0.334500,1x1536x1,1x128x1,6144x2x1x1
ffn_swiglu-14,kernel_swiglu,0.007100,1024x1x1,512x1x1,6144x2x1x1
ffn_out-14,kernel_transpose_32_16,0.010400,1536x2x0,1x16x0,2048x2x1x1
ffn_out-14,kernel_gemm_noshuffle_q4_0_f32,1.005800,1x512x1,1x128x1,2048x2x1x1
l_out-14,kernel_add,0.013700,128x1x1,64x1x1,2048x2x1x1
attn_norm-15,kernel_rms_norm_mul,0.005700,2048x1x1,1024x1x1,2048x2x1x1
Qcur-15,kernel_transpose_32_16,0.004700,512x2x0,1x16x0,2048x2x1x1
Qcur-15,kernel_gemm_noshuffle_q4_0_f32,0.339200,1x512x1,1x128x1,2048x2x1x1
Qcur_normed-15,kernel_rms_norm_mul,0.004900,2048x2x1,128x1x1,128x16x2x1
Qcur-15,kernel_rope_neox_f32,0.003400,1024x2x1,64x1x1,128x16x2x1
Vcur-15,kernel_transpose_32_16,0.005000,512x2x0,1x16x0,1024x2x1x1
Vcur-15,kernel_gemm_noshuffle_q4_0_f32,0.329700,1x256x1,1x128x1,1024x2x1x1
Kcur-15,kernel_transpose_32_16,0.004800,512x2x0,1x16x0,1024x2x1x1
Kcur-15,kernel_gemm_noshuffle_q4_0_f32,0.326000,1x256x1,1x128x1,1024x2x1x1
Kcur_normed-15,kernel_rms_norm_mul,0.003800,1024x2x1,128x1x1,128x8x2x1
Kcur-15,kernel_rope_neox_f32,0.002500,512x2x1,64x1x1,128x8x2x1
cache_k_l15 (view),kernel_set_rows_f16_i64,0.003200,2048x1x1,1024x1x1,1024x40192x1x1
cache_v_l15 (view),kernel_set_rows_f16_i64,0.002900,2048x1x1,1024x1x1,1024x40192x1x1
node_550,flash_attn_blk_f16,0.007000,8x1x1,0x0x0,128x16x2x1
node_550,flash_attn_f32_f16,0.062200,128x16x0,128x1x0,128x16x2x1
node_552,kernel_transpose_32_16,0.004800,512x2x0,1x16x0,2048x2x1x1
node_552,kernel_gemm_noshuffle_q4_0_f32,0.328300,1x512x1,1x128x1,2048x2x1x1
ffn_inp-15,kernel_add,0.012900,128x1x1,64x1x1,2048x2x1x1
ffn_norm-15,kernel_rms_norm_mul,0.005400,2048x1x1,1024x1x1,2048x2x1x1
ffn_gate-15,kernel_transpose_32_16,0.005100,512x2x0,1x16x0,6144x2x1x1
ffn_gate-15,kernel_gemm_noshuffle_q4_0_f32,0.343300,1x1536x1,1x128x1,6144x2x1x1
ffn_up-15,kernel_transpose_32_16,0.005000,512x2x0,1x16x0,6144x2x1x1
ffn_up-15,kernel_gemm_noshuffle_q4_0_f32,0.342800,1x1536x1,1x128x1,6144x2x1x1
ffn_swiglu-15,kernel_swiglu,0.007000,1024x1x1,512x1x1,6144x2x1x1
ffn_out-15,kernel_transpose_32_16,0.010000,1536x2x0,1x16x0,2048x2x1x1
ffn_out-15,kernel_gemm_noshuffle_q4_0_f32,0.976300,1x512x1,1x128x1,2048x2x1x1
l_out-15,kernel_add,0.013300,128x1x1,64x1x1,2048x2x1x1
attn_norm-16,kernel_rms_norm_mul,0.005800,2048x1x1,1024x1x1,2048x2x1x1
Qcur-16,kernel_transpose_32_16,0.005000,512x2x0,1x16x0,2048x2x1x1
Qcur-16,kernel_gemm_noshuffle_q4_0_f32,0.326700,1x512x1,1x128x1,2048x2x1x1
Qcur_normed-16,kernel_rms_norm_mul,0.004300,2048x2x1,128x1x1,128x16x2x1
Qcur-16,kernel_rope_neox_f32,0.003600,1024x2x1,64x1x1,128x16x2x1
Vcur-16,kernel_transpose_32_16,0.004800,512x2x0,1x16x0,1024x2x1x1
Vcur-16,kernel_gemm_noshuffle_q4_0_f32,0.326800,1x256x1,1x128x1,1024x2x1x1
Kcur-16,kernel_transpose_32_16,0.005000,512x2x0,1x16x0,1024x2x1x1
Kcur-16,kernel_gemm_noshuffle_q4_0_f32,0.326700,1x256x1,1x128x1,1024x2x1x1
Kcur_normed-16,kernel_rms_norm_mul,0.004100,1024x2x1,128x1x1,128x8x2x1
Kcur-16,kernel_rope_neox_f32,0.002700,512x2x1,64x1x1,128x8x2x1
cache_k_l16 (view),kernel_set_rows_f16_i64,0.002900,2048x1x1,1024x1x1,1024x40192x1x1
cache_v_l16 (view),kernel_set_rows_f16_i64,0.002800,2048x1x1,1024x1x1,1024x40192x1x1
node_585,flash_attn_blk_f16,0.007100,8x1x1,0x0x0,128x16x2x1
node_585,flash_attn_f32_f16,0.062300,128x16x0,128x1x0,128x16x2x1
node_587,kernel_transpose_32_16,0.005300,512x2x0,1x16x0,2048x2x1x1
node_587,kernel_gemm_noshuffle_q4_0_f32,0.340700,1x512x1,1x128x1,2048x2x1x1
ffn_inp-16,kernel_add,0.013100,128x1x1,64x1x1,2048x2x1x1
ffn_norm-16,kernel_rms_norm_mul,0.005300,2048x1x1,1024x1x1,2048x2x1x1
ffn_gate-16,kernel_transpose_32_16,0.004700,512x2x0,1x16x0,6144x2x1x1
ffn_gate-16,kernel_gemm_noshuffle_q4_0_f32,0.333800,1x1536x1,1x128x1,6144x2x1x1
ffn_up-16,kernel_transpose_32_16,0.005200,512x2x0,1x16x0,6144x2x1x1
ffn_up-16,kernel_gemm_noshuffle_q4_0_f32,0.334900,1x1536x1,1x128x1,6144x2x1x1
ffn_swiglu-16,kernel_swiglu,0.007000,1024x1x1,512x1x1,6144x2x1x1
ffn_out-16,kernel_transpose_32_16,0.010400,1536x2x0,1x16x0,2048x2x1x1
ffn_out-16,kernel_gemm_noshuffle_q4_0_f32,1.008600,1x512x1,1x128x1,2048x2x1x1
l_out-16,kernel_add,0.013400,128x1x1,64x1x1,2048x2x1x1
attn_norm-17,kernel_rms_norm_mul,0.005700,2048x1x1,1024x1x1,2048x2x1x1
Qcur-17,kernel_transpose_32_16,0.004600,512x2x0,1x16x0,2048x2x1x1
Qcur-17,kernel_gemm_noshuffle_q4_0_f32,0.338900,1x512x1,1x128x1,2048x2x1x1
Qcur_normed-17,kernel_rms_norm_mul,0.004300,2048x2x1,128x1x1,128x16x2x1
Qcur-17,kernel_rope_neox_f32,0.003600,1024x2x1,64x1x1,128x16x2x1
Vcur-17,kernel_transpose_32_16,0.005200,512x2x0,1x16x0,1024x2x1x1
Vcur-17,kernel_gemm_noshuffle_q4_0_f32,0.328400,1x256x1,1x128x1,1024x2x1x1
Kcur-17,kernel_transpose_32_16,0.004800,512x2x0,1x16x0,1024x2x1x1
Kcur-17,kernel_gemm_noshuffle_q4_0_f32,0.326000,1x256x1,1x128x1,1024x2x1x1
Kcur_normed-17,kernel_rms_norm_mul,0.004000,1024x2x1,128x1x1,128x8x2x1
Kcur-17,kernel_rope_neox_f32,0.002800,512x2x1,64x1x1,128x8x2x1
cache_k_l17 (view),kernel_set_rows_f16_i64,0.002900,2048x1x1,1024x1x1,1024x40192x1x1
cache_v_l17 (view),kernel_set_rows_f16_i64,0.002900,2048x1x1,1024x1x1,1024x40192x1x1
node_620,flash_attn_blk_f16,0.007300,8x1x1,0x0x0,128x16x2x1
node_620,flash_attn_f32_f16,0.060500,128x16x0,128x1x0,128x16x2x1
node_622,kernel_transpose_32_16,0.005300,512x2x0,1x16x0,2048x2x1x1
node_622,kernel_gemm_noshuffle_q4_0_f32,0.326700,1x512x1,1x128x1,2048x2x1x1
ffn_inp-17,kernel_add,0.013300,128x1x1,64x1x1,2048x2x1x1
ffn_norm-17,kernel_rms_norm_mul,0.005500,2048x1x1,1024x1x1,2048x2x1x1
ffn_gate-17,kernel_transpose_32_16,0.004700,512x2x0,1x16x0,6144x2x1x1
ffn_gate-17,kernel_gemm_noshuffle_q4_0_f32,0.343200,1x1536x1,1x128x1,6144x2x1x1
ffn_up-17,kernel_transpose_32_16,0.005300,512x2x0,1x16x0,6144x2x1x1
ffn_up-17,kernel_gemm_noshuffle_q4_0_f32,0.343200,1x1536x1,1x128x1,6144x2x1x1
ffn_swiglu-17,kernel_swiglu,0.006400,1024x1x1,512x1x1,6144x2x1x1
ffn_out-17,kernel_transpose_32_16,0.010300,1536x2x0,1x16x0,2048x2x1x1
ffn_out-17,kernel_gemm_noshuffle_q4_0_f32,0.978700,1x512x1,1x128x1,2048x2x1x1
l_out-17,kernel_add,0.013000,128x1x1,64x1x1,2048x2x1x1
attn_norm-18,kernel_rms_norm_mul,0.005500,2048x1x1,1024x1x1,2048x2x1x1
Qcur-18,kernel_transpose_32_16,0.004700,512x2x0,1x16x0,2048x2x1x1
Qcur-18,kernel_gemm_noshuffle_q4_0_f32,0.327700,1x512x1,1x128x1,2048x2x1x1
Qcur_normed-18,kernel_rms_norm_mul,0.004800,2048x2x1,128x1x1,128x16x2x1
Qcur-18,kernel_rope_neox_f32,0.003700,1024x2x1,64x1x1,128x16x2x1
Vcur-18,kernel_transpose_32_16,0.005600,512x2x0,1x16x0,1024x2x1x1
Vcur-18,kernel_gemm_noshuffle_q4_0_f32,0.325800,1x256x1,1x128x1,1024x2x1x1
Kcur-18,kernel_transpose_32_16,0.004900,512x2x0,1x16x0,1024x2x1x1
Kcur-18,kernel_gemm_noshuffle_q4_0_f32,0.331100,1x256x1,1x128x1,1024x2x1x1
Kcur_normed-18,kernel_rms_norm_mul,0.003800,1024x2x1,128x1x1,128x8x2x1
Kcur-18,kernel_rope_neox_f32,0.003000,512x2x1,64x1x1,128x8x2x1
cache_k_l18 (view),kernel_set_rows_f16_i64,0.003000,2048x1x1,1024x1x1,1024x40192x1x1
cache_v_l18 (view),kernel_set_rows_f16_i64,0.002900,2048x1x1,1024x1x1,1024x40192x1x1
node_655,flash_attn_blk_f16,0.007100,8x1x1,0x0x0,128x16x2x1
node_655,flash_attn_f32_f16,0.061900,128x16x0,128x1x0,128x16x2x1
node_657,kernel_transpose_32_16,0.005100,512x2x0,1x16x0,2048x2x1x1
node_657,kernel_gemm_noshuffle_q4_0_f32,0.335100,1x512x1,1x128x1,2048x2x1x1
ffn_inp-18,kernel_add,0.013400,128x1x1,64x1x1,2048x2x1x1
ffn_norm-18,kernel_rms_norm_mul,0.005700,2048x1x1,1024x1x1,2048x2x1x1
ffn_gate-18,kernel_transpose_32_16,0.005100,512x2x0,1x16x0,6144x2x1x1
ffn_gate-18,kernel_gemm_noshuffle_q4_0_f32,0.335200,1x1536x1,1x128x1,6144x2x1x1
ffn_up-18,kernel_transpose_32_16,0.004900,512x2x0,1x16x0,6144x2x1x1
ffn_up-18,kernel_gemm_noshuffle_q4_0_f32,0.336000,1x1536x1,1x128x1,6144x2x1x1
ffn_swiglu-18,kernel_swiglu,0.006600,1024x1x1,512x1x1,6144x2x1x1
ffn_out-18,kernel_transpose_32_16,0.010200,1536x2x0,1x16x0,2048x2x1x1
ffn_out-18,kernel_gemm_noshuffle_q4_0_f32,1.007200,1x512x1,1x128x1,2048x2x1x1
l_out-18,kernel_add,0.014100,128x1x1,64x1x1,2048x2x1x1
attn_norm-19,kernel_rms_norm_mul,0.005700,2048x1x1,1024x1x1,2048x2x1x1
Qcur-19,kernel_transpose_32_16,0.005000,512x2x0,1x16x0,2048x2x1x1
Qcur-19,kernel_gemm_noshuffle_q4_0_f32,0.340200,1x512x1,1x128x1,2048x2x1x1
Qcur_normed-19,kernel_rms_norm_mul,0.004500,2048x2x1,128x1x1,128x16x2x1
Qcur-19,kernel_rope_neox_f32,0.003600,1024x2x1,64x1x1,128x16x2x1
Vcur-19,kernel_transpose_32_16,0.004900,512x2x0,1x16x0,1024x2x1x1
Vcur-19,kernel_gemm_noshuffle_q4_0_f32,0.330000,1x256x1,1x128x1,1024x2x1x1
Kcur-19,kernel_transpose_32_16,0.005100,512x2x0,1x16x0,1024x2x1x1
Kcur-19,kernel_gemm_noshuffle_q4_0_f32,0.324400,1x256x1,1x128x1,1024x2x1x1
Kcur_normed-19,kernel_rms_norm_mul,0.004500,1024x2x1,128x1x1,128x8x2x1
Kcur-19,kernel_rope_neox_f32,0.003200,512x2x1,64x1x1,128x8x2x1
cache_k_l19 (view),kernel_set_rows_f16_i64,0.003000,2048x1x1,1024x1x1,1024x40192x1x1
cache_v_l19 (view),kernel_set_rows_f16_i64,0.003000,2048x1x1,1024x1x1,1024x40192x1x1
node_690,flash_attn_blk_f16,0.007000,8x1x1,0x0x0,128x16x2x1
node_690,flash_attn_f32_f16,0.062200,128x16x0,128x1x0,128x16x2x1
node_692,kernel_transpose_32_16,0.005400,512x2x0,1x16x0,2048x2x1x1
node_692,kernel_gemm_noshuffle_q4_0_f32,0.327600,1x512x1,1x128x1,2048x2x1x1
ffn_inp-19,kernel_add,0.013100,128x1x1,64x1x1,2048x2x1x1
ffn_norm-19,kernel_rms_norm_mul,0.005300,2048x1x1,1024x1x1,2048x2x1x1
ffn_gate-19,kernel_transpose_32_16,0.004700,512x2x0,1x16x0,6144x2x1x1
ffn_gate-19,kernel_gemm_noshuffle_q4_0_f32,0.343400,1x1536x1,1x128x1,6144x2x1x1
ffn_up-19,kernel_transpose_32_16,0.004900,512x2x0,1x16x0,6144x2x1x1
ffn_up-19,kernel_gemm_noshuffle_q4_0_f32,0.344400,1x1536x1,1x128x1,6144x2x1x1
ffn_swiglu-19,kernel_swiglu,0.006200,1024x1x1,512x1x1,6144x2x1x1
ffn_out-19,kernel_transpose_32_16,0.010200,1536x2x0,1x16x0,2048x2x1x1
ffn_out-19,kernel_gemm_noshuffle_q4_0_f32,0.976400,1x512x1,1x128x1,2048x2x1x1
l_out-19,kernel_add,0.013600,128x1x1,64x1x1,2048x2x1x1
attn_norm-20,kernel_rms_norm_mul,0.005700,2048x1x1,1024x1x1,2048x2x1x1
Qcur-20,kernel_transpose_32_16,0.004900,512x2x0,1x16x0,2048x2x1x1
Qcur-20,kernel_gemm_noshuffle_q4_0_f32,0.327600,1x512x1,1x128x1,2048x2x1x1
Qcur_normed-20,kernel_rms_norm_mul,0.004500,2048x2x1,128x1x1,128x16x2x1
Qcur-20,kernel_rope_neox_f32,0.003300,1024x2x1,64x1x1,128x16x2x1
Vcur-20,kernel_transpose_32_16,0.005200,512x2x0,1x16x0,1024x2x1x1
Vcur-20,kernel_gemm_noshuffle_q4_0_f32,0.325100,1x256x1,1x128x1,1024x2x1x1
Kcur-20,kernel_transpose_32_16,0.004900,512x2x0,1x16x0,1024x2x1x1
Kcur-20,kernel_gemm_noshuffle_q4_0_f32,0.328800,1x256x1,1x128x1,1024x2x1x1
Kcur_normed-20,kernel_rms_norm_mul,0.004400,1024x2x1,128x1x1,128x8x2x1
Kcur-20,kernel_rope_neox_f32,0.003000,512x2x1,64x1x1,128x8x2x1
cache_k_l20 (view),kernel_set_rows_f16_i64,0.002900,2048x1x1,1024x1x1,1024x40192x1x1
cache_v_l20 (view),kernel_set_rows_f16_i64,0.003300,2048x1x1,1024x1x1,1024x40192x1x1
node_725,flash_attn_blk_f16,0.007200,8x1x1,0x0x0,128x16x2x1
node_725,flash_attn_f32_f16,0.061400,128x16x0,128x1x0,128x16x2x1
node_727,kernel_transpose_32_16,0.005200,512x2x0,1x16x0,2048x2x1x1
node_727,kernel_gemm_noshuffle_q4_0_f32,0.337700,1x512x1,1x128x1,2048x2x1x1
ffn_inp-20,kernel_add,0.013200,128x1x1,64x1x1,2048x2x1x1
ffn_norm-20,kernel_rms_norm_mul,0.005900,2048x1x1,1024x1x1,2048x2x1x1
ffn_gate-20,kernel_transpose_32_16,0.004800,512x2x0,1x16x0,6144x2x1x1
ffn_gate-20,kernel_gemm_noshuffle_q4_0_f32,0.335500,1x1536x1,1x128x1,6144x2x1x1
ffn_up-20,kernel_transpose_32_16,0.005000,512x2x0,1x16x0,6144x2x1x1
ffn_up-20,kernel_gemm_noshuffle_q4_0_f32,0.334500,1x1536x1,1x128x1,6144x2x1x1
ffn_swiglu-20,kernel_swiglu,0.007000,1024x1x1,512x1x1,6144x2x1x1
ffn_out-20,kernel_transpose_32_16,0.010500,1536x2x0,1x16x0,2048x2x1x1
ffn_out-20,kernel_gemm_noshuffle_q4_0_f32,1.012600,1x512x1,1x128x1,2048x2x1x1
l_out-20,kernel_add,0.013600,128x1x1,64x1x1,2048x2x1x1
attn_norm-21,kernel_rms_norm_mul,0.005800,2048x1x1,1024x1x1,2048x2x1x1
Qcur-21,kernel_transpose_32_16,0.005300,512x2x0,1x16x0,2048x2x1x1
Qcur-21,kernel_gemm_noshuffle_q4_0_f32,0.336700,1x512x1,1x128x1,2048x2x1x1
Qcur_normed-21,kernel_rms_norm_mul,0.004900,2048x2x1,128x1x1,128x16x2x1
Qcur-21,kernel_rope_neox_f32,0.003500,1024x2x1,64x1x1,128x16x2x1
Vcur-21,kernel_transpose_32_16,0.004900,512x2x0,1x16x0,1024x2x1x1
Vcur-21,kernel_gemm_noshuffle_q4_0_f32,0.329200,1x256x1,1x128x1,1024x2x1x1
Kcur-21,kernel_transpose_32_16,0.004900,512x2x0,1x16x0,1024x2x1x1
Kcur-21,kernel_gemm_noshuffle_q4_0_f32,0.325600,1x256x1,1x128x1,1024x2x1x1
Kcur_normed-21,kernel_rms_norm_mul,0.003900,1024x2x1,128x1x1,128x8x2x1
Kcur-21,kernel_rope_neox_f32,0.002700,512x2x1,64x1x1,128x8x2x1
cache_k_l21 (view),kernel_set_rows_f16_i64,0.002900,2048x1x1,1024x1x1,1024x40192x1x1
cache_v_l21 (view),kernel_set_rows_f16_i64,0.003000,2048x1x1,1024x1x1,1024x40192x1x1
node_760,flash_attn_blk_f16,0.007000,8x1x1,0x0x0,128x16x2x1
node_760,flash_attn_f32_f16,0.062000,128x16x0,128x1x0,128x16x2x1
node_762,kernel_transpose_32_16,0.005000,512x2x0,1x16x0,2048x2x1x1
node_762,kernel_gemm_noshuffle_q4_0_f32,0.328200,1x512x1,1x128x1,2048x2x1x1
ffn_inp-21,kernel_add,0.013700,128x1x1,64x1x1,2048x2x1x1
ffn_norm-21,kernel_rms_norm_mul,0.005600,2048x1x1,1024x1x1,2048x2x1x1
ffn_gate-21,kernel_transpose_32_16,0.004700,512x2x0,1x16x0,6144x2x1x1
ffn_gate-21,kernel_gemm_noshuffle_q4_0_f32,0.344900,1x1536x1,1x128x1,6144x2x1x1
ffn_up-21,kernel_transpose_32_16,0.005500,512x2x0,1x16x0,6144x2x1x1
ffn_up-21,kernel_gemm_noshuffle_q4_0_f32,0.341800,1x1536x1,1x128x1,6144x2x1x1
ffn_swiglu-21,kernel_swiglu,0.007200,1024x1x1,512x1x1,6144x2x1x1
ffn_out-21,kernel_transpose_32_16,0.010200,1536x2x0,1x16x0,2048x2x1x1
ffn_out-21,kernel_gemm_noshuffle_q4_0_f32,0.977000,1x512x1,1x128x1,2048x2x1x1
l_out-21,kernel_add,0.013500,128x1x1,64x1x1,2048x2x1x1
attn_norm-22,kernel_rms_norm_mul,0.005500,2048x1x1,1024x1x1,2048x2x1x1
Qcur-22,kernel_transpose_32_16,0.004700,512x2x0,1x16x0,2048x2x1x1
Qcur-22,kernel_gemm_noshuffle_q4_0_f32,0.327200,1x512x1,1x128x1,2048x2x1x1
Qcur_normed-22,kernel_rms_norm_mul,0.004300,2048x2x1,128x1x1,128x16x2x1
Qcur-22,kernel_rope_neox_f32,0.003600,1024x2x1,64x1x1,128x16x2x1
Vcur-22,kernel_transpose_32_16,0.004800,512x2x0,1x16x0,1024x2x1x1
Vcur-22,kernel_gemm_noshuffle_q4_0_f32,0.324600,1x256x1,1x128x1,1024x2x1x1
Kcur-22,kernel_transpose_32_16,0.004900,512x2x0,1x16x0,1024x2x1x1
Kcur-22,kernel_gemm_noshuffle_q4_0_f32,0.330500,1x256x1,1x128x1,1024x2x1x1
Kcur_normed-22,kernel_rms_norm_mul,0.004400,1024x2x1,128x1x1,128x8x2x1
Kcur-22,kernel_rope_neox_f32,0.002700,512x2x1,64x1x1,128x8x2x1
cache_k_l22 (view),kernel_set_rows_f16_i64,0.003000,2048x1x1,1024x1x1,1024x40192x1x1
cache_v_l22 (view),kernel_set_rows_f16_i64,0.002900,2048x1x1,1024x1x1,1024x40192x1x1
node_795,flash_attn_blk_f16,0.007200,8x1x1,0x0x0,128x16x2x1
node_795,flash_attn_f32_f16,0.060900,128x16x0,128x1x0,128x16x2x1
node_797,kernel_transpose_32_16,0.005100,512x2x0,1x16x0,2048x2x1x1
node_797,kernel_gemm_noshuffle_q4_0_f32,0.338900,1x512x1,1x128x1,2048x2x1x1
ffn_inp-22,kernel_add,0.013000,128x1x1,64x1x1,2048x2x1x1
ffn_norm-22,kernel_rms_norm_mul,0.005400,2048x1x1,1024x1x1,2048x2x1x1
ffn_gate-22,kernel_transpose_32_16,0.004700,512x2x0,1x16x0,6144x2x1x1
ffn_gate-22,kernel_gemm_noshuffle_q4_0_f32,0.332700,1x1536x1,1x128x1,6144x2x1x1
ffn_up-22,kernel_transpose_32_16,0.005000,512x2x0,1x16x0,6144x2x1x1
ffn_up-22,kernel_gemm_noshuffle_q4_0_f32,0.336500,1x1536x1,1x128x1,6144x2x1x1
ffn_swiglu-22,kernel_swiglu,0.006900,1024x1x1,512x1x1,6144x2x1x1
ffn_out-22,kernel_transpose_32_16,0.010500,1536x2x0,1x16x0,2048x2x1x1
ffn_out-22,kernel_gemm_noshuffle_q4_0_f32,1.009800,1x512x1,1x128x1,2048x2x1x1
l_out-22,kernel_add,0.013400,128x1x1,64x1x1,2048x2x1x1
attn_norm-23,kernel_rms_norm_mul,0.005400,2048x1x1,1024x1x1,2048x2x1x1
Qcur-23,kernel_transpose_32_16,0.004500,512x2x0,1x16x0,2048x2x1x1
Qcur-23,kernel_gemm_noshuffle_q4_0_f32,0.338000,1x512x1,1x128x1,2048x2x1x1
Qcur_normed-23,kernel_rms_norm_mul,0.004700,2048x2x1,128x1x1,128x16x2x1
Qcur-23,kernel_rope_neox_f32,0.003800,1024x2x1,64x1x1,128x16x2x1
Vcur-23,kernel_transpose_32_16,0.004900,512x2x0,1x16x0,1024x2x1x1
Vcur-23,kernel_gemm_noshuffle_q4_0_f32,0.325600,1x256x1,1x128x1,1024x2x1x1
Kcur-23,kernel_transpose_32_16,0.005000,512x2x0,1x16x0,1024x2x1x1
Kcur-23,kernel_gemm_noshuffle_q4_0_f32,0.324300,1x256x1,1x128x1,1024x2x1x1
Kcur_normed-23,kernel_rms_norm_mul,0.004000,1024x2x1,128x1x1,128x8x2x1
Kcur-23,kernel_rope_neox_f32,0.002500,512x2x1,64x1x1,128x8x2x1
cache_k_l23 (view),kernel_set_rows_f16_i64,0.003400,2048x1x1,1024x1x1,1024x40192x1x1
cache_v_l23 (view),kernel_set_rows_f16_i64,0.002800,2048x1x1,1024x1x1,1024x40192x1x1
node_830,flash_attn_blk_f16,0.007200,8x1x1,0x0x0,128x16x2x1
node_830,flash_attn_f32_f16,0.062100,128x16x0,128x1x0,128x16x2x1
node_832,kernel_transpose_32_16,0.004800,512x2x0,1x16x0,2048x2x1x1
node_832,kernel_gemm_noshuffle_q4_0_f32,0.327800,1x512x1,1x128x1,2048x2x1x1
ffn_inp-23,kernel_add,0.013300,128x1x1,64x1x1,2048x2x1x1
ffn_norm-23,kernel_rms_norm_mul,0.005400,2048x1x1,1024x1x1,2048x2x1x1
ffn_gate-23,kernel_transpose_32_16,0.005100,512x2x0,1x16x0,6144x2x1x1
ffn_gate-23,kernel_gemm_noshuffle_q4_0_f32,0.343000,1x1536x1,1x128x1,6144x2x1x1
ffn_up-23,kernel_transpose_32_16,0.005400,512x2x0,1x16x0,6144x2x1x1
ffn_up-23,kernel_gemm_noshuffle_q4_0_f32,0.342600,1x1536x1,1x128x1,6144x2x1x1
ffn_swiglu-23,kernel_swiglu,0.006800,1024x1x1,512x1x1,6144x2x1x1
ffn_out-23,kernel_transpose_32_16,0.010400,1536x2x0,1x16x0,2048x2x1x1
ffn_out-23,kernel_gemm_noshuffle_q4_0_f32,0.976600,1x512x1,1x128x1,2048x2x1x1
l_out-23,kernel_add,0.013400,128x1x1,64x1x1,2048x2x1x1
attn_norm-24,kernel_rms_norm_mul,0.005900,2048x1x1,1024x1x1,2048x2x1x1
Qcur-24,kernel_transpose_32_16,0.005100,512x2x0,1x16x0,2048x2x1x1
Qcur-24,kernel_gemm_noshuffle_q4_0_f32,0.328100,1x512x1,1x128x1,2048x2x1x1
Qcur_normed-24,kernel_rms_norm_mul,0.004100,2048x2x1,128x1x1,128x16x2x1
Qcur-24,kernel_rope_neox_f32,0.003500,1024x2x1,64x1x1,128x16x2x1
Vcur-24,kernel_transpose_32_16,0.004800,512x2x0,1x16x0,1024x2x1x1
Vcur-24,kernel_gemm_noshuffle_q4_0_f32,0.325700,1x256x1,1x128x1,1024x2x1x1
Kcur-24,kernel_transpose_32_16,0.004900,512x2x0,1x16x0,1024x2x1x1
Kcur-24,kernel_gemm_noshuffle_q4_0_f32,0.328700,1x256x1,1x128x1,1024x2x1x1
Kcur_normed-24,kernel_rms_norm_mul,0.003900,1024x2x1,128x1x1,128x8x2x1
Kcur-24,kernel_rope_neox_f32,0.002600,512x2x1,64x1x1,128x8x2x1
cache_k_l24 (view),kernel_set_rows_f16_i64,0.003100,2048x1x1,1024x1x1,1024x40192x1x1
cache_v_l24 (view),kernel_set_rows_f16_i64,0.002800,2048x1x1,1024x1x1,1024x40192x1x1
node_865,flash_attn_blk_f16,0.007000,8x1x1,0x0x0,128x16x2x1
node_865,flash_attn_f32_f16,0.062600,128x16x0,128x1x0,128x16x2x1
node_867,kernel_transpose_32_16,0.005200,512x2x0,1x16x0,2048x2x1x1
node_867,kernel_gemm_noshuffle_q4_0_f32,0.342500,1x512x1,1x128x1,2048x2x1x1
ffn_inp-24,kernel_add,0.013700,128x1x1,64x1x1,2048x2x1x1
ffn_norm-24,kernel_rms_norm_mul,0.005700,2048x1x1,1024x1x1,2048x2x1x1
ffn_gate-24,kernel_transpose_32_16,0.005100,512x2x0,1x16x0,6144x2x1x1
ffn_gate-24,kernel_gemm_noshuffle_q4_0_f32,0.335400,1x1536x1,1x128x1,6144x2x1x1
ffn_up-24,kernel_transpose_32_16,0.005000,512x2x0,1x16x0,6144x2x1x1
ffn_up-24,kernel_gemm_noshuffle_q4_0_f32,0.335400,1x1536x1,1x128x1,6144x2x1x1
ffn_swiglu-24,kernel_swiglu,0.007000,1024x1x1,512x1x1,6144x2x1x1
ffn_out-24,kernel_transpose_32_16,0.010300,1536x2x0,1x16x0,2048x2x1x1
ffn_out-24,kernel_gemm_noshuffle_q4_0_f32,1.012000,1x512x1,1x128x1,2048x2x1x1
l_out-24,kernel_add,0.013300,128x1x1,64x1x1,2048x2x1x1
attn_norm-25,kernel_rms_norm_mul,0.005400,2048x1x1,1024x1x1,2048x2x1x1
Qcur-25,kernel_transpose_32_16,0.004600,512x2x0,1x16x0,2048x2x1x1
Qcur-25,kernel_gemm_noshuffle_q4_0_f32,0.340600,1x512x1,1x128x1,2048x2x1x1
Qcur_normed-25,kernel_rms_norm_mul,0.004300,2048x2x1,128x1x1,128x16x2x1
Qcur-25,kernel_rope_neox_f32,0.003700,1024x2x1,64x1x1,128x16x2x1
Vcur-25,kernel_transpose_32_16,0.005200,512x2x0,1x16x0,1024x2x1x1
Vcur-25,kernel_gemm_noshuffle_q4_0_f32,0.329700,1x256x1,1x128x1,1024x2x1x1
Kcur-25,kernel_transpose_32_16,0.004900,512x2x0,1x16x0,1024x2x1x1
Kcur-25,kernel_gemm_noshuffle_q4_0_f32,0.324000,1x256x1,1x128x1,1024x2x1x1
Kcur_normed-25,kernel_rms_norm_mul,0.004300,1024x2x1,128x1x1,128x8x2x1
Kcur-25,kernel_rope_neox_f32,0.002700,512x2x1,64x1x1,128x8x2x1
cache_k_l25 (view),kernel_set_rows_f16_i64,0.003000,2048x1x1,1024x1x1,1024x40192x1x1
cache_v_l25 (view),kernel_set_rows_f16_i64,0.002800,2048x1x1,1024x1x1,1024x40192x1x1
node_900,flash_attn_blk_f16,0.007600,8x1x1,0x0x0,128x16x2x1
node_900,flash_attn_f32_f16,0.060600,128x16x0,128x1x0,128x16x2x1
node_902,kernel_transpose_32_16,0.005200,512x2x0,1x16x0,2048x2x1x1
node_902,kernel_gemm_noshuffle_q4_0_f32,0.328700,1x512x1,1x128x1,2048x2x1x1
ffn_inp-25,kernel_add,0.012700,128x1x1,64x1x1,2048x2x1x1
ffn_norm-25,kernel_rms_norm_mul,0.005500,2048x1x1,1024x1x1,2048x2x1x1
ffn_gate-25,kernel_transpose_32_16,0.004700,512x2x0,1x16x0,6144x2x1x1
ffn_gate-25,kernel_gemm_noshuffle_q4_0_f32,0.343700,1x1536x1,1x128x1,6144x2x1x1
ffn_up-25,kernel_transpose_32_16,0.005300,512x2x0,1x16x0,6144x2x1x1
ffn_up-25,kernel_gemm_noshuffle_q4_0_f32,0.344000,1x1536x1,1x128x1,6144x2x1x1
ffn_swiglu-25,kernel_swiglu,0.007200,1024x1x1,512x1x1,6144x2x1x1
ffn_out-25,kernel_transpose_32_16,0.010500,1536x2x0,1x16x0,2048x2x1x1
ffn_out-25,kernel_gemm_noshuffle_q4_0_f32,0.975700,1x512x1,1x128x1,2048x2x1x1
l_out-25,kernel_add,0.013700,128x1x1,64x1x1,2048x2x1x1
attn_norm-26,kernel_rms_norm_mul,0.005600,2048x1x1,1024x1x1,2048x2x1x1
Qcur-26,kernel_transpose_32_16,0.004600,512x2x0,1x16x0,2048x2x1x1
Qcur-26,kernel_gemm_noshuffle_q4_0_f32,0.328100,1x512x1,1x128x1,2048x2x1x1
Qcur_normed-26,kernel_rms_norm_mul,0.004300,2048x2x1,128x1x1,128x16x2x1
Qcur-26,kernel_rope_neox_f32,0.003600,1024x2x1,64x1x1,128x16x2x1
Vcur-26,kernel_transpose_32_16,0.005000,512x2x0,1x16x0,1024x2x1x1
Vcur-26,kernel_gemm_noshuffle_q4_0_f32,0.325600,1x256x1,1x128x1,1024x2x1x1
Kcur-26,kernel_transpose_32_16,0.004900,512x2x0,1x16x0,1024x2x1x1
Kcur-26,kernel_gemm_noshuffle_q4_0_f32,0.329500,1x256x1,1x128x1,1024x2x1x1
Kcur_normed-26,kernel_rms_norm_mul,0.003900,1024x2x1,128x1x1,128x8x2x1
Kcur-26,kernel_rope_neox_f32,0.002900,512x2x1,64x1x1,128x8x2x1
cache_k_l26 (view),kernel_set_rows_f16_i64,0.003000,2048x1x1,1024x1x1,1024x40192x1x1
cache_v_l26 (view),kernel_set_rows_f16_i64,0.002800,2048x1x1,1024x1x1,1024x40192x1x1
node_935,flash_attn_blk_f16,0.007100,8x1x1,0x0x0,128x16x2x1
node_935,flash_attn_f32_f16,0.062200,128x16x0,128x1x0,128x16x2x1
node_937,kernel_transpose_32_16,0.005100,512x2x0,1x16x0,2048x2x1x1
node_937,kernel_gemm_noshuffle_q4_0_f32,0.335500,1x512x1,1x128x1,2048x2x1x1
ffn_inp-26,kernel_add,0.013100,128x1x1,64x1x1,2048x2x1x1
ffn_norm-26,kernel_rms_norm_mul,0.005900,2048x1x1,1024x1x1,2048x2x1x1
ffn_gate-26,kernel_transpose_32_16,0.004900,512x2x0,1x16x0,6144x2x1x1
ffn_gate-26,kernel_gemm_noshuffle_q4_0_f32,0.334100,1x1536x1,1x128x1,6144x2x1x1
ffn_up-26,kernel_transpose_32_16,0.005400,512x2x0,1x16x0,6144x2x1x1
ffn_up-26,kernel_gemm_noshuffle_q4_0_f32,0.335000,1x1536x1,1x128x1,6144x2x1x1
ffn_swiglu-26,kernel_swiglu,0.006900,1024x1x1,512x1x1,6144x2x1x1
ffn_out-26,kernel_transpose_32_16,0.010300,1536x2x0,1x16x0,2048x2x1x1
ffn_out-26,kernel_gemm_noshuffle_q4_0_f32,1.008800,1x512x1,1x128x1,2048x2x1x1
l_out-26,kernel_add,0.014200,128x1x1,64x1x1,2048x2x1x1
attn_norm-27,kernel_rms_norm_mul,0.005700,2048x1x1,1024x1x1,2048x2x1x1
Qcur-27,kernel_transpose_32_16,0.005000,512x2x0,1x16x0,2048x2x1x1
Qcur-27,kernel_gemm_noshuffle_q4_0_f32,0.339800,1x512x1,1x128x1,2048x2x1x1
Qcur_normed-27,kernel_rms_norm_mul,0.004300,2048x2x1,128x1x1,128x16x2x1
Qcur-27,kernel_rope_neox_f32,0.003800,1024x2x1,64x1x1,128x16x2x1
Vcur-27,kernel_transpose_32_16,0.004900,512x2x0,1x16x0,1024x2x1x1
Vcur-27,kernel_gemm_noshuffle_q4_0_f32,0.328900,1x256x1,1x128x1,1024x2x1x1
Kcur-27,kernel_transpose_32_16,0.005300,512x2x0,1x16x0,1024x2x1x1
Kcur-27,kernel_gemm_noshuffle_q4_0_f32,0.324000,1x256x1,1x128x1,1024x2x1x1
Kcur_normed-27,kernel_rms_norm_mul,0.004300,1024x2x1,128x1x1,128x8x2x1
Kcur-27,kernel_rope_neox_f32,0.002700,512x2x1,64x1x1,128x8x2x1
cache_k_l27 (view),kernel_set_rows_f16_i64,0.003100,2048x1x1,1024x1x1,1024x40192x1x1
cache_v_l27 (view),kernel_set_rows_f16_i64,0.002900,2048x1x1,1024x1x1,1024x40192x1x1
node_970,flash_attn_blk_f16,0.007300,8x1x1,0x0x0,128x16x2x1
node_970,flash_attn_f32_f16,0.062900,128x16x0,128x1x0,128x16x2x1
node_972,kernel_transpose_32_16,0.005100,512x2x0,1x16x0,2048x2x1x1
node_972,kernel_gemm_noshuffle_q4_0_f32,0.325700,1x512x1,1x128x1,2048x2x1x1
node_973,kernel_get_rows_f32,0.004800,1024x1x1,1024x1x1,2048x1x1x1
node_974,kernel_get_rows_f32,0.003800,1024x1x1,1024x1x1,2048x1x1x1
ffn_inp-27,kernel_add_row,0.002500,512x0x0,64x0x0,2048x1x1x1
ffn_norm-27,kernel_rms_norm_mul,0.005600,1024x1x1,1024x1x1,2048x1x1x1
ffn_gate-27,kernel_gemv_noshuffle_q4_0_f32,0.109900,3072x4x1,64x4x1,6144x1x1x1
ffn_up-27,kernel_gemv_noshuffle_q4_0_f32,0.110800,3072x4x1,64x4x1,6144x1x1x1
ffn_swiglu-27,kernel_swiglu,0.006300,512x1x1,512x1x1,6144x1x1x1
ffn_out-27,kernel_gemv_noshuffle_q4_0_f32,0.120000,1024x4x1,64x4x1,2048x1x1x1
l_out-27,kernel_add_row,0.002200,512x0x0,64x0x0,2048x1x1x1
result_norm,kernel_rms_norm_mul,0.005800,1024x1x1,1024x1x1,2048x1x1x1
result_output,kernel_mul_mv_q6_K_f32_flat,5.083700,303872x2x1,64x2x1,151936x1x1x1
attn_norm-0,kernel_rms_norm_mul,0.009000,2048x1x1,1024x1x1,2048x2x1x1
Qcur-0,kernel_transpose_32_16,0.005800,512x2x0,1x16x0,2048x2x1x1
Qcur-0,kernel_gemm_noshuffle_q4_0_f32,0.316700,1x512x1,1x128x1,2048x2x1x1
Qcur_normed-0,kernel_rms_norm_mul,0.005000,2048x2x1,128x1x1,128x16x2x1
Qcur-0,kernel_rope_neox_f32,0.004400,1024x2x1,64x1x1,128x16x2x1
Vcur-0,kernel_transpose_32_16,0.004800,512x2x0,1x16x0,1024x2x1x1
Vcur-0,kernel_gemm_noshuffle_q4_0_f32,0.316900,1x256x1,1x128x1,1024x2x1x1
Kcur-0,kernel_transpose_32_16,0.004800,512x2x0,1x16x0,1024x2x1x1
Kcur-0,kernel_gemm_noshuffle_q4_0_f32,0.316700,1x256x1,1x128x1,1024x2x1x1
Kcur_normed-0,kernel_rms_norm_mul,0.004300,1024x2x1,128x1x1,128x8x2x1
Kcur-0,kernel_rope_neox_f32,0.002800,512x2x1,64x1x1,128x8x2x1
cache_k_l0 (view),kernel_set_rows_f16_i64,0.003300,2048x1x1,1024x1x1,1024x40192x1x1
cache_v_l0 (view),kernel_set_rows_f16_i64,0.003000,2048x1x1,1024x1x1,1024x40192x1x1
node_25,flash_attn_blk_f16,0.007500,8x1x1,0x0x0,128x16x2x1
node_25,flash_attn_f32_f16,0.062200,128x16x0,128x1x0,128x16x2x1
node_27,kernel_transpose_32_16,0.004900,512x2x0,1x16x0,2048x2x1x1
node_27,kernel_gemm_noshuffle_q4_0_f32,0.330100,1x512x1,1x128x1,2048x2x1x1
ffn_inp-0,kernel_add,0.013500,128x1x1,64x1x1,2048x2x1x1
ffn_norm-0,kernel_rms_norm_mul,0.005500,2048x1x1,1024x1x1,2048x2x1x1
ffn_gate-0,kernel_transpose_32_16,0.005200,512x2x0,1x16x0,6144x2x1x1
ffn_gate-0,kernel_gemm_noshuffle_q4_0_f32,0.323700,1x1536x1,1x128x1,6144x2x1x1
ffn_up-0,kernel_transpose_32_16,0.004900,512x2x0,1x16x0,6144x2x1x1
ffn_up-0,kernel_gemm_noshuffle_q4_0_f32,0.323200,1x1536x1,1x128x1,6144x2x1x1
ffn_swiglu-0,kernel_swiglu,0.007100,1024x1x1,512x1x1,6144x2x1x1
ffn_out-0,kernel_transpose_32_16,0.010000,1536x2x0,1x16x0,2048x2x1x1
ffn_out-0,kernel_gemm_noshuffle_q4_1_f32,1.128700,1x512x1,1x128x1,2048x2x1x1
l_out-0,kernel_add,0.013000,128x1x1,64x1x1,2048x2x1x1
attn_norm-1,kernel_rms_norm_mul,0.005500,2048x1x1,1024x1x1,2048x2x1x1
Qcur-1,kernel_transpose_32_16,0.004800,512x2x0,1x16x0,2048x2x1x1
Qcur-1,kernel_gemm_noshuffle_q4_0_f32,0.324900,1x512x1,1x128x1,2048x2x1x1
Qcur_normed-1,kernel_rms_norm_mul,0.004200,2048x2x1,128x1x1,128x16x2x1
Qcur-1,kernel_rope_neox_f32,0.003300,1024x2x1,64x1x1,128x16x2x1
Vcur-1,kernel_transpose_32_16,0.005100,512x2x0,1x16x0,1024x2x1x1
Vcur-1,kernel_gemm_noshuffle_q4_0_f32,0.316500,1x256x1,1x128x1,1024x2x1x1
Kcur-1,kernel_transpose_32_16,0.004900,512x2x0,1x16x0,1024x2x1x1
Kcur-1,kernel_gemm_noshuffle_q4_0_f32,0.313000,1x256x1,1x128x1,1024x2x1x1
Kcur_normed-1,kernel_rms_norm_mul,0.004200,1024x2x1,128x1x1,128x8x2x1
Kcur-1,kernel_rope_neox_f32,0.002700,512x2x1,64x1x1,128x8x2x1
cache_k_l1 (view),kernel_set_rows_f16_i64,0.003100,2048x1x1,1024x1x1,1024x40192x1x1
cache_v_l1 (view),kernel_set_rows_f16_i64,0.002900,2048x1x1,1024x1x1,1024x40192x1x1
node_60,flash_attn_blk_f16,0.007400,8x1x1,0x0x0,128x16x2x1
node_60,flash_attn_f32_f16,0.060800,128x16x0,128x1x0,128x16x2x1
node_62,kernel_transpose_32_16,0.004900,512x2x0,1x16x0,2048x2x1x1
node_62,kernel_gemm_noshuffle_q4_0_f32,0.313200,1x512x1,1x128x1,2048x2x1x1
ffn_inp-1,kernel_add,0.012800,128x1x1,64x1x1,2048x2x1x1
ffn_norm-1,kernel_rms_norm_mul,0.005400,2048x1x1,1024x1x1,2048x2x1x1
ffn_gate-1,kernel_transpose_32_16,0.004700,512x2x0,1x16x0,6144x2x1x1
ffn_gate-1,kernel_gemm_noshuffle_q4_0_f32,0.332700,1x1536x1,1x128x1,6144x2x1x1
ffn_up-1,kernel_transpose_32_16,0.005400,512x2x0,1x16x0,6144x2x1x1
ffn_up-1,kernel_gemm_noshuffle_q4_0_f32,0.333600,1x1536x1,1x128x1,6144x2x1x1
ffn_swiglu-1,kernel_swiglu,0.007100,1024x1x1,512x1x1,6144x2x1x1
ffn_out-1,kernel_transpose_32_16,0.010100,1536x2x0,1x16x0,2048x2x1x1
ffn_out-1,kernel_gemm_noshuffle_q4_1_f32,1.100200,1x512x1,1x128x1,2048x2x1x1
l_out-1,kernel_add,0.013400,128x1x1,64x1x1,2048x2x1x1
attn_norm-2,kernel_rms_norm_mul,0.005500,2048x1x1,1024x1x1,2048x2x1x1
Qcur-2,kernel_transpose_32_16,0.004600,512x2x0,1x16x0,2048x2x1x1
Qcur-2,kernel_gemm_noshuffle_q4_0_f32,0.315500,1x512x1,1x128x1,2048x2x1x1
Qcur_normed-2,kernel_rms_norm_mul,0.004500,2048x2x1,128x1x1,128x16x2x1
Qcur-2,kernel_rope_neox_f32,0.003700,1024x2x1,64x1x1,128x16x2x1
Vcur-2,kernel_transpose_32_16,0.005000,512x2x0,1x16x0,1024x2x1x1
Vcur-2,kernel_gemm_noshuffle_q4_0_f32,0.312900,1x256x1,1x128x1,1024x2x1x1
Kcur-2,kernel_transpose_32_16,0.004800,512x2x0,1x16x0,1024x2x1x1
Kcur-2,kernel_gemm_noshuffle_q4_0_f32,0.317500,1x256x1,1x128x1,1024x2x1x1
Kcur_normed-2,kernel_rms_norm_mul,0.003800,1024x2x1,128x1x1,128x8x2x1
Kcur-2,kernel_rope_neox_f32,0.003200,512x2x1,64x1x1,128x8x2x1
cache_k_l2 (view),kernel_set_rows_f16_i64,0.002900,2048x1x1,1024x1x1,1024x40192x1x1
cache_v_l2 (view),kernel_set_rows_f16_i64,0.002800,2048x1x1,1024x1x1,1024x40192x1x1
node_95,flash_attn_blk_f16,0.007100,8x1x1,0x0x0,128x16x2x1
node_95,flash_attn_f32_f16,0.061500,128x16x0,128x1x0,128x16x2x1
node_97,kernel_transpose_32_16,0.004800,512x2x0,1x16x0,2048x2x1x1
node_97,kernel_gemm_noshuffle_q4_0_f32,0.326500,1x512x1,1x128x1,2048x2x1x1
ffn_inp-2,kernel_add,0.013100,128x1x1,64x1x1,2048x2x1x1
ffn_norm-2,kernel_rms_norm_mul,0.005600,2048x1x1,1024x1x1,2048x2x1x1
ffn_gate-2,kernel_transpose_32_16,0.004800,512x2x0,1x16x0,6144x2x1x1
ffn_gate-2,kernel_gemm_noshuffle_q4_0_f32,0.322600,1x1536x1,1x128x1,6144x2x1x1
ffn_up-2,kernel_transpose_32_16,0.004800,512x2x0,1x16x0,6144x2x1x1
ffn_up-2,kernel_gemm_noshuffle_q4_0_f32,0.323700,1x1536x1,1x128x1,6144x2x1x1
ffn_swiglu-2,kernel_swiglu,0.006200,1024x1x1,512x1x1,6144x2x1x1
ffn_out-2,kernel_transpose_32_16,0.010200,1536x2x0,1x16x0,2048x2x1x1
ffn_out-2,kernel_gemm_noshuffle_q4_1_f32,1.118400,1x512x1,1x128x1,2048x2x1x1
l_out-2,kernel_add,0.013500,128x1x1,64x1x1,2048x2x1x1
attn_norm-3,kernel_rms_norm_mul,0.005600,2048x1x1,1024x1x1,2048x2x1x1
Qcur-3,kernel_transpose_32_16,0.004700,512x2x0,1x16x0,2048x2x1x1
Qcur-3,kernel_gemm_noshuffle_q4_0_f32,0.330800,1x512x1,1x128x1,2048x2x1x1
Qcur_normed-3,kernel_rms_norm_mul,0.004100,2048x2x1,128x1x1,128x16x2x1
Qcur-3,kernel_rope_neox_f32,0.003100,1024x2x1,64x1x1,128x16x2x1
Vcur-3,kernel_transpose_32_16,0.004900,512x2x0,1x16x0,1024x2x1x1
Vcur-3,kernel_gemm_noshuffle_q4_0_f32,0.317000,1x256x1,1x128x1,1024x2x1x1
Kcur-3,kernel_transpose_32_16,0.005100,512x2x0,1x16x0,1024x2x1x1
Kcur-3,kernel_gemm_noshuffle_q4_0_f32,0.312900,1x256x1,1x128x1,1024x2x1x1
Kcur_normed-3,kernel_rms_norm_mul,0.003700,1024x2x1,128x1x1,128x8x2x1
Kcur-3,kernel_rope_neox_f32,0.002700,512x2x1,64x1x1,128x8x2x1
cache_k_l3 (view),kernel_set_rows_f16_i64,0.002900,2048x1x1,1024x1x1,1024x40192x1x1
cache_v_l3 (view),kernel_set_rows_f16_i64,0.002800,2048x1x1,1024x1x1,1024x40192x1x1
node_130,flash_attn_blk_f16,0.006900,8x1x1,0x0x0,128x16x2x1
node_130,flash_attn_f32_f16,0.061400,128x16x0,128x1x0,128x16x2x1
node_132,kernel_transpose_32_16,0.005000,512x2x0,1x16x0,2048x2x1x1
node_132,kernel_gemm_noshuffle_q4_0_f32,0.314200,1x512x1,1x128x1,2048x2x1x1
ffn_inp-3,kernel_add,0.013100,128x1x1,64x1x1,2048x2x1x1
ffn_norm-3,kernel_rms_norm_mul,0.005400,2048x1x1,1024x1x1,2048x2x1x1
ffn_gate-3,kernel_transpose_32_16,0.004700,512x2x0,1x16x0,6144x2x1x1
ffn_gate-3,kernel_gemm_noshuffle_q4_0_f32,0.331400,1x1536x1,1x128x1,6144x2x1x1
ffn_up-3,kernel_transpose_32_16,0.004900,512x2x0,1x16x0,6144x2x1x1
ffn_up-3,kernel_gemm_noshuffle_q4_0_f32,0.334600,1x1536x1,1x128x1,6144x2x1x1
ffn_swiglu-3,kernel_swiglu,0.006100,1024x1x1,512x1x1,6144x2x1x1
ffn_out-3,kernel_transpose_32_16,0.010100,1536x2x0,1x16x0,2048x2x1x1
ffn_out-3,kernel_gemm_noshuffle_q4_0_f32,0.941800,1x512x1,1x128x1,2048x2x1x1
l_out-3,kernel_add,0.013400,128x1x1,64x1x1,2048x2x1x1
attn_norm-4,kernel_rms_norm_mul,0.005400,2048x1x1,1024x1x1,2048x2x1x1
Qcur-4,kernel_transpose_32_16,0.004700,512x2x0,1x16x0,2048x2x1x1
Qcur-4,kernel_gemm_noshuffle_q4_0_f32,0.317300,1x512x1,1x128x1,2048x2x1x1
Qcur_normed-4,kernel_rms_norm_mul,0.004200,2048x2x1,128x1x1,128x16x2x1
Qcur-4,kernel_rope_neox_f32,0.003400,1024x2x1,64x1x1,128x16x2x1
Vcur-4,kernel_transpose_32_16,0.004900,512x2x0,1x16x0,1024x2x1x1
Vcur-4,kernel_gemm_noshuffle_q4_0_f32,0.312900,1x256x1,1x128x1,1024x2x1x1
Kcur-4,kernel_transpose_32_16,0.004800,512x2x0,1x16x0,1024x2x1x1
Kcur-4,kernel_gemm_noshuffle_q4_0_f32,0.317200,1x256x1,1x128x1,1024x2x1x1
Kcur_normed-4,kernel_rms_norm_mul,0.004700,1024x2x1,128x1x1,128x8x2x1
Kcur-4,kernel_rope_neox_f32,0.003300,512x2x1,64x1x1,128x8x2x1
cache_k_l4 (view),kernel_set_rows_f16_i64,0.002900,2048x1x1,1024x1x1,1024x40192x1x1
cache_v_l4 (view),kernel_set_rows_f16_i64,0.005600,2048x1x1,1024x1x1,1024x40192x1x1
node_165,flash_attn_blk_f16,0.007200,8x1x1,0x0x0,128x16x2x1
node_165,flash_attn_f32_f16,0.061900,128x16x0,128x1x0,128x16x2x1
node_167,kernel_transpose_32_16,0.005000,512x2x0,1x16x0,2048x2x1x1
node_167,kernel_gemm_noshuffle_q4_0_f32,0.329000,1x512x1,1x128x1,2048x2x1x1
ffn_inp-4,kernel_add,0.013200,128x1x1,64x1x1,2048x2x1x1
ffn_norm-4,kernel_rms_norm_mul,0.005500,2048x1x1,1024x1x1,2048x2x1x1
ffn_gate-4,kernel_transpose_32_16,0.004700,512x2x0,1x16x0,6144x2x1x1
ffn_gate-4,kernel_gemm_noshuffle_q4_0_f32,0.325000,1x1536x1,1x128x1,6144x2x1x1
ffn_up-4,kernel_transpose_32_16,0.005400,512x2x0,1x16x0,6144x2x1x1
ffn_up-4,kernel_gemm_noshuffle_q4_0_f32,0.323400,1x1536x1,1x128x1,6144x2x1x1
ffn_swiglu-4,kernel_swiglu,0.007100,1024x1x1,512x1x1,6144x2x1x1
ffn_out-4,kernel_transpose_32_16,0.010000,1536x2x0,1x16x0,2048x2x1x1
ffn_out-4,kernel_gemm_noshuffle_q4_0_f32,0.977100,1x512x1,1x128x1,2048x2x1x1
l_out-4,kernel_add,0.013500,128x1x1,64x1x1,2048x2x1x1
attn_norm-5,kernel_rms_norm_mul,0.005700,2048x1x1,1024x1x1,2048x2x1x1
Qcur-5,kernel_transpose_32_16,0.005100,512x2x0,1x16x0,2048x2x1x1
Qcur-5,kernel_gemm_noshuffle_q4_0_f32,0.325600,1x512x1,1x128x1,2048x2x1x1
Qcur_normed-5,kernel_rms_norm_mul,0.004600,2048x2x1,128x1x1,128x16x2x1
Qcur-5,kernel_rope_neox_f32,0.003600,1024x2x1,64x1x1,128x16x2x1
Vcur-5,kernel_transpose_32_16,0.004800,512x2x0,1x16x0,1024x2x1x1
Vcur-5,kernel_gemm_noshuffle_q4_0_f32,0.316900,1x256x1,1x128x1,1024x2x1x1
Kcur-5,kernel_transpose_32_16,0.005200,512x2x0,1x16x0,1024x2x1x1
Kcur-5,kernel_gemm_noshuffle_q4_0_f32,0.314400,1x256x1,1x128x1,1024x2x1x1
Kcur_normed-5,kernel_rms_norm_mul,0.004000,1024x2x1,128x1x1,128x8x2x1
Kcur-5,kernel_rope_neox_f32,0.002700,512x2x1,64x1x1,128x8x2x1
cache_k_l5 (view),kernel_set_rows_f16_i64,0.002900,2048x1x1,1024x1x1,1024x40192x1x1
cache_v_l5 (view),kernel_set_rows_f16_i64,0.002800,2048x1x1,1024x1x1,1024x40192x1x1
node_200,flash_attn_blk_f16,0.007100,8x1x1,0x0x0,128x16x2x1
node_200,flash_attn_f32_f16,0.062000,128x16x0,128x1x0,128x16x2x1
node_202,kernel_transpose_32_16,0.005200,512x2x0,1x16x0,2048x2x1x1
node_202,kernel_gemm_noshuffle_q4_0_f32,0.315100,1x512x1,1x128x1,2048x2x1x1
ffn_inp-5,kernel_add,0.013300,128x1x1,64x1x1,2048x2x1x1
ffn_norm-5,kernel_rms_norm_mul,0.005300,2048x1x1,1024x1x1,2048x2x1x1
ffn_gate-5,kernel_transpose_32_16,0.004800,512x2x0,1x16x0,6144x2x1x1
ffn_gate-5,kernel_gemm_noshuffle_q4_0_f32,0.333300,1x1536x1,1x128x1,6144x2x1x1
ffn_up-5,kernel_transpose_32_16,0.005200,512x2x0,1x16x0,6144x2x1x1
ffn_up-5,kernel_gemm_noshuffle_q4_0_f32,0.330800,1x1536x1,1x128x1,6144x2x1x1
ffn_swiglu-5,kernel_swiglu,0.007000,1024x1x1,512x1x1,6144x2x1x1
ffn_out-5,kernel_transpose_32_16,0.009900,1536x2x0,1x16x0,2048x2x1x1
ffn_out-5,kernel_gemm_noshuffle_q4_0_f32,0.939400,1x512x1,1x128x1,2048x2x1x1
l_out-5,kernel_add,0.013900,128x1x1,64x1x1,2048x2x1x1
attn_norm-6,kernel_rms_norm_mul,0.005600,2048x1x1,1024x1x1,2048x2x1x1
Qcur-6,kernel_transpose_32_16,0.004900,512x2x0,1x16x0,2048x2x1x1
Qcur-6,kernel_gemm_noshuffle_q4_0_f32,0.315400,1x512x1,1x128x1,2048x2x1x1
Qcur_normed-6,kernel_rms_norm_mul,0.004200,2048x2x1,128x1x1,128x16x2x1
Qcur-6,kernel_rope_neox_f32,0.003700,1024x2x1,64x1x1,128x16x2x1
Vcur-6,kernel_transpose_32_16,0.004700,512x2x0,1x16x0,1024x2x1x1
Vcur-6,kernel_gemm_noshuffle_q4_0_f32,0.314600,1x256x1,1x128x1,1024x2x1x1
Kcur-6,kernel_transpose_32_16,0.004900,512x2x0,1x16x0,1024x2x1x1
Kcur-6,kernel_gemm_noshuffle_q4_0_f32,0.318900,1x256x1,1x128x1,1024x2x1x1
Kcur_normed-6,kernel_rms_norm_mul,0.004000,1024x2x1,128x1x1,128x8x2x1
Kcur-6,kernel_rope_neox_f32,0.002700,512x2x1,64x1x1,128x8x2x1
cache_k_l6 (view),kernel_set_rows_f16_i64,0.002900,2048x1x1,1024x1x1,1024x40192x1x1
cache_v_l6 (view),kernel_set_rows_f16_i64,0.002800,2048x1x1,1024x1x1,1024x40192x1x1
node_235,flash_attn_blk_f16,0.007000,8x1x1,0x0x0,128x16x2x1
node_235,flash_attn_f32_f16,0.060800,128x16x0,128x1x0,128x16x2x1
node_237,kernel_transpose_32_16,0.004900,512x2x0,1x16x0,2048x2x1x1
node_237,kernel_gemm_noshuffle_q4_0_f32,0.327400,1x512x1,1x128x1,2048x2x1x1
ffn_inp-6,kernel_add,0.012200,128x1x1,64x1x1,2048x2x1x1
ffn_norm-6,kernel_rms_norm_mul,0.005400,2048x1x1,1024x1x1,2048x2x1x1
ffn_gate-6,kernel_transpose_32_16,0.004700,512x2x0,1x16x0,6144x2x1x1
ffn_gate-6,kernel_gemm_noshuffle_q4_0_f32,0.322800,1x1536x1,1x128x1,6144x2x1x1
ffn_up-6,kernel_transpose_32_16,0.004800,512x2x0,1x16x0,6144x2x1x1
ffn_up-6,kernel_gemm_noshuffle_q4_0_f32,0.323700,1x1536x1,1x128x1,6144x2x1x1
ffn_swiglu-6,kernel_swiglu,0.007100,1024x1x1,512x1x1,6144x2x1x1
ffn_out-6,kernel_transpose_32_16,0.010400,1536x2x0,1x16x0,2048x2x1x1
ffn_out-6,kernel_gemm_noshuffle_q4_0_f32,0.970800,1x512x1,1x128x1,2048x2x1x1
l_out-6,kernel_add,0.013900,128x1x1,64x1x1,2048x2x1x1
attn_norm-7,kernel_rms_norm_mul,0.005500,2048x1x1,1024x1x1,2048x2x1x1
Qcur-7,kernel_transpose_32_16,0.004600,512x2x0,1x16x0,2048x2x1x1
Qcur-7,kernel_gemm_noshuffle_q4_0_f32,0.328100,1x512x1,1x128x1,2048x2x1x1
Qcur_normed-7,kernel_rms_norm_mul,0.004700,2048x2x1,128x1x1,128x16x2x1
Qcur-7,kernel_rope_neox_f32,0.003500,1024x2x1,64x1x1,128x16x2x1
Vcur-7,kernel_transpose_32_16,0.004800,512x2x0,1x16x0,1024x2x1x1
Vcur-7,kernel_gemm_noshuffle_q4_0_f32,0.315500,1x256x1,1x128x1,1024x2x1x1
Kcur-7,kernel_transpose_32_16,0.004700,512x2x0,1x16x0,1024x2x1x1
Kcur-7,kernel_gemm_noshuffle_q4_0_f32,0.312300,1x256x1,1x128x1,1024x2x1x1
Kcur_normed-7,kernel_rms_norm_mul,0.003800,1024x2x1,128x1x1,128x8x2x1
Kcur-7,kernel_rope_neox_f32,0.002500,512x2x1,64x1x1,128x8x2x1
cache_k_l7 (view),kernel_set_rows_f16_i64,0.003500,2048x1x1,1024x1x1,1024x40192x1x1
cache_v_l7 (view),kernel_set_rows_f16_i64,0.002800,2048x1x1,1024x1x1,1024x40192x1x1
node_270,flash_attn_blk_f16,0.007100,8x1x1,0x0x0,128x16x2x1
node_270,flash_attn_f32_f16,0.062800,128x16x0,128x1x0,128x16x2x1
node_272,kernel_transpose_32_16,0.004800,512x2x0,1x16x0,2048x2x1x1
node_272,kernel_gemm_noshuffle_q4_0_f32,0.313500,1x512x1,1x128x1,2048x2x1x1
ffn_inp-7,kernel_add,0.012700,128x1x1,64x1x1,2048x2x1x1
ffn_norm-7,kernel_rms_norm_mul,0.005400,2048x1x1,1024x1x1,2048x2x1x1
ffn_gate-7,kernel_transpose_32_16,0.005000,512x2x0,1x16x0,6144x2x1x1
ffn_gate-7,kernel_gemm_noshuffle_q4_0_f32,0.331100,1x1536x1,1x128x1,6144x2x1x1
ffn_up-7,kernel_transpose_32_16,0.005000,512x2x0,1x16x0,6144x2x1x1
ffn_up-7,kernel_gemm_noshuffle_q4_0_f32,0.331500,1x1536x1,1x128x1,6144x2x1x1
ffn_swiglu-7,kernel_swiglu,0.006200,1024x1x1,512x1x1,6144x2x1x1
ffn_out-7,kernel_transpose_32_16,0.009900,1536x2x0,1x16x0,2048x2x1x1
ffn_out-7,kernel_gemm_noshuffle_q4_0_f32,0.937800,1x512x1,1x128x1,2048x2x1x1
l_out-7,kernel_add,0.013800,128x1x1,64x1x1,2048x2x1x1
attn_norm-8,kernel_rms_norm_mul,0.006000,2048x1x1,1024x1x1,2048x2x1x1
Qcur-8,kernel_transpose_32_16,0.005000,512x2x0,1x16x0,2048x2x1x1
Qcur-8,kernel_gemm_noshuffle_q4_0_f32,0.318200,1x512x1,1x128x1,2048x2x1x1
Qcur_normed-8,kernel_rms_norm_mul,0.004300,2048x2x1,128x1x1,128x16x2x1
Qcur-8,kernel_rope_neox_f32,0.003800,1024x2x1,64x1x1,128x16x2x1
Vcur-8,kernel_transpose_32_16,0.004800,512x2x0,1x16x0,1024x2x1x1
Vcur-8,kernel_gemm_noshuffle_q4_0_f32,0.313900,1x256x1,1x128x1,1024x2x1x1
Kcur-8,kernel_transpose_32_16,0.004800,512x2x0,1x16x0,1024x2x1x1
Kcur-8,kernel_gemm_noshuffle_q4_0_f32,0.315200,1x256x1,1x128x1,1024x2x1x1
Kcur_normed-8,kernel_rms_norm_mul,0.004000,1024x2x1,128x1x1,128x8x2x1
Kcur-8,kernel_rope_neox_f32,0.002800,512x2x1,64x1x1,128x8x2x1
cache_k_l8 (view),kernel_set_rows_f16_i64,0.002900,2048x1x1,1024x1x1,1024x40192x1x1
cache_v_l8 (view),kernel_set_rows_f16_i64,0.002900,2048x1x1,1024x1x1,1024x40192x1x1
node_305,flash_attn_blk_f16,0.007100,8x1x1,0x0x0,128x16x2x1
node_305,flash_attn_f32_f16,0.062300,128x16x0,128x1x0,128x16x2x1
node_307,kernel_transpose_32_16,0.005100,512x2x0,1x16x0,2048x2x1x1
node_307,kernel_gemm_noshuffle_q4_0_f32,0.328000,1x512x1,1x128x1,2048x2x1x1
ffn_inp-8,kernel_add,0.013100,128x1x1,64x1x1,2048x2x1x1
ffn_norm-8,kernel_rms_norm_mul,0.005400,2048x1x1,1024x1x1,2048x2x1x1
ffn_gate-8,kernel_transpose_32_16,0.004800,512x2x0,1x16x0,6144x2x1x1
ffn_gate-8,kernel_gemm_noshuffle_q4_0_f32,0.323100,1x1536x1,1x128x1,6144x2x1x1
ffn_up-8,kernel_transpose_32_16,0.005200,512x2x0,1x16x0,6144x2x1x1
ffn_up-8,kernel_gemm_noshuffle_q4_0_f32,0.322500,1x1536x1,1x128x1,6144x2x1x1
ffn_swiglu-8,kernel_swiglu,0.006800,1024x1x1,512x1x1,6144x2x1x1
ffn_out-8,kernel_transpose_32_16,0.010100,1536x2x0,1x16x0,2048x2x1x1
ffn_out-8,kernel_gemm_noshuffle_q4_0_f32,0.975800,1x512x1,1x128x1,2048x2x1x1
l_out-8,kernel_add,0.013500,128x1x1,64x1x1,2048x2x1x1
attn_norm-9,kernel_rms_norm_mul,0.005700,2048x1x1,1024x1x1,2048x2x1x1
Qcur-9,kernel_transpose_32_16,0.004600,512x2x0,1x16x0,2048x2x1x1
Qcur-9,kernel_gemm_noshuffle_q4_0_f32,0.325800,1x512x1,1x128x1,2048x2x1x1
Qcur_normed-9,kernel_rms_norm_mul,0.004300,2048x2x1,128x1x1,128x16x2x1
Qcur-9,kernel_rope_neox_f32,0.003600,1024x2x1,64x1x1,128x16x2x1
Vcur-9,kernel_transpose_32_16,0.005100,512x2x0,1x16x0,1024x2x1x1
Vcur-9,kernel_gemm_noshuffle_q4_0_f32,0.317500,1x256x1,1x128x1,1024x2x1x1
Kcur-9,kernel_transpose_32_16,0.004800,512x2x0,1x16x0,1024x2x1x1
Kcur-9,kernel_gemm_noshuffle_q4_0_f32,0.314000,1x256x1,1x128x1,1024x2x1x1
Kcur_normed-9,kernel_rms_norm_mul,0.004100,1024x2x1,128x1x1,128x8x2x1
Kcur-9,kernel_rope_neox_f32,0.002700,512x2x1,64x1x1,128x8x2x1
cache_k_l9 (view),kernel_set_rows_f16_i64,0.002900,2048x1x1,1024x1x1,1024x40192x1x1
cache_v_l9 (view),kernel_set_rows_f16_i64,0.002800,2048x1x1,1024x1x1,1024x40192x1x1
node_340,flash_attn_blk_f16,0.007700,8x1x1,0x0x0,128x16x2x1
node_340,flash_attn_f32_f16,0.060500,128x16x0,128x1x0,128x16x2x1
node_342,kernel_transpose_32_16,0.004800,512x2x0,1x16x0,2048x2x1x1
node_342,kernel_gemm_noshuffle_q4_0_f32,0.316100,1x512x1,1x128x1,2048x2x1x1
ffn_inp-9,kernel_add,0.012900,128x1x1,64x1x1,2048x2x1x1
ffn_norm-9,kernel_rms_norm_mul,0.005400,2048x1x1,1024x1x1,2048x2x1x1
ffn_gate-9,kernel_transpose_32_16,0.004600,512x2x0,1x16x0,6144x2x1x1
ffn_gate-9,kernel_gemm_noshuffle_q4_0_f32,0.330000,1x1536x1,1x128x1,6144x2x1x1
ffn_up-9,kernel_transpose_32_16,0.005200,512x2x0,1x16x0,6144x2x1x1
ffn_up-9,kernel_gemm_noshuffle_q4_0_f32,0.332600,1x1536x1,1x128x1,6144x2x1x1
ffn_swiglu-9,kernel_swiglu,0.006300,1024x1x1,512x1x1,6144x2x1x1
ffn_out-9,kernel_transpose_32_16,0.009900,1536x2x0,1x16x0,2048x2x1x1
ffn_out-9,kernel_gemm_noshuffle_q4_0_f32,0.938700,1x512x1,1x128x1,2048x2x1x1
l_out-9,kernel_add,0.013300,128x1x1,64x1x1,2048x2x1x1
attn_norm-10,kernel_rms_norm_mul,0.005400,2048x1x1,1024x1x1,2048x2x1x1
Qcur-10,kernel_transpose_32_16,0.004500,512x2x0,1x16x0,2048x2x1x1
Qcur-10,kernel_gemm_noshuffle_q4_0_f32,0.315300,1x512x1,1x128x1,2048x2x1x1
Qcur_normed-10,kernel_rms_norm_mul,0.004500,2048x2x1,128x1x1,128x16x2x1
Qcur-10,kernel_rope_neox_f32,0.002900,1024x2x1,64x1x1,128x16x2x1
Vcur-10,kernel_transpose_32_16,0.004900,512x2x0,1x16x0,1024x2x1x1
Vcur-10,kernel_gemm_noshuffle_q4_0_f32,0.312000,1x256x1,1x128x1,1024x2x1x1
Kcur-10,kernel_transpose_32_16,0.005000,512x2x0,1x16x0,1024x2x1x1
Kcur-10,kernel_gemm_noshuffle_q4_0_f32,0.314800,1x256x1,1x128x1,1024x2x1x1
Kcur_normed-10,kernel_rms_norm_mul,0.004000,1024x2x1,128x1x1,128x8x2x1
Kcur-10,kernel_rope_neox_f32,0.003600,512x2x1,64x1x1,128x8x2x1
cache_k_l10 (view),kernel_set_rows_f16_i64,0.002800,2048x1x1,1024x1x1,1024x40192x1x1
cache_v_l10 (view),kernel_set_rows_f16_i64,0.003000,2048x1x1,1024x1x1,1024x40192x1x1
node_375,flash_attn_blk_f16,0.007100,8x1x1,0x0x0,128x16x2x1
node_375,flash_attn_f32_f16,0.061900,128x16x0,128x1x0,128x16x2x1
node_377,kernel_transpose_32_16,0.005100,512x2x0,1x16x0,2048x2x1x1
node_377,kernel_gemm_noshuffle_q4_0_f32,0.325900,1x512x1,1x128x1,2048x2x1x1
ffn_inp-10,kernel_add,0.013300,128x1x1,64x1x1,2048x2x1x1
ffn_norm-10,kernel_rms_norm_mul,0.005800,2048x1x1,1024x1x1,2048x2x1x1
ffn_gate-10,kernel_transpose_32_16,0.004800,512x2x0,1x16x0,6144x2x1x1
ffn_gate-10,kernel_gemm_noshuffle_q4_0_f32,0.321600,1x1536x1,1x128x1,6144x2x1x1
ffn_up-10,kernel_transpose_32_16,0.005100,512x2x0,1x16x0,6144x2x1x1
ffn_up-10,kernel_gemm_noshuffle_q4_0_f32,0.322100,1x1536x1,1x128x1,6144x2x1x1
ffn_swiglu-10,kernel_swiglu,0.006700,1024x1x1,512x1x1,6144x2x1x1
ffn_out-10,kernel_transpose_32_16,0.010000,1536x2x0,1x16x0,2048x2x1x1
ffn_out-10,kernel_gemm_noshuffle_q4_0_f32,0.974200,1x512x1,1x128x1,2048x2x1x1
l_out-10,kernel_add,0.014400,128x1x1,64x1x1,2048x2x1x1
attn_norm-11,kernel_rms_norm_mul,0.005800,2048x1x1,1024x1x1,2048x2x1x1
Qcur-11,kernel_transpose_32_16,0.004800,512x2x0,1x16x0,2048x2x1x1
Qcur-11,kernel_gemm_noshuffle_q4_0_f32,0.328800,1x512x1,1x128x1,2048x2x1x1
Qcur_normed-11,kernel_rms_norm_mul,0.004700,2048x2x1,128x1x1,128x16x2x1
Qcur-11,kernel_rope_neox_f32,0.003700,1024x2x1,64x1x1,128x16x2x1
Vcur-11,kernel_transpose_32_16,0.004900,512x2x0,1x16x0,1024x2x1x1
Vcur-11,kernel_gemm_noshuffle_q4_0_f32,0.316900,1x256x1,1x128x1,1024x2x1x1
Kcur-11,kernel_transpose_32_16,0.005100,512x2x0,1x16x0,1024x2x1x1
Kcur-11,kernel_gemm_noshuffle_q4_0_f32,0.314300,1x256x1,1x128x1,1024x2x1x1
Kcur_normed-11,kernel_rms_norm_mul,0.004100,1024x2x1,128x1x1,128x8x2x1
Kcur-11,kernel_rope_neox_f32,0.002700,512x2x1,64x1x1,128x8x2x1
cache_k_l11 (view),kernel_set_rows_f16_i64,0.003000,2048x1x1,1024x1x1,1024x40192x1x1
cache_v_l11 (view),kernel_set_rows_f16_i64,0.002800,2048x1x1,1024x1x1,1024x40192x1x1
node_410,flash_attn_blk_f16,0.007000,8x1x1,0x0x0,128x16x2x1
node_410,flash_attn_f32_f16,0.061900,128x16x0,128x1x0,128x16x2x1
node_412,kernel_transpose_32_16,0.005000,512x2x0,1x16x0,2048x2x1x1
node_412,kernel_gemm_noshuffle_q4_0_f32,0.317100,1x512x1,1x128x1,2048x2x1x1
ffn_inp-11,kernel_add,0.012900,128x1x1,64x1x1,2048x2x1x1
ffn_norm-11,kernel_rms_norm_mul,0.005300,2048x1x1,1024x1x1,2048x2x1x1
ffn_gate-11,kernel_transpose_32_16,0.004700,512x2x0,1x16x0,6144x2x1x1
ffn_gate-11,kernel_gemm_noshuffle_q4_0_f32,0.332200,1x1536x1,1x128x1,6144x2x1x1
ffn_up-11,kernel_transpose_32_16,0.005000,512x2x0,1x16x0,6144x2x1x1
ffn_up-11,kernel_gemm_noshuffle_q4_0_f32,0.332600,1x1536x1,1x128x1,6144x2x1x1
ffn_swiglu-11,kernel_swiglu,0.006200,1024x1x1,512x1x1,6144x2x1x1
ffn_out-11,kernel_transpose_32_16,0.010200,1536x2x0,1x16x0,2048x2x1x1
ffn_out-11,kernel_gemm_noshuffle_q4_0_f32,0.941000,1x512x1,1x128x1,2048x2x1x1
l_out-11,kernel_add,0.013100,128x1x1,64x1x1,2048x2x1x1
attn_norm-12,kernel_rms_norm_mul,0.005300,2048x1x1,1024x1x1,2048x2x1x1
Qcur-12,kernel_transpose_32_16,0.004700,512x2x0,1x16x0,2048x2x1x1
Qcur-12,kernel_gemm_noshuffle_q4_0_f32,0.314900,1x512x1,1x128x1,2048x2x1x1
Qcur_normed-12,kernel_rms_norm_mul,0.004200,2048x2x1,128x1x1,128x16x2x1
Qcur-12,kernel_rope_neox_f32,0.003300,1024x2x1,64x1x1,128x16x2x1
Vcur-12,kernel_transpose_32_16,0.004800,512x2x0,1x16x0,1024x2x1x1
Vcur-12,kernel_gemm_noshuffle_q4_0_f32,0.314500,1x256x1,1x128x1,1024x2x1x1
Kcur-12,kernel_transpose_32_16,0.004900,512x2x0,1x16x0,1024x2x1x1
Kcur-12,kernel_gemm_noshuffle_q4_0_f32,0.316200,1x256x1,1x128x1,1024x2x1x1
Kcur_normed-12,kernel_rms_norm_mul,0.003600,1024x2x1,128x1x1,128x8x2x1
Kcur-12,kernel_rope_neox_f32,0.002600,512x2x1,64x1x1,128x8x2x1
cache_k_l12 (view),kernel_set_rows_f16_i64,0.002900,2048x1x1,1024x1x1,1024x40192x1x1
cache_v_l12 (view),kernel_set_rows_f16_i64,0.003200,2048x1x1,1024x1x1,1024x40192x1x1
node_445,flash_attn_blk_f16,0.006900,8x1x1,0x0x0,128x16x2x1
node_445,flash_attn_f32_f16,0.060700,128x16x0,128x1x0,128x16x2x1
node_447,kernel_transpose_32_16,0.004800,512x2x0,1x16x0,2048x2x1x1
node_447,kernel_gemm_noshuffle_q4_0_f32,0.323900,1x512x1,1x128x1,2048x2x1x1
ffn_inp-12,kernel_add,0.012900,128x1x1,64x1x1,2048x2x1x1
ffn_norm-12,kernel_rms_norm_mul,0.005500,2048x1x1,1024x1x1,2048x2x1x1
ffn_gate-12,kernel_transpose_32_16,0.004600,512x2x0,1x16x0,6144x2x1x1
ffn_gate-12,kernel_gemm_noshuffle_q4_0_f32,0.322200,1x1536x1,1x128x1,6144x2x1x1
ffn_up-12,kernel_transpose_32_16,0.005300,512x2x0,1x16x0,6144x2x1x1
ffn_up-12,kernel_gemm_noshuffle_q4_0_f32,0.323700,1x1536x1,1x128x1,6144x2x1x1
ffn_swiglu-12,kernel_swiglu,0.006100,1024x1x1,512x1x1,6144x2x1x1
ffn_out-12,kernel_transpose_32_16,0.009800,1536x2x0,1x16x0,2048x2x1x1
ffn_out-12,kernel_gemm_noshuffle_q4_0_f32,0.980000,1x512x1,1x128x1,2048x2x1x1
l_out-12,kernel_add,0.013000,128x1x1,64x1x1,2048x2x1x1
attn_norm-13,kernel_rms_norm_mul,0.005300,2048x1x1,1024x1x1,2048x2x1x1
Qcur-13,kernel_transpose_32_16,0.005100,512x2x0,1x16x0,2048x2x1x1
Qcur-13,kernel_gemm_noshuffle_q4_0_f32,0.326500,1x512x1,1x128x1,2048x2x1x1
Qcur_normed-13,kernel_rms_norm_mul,0.004400,2048x2x1,128x1x1,128x16x2x1
Qcur-13,kernel_rope_neox_f32,0.003100,1024x2x1,64x1x1,128x16x2x1
Vcur-13,kernel_transpose_32_16,0.004800,512x2x0,1x16x0,1024x2x1x1
Vcur-13,kernel_gemm_noshuffle_q4_0_f32,0.317800,1x256x1,1x128x1,1024x2x1x1
Kcur-13,kernel_transpose_32_16,0.005200,512x2x0,1x16x0,1024x2x1x1
Kcur-13,kernel_gemm_noshuffle_q4_0_f32,0.313400,1x256x1,1x128x1,1024x2x1x1
Kcur_normed-13,kernel_rms_norm_mul,0.004400,1024x2x1,128x1x1,128x8x2x1
Kcur-13,kernel_rope_neox_f32,0.003000,512x2x1,64x1x1,128x8x2x1
cache_k_l13 (view),kernel_set_rows_f16_i64,0.003000,2048x1x1,1024x1x1,1024x40192x1x1
cache_v_l13 (view),kernel_set_rows_f16_i64,0.002800,2048x1x1,1024x1x1,1024x40192x1x1
node_480,flash_attn_blk_f16,0.006900,8x1x1,0x0x0,128x16x2x1
node_480,flash_attn_f32_f16,0.062300,128x16x0,128x1x0,128x16x2x1
node_482,kernel_transpose_32_16,0.005100,512x2x0,1x16x0,2048x2x1x1
node_482,kernel_gemm_noshuffle_q4_0_f32,0.317700,1x512x1,1x128x1,2048x2x1x1
ffn_inp-13,kernel_add,0.013800,128x1x1,64x1x1,2048x2x1x1
ffn_norm-13,kernel_rms_norm_mul,0.005400,2048x1x1,1024x1x1,2048x2x1x1
ffn_gate-13,kernel_transpose_32_16,0.004700,512x2x0,1x16x0,6144x2x1x1
ffn_gate-13,kernel_gemm_noshuffle_q4_0_f32,0.332600,1x1536x1,1x128x1,6144x2x1x1
ffn_up-13,kernel_transpose_32_16,0.004900,512x2x0,1x16x0,6144x2x1x1
ffn_up-13,kernel_gemm_noshuffle_q4_0_f32,0.331600,1x1536x1,1x128x1,6144x2x1x1
ffn_swiglu-13,kernel_swiglu,0.006700,1024x1x1,512x1x1,6144x2x1x1
ffn_out-13,kernel_transpose_32_16,0.010200,1536x2x0,1x16x0,2048x2x1x1
ffn_out-13,kernel_gemm_noshuffle_q4_0_f32,0.940900,1x512x1,1x128x1,2048x2x1x1
l_out-13,kernel_add,0.013100,128x1x1,64x1x1,2048x2x1x1
attn_norm-14,kernel_rms_norm_mul,0.005400,2048x1x1,1024x1x1,2048x2x1x1
Qcur-14,kernel_transpose_32_16,0.004700,512x2x0,1x16x0,2048x2x1x1
Qcur-14,kernel_gemm_noshuffle_q4_0_f32,0.313900,1x512x1,1x128x1,2048x2x1x1
Qcur_normed-14,kernel_rms_norm_mul,0.004200,2048x2x1,128x1x1,128x16x2x1
Qcur-14,kernel_rope_neox_f32,0.003000,1024x2x1,64x1x1,128x16x2x1
Vcur-14,kernel_transpose_32_16,0.005100,512x2x0,1x16x0,1024x2x1x1
Vcur-14,kernel_gemm_noshuffle_q4_0_f32,0.314100,1x256x1,1x128x1,1024x2x1x1
Kcur-14,kernel_transpose_32_16,0.004900,512x2x0,1x16x0,1024x2x1x1
Kcur-14,kernel_gemm_noshuffle_q4_0_f32,0.318200,1x256x1,1x128x1,1024x2x1x1
Kcur_normed-14,kernel_rms_norm_mul,0.004500,1024x2x1,128x1x1,128x8x2x1
Kcur-14,kernel_rope_neox_f32,0.003100,512x2x1,64x1x1,128x8x2x1
cache_k_l14 (view),kernel_set_rows_f16_i64,0.002900,2048x1x1,1024x1x1,1024x40192x1x1
cache_v_l14 (view),kernel_set_rows_f16_i64,0.002700,2048x1x1,1024x1x1,1024x40192x1x1
node_515,flash_attn_blk_f16,0.007300,8x1x1,0x0x0,128x16x2x1
node_515,flash_attn_f32_f16,0.061100,128x16x0,128x1x0,128x16x2x1
node_517,kernel_transpose_32_16,0.004900,512x2x0,1x16x0,2048x2x1x1
node_517,kernel_gemm_noshuffle_q4_0_f32,0.325200,1x512x1,1x128x1,2048x2x1x1
ffn_inp-14,kernel_add,0.012900,128x1x1,64x1x1,2048x2x1x1
ffn_norm-14,kernel_rms_norm_mul,0.005400,2048x1x1,1024x1x1,2048x2x1x1
ffn_gate-14,kernel_transpose_32_16,0.004700,512x2x0,1x16x0,6144x2x1x1
ffn_gate-14,kernel_gemm_noshuffle_q4_0_f32,0.323100,1x1536x1,1x128x1,6144x2x1x1
ffn_up-14,kernel_transpose_32_16,0.004900,512x2x0,1x16x0,6144x2x1x1
ffn_up-14,kernel_gemm_noshuffle_q4_0_f32,0.322800,1x1536x1,1x128x1,6144x2x1x1
ffn_swiglu-14,kernel_swiglu,0.006700,1024x1x1,512x1x1,6144x2x1x1
ffn_out-14,kernel_transpose_32_16,0.010100,1536x2x0,1x16x0,2048x2x1x1
ffn_out-14,kernel_gemm_noshuffle_q4_0_f32,0.967000,1x512x1,1x128x1,2048x2x1x1
l_out-14,kernel_add,0.013700,128x1x1,64x1x1,2048x2x1x1
attn_norm-15,kernel_rms_norm_mul,0.005600,2048x1x1,1024x1x1,2048x2x1x1
Qcur-15,kernel_transpose_32_16,0.004600,512x2x0,1x16x0,2048x2x1x1
Qcur-15,kernel_gemm_noshuffle_q4_0_f32,0.325400,1x512x1,1x128x1,2048x2x1x1
Qcur_normed-15,kernel_rms_norm_mul,0.004700,2048x2x1,128x1x1,128x16x2x1
Qcur-15,kernel_rope_neox_f32,0.003500,1024x2x1,64x1x1,128x16x2x1
Vcur-15,kernel_transpose_32_16,0.005000,512x2x0,1x16x0,1024x2x1x1
Vcur-15,kernel_gemm_noshuffle_q4_0_f32,0.315700,1x256x1,1x128x1,1024x2x1x1
Kcur-15,kernel_transpose_32_16,0.004700,512x2x0,1x16x0,1024x2x1x1
Kcur-15,kernel_gemm_noshuffle_q4_0_f32,0.311700,1x256x1,1x128x1,1024x2x1x1
Kcur_normed-15,kernel_rms_norm_mul,0.003800,1024x2x1,128x1x1,128x8x2x1
Kcur-15,kernel_rope_neox_f32,0.002500,512x2x1,64x1x1,128x8x2x1
cache_k_l15 (view),kernel_set_rows_f16_i64,0.003500,2048x1x1,1024x1x1,1024x40192x1x1
cache_v_l15 (view),kernel_set_rows_f16_i64,0.002900,2048x1x1,1024x1x1,1024x40192x1x1
node_550,flash_attn_blk_f16,0.007100,8x1x1,0x0x0,128x16x2x1
node_550,flash_attn_f32_f16,0.062300,128x16x0,128x1x0,128x16x2x1
node_552,kernel_transpose_32_16,0.005100,512x2x0,1x16x0,2048x2x1x1
node_552,kernel_gemm_noshuffle_q4_0_f32,0.314500,1x512x1,1x128x1,2048x2x1x1
ffn_inp-15,kernel_add,0.012700,128x1x1,64x1x1,2048x2x1x1
ffn_norm-15,kernel_rms_norm_mul,0.005300,2048x1x1,1024x1x1,2048x2x1x1
ffn_gate-15,kernel_transpose_32_16,0.005100,512x2x0,1x16x0,6144x2x1x1
ffn_gate-15,kernel_gemm_noshuffle_q4_0_f32,0.330800,1x1536x1,1x128x1,6144x2x1x1
ffn_up-15,kernel_transpose_32_16,0.004900,512x2x0,1x16x0,6144x2x1x1
ffn_up-15,kernel_gemm_noshuffle_q4_0_f32,0.333200,1x1536x1,1x128x1,6144x2x1x1
ffn_swiglu-15,kernel_swiglu,0.006600,1024x1x1,512x1x1,6144x2x1x1
ffn_out-15,kernel_transpose_32_16,0.010000,1536x2x0,1x16x0,2048x2x1x1
ffn_out-15,kernel_gemm_noshuffle_q4_0_f32,0.939400,1x512x1,1x128x1,2048x2x1x1
l_out-15,kernel_add,0.013600,128x1x1,64x1x1,2048x2x1x1
attn_norm-16,kernel_rms_norm_mul,0.006000,2048x1x1,1024x1x1,2048x2x1x1
Qcur-16,kernel_transpose_32_16,0.005100,512x2x0,1x16x0,2048x2x1x1
Qcur-16,kernel_gemm_noshuffle_q4_0_f32,0.315300,1x512x1,1x128x1,2048x2x1x1
Qcur_normed-16,kernel_rms_norm_mul,0.004500,2048x2x1,128x1x1,128x16x2x1
Qcur-16,kernel_rope_neox_f32,0.003700,1024x2x1,64x1x1,128x16x2x1
Vcur-16,kernel_transpose_32_16,0.004800,512x2x0,1x16x0,1024x2x1x1
Vcur-16,kernel_gemm_noshuffle_q4_0_f32,0.312300,1x256x1,1x128x1,1024x2x1x1
Kcur-16,kernel_transpose_32_16,0.004800,512x2x0,1x16x0,1024x2x1x1
Kcur-16,kernel_gemm_noshuffle_q4_0_f32,0.313900,1x256x1,1x128x1,1024x2x1x1
Kcur_normed-16,kernel_rms_norm_mul,0.003900,1024x2x1,128x1x1,128x8x2x1
Kcur-16,kernel_rope_neox_f32,0.002700,512x2x1,64x1x1,128x8x2x1
cache_k_l16 (view),kernel_set_rows_f16_i64,0.003100,2048x1x1,1024x1x1,1024x40192x1x1
cache_v_l16 (view),kernel_set_rows_f16_i64,0.002800,2048x1x1,1024x1x1,1024x40192x1x1
node_585,flash_attn_blk_f16,0.007300,8x1x1,0x0x0,128x16x2x1
node_585,flash_attn_f32_f16,0.062700,128x16x0,128x1x0,128x16x2x1
node_587,kernel_transpose_32_16,0.004800,512x2x0,1x16x0,2048x2x1x1
node_587,kernel_gemm_noshuffle_q4_0_f32,0.328800,1x512x1,1x128x1,2048x2x1x1
ffn_inp-16,kernel_add,0.012900,128x1x1,64x1x1,2048x2x1x1
ffn_norm-16,kernel_rms_norm_mul,0.005300,2048x1x1,1024x1x1,2048x2x1x1
ffn_gate-16,kernel_transpose_32_16,0.004800,512x2x0,1x16x0,6144x2x1x1
ffn_gate-16,kernel_gemm_noshuffle_q4_0_f32,0.322200,1x1536x1,1x128x1,6144x2x1x1
ffn_up-16,kernel_transpose_32_16,0.005300,512x2x0,1x16x0,6144x2x1x1
ffn_up-16,kernel_gemm_noshuffle_q4_0_f32,0.322500,1x1536x1,1x128x1,6144x2x1x1
ffn_swiglu-16,kernel_swiglu,0.006800,1024x1x1,512x1x1,6144x2x1x1
ffn_out-16,kernel_transpose_32_16,0.010100,1536x2x0,1x16x0,2048x2x1x1
ffn_out-16,kernel_gemm_noshuffle_q4_0_f32,0.971500,1x512x1,1x128x1,2048x2x1x1
l_out-16,kernel_add,0.013300,128x1x1,64x1x1,2048x2x1x1
attn_norm-17,kernel_rms_norm_mul,0.005400,2048x1x1,1024x1x1,2048x2x1x1
Qcur-17,kernel_transpose_32_16,0.004700,512x2x0,1x16x0,2048x2x1x1
Qcur-17,kernel_gemm_noshuffle_q4_0_f32,0.326200,1x512x1,1x128x1,2048x2x1x1
Qcur_normed-17,kernel_rms_norm_mul,0.004300,2048x2x1,128x1x1,128x16x2x1
Qcur-17,kernel_rope_neox_f32,0.003500,1024x2x1,64x1x1,128x16x2x1
Vcur-17,kernel_transpose_32_16,0.005000,512x2x0,1x16x0,1024x2x1x1
Vcur-17,kernel_gemm_noshuffle_q4_0_f32,0.317000,1x256x1,1x128x1,1024x2x1x1
Kcur-17,kernel_transpose_32_16,0.005200,512x2x0,1x16x0,1024x2x1x1
Kcur-17,kernel_gemm_noshuffle_q4_0_f32,0.312600,1x256x1,1x128x1,1024x2x1x1
Kcur_normed-17,kernel_rms_norm_mul,0.004400,1024x2x1,128x1x1,128x8x2x1
Kcur-17,kernel_rope_neox_f32,0.003000,512x2x1,64x1x1,128x8x2x1
cache_k_l17 (view),kernel_set_rows_f16_i64,0.002900,2048x1x1,1024x1x1,1024x40192x1x1
cache_v_l17 (view),kernel_set_rows_f16_i64,0.002900,2048x1x1,1024x1x1,1024x40192x1x1
node_620,flash_attn_blk_f16,0.007400,8x1x1,0x0x0,128x16x2x1
node_620,flash_attn_f32_f16,0.061000,128x16x0,128x1x0,128x16x2x1
node_622,kernel_transpose_32_16,0.005000,512x2x0,1x16x0,2048x2x1x1
node_622,kernel_gemm_noshuffle_q4_0_f32,0.315700,1x512x1,1x128x1,2048x2x1x1
ffn_inp-17,kernel_add,0.013000,128x1x1,64x1x1,2048x2x1x1
ffn_norm-17,kernel_rms_norm_mul,0.005500,2048x1x1,1024x1x1,2048x2x1x1
ffn_gate-17,kernel_transpose_32_16,0.004600,512x2x0,1x16x0,6144x2x1x1
ffn_gate-17,kernel_gemm_noshuffle_q4_0_f32,0.331100,1x1536x1,1x128x1,6144x2x1x1
ffn_up-17,kernel_transpose_32_16,0.005200,512x2x0,1x16x0,6144x2x1x1
ffn_up-17,kernel_gemm_noshuffle_q4_0_f32,0.334200,1x1536x1,1x128x1,6144x2x1x1
ffn_swiglu-17,kernel_swiglu,0.006700,1024x1x1,512x1x1,6144x2x1x1
ffn_out-17,kernel_transpose_32_16,0.010100,1536x2x0,1x16x0,2048x2x1x1
ffn_out-17,kernel_gemm_noshuffle_q4_0_f32,0.943900,1x512x1,1x128x1,2048x2x1x1
l_out-17,kernel_add,0.013800,128x1x1,64x1x1,2048x2x1x1
attn_norm-18,kernel_rms_norm_mul,0.005900,2048x1x1,1024x1x1,2048x2x1x1
Qcur-18,kernel_transpose_32_16,0.004800,512x2x0,1x16x0,2048x2x1x1
Qcur-18,kernel_gemm_noshuffle_q4_0_f32,0.316000,1x512x1,1x128x1,2048x2x1x1
Qcur_normed-18,kernel_rms_norm_mul,0.004800,2048x2x1,128x1x1,128x16x2x1
Qcur-18,kernel_rope_neox_f32,0.003800,1024x2x1,64x1x1,128x16x2x1
Vcur-18,kernel_transpose_32_16,0.005000,512x2x0,1x16x0,1024x2x1x1
Vcur-18,kernel_gemm_noshuffle_q4_0_f32,0.312500,1x256x1,1x128x1,1024x2x1x1
Kcur-18,kernel_transpose_32_16,0.004800,512x2x0,1x16x0,1024x2x1x1
Kcur-18,kernel_gemm_noshuffle_q4_0_f32,0.316300,1x256x1,1x128x1,1024x2x1x1
Kcur_normed-18,kernel_rms_norm_mul,0.004000,1024x2x1,128x1x1,128x8x2x1
Kcur-18,kernel_rope_neox_f32,0.002900,512x2x1,64x1x1,128x8x2x1
cache_k_l18 (view),kernel_set_rows_f16_i64,0.002900,2048x1x1,1024x1x1,1024x40192x1x1
cache_v_l18 (view),kernel_set_rows_f16_i64,0.002800,2048x1x1,1024x1x1,1024x40192x1x1
node_655,flash_attn_blk_f16,0.007200,8x1x1,0x0x0,128x16x2x1
node_655,flash_attn_f32_f16,0.062600,128x16x0,128x1x0,128x16x2x1
node_657,kernel_transpose_32_16,0.004700,512x2x0,1x16x0,2048x2x1x1
node_657,kernel_gemm_noshuffle_q4_0_f32,0.321400,1x512x1,1x128x1,2048x2x1x1
ffn_inp-18,kernel_add,0.012900,128x1x1,64x1x1,2048x2x1x1
ffn_norm-18,kernel_rms_norm_mul,0.005700,2048x1x1,1024x1x1,2048x2x1x1
ffn_gate-18,kernel_transpose_32_16,0.004700,512x2x0,1x16x0,6144x2x1x1
ffn_gate-18,kernel_gemm_noshuffle_q4_0_f32,0.323100,1x1536x1,1x128x1,6144x2x1x1
ffn_up-18,kernel_transpose_32_16,0.005300,512x2x0,1x16x0,6144x2x1x1
ffn_up-18,kernel_gemm_noshuffle_q4_0_f32,0.324500,1x1536x1,1x128x1,6144x2x1x1
ffn_swiglu-18,kernel_swiglu,0.007000,1024x1x1,512x1x1,6144x2x1x1
ffn_out-18,kernel_transpose_32_16,0.010100,1536x2x0,1x16x0,2048x2x1x1
ffn_out-18,kernel_gemm_noshuffle_q4_0_f32,0.976000,1x512x1,1x128x1,2048x2x1x1
l_out-18,kernel_add,0.014300,128x1x1,64x1x1,2048x2x1x1
attn_norm-19,kernel_rms_norm_mul,0.005400,2048x1x1,1024x1x1,2048x2x1x1
Qcur-19,kernel_transpose_32_16,0.005000,512x2x0,1x16x0,2048x2x1x1
Qcur-19,kernel_gemm_noshuffle_q4_0_f32,0.328800,1x512x1,1x128x1,2048x2x1x1
Qcur_normed-19,kernel_rms_norm_mul,0.004200,2048x2x1,128x1x1,128x16x2x1
Qcur-19,kernel_rope_neox_f32,0.003700,1024x2x1,64x1x1,128x16x2x1
Vcur-19,kernel_transpose_32_16,0.004700,512x2x0,1x16x0,1024x2x1x1
Vcur-19,kernel_gemm_noshuffle_q4_0_f32,0.317100,1x256x1,1x128x1,1024x2x1x1
Kcur-19,kernel_transpose_32_16,0.005100,512x2x0,1x16x0,1024x2x1x1
Kcur-19,kernel_gemm_noshuffle_q4_0_f32,0.312400,1x256x1,1x128x1,1024x2x1x1
Kcur_normed-19,kernel_rms_norm_mul,0.004100,1024x2x1,128x1x1,128x8x2x1
Kcur-19,kernel_rope_neox_f32,0.002600,512x2x1,64x1x1,128x8x2x1
cache_k_l19 (view),kernel_set_rows_f16_i64,0.002900,2048x1x1,1024x1x1,1024x40192x1x1
cache_v_l19 (view),kernel_set_rows_f16_i64,0.002900,2048x1x1,1024x1x1,1024x40192x1x1
node_690,flash_attn_blk_f16,0.007000,8x1x1,0x0x0,128x16x2x1
node_690,flash_attn_f32_f16,0.061500,128x16x0,128x1x0,128x16x2x1
node_692,kernel_transpose_32_16,0.005100,512x2x0,1x16x0,2048x2x1x1
node_692,kernel_gemm_noshuffle_q4_0_f32,0.316000,1x512x1,1x128x1,2048x2x1x1
ffn_inp-19,kernel_add,0.013200,128x1x1,64x1x1,2048x2x1x1
ffn_norm-19,kernel_rms_norm_mul,0.005900,2048x1x1,1024x1x1,2048x2x1x1
ffn_gate-19,kernel_transpose_32_16,0.004600,512x2x0,1x16x0,6144x2x1x1
ffn_gate-19,kernel_gemm_noshuffle_q4_0_f32,0.331900,1x1536x1,1x128x1,6144x2x1x1
ffn_up-19,kernel_transpose_32_16,0.004700,512x2x0,1x16x0,6144x2x1x1
ffn_up-19,kernel_gemm_noshuffle_q4_0_f32,0.331900,1x1536x1,1x128x1,6144x2x1x1
ffn_swiglu-19,kernel_swiglu,0.006000,1024x1x1,512x1x1,6144x2x1x1
ffn_out-19,kernel_transpose_32_16,0.010500,1536x2x0,1x16x0,2048x2x1x1
ffn_out-19,kernel_gemm_noshuffle_q4_0_f32,0.941700,1x512x1,1x128x1,2048x2x1x1
l_out-19,kernel_add,0.013400,128x1x1,64x1x1,2048x2x1x1
attn_norm-20,kernel_rms_norm_mul,0.005400,2048x1x1,1024x1x1,2048x2x1x1
Qcur-20,kernel_transpose_32_16,0.004600,512x2x0,1x16x0,2048x2x1x1
Qcur-20,kernel_gemm_noshuffle_q4_0_f32,0.315700,1x512x1,1x128x1,2048x2x1x1
Qcur_normed-20,kernel_rms_norm_mul,0.004800,2048x2x1,128x1x1,128x16x2x1
Qcur-20,kernel_rope_neox_f32,0.003900,1024x2x1,64x1x1,128x16x2x1
Vcur-20,kernel_transpose_32_16,0.004800,512x2x0,1x16x0,1024x2x1x1
Vcur-20,kernel_gemm_noshuffle_q4_0_f32,0.313200,1x256x1,1x128x1,1024x2x1x1
Kcur-20,kernel_transpose_32_16,0.004800,512x2x0,1x16x0,1024x2x1x1
Kcur-20,kernel_gemm_noshuffle_q4_0_f32,0.313400,1x256x1,1x128x1,1024x2x1x1
Kcur_normed-20,kernel_rms_norm_mul,0.004200,1024x2x1,128x1x1,128x8x2x1
Kcur-20,kernel_rope_neox_f32,0.002600,512x2x1,64x1x1,128x8x2x1
cache_k_l20 (view),kernel_set_rows_f16_i64,0.003200,2048x1x1,1024x1x1,1024x40192x1x1
cache_v_l20 (view),kernel_set_rows_f16_i64,0.003300,2048x1x1,1024x1x1,1024x40192x1x1
node_725,flash_attn_blk_f16,0.007300,8x1x1,0x0x0,128x16x2x1
node_725,flash_attn_f32_f16,0.061200,128x16x0,128x1x0,128x16x2x1
node_727,kernel_transpose_32_16,0.004900,512x2x0,1x16x0,2048x2x1x1
node_727,kernel_gemm_noshuffle_q4_0_f32,0.323200,1x512x1,1x128x1,2048x2x1x1
ffn_inp-20,kernel_add,0.013000,128x1x1,64x1x1,2048x2x1x1
ffn_norm-20,kernel_rms_norm_mul,0.005400,2048x1x1,1024x1x1,2048x2x1x1
ffn_gate-20,kernel_transpose_32_16,0.004600,512x2x0,1x16x0,6144x2x1x1
ffn_gate-20,kernel_gemm_noshuffle_q4_0_f32,0.323900,1x1536x1,1x128x1,6144x2x1x1
ffn_up-20,kernel_transpose_32_16,0.005200,512x2x0,1x16x0,6144x2x1x1
ffn_up-20,kernel_gemm_noshuffle_q4_0_f32,0.321900,1x1536x1,1x128x1,6144x2x1x1
ffn_swiglu-20,kernel_swiglu,0.007100,1024x1x1,512x1x1,6144x2x1x1
ffn_out-20,kernel_transpose_32_16,0.010000,1536x2x0,1x16x0,2048x2x1x1
ffn_out-20,kernel_gemm_noshuffle_q4_0_f32,0.978100,1x512x1,1x128x1,2048x2x1x1
l_out-20,kernel_add,0.013700,128x1x1,64x1x1,2048x2x1x1
attn_norm-21,kernel_rms_norm_mul,0.005600,2048x1x1,1024x1x1,2048x2x1x1
Qcur-21,kernel_transpose_32_16,0.005100,512x2x0,1x16x0,2048x2x1x1
Qcur-21,kernel_gemm_noshuffle_q4_0_f32,0.323300,1x512x1,1x128x1,2048x2x1x1
Qcur_normed-21,kernel_rms_norm_mul,0.004300,2048x2x1,128x1x1,128x16x2x1
Qcur-21,kernel_rope_neox_f32,0.003600,1024x2x1,64x1x1,128x16x2x1
Vcur-21,kernel_transpose_32_16,0.004700,512x2x0,1x16x0,1024x2x1x1
Vcur-21,kernel_gemm_noshuffle_q4_0_f32,0.317700,1x256x1,1x128x1,1024x2x1x1
Kcur-21,kernel_transpose_32_16,0.004800,512x2x0,1x16x0,1024x2x1x1
Kcur-21,kernel_gemm_noshuffle_q4_0_f32,0.312900,1x256x1,1x128x1,1024x2x1x1
Kcur_normed-21,kernel_rms_norm_mul,0.003900,1024x2x1,128x1x1,128x8x2x1
Kcur-21,kernel_rope_neox_f32,0.002700,512x2x1,64x1x1,128x8x2x1
cache_k_l21 (view),kernel_set_rows_f16_i64,0.002800,2048x1x1,1024x1x1,1024x40192x1x1
cache_v_l21 (view),kernel_set_rows_f16_i64,0.002900,2048x1x1,1024x1x1,1024x40192x1x1
node_760,flash_attn_blk_f16,0.007100,8x1x1,0x0x0,128x16x2x1
node_760,flash_attn_f32_f16,0.061800,128x16x0,128x1x0,128x16x2x1
node_762,kernel_transpose_32_16,0.005100,512x2x0,1x16x0,2048x2x1x1
node_762,kernel_gemm_noshuffle_q4_0_f32,0.317000,1x512x1,1x128x1,2048x2x1x1
ffn_inp-21,kernel_add,0.013200,128x1x1,64x1x1,2048x2x1x1
ffn_norm-21,kernel_rms_norm_mul,0.005400,2048x1x1,1024x1x1,2048x2x1x1
ffn_gate-21,kernel_transpose_32_16,0.004700,512x2x0,1x16x0,6144x2x1x1
ffn_gate-21,kernel_gemm_noshuffle_q4_0_f32,0.332600,1x1536x1,1x128x1,6144x2x1x1
ffn_up-21,kernel_transpose_32_16,0.005300,512x2x0,1x16x0,6144x2x1x1
ffn_up-21,kernel_gemm_noshuffle_q4_0_f32,0.332500,1x1536x1,1x128x1,6144x2x1x1
ffn_swiglu-21,kernel_swiglu,0.007400,1024x1x1,512x1x1,6144x2x1x1
ffn_out-21,kernel_transpose_32_16,0.010200,1536x2x0,1x16x0,2048x2x1x1
ffn_out-21,kernel_gemm_noshuffle_q4_0_f32,0.946300,1x512x1,1x128x1,2048x2x1x1
l_out-21,kernel_add,0.013900,128x1x1,64x1x1,2048x2x1x1
attn_norm-22,kernel_rms_norm_mul,0.005600,2048x1x1,1024x1x1,2048x2x1x1
Qcur-22,kernel_transpose_32_16,0.004900,512x2x0,1x16x0,2048x2x1x1
Qcur-22,kernel_gemm_noshuffle_q4_0_f32,0.315600,1x512x1,1x128x1,2048x2x1x1
Qcur_normed-22,kernel_rms_norm_mul,0.004400,2048x2x1,128x1x1,128x16x2x1
Qcur-22,kernel_rope_neox_f32,0.003800,1024x2x1,64x1x1,128x16x2x1
Vcur-22,kernel_transpose_32_16,0.004700,512x2x0,1x16x0,1024x2x1x1
Vcur-22,kernel_gemm_noshuffle_q4_0_f32,0.311600,1x256x1,1x128x1,1024x2x1x1
Kcur-22,kernel_transpose_32_16,0.005000,512x2x0,1x16x0,1024x2x1x1
Kcur-22,kernel_gemm_noshuffle_q4_0_f32,0.316900,1x256x1,1x128x1,1024x2x1x1
Kcur_normed-22,kernel_rms_norm_mul,0.004400,1024x2x1,128x1x1,128x8x2x1
Kcur-22,kernel_rope_neox_f32,0.002700,512x2x1,64x1x1,128x8x2x1
cache_k_l22 (view),kernel_set_rows_f16_i64,0.002900,2048x1x1,1024x1x1,1024x40192x1x1
cache_v_l22 (view),kernel_set_rows_f16_i64,0.002800,2048x1x1,1024x1x1,1024x40192x1x1
node_795,flash_attn_blk_f16,0.007400,8x1x1,0x0x0,128x16x2x1
node_795,flash_attn_f32_f16,0.060700,128x16x0,128x1x0,128x16x2x1
node_797,kernel_transpose_32_16,0.004900,512x2x0,1x16x0,2048x2x1x1
node_797,kernel_gemm_noshuffle_q4_0_f32,0.326000,1x512x1,1x128x1,2048x2x1x1
ffn_inp-22,kernel_add,0.012700,128x1x1,64x1x1,2048x2x1x1
ffn_norm-22,kernel_rms_norm_mul,0.005400,2048x1x1,1024x1x1,2048x2x1x1
ffn_gate-22,kernel_transpose_32_16,0.004700,512x2x0,1x16x0,6144x2x1x1
ffn_gate-22,kernel_gemm_noshuffle_q4_0_f32,0.320200,1x1536x1,1x128x1,6144x2x1x1
ffn_up-22,kernel_transpose_32_16,0.004800,512x2x0,1x16x0,6144x2x1x1
ffn_up-22,kernel_gemm_noshuffle_q4_0_f32,0.324000,1x1536x1,1x128x1,6144x2x1x1
ffn_swiglu-22,kernel_swiglu,0.006800,1024x1x1,512x1x1,6144x2x1x1
ffn_out-22,kernel_transpose_32_16,0.010500,1536x2x0,1x16x0,2048x2x1x1
ffn_out-22,kernel_gemm_noshuffle_q4_0_f32,0.971500,1x512x1,1x128x1,2048x2x1x1
l_out-22,kernel_add,0.013700,128x1x1,64x1x1,2048x2x1x1
attn_norm-23,kernel_rms_norm_mul,0.005500,2048x1x1,1024x1x1,2048x2x1x1
Qcur-23,kernel_transpose_32_16,0.004700,512x2x0,1x16x0,2048x2x1x1
Qcur-23,kernel_gemm_noshuffle_q4_0_f32,0.326000,1x512x1,1x128x1,2048x2x1x1
Qcur_normed-23,kernel_rms_norm_mul,0.004700,2048x2x1,128x1x1,128x16x2x1
Qcur-23,kernel_rope_neox_f32,0.004000,1024x2x1,64x1x1,128x16x2x1
Vcur-23,kernel_transpose_32_16,0.004800,512x2x0,1x16x0,1024x2x1x1
Vcur-23,kernel_gemm_noshuffle_q4_0_f32,0.315700,1x256x1,1x128x1,1024x2x1x1
Kcur-23,kernel_transpose_32_16,0.004900,512x2x0,1x16x0,1024x2x1x1
Kcur-23,kernel_gemm_noshuffle_q4_0_f32,0.313300,1x256x1,1x128x1,1024x2x1x1
Kcur_normed-23,kernel_rms_norm_mul,0.004100,1024x2x1,128x1x1,128x8x2x1
Kcur-23,kernel_rope_neox_f32,0.002500,512x2x1,64x1x1,128x8x2x1
cache_k_l23 (view),kernel_set_rows_f16_i64,0.003400,2048x1x1,1024x1x1,1024x40192x1x1
cache_v_l23 (view),kernel_set_rows_f16_i64,0.002900,2048x1x1,1024x1x1,1024x40192x1x1
node_830,flash_attn_blk_f16,0.007400,8x1x1,0x0x0,128x16x2x1
node_830,flash_attn_f32_f16,0.062000,128x16x0,128x1x0,128x16x2x1
node_832,kernel_transpose_32_16,0.005200,512x2x0,1x16x0,2048x2x1x1
node_832,kernel_gemm_noshuffle_q4_0_f32,0.316000,1x512x1,1x128x1,2048x2x1x1
ffn_inp-23,kernel_add,0.013000,128x1x1,64x1x1,2048x2x1x1
ffn_norm-23,kernel_rms_norm_mul,0.005400,2048x1x1,1024x1x1,2048x2x1x1
ffn_gate-23,kernel_transpose_32_16,0.005200,512x2x0,1x16x0,6144x2x1x1
ffn_gate-23,kernel_gemm_noshuffle_q4_0_f32,0.332300,1x1536x1,1x128x1,6144x2x1x1
ffn_up-23,kernel_transpose_32_16,0.005300,512x2x0,1x16x0,6144x2x1x1
ffn_up-23,kernel_gemm_noshuffle_q4_0_f32,0.331300,1x1536x1,1x128x1,6144x2x1x1
ffn_swiglu-23,kernel_swiglu,0.007000,1024x1x1,512x1x1,6144x2x1x1
ffn_out-23,kernel_transpose_32_16,0.010000,1536x2x0,1x16x0,2048x2x1x1
ffn_out-23,kernel_gemm_noshuffle_q4_0_f32,0.941200,1x512x1,1x128x1,2048x2x1x1
l_out-23,kernel_add,0.014500,128x1x1,64x1x1,2048x2x1x1
attn_norm-24,kernel_rms_norm_mul,0.006100,2048x1x1,1024x1x1,2048x2x1x1
Qcur-24,kernel_transpose_32_16,0.005000,512x2x0,1x16x0,2048x2x1x1
Qcur-24,kernel_gemm_noshuffle_q4_0_f32,0.316800,1x512x1,1x128x1,2048x2x1x1
Qcur_normed-24,kernel_rms_norm_mul,0.004100,2048x2x1,128x1x1,128x16x2x1
Qcur-24,kernel_rope_neox_f32,0.003600,1024x2x1,64x1x1,128x16x2x1
Vcur-24,kernel_transpose_32_16,0.004600,512x2x0,1x16x0,1024x2x1x1
Vcur-24,kernel_gemm_noshuffle_q4_0_f32,0.311500,1x256x1,1x128x1,1024x2x1x1
Kcur-24,kernel_transpose_32_16,0.004800,512x2x0,1x16x0,1024x2x1x1
Kcur-24,kernel_gemm_noshuffle_q4_0_f32,0.315800,1x256x1,1x128x1,1024x2x1x1
Kcur_normed-24,kernel_rms_norm_mul,0.004000,1024x2x1,128x1x1,128x8x2x1
Kcur-24,kernel_rope_neox_f32,0.002700,512x2x1,64x1x1,128x8x2x1
cache_k_l24 (view),kernel_set_rows_f16_i64,0.003000,2048x1x1,1024x1x1,1024x40192x1x1
cache_v_l24 (view),kernel_set_rows_f16_i64,0.003000,2048x1x1,1024x1x1,1024x40192x1x1
node_865,flash_attn_blk_f16,0.007000,8x1x1,0x0x0,128x16x2x1
node_865,flash_attn_f32_f16,0.061700,128x16x0,128x1x0,128x16x2x1
node_867,kernel_transpose_32_16,0.005200,512x2x0,1x16x0,2048x2x1x1
node_867,kernel_gemm_noshuffle_q4_0_f32,0.326200,1x512x1,1x128x1,2048x2x1x1
ffn_inp-24,kernel_add,0.013500,128x1x1,64x1x1,2048x2x1x1
ffn_norm-24,kernel_rms_norm_mul,0.005800,2048x1x1,1024x1x1,2048x2x1x1
ffn_gate-24,kernel_transpose_32_16,0.005100,512x2x0,1x16x0,6144x2x1x1
ffn_gate-24,kernel_gemm_noshuffle_q4_0_f32,0.320100,1x1536x1,1x128x1,6144x2x1x1
ffn_up-24,kernel_transpose_32_16,0.004900,512x2x0,1x16x0,6144x2x1x1
ffn_up-24,kernel_gemm_noshuffle_q4_0_f32,0.322500,1x1536x1,1x128x1,6144x2x1x1
ffn_swiglu-24,kernel_swiglu,0.007000,1024x1x1,512x1x1,6144x2x1x1
ffn_out-24,kernel_transpose_32_16,0.010000,1536x2x0,1x16x0,2048x2x1x1
ffn_out-24,kernel_gemm_noshuffle_q4_0_f32,0.976000,1x512x1,1x128x1,2048x2x1x1
l_out-24,kernel_add,0.013100,128x1x1,64x1x1,2048x2x1x1
attn_norm-25,kernel_rms_norm_mul,0.005400,2048x1x1,1024x1x1,2048x2x1x1
Qcur-25,kernel_transpose_32_16,0.004600,512x2x0,1x16x0,2048x2x1x1
Qcur-25,kernel_gemm_noshuffle_q4_0_f32,0.325300,1x512x1,1x128x1,2048x2x1x1
Qcur_normed-25,kernel_rms_norm_mul,0.004500,2048x2x1,128x1x1,128x16x2x1
Qcur-25,kernel_rope_neox_f32,0.004000,1024x2x1,64x1x1,128x16x2x1
Vcur-25,kernel_transpose_32_16,0.005200,512x2x0,1x16x0,1024x2x1x1
Vcur-25,kernel_gemm_noshuffle_q4_0_f32,0.317800,1x256x1,1x128x1,1024x2x1x1
Kcur-25,kernel_transpose_32_16,0.004800,512x2x0,1x16x0,1024x2x1x1
Kcur-25,kernel_gemm_noshuffle_q4_0_f32,0.312600,1x256x1,1x128x1,1024x2x1x1
Kcur_normed-25,kernel_rms_norm_mul,0.004400,1024x2x1,128x1x1,128x8x2x1
Kcur-25,kernel_rope_neox_f32,0.002700,512x2x1,64x1x1,128x8x2x1
cache_k_l25 (view),kernel_set_rows_f16_i64,0.003200,2048x1x1,1024x1x1,1024x40192x1x1
cache_v_l25 (view),kernel_set_rows_f16_i64,0.002800,2048x1x1,1024x1x1,1024x40192x1x1
node_900,flash_attn_blk_f16,0.007900,8x1x1,0x0x0,128x16x2x1
node_900,flash_attn_f32_f16,0.060100,128x16x0,128x1x0,128x16x2x1
node_902,kernel_transpose_32_16,0.005000,512x2x0,1x16x0,2048x2x1x1
node_902,kernel_gemm_noshuffle_q4_0_f32,0.315800,1x512x1,1x128x1,2048x2x1x1
ffn_inp-25,kernel_add,0.013100,128x1x1,64x1x1,2048x2x1x1
ffn_norm-25,kernel_rms_norm_mul,0.005300,2048x1x1,1024x1x1,2048x2x1x1
ffn_gate-25,kernel_transpose_32_16,0.004600,512x2x0,1x16x0,6144x2x1x1
ffn_gate-25,kernel_gemm_noshuffle_q4_0_f32,0.332600,1x1536x1,1x128x1,6144x2x1x1
ffn_up-25,kernel_transpose_32_16,0.005300,512x2x0,1x16x0,6144x2x1x1
ffn_up-25,kernel_gemm_noshuffle_q4_0_f32,0.332300,1x1536x1,1x128x1,6144x2x1x1
ffn_swiglu-25,kernel_swiglu,0.007000,1024x1x1,512x1x1,6144x2x1x1
ffn_out-25,kernel_transpose_32_16,0.010100,1536x2x0,1x16x0,2048x2x1x1
ffn_out-25,kernel_gemm_noshuffle_q4_0_f32,0.945300,1x512x1,1x128x1,2048x2x1x1
l_out-25,kernel_add,0.014000,128x1x1,64x1x1,2048x2x1x1
attn_norm-26,kernel_rms_norm_mul,0.005700,2048x1x1,1024x1x1,2048x2x1x1
Qcur-26,kernel_transpose_32_16,0.004800,512x2x0,1x16x0,2048x2x1x1
Qcur-26,kernel_gemm_noshuffle_q4_0_f32,0.316500,1x512x1,1x128x1,2048x2x1x1
Qcur_normed-26,kernel_rms_norm_mul,0.004400,2048x2x1,128x1x1,128x16x2x1
Qcur-26,kernel_rope_neox_f32,0.003700,1024x2x1,64x1x1,128x16x2x1
Vcur-26,kernel_transpose_32_16,0.004900,512x2x0,1x16x0,1024x2x1x1
Vcur-26,kernel_gemm_noshuffle_q4_0_f32,0.315000,1x256x1,1x128x1,1024x2x1x1
Kcur-26,kernel_transpose_32_16,0.004700,512x2x0,1x16x0,1024x2x1x1
Kcur-26,kernel_gemm_noshuffle_q4_0_f32,0.317100,1x256x1,1x128x1,1024x2x1x1
Kcur_normed-26,kernel_rms_norm_mul,0.004100,1024x2x1,128x1x1,128x8x2x1
Kcur-26,kernel_rope_neox_f32,0.002900,512x2x1,64x1x1,128x8x2x1
cache_k_l26 (view),kernel_set_rows_f16_i64,0.003000,2048x1x1,1024x1x1,1024x40192x1x1
cache_v_l26 (view),kernel_set_rows_f16_i64,0.002800,2048x1x1,1024x1x1,1024x40192x1x1
node_935,flash_attn_blk_f16,0.007100,8x1x1,0x0x0,128x16x2x1
node_935,flash_attn_f32_f16,0.061800,128x16x0,128x1x0,128x16x2x1
node_937,kernel_transpose_32_16,0.005000,512x2x0,1x16x0,2048x2x1x1
node_937,kernel_gemm_noshuffle_q4_0_f32,0.325100,1x512x1,1x128x1,2048x2x1x1
ffn_inp-26,kernel_add,0.012900,128x1x1,64x1x1,2048x2x1x1
ffn_norm-26,kernel_rms_norm_mul,0.005700,2048x1x1,1024x1x1,2048x2x1x1
ffn_gate-26,kernel_transpose_32_16,0.004800,512x2x0,1x16x0,6144x2x1x1
ffn_gate-26,kernel_gemm_noshuffle_q4_0_f32,0.322700,1x1536x1,1x128x1,6144x2x1x1
ffn_up-26,kernel_transpose_32_16,0.005500,512x2x0,1x16x0,6144x2x1x1
ffn_up-26,kernel_gemm_noshuffle_q4_0_f32,0.323300,1x1536x1,1x128x1,6144x2x1x1
ffn_swiglu-26,kernel_swiglu,0.007200,1024x1x1,512x1x1,6144x2x1x1
ffn_out-26,kernel_transpose_32_16,0.010000,1536x2x0,1x16x0,2048x2x1x1
ffn_out-26,kernel_gemm_noshuffle_q4_0_f32,0.976600,1x512x1,1x128x1,2048x2x1x1
l_out-26,kernel_add,0.014200,128x1x1,64x1x1,2048x2x1x1
attn_norm-27,kernel_rms_norm_mul,0.005600,2048x1x1,1024x1x1,2048x2x1x1
Qcur-27,kernel_transpose_32_16,0.004900,512x2x0,1x16x0,2048x2x1x1
Qcur-27,kernel_gemm_noshuffle_q4_0_f32,0.327900,1x512x1,1x128x1,2048x2x1x1
Qcur_normed-27,kernel_rms_norm_mul,0.004100,2048x2x1,128x1x1,128x16x2x1
Qcur-27,kernel_rope_neox_f32,0.003900,1024x2x1,64x1x1,128x16x2x1
Vcur-27,kernel_transpose_32_16,0.004900,512x2x0,1x16x0,1024x2x1x1
Vcur-27,kernel_gemm_noshuffle_q4_0_f32,0.316000,1x256x1,1x128x1,1024x2x1x1
Kcur-27,kernel_transpose_32_16,0.005100,512x2x0,1x16x0,1024x2x1x1
Kcur-27,kernel_gemm_noshuffle_q4_0_f32,0.311300,1x256x1,1x128x1,1024x2x1x1
Kcur_normed-27,kernel_rms_norm_mul,0.004300,1024x2x1,128x1x1,128x8x2x1
Kcur-27,kernel_rope_neox_f32,0.002800,512x2x1,64x1x1,128x8x2x1
cache_k_l27 (view),kernel_set_rows_f16_i64,0.002900,2048x1x1,1024x1x1,1024x40192x1x1
cache_v_l27 (view),kernel_set_rows_f16_i64,0.002800,2048x1x1,1024x1x1,1024x40192x1x1
node_970,flash_attn_blk_f16,0.007500,8x1x1,0x0x0,128x16x2x1
node_970,flash_attn_f32_f16,0.062100,128x16x0,128x1x0,128x16x2x1
node_972,kernel_transpose_32_16,0.005200,512x2x0,1x16x0,2048x2x1x1
node_972,kernel_gemm_noshuffle_q4_0_f32,0.315400,1x512x1,1x128x1,2048x2x1x1
node_973,kernel_get_rows_f32,0.004900,1024x1x1,1024x1x1,2048x1x1x1
node_974,kernel_get_rows_f32,0.003900,1024x1x1,1024x1x1,2048x1x1x1
ffn_inp-27,kernel_add_row,0.002800,512x0x0,64x0x0,2048x1x1x1
ffn_norm-27,kernel_rms_norm_mul,0.005400,1024x1x1,1024x1x1,2048x1x1x1
ffn_gate-27,kernel_gemv_noshuffle_q4_0_f32,0.109200,3072x4x1,64x4x1,6144x1x1x1
ffn_up-27,kernel_gemv_noshuffle_q4_0_f32,0.110000,3072x4x1,64x4x1,6144x1x1x1
ffn_swiglu-27,kernel_swiglu,0.006200,512x1x1,512x1x1,6144x1x1x1
ffn_out-27,kernel_gemv_noshuffle_q4_0_f32,0.122100,1024x4x1,64x4x1,2048x1x1x1
l_out-27,kernel_add_row,0.002100,512x0x0,64x0x0,2048x1x1x1
result_norm,kernel_rms_norm_mul,0.005500,1024x1x1,1024x1x1,2048x1x1x1
result_output,kernel_mul_mv_q6_K_f32_flat,6.561000,303872x2x1,64x2x1,151936x1x1x1
attn_norm-0,kernel_rms_norm_mul,0.008000,9216x1x1,1024x1x1,2048x9x1x1
Qcur-0,kernel_transpose_32_16,0.006300,512x4x0,1x16x0,2048x9x1x1
Qcur-0,kernel_gemm_noshuffle_q4_0_f32,0.330000,2x512x1,1x128x1,2048x9x1x1
Qcur_normed-0,kernel_rms_norm_mul,0.006800,2048x9x1,128x1x1,128x16x9x1
Qcur-0,kernel_rope_neox_f32,0.005500,1024x9x1,64x1x1,128x16x9x1
Vcur-0,kernel_transpose_32_16,0.004900,512x4x0,1x16x0,1024x9x1x1
Vcur-0,kernel_gemm_noshuffle_q4_0_f32,0.326600,2x256x1,1x128x1,1024x9x1x1
Kcur-0,kernel_transpose_32_16,0.004900,512x4x0,1x16x0,1024x9x1x1
Kcur-0,kernel_gemm_noshuffle_q4_0_f32,0.329600,2x256x1,1x128x1,1024x9x1x1
Kcur_normed-0,kernel_rms_norm_mul,0.005100,1024x9x1,128x1x1,128x8x9x1
Kcur-0,kernel_rope_neox_f32,0.003200,512x9x1,64x1x1,128x8x9x1
cache_k_l0 (view),kernel_set_rows_f16_i64,0.003100,9216x1x1,1024x1x1,1024x40192x1x1
cache_v_l0 (view),kernel_set_rows_f16_i64,0.003100,9216x1x1,1024x1x1,1024x40192x1x1
node_25,flash_attn_blk_f16,0.024600,8x1x1,0x0x0,128x16x9x1
node_25,flash_attn_f32_f16,0.063400,128x16x0,128x1x0,128x16x9x1
node_27,kernel_transpose_32_16,0.005300,512x4x0,1x16x0,2048x9x1x1
node_27,kernel_gemm_noshuffle_q4_0_f32,0.341500,2x512x1,1x128x1,2048x9x1x1
ffn_inp-0,kernel_add,0.013300,576x1x1,64x1x1,2048x9x1x1
ffn_norm-0,kernel_rms_norm_mul,0.005500,9216x1x1,1024x1x1,2048x9x1x1
ffn_gate-0,kernel_transpose_32_16,0.005200,512x4x0,1x16x0,6144x9x1x1
ffn_gate-0,kernel_gemm_noshuffle_q4_0_f32,0.341400,2x1536x1,1x128x1,6144x9x1x1
ffn_up-0,kernel_transpose_32_16,0.005300,512x4x0,1x16x0,6144x9x1x1
ffn_up-0,kernel_gemm_noshuffle_q4_0_f32,0.340900,2x1536x1,1x128x1,6144x9x1x1
ffn_swiglu-0,kernel_swiglu,0.009400,4608x1x1,512x1x1,6144x9x1x1
ffn_out-0,kernel_transpose_32_16,0.010300,1536x4x0,1x16x0,2048x9x1x1
ffn_out-0,kernel_gemm_noshuffle_q4_1_f32,1.177600,2x512x1,1x128x1,2048x9x1x1
l_out-0,kernel_add,0.014000,576x1x1,64x1x1,2048x9x1x1
attn_norm-1,kernel_rms_norm_mul,0.005400,9216x1x1,1024x1x1,2048x9x1x1
Qcur-1,kernel_transpose_32_16,0.005200,512x4x0,1x16x0,2048x9x1x1
Qcur-1,kernel_gemm_noshuffle_q4_0_f32,0.339300,2x512x1,1x128x1,2048x9x1x1
Qcur_normed-1,kernel_rms_norm_mul,0.007000,2048x9x1,128x1x1,128x16x9x1
Qcur-1,kernel_rope_neox_f32,0.004800,1024x9x1,64x1x1,128x16x9x1
Vcur-1,kernel_transpose_32_16,0.005600,512x4x0,1x16x0,1024x9x1x1
Vcur-1,kernel_gemm_noshuffle_q4_0_f32,0.329700,2x256x1,1x128x1,1024x9x1x1
Kcur-1,kernel_transpose_32_16,0.004900,512x4x0,1x16x0,1024x9x1x1
Kcur-1,kernel_gemm_noshuffle_q4_0_f32,0.323500,2x256x1,1x128x1,1024x9x1x1
Kcur_normed-1,kernel_rms_norm_mul,0.005000,1024x9x1,128x1x1,128x8x9x1
Kcur-1,kernel_rope_neox_f32,0.003100,512x9x1,64x1x1,128x8x9x1
cache_k_l1 (view),kernel_set_rows_f16_i64,0.003000,9216x1x1,1024x1x1,1024x40192x1x1
cache_v_l1 (view),kernel_set_rows_f16_i64,0.003000,9216x1x1,1024x1x1,1024x40192x1x1
node_60,flash_attn_blk_f16,0.024500,8x1x1,0x0x0,128x16x9x1
node_60,flash_attn_f32_f16,0.061500,128x16x0,128x1x0,128x16x9x1
node_62,kernel_transpose_32_16,0.005400,512x4x0,1x16x0,2048x9x1x1
node_62,kernel_gemm_noshuffle_q4_0_f32,0.326100,2x512x1,1x128x1,2048x9x1x1
ffn_inp-1,kernel_add,0.013200,576x1x1,64x1x1,2048x9x1x1
ffn_norm-1,kernel_rms_norm_mul,0.005500,9216x1x1,1024x1x1,2048x9x1x1
ffn_gate-1,kernel_transpose_32_16,0.004700,512x4x0,1x16x0,6144x9x1x1
ffn_gate-1,kernel_gemm_noshuffle_q4_0_f32,0.344100,2x1536x1,1x128x1,6144x9x1x1
ffn_up-1,kernel_transpose_32_16,0.005500,512x4x0,1x16x0,6144x9x1x1
ffn_up-1,kernel_gemm_noshuffle_q4_0_f32,0.344800,2x1536x1,1x128x1,6144x9x1x1
ffn_swiglu-1,kernel_swiglu,0.009200,4608x1x1,512x1x1,6144x9x1x1
ffn_out-1,kernel_transpose_32_16,0.011700,1536x4x0,1x16x0,2048x9x1x1
ffn_out-1,kernel_gemm_noshuffle_q4_1_f32,1.158500,2x512x1,1x128x1,2048x9x1x1
l_out-1,kernel_add,0.014100,576x1x1,64x1x1,2048x9x1x1
attn_norm-2,kernel_rms_norm_mul,0.005500,9216x1x1,1024x1x1,2048x9x1x1
Qcur-2,kernel_transpose_32_16,0.004600,512x4x0,1x16x0,2048x9x1x1
Qcur-2,kernel_gemm_noshuffle_q4_0_f32,0.327900,2x512x1,1x128x1,2048x9x1x1
Qcur_normed-2,kernel_rms_norm_mul,0.007000,2048x9x1,128x1x1,128x16x9x1
Qcur-2,kernel_rope_neox_f32,0.004400,1024x9x1,64x1x1,128x16x9x1
Vcur-2,kernel_transpose_32_16,0.005200,512x4x0,1x16x0,1024x9x1x1
Vcur-2,kernel_gemm_noshuffle_q4_0_f32,0.324500,2x256x1,1x128x1,1024x9x1x1
Kcur-2,kernel_transpose_32_16,0.005000,512x4x0,1x16x0,1024x9x1x1
Kcur-2,kernel_gemm_noshuffle_q4_0_f32,0.330100,2x256x1,1x128x1,1024x9x1x1
Kcur_normed-2,kernel_rms_norm_mul,0.004600,1024x9x1,128x1x1,128x8x9x1
Kcur-2,kernel_rope_neox_f32,0.003300,512x9x1,64x1x1,128x8x9x1
cache_k_l2 (view),kernel_set_rows_f16_i64,0.003000,9216x1x1,1024x1x1,1024x40192x1x1
cache_v_l2 (view),kernel_set_rows_f16_i64,0.003000,9216x1x1,1024x1x1,1024x40192x1x1
node_95,flash_attn_blk_f16,0.024200,8x1x1,0x0x0,128x16x9x1
node_95,flash_attn_f32_f16,0.063300,128x16x0,128x1x0,128x16x9x1
node_97,kernel_transpose_32_16,0.005000,512x4x0,1x16x0,2048x9x1x1
node_97,kernel_gemm_noshuffle_q4_0_f32,0.338000,2x512x1,1x128x1,2048x9x1x1
ffn_inp-2,kernel_add,0.013400,576x1x1,64x1x1,2048x9x1x1
ffn_norm-2,kernel_rms_norm_mul,0.005900,9216x1x1,1024x1x1,2048x9x1x1
ffn_gate-2,kernel_transpose_32_16,0.005100,512x4x0,1x16x0,6144x9x1x1
ffn_gate-2,kernel_gemm_noshuffle_q4_0_f32,0.341600,2x1536x1,1x128x1,6144x9x1x1
ffn_up-2,kernel_transpose_32_16,0.005300,512x4x0,1x16x0,6144x9x1x1
ffn_up-2,kernel_gemm_noshuffle_q4_0_f32,0.341700,2x1536x1,1x128x1,6144x9x1x1
ffn_swiglu-2,kernel_swiglu,0.008900,4608x1x1,512x1x1,6144x9x1x1
ffn_out-2,kernel_transpose_32_16,0.011100,1536x4x0,1x16x0,2048x9x1x1
ffn_out-2,kernel_gemm_noshuffle_q4_1_f32,1.177900,2x512x1,1x128x1,2048x9x1x1
l_out-2,kernel_add,0.014100,576x1x1,64x1x1,2048x9x1x1
attn_norm-3,kernel_rms_norm_mul,0.005700,9216x1x1,1024x1x1,2048x9x1x1
Qcur-3,kernel_transpose_32_16,0.004700,512x4x0,1x16x0,2048x9x1x1
Qcur-3,kernel_gemm_noshuffle_q4_0_f32,0.340200,2x512x1,1x128x1,2048x9x1x1
Qcur_normed-3,kernel_rms_norm_mul,0.006900,2048x9x1,128x1x1,128x16x9x1
Qcur-3,kernel_rope_neox_f32,0.004500,1024x9x1,64x1x1,128x16x9x1
Vcur-3,kernel_transpose_32_16,0.005200,512x4x0,1x16x0,1024x9x1x1
Vcur-3,kernel_gemm_noshuffle_q4_0_f32,0.327600,2x256x1,1x128x1,1024x9x1x1
Kcur-3,kernel_transpose_32_16,0.005300,512x4x0,1x16x0,1024x9x1x1
Kcur-3,kernel_gemm_noshuffle_q4_0_f32,0.323500,2x256x1,1x128x1,1024x9x1x1
Kcur_normed-3,kernel_rms_norm_mul,0.004800,1024x9x1,128x1x1,128x8x9x1
Kcur-3,kernel_rope_neox_f32,0.003000,512x9x1,64x1x1,128x8x9x1
cache_k_l3 (view),kernel_set_rows_f16_i64,0.003000,9216x1x1,1024x1x1,1024x40192x1x1
cache_v_l3 (view),kernel_set_rows_f16_i64,0.003100,9216x1x1,1024x1x1,1024x40192x1x1
node_130,flash_attn_blk_f16,0.024200,8x1x1,0x0x0,128x16x9x1
node_130,flash_attn_f32_f16,0.063200,128x16x0,128x1x0,128x16x9x1
node_132,kernel_transpose_32_16,0.005300,512x4x0,1x16x0,2048x9x1x1
node_132,kernel_gemm_noshuffle_q4_0_f32,0.328500,2x512x1,1x128x1,2048x9x1x1
ffn_inp-3,kernel_add,0.013100,576x1x1,64x1x1,2048x9x1x1
ffn_norm-3,kernel_rms_norm_mul,0.005300,9216x1x1,1024x1x1,2048x9x1x1
ffn_gate-3,kernel_transpose_32_16,0.004800,512x4x0,1x16x0,6144x9x1x1
ffn_gate-3,kernel_gemm_noshuffle_q4_0_f32,0.344800,2x1536x1,1x128x1,6144x9x1x1
ffn_up-3,kernel_transpose_32_16,0.005400,512x4x0,1x16x0,6144x9x1x1
ffn_up-3,kernel_gemm_noshuffle_q4_0_f32,0.346000,2x1536x1,1x128x1,6144x9x1x1
ffn_swiglu-3,kernel_swiglu,0.007900,4608x1x1,512x1x1,6144x9x1x1
ffn_out-3,kernel_transpose_32_16,0.010500,1536x4x0,1x16x0,2048x9x1x1
ffn_out-3,kernel_gemm_noshuffle_q4_0_f32,0.974300,2x512x1,1x128x1,2048x9x1x1
l_out-3,kernel_add,0.014300,576x1x1,64x1x1,2048x9x1x1
attn_norm-4,kernel_rms_norm_mul,0.005800,9216x1x1,1024x1x1,2048x9x1x1
Qcur-4,kernel_transpose_32_16,0.004700,512x4x0,1x16x0,2048x9x1x1
Qcur-4,kernel_gemm_noshuffle_q4_0_f32,0.327600,2x512x1,1x128x1,2048x9x1x1
Qcur_normed-4,kernel_rms_norm_mul,0.006900,2048x9x1,128x1x1,128x16x9x1
Qcur-4,kernel_rope_neox_f32,0.004200,1024x9x1,64x1x1,128x16x9x1
Vcur-4,kernel_transpose_32_16,0.005300,512x4x0,1x16x0,1024x9x1x1
Vcur-4,kernel_gemm_noshuffle_q4_0_f32,0.326300,2x256x1,1x128x1,1024x9x1x1
Kcur-4,kernel_transpose_32_16,0.004900,512x4x0,1x16x0,1024x9x1x1
Kcur-4,kernel_gemm_noshuffle_q4_0_f32,0.328600,2x256x1,1x128x1,1024x9x1x1
Kcur_normed-4,kernel_rms_norm_mul,0.004900,1024x9x1,128x1x1,128x8x9x1
Kcur-4,kernel_rope_neox_f32,0.003000,512x9x1,64x1x1,128x8x9x1
cache_k_l4 (view),kernel_set_rows_f16_i64,0.003100,9216x1x1,1024x1x1,1024x40192x1x1
cache_v_l4 (view),kernel_set_rows_f16_i64,0.003500,9216x1x1,1024x1x1,1024x40192x1x1
node_165,flash_attn_blk_f16,0.024300,8x1x1,0x0x0,128x16x9x1
node_165,flash_attn_f32_f16,0.062400,128x16x0,128x1x0,128x16x9x1
node_167,kernel_transpose_32_16,0.005100,512x4x0,1x16x0,2048x9x1x1
node_167,kernel_gemm_noshuffle_q4_0_f32,0.339000,2x512x1,1x128x1,2048x9x1x1
ffn_inp-4,kernel_add,0.013500,576x1x1,64x1x1,2048x9x1x1
ffn_norm-4,kernel_rms_norm_mul,0.005300,9216x1x1,1024x1x1,2048x9x1x1
ffn_gate-4,kernel_transpose_32_16,0.004700,512x4x0,1x16x0,6144x9x1x1
ffn_gate-4,kernel_gemm_noshuffle_q4_0_f32,0.343100,2x1536x1,1x128x1,6144x9x1x1
ffn_up-4,kernel_transpose_32_16,0.005300,512x4x0,1x16x0,6144x9x1x1
ffn_up-4,kernel_gemm_noshuffle_q4_0_f32,0.342900,2x1536x1,1x128x1,6144x9x1x1
ffn_swiglu-4,kernel_swiglu,0.008800,4608x1x1,512x1x1,6144x9x1x1
ffn_out-4,kernel_transpose_32_16,0.011100,1536x4x0,1x16x0,2048x9x1x1
ffn_out-4,kernel_gemm_noshuffle_q4_0_f32,1.015800,2x512x1,1x128x1,2048x9x1x1
l_out-4,kernel_add,0.013700,576x1x1,64x1x1,2048x9x1x1
attn_norm-5,kernel_rms_norm_mul,0.005400,9216x1x1,1024x1x1,2048x9x1x1
Qcur-5,kernel_transpose_32_16,0.005300,512x4x0,1x16x0,2048x9x1x1
Qcur-5,kernel_gemm_noshuffle_q4_0_f32,0.338500,2x512x1,1x128x1,2048x9x1x1
Qcur_normed-5,kernel_rms_norm_mul,0.007200,2048x9x1,128x1x1,128x16x9x1
Qcur-5,kernel_rope_neox_f32,0.004400,1024x9x1,64x1x1,128x16x9x1
Vcur-5,kernel_transpose_32_16,0.005100,512x4x0,1x16x0,1024x9x1x1
Vcur-5,kernel_gemm_noshuffle_q4_0_f32,0.328900,2x256x1,1x128x1,1024x9x1x1
Kcur-5,kernel_transpose_32_16,0.005000,512x4x0,1x16x0,1024x9x1x1
Kcur-5,kernel_gemm_noshuffle_q4_0_f32,0.326000,2x256x1,1x128x1,1024x9x1x1
Kcur_normed-5,kernel_rms_norm_mul,0.004800,1024x9x1,128x1x1,128x8x9x1
Kcur-5,kernel_rope_neox_f32,0.003100,512x9x1,64x1x1,128x8x9x1
cache_k_l5 (view),kernel_set_rows_f16_i64,0.003000,9216x1x1,1024x1x1,1024x40192x1x1
cache_v_l5 (view),kernel_set_rows_f16_i64,0.003000,9216x1x1,1024x1x1,1024x40192x1x1
node_200,flash_attn_blk_f16,0.023900,8x1x1,0x0x0,128x16x9x1
node_200,flash_attn_f32_f16,0.062600,128x16x0,128x1x0,128x16x9x1
node_202,kernel_transpose_32_16,0.005300,512x4x0,1x16x0,2048x9x1x1
node_202,kernel_gemm_noshuffle_q4_0_f32,0.327500,2x512x1,1x128x1,2048x9x1x1
ffn_inp-5,kernel_add,0.013400,576x1x1,64x1x1,2048x9x1x1
ffn_norm-5,kernel_rms_norm_mul,0.005300,9216x1x1,1024x1x1,2048x9x1x1
ffn_gate-5,kernel_transpose_32_16,0.004700,512x4x0,1x16x0,6144x9x1x1
ffn_gate-5,kernel_gemm_noshuffle_q4_0_f32,0.344200,2x1536x1,1x128x1,6144x9x1x1
ffn_up-5,kernel_transpose_32_16,0.005500,512x4x0,1x16x0,6144x9x1x1
ffn_up-5,kernel_gemm_noshuffle_q4_0_f32,0.348800,2x1536x1,1x128x1,6144x9x1x1
ffn_swiglu-5,kernel_swiglu,0.008300,4608x1x1,512x1x1,6144x9x1x1
ffn_out-5,kernel_transpose_32_16,0.011200,1536x4x0,1x16x0,2048x9x1x1
ffn_out-5,kernel_gemm_noshuffle_q4_0_f32,0.980400,2x512x1,1x128x1,2048x9x1x1
l_out-5,kernel_add,0.013700,576x1x1,64x1x1,2048x9x1x1
attn_norm-6,kernel_rms_norm_mul,0.005500,9216x1x1,1024x1x1,2048x9x1x1
Qcur-6,kernel_transpose_32_16,0.004800,512x4x0,1x16x0,2048x9x1x1
Qcur-6,kernel_gemm_noshuffle_q4_0_f32,0.329300,2x512x1,1x128x1,2048x9x1x1
Qcur_normed-6,kernel_rms_norm_mul,0.006800,2048x9x1,128x1x1,128x16x9x1
Qcur-6,kernel_rope_neox_f32,0.004700,1024x9x1,64x1x1,128x16x9x1
Vcur-6,kernel_transpose_32_16,0.005000,512x4x0,1x16x0,1024x9x1x1
Vcur-6,kernel_gemm_noshuffle_q4_0_f32,0.327300,2x256x1,1x128x1,1024x9x1x1
Kcur-6,kernel_transpose_32_16,0.005100,512x4x0,1x16x0,1024x9x1x1
Kcur-6,kernel_gemm_noshuffle_q4_0_f32,0.331000,2x256x1,1x128x1,1024x9x1x1
Kcur_normed-6,kernel_rms_norm_mul,0.004800,1024x9x1,128x1x1,128x8x9x1
Kcur-6,kernel_rope_neox_f32,0.003100,512x9x1,64x1x1,128x8x9x1
cache_k_l6 (view),kernel_set_rows_f16_i64,0.003000,9216x1x1,1024x1x1,1024x40192x1x1
cache_v_l6 (view),kernel_set_rows_f16_i64,0.003100,9216x1x1,1024x1x1,1024x40192x1x1
node_235,flash_attn_blk_f16,0.024300,8x1x1,0x0x0,128x16x9x1
node_235,flash_attn_f32_f16,0.062100,128x16x0,128x1x0,128x16x9x1
node_237,kernel_transpose_32_16,0.005100,512x4x0,1x16x0,2048x9x1x1
node_237,kernel_gemm_noshuffle_q4_0_f32,0.337800,2x512x1,1x128x1,2048x9x1x1
ffn_inp-6,kernel_add,0.013300,576x1x1,64x1x1,2048x9x1x1
ffn_norm-6,kernel_rms_norm_mul,0.005700,9216x1x1,1024x1x1,2048x9x1x1
ffn_gate-6,kernel_transpose_32_16,0.004700,512x4x0,1x16x0,6144x9x1x1
ffn_gate-6,kernel_gemm_noshuffle_q4_0_f32,0.339700,2x1536x1,1x128x1,6144x9x1x1
ffn_up-6,kernel_transpose_32_16,0.005400,512x4x0,1x16x0,6144x9x1x1
ffn_up-6,kernel_gemm_noshuffle_q4_0_f32,0.341500,2x1536x1,1x128x1,6144x9x1x1
ffn_swiglu-6,kernel_swiglu,0.009000,4608x1x1,512x1x1,6144x9x1x1
ffn_out-6,kernel_transpose_32_16,0.011800,1536x4x0,1x16x0,2048x9x1x1
ffn_out-6,kernel_gemm_noshuffle_q4_0_f32,1.011600,2x512x1,1x128x1,2048x9x1x1
l_out-6,kernel_add,0.014000,576x1x1,64x1x1,2048x9x1x1
attn_norm-7,kernel_rms_norm_mul,0.005500,9216x1x1,1024x1x1,2048x9x1x1
Qcur-7,kernel_transpose_32_16,0.004700,512x4x0,1x16x0,2048x9x1x1
Qcur-7,kernel_gemm_noshuffle_q4_0_f32,0.338900,2x512x1,1x128x1,2048x9x1x1
Qcur_normed-7,kernel_rms_norm_mul,0.007100,2048x9x1,128x1x1,128x16x9x1
Qcur-7,kernel_rope_neox_f32,0.004700,1024x9x1,64x1x1,128x16x9x1
Vcur-7,kernel_transpose_32_16,0.005000,512x4x0,1x16x0,1024x9x1x1
Vcur-7,kernel_gemm_noshuffle_q4_0_f32,0.327400,2x256x1,1x128x1,1024x9x1x1
Kcur-7,kernel_transpose_32_16,0.005000,512x4x0,1x16x0,1024x9x1x1
Kcur-7,kernel_gemm_noshuffle_q4_0_f32,0.324600,2x256x1,1x128x1,1024x9x1x1
Kcur_normed-7,kernel_rms_norm_mul,0.004700,1024x9x1,128x1x1,128x8x9x1
Kcur-7,kernel_rope_neox_f32,0.002900,512x9x1,64x1x1,128x8x9x1
cache_k_l7 (view),kernel_set_rows_f16_i64,0.003600,9216x1x1,1024x1x1,1024x40192x1x1
cache_v_l7 (view),kernel_set_rows_f16_i64,0.003000,9216x1x1,1024x1x1,1024x40192x1x1
node_270,flash_attn_blk_f16,0.024300,8x1x1,0x0x0,128x16x9x1
node_270,flash_attn_f32_f16,0.062800,128x16x0,128x1x0,128x16x9x1
node_272,kernel_transpose_32_16,0.005100,512x4x0,1x16x0,2048x9x1x1
node_272,kernel_gemm_noshuffle_q4_0_f32,0.327800,2x512x1,1x128x1,2048x9x1x1
ffn_inp-7,kernel_add,0.013700,576x1x1,64x1x1,2048x9x1x1
ffn_norm-7,kernel_rms_norm_mul,0.005700,9216x1x1,1024x1x1,2048x9x1x1
ffn_gate-7,kernel_transpose_32_16,0.005400,512x4x0,1x16x0,6144x9x1x1
ffn_gate-7,kernel_gemm_noshuffle_q4_0_f32,0.344800,2x1536x1,1x128x1,6144x9x1x1
ffn_up-7,kernel_transpose_32_16,0.005200,512x4x0,1x16x0,6144x9x1x1
ffn_up-7,kernel_gemm_noshuffle_q4_0_f32,0.348500,2x1536x1,1x128x1,6144x9x1x1
ffn_swiglu-7,kernel_swiglu,0.008900,4608x1x1,512x1x1,6144x9x1x1
ffn_out-7,kernel_transpose_32_16,0.011400,1536x4x0,1x16x0,2048x9x1x1
ffn_out-7,kernel_gemm_noshuffle_q4_0_f32,0.972200,2x512x1,1x128x1,2048x9x1x1
l_out-7,kernel_add,0.014200,576x1x1,64x1x1,2048x9x1x1
attn_norm-8,kernel_rms_norm_mul,0.006100,9216x1x1,1024x1x1,2048x9x1x1
Qcur-8,kernel_transpose_32_16,0.005100,512x4x0,1x16x0,2048x9x1x1
Qcur-8,kernel_gemm_noshuffle_q4_0_f32,0.329800,2x512x1,1x128x1,2048x9x1x1
Qcur_normed-8,kernel_rms_norm_mul,0.006500,2048x9x1,128x1x1,128x16x9x1
Qcur-8,kernel_rope_neox_f32,0.004400,1024x9x1,64x1x1,128x16x9x1
Vcur-8,kernel_transpose_32_16,0.005000,512x4x0,1x16x0,1024x9x1x1
Vcur-8,kernel_gemm_noshuffle_q4_0_f32,0.327200,2x256x1,1x128x1,1024x9x1x1
Kcur-8,kernel_transpose_32_16,0.005000,512x4x0,1x16x0,1024x9x1x1
Kcur-8,kernel_gemm_noshuffle_q4_0_f32,0.327900,2x256x1,1x128x1,1024x9x1x1
Kcur_normed-8,kernel_rms_norm_mul,0.004900,1024x9x1,128x1x1,128x8x9x1
Kcur-8,kernel_rope_neox_f32,0.003100,512x9x1,64x1x1,128x8x9x1
cache_k_l8 (view),kernel_set_rows_f16_i64,0.003000,9216x1x1,1024x1x1,1024x40192x1x1
cache_v_l8 (view),kernel_set_rows_f16_i64,0.002900,9216x1x1,1024x1x1,1024x40192x1x1
node_305,flash_attn_blk_f16,0.024300,8x1x1,0x0x0,128x16x9x1
node_305,flash_attn_f32_f16,0.063000,128x16x0,128x1x0,128x16x9x1
node_307,kernel_transpose_32_16,0.005400,512x4x0,1x16x0,2048x9x1x1
node_307,kernel_gemm_noshuffle_q4_0_f32,0.340200,2x512x1,1x128x1,2048x9x1x1
ffn_inp-8,kernel_add,0.013900,576x1x1,64x1x1,2048x9x1x1
ffn_norm-8,kernel_rms_norm_mul,0.005400,9216x1x1,1024x1x1,2048x9x1x1
ffn_gate-8,kernel_transpose_32_16,0.005100,512x4x0,1x16x0,6144x9x1x1
ffn_gate-8,kernel_gemm_noshuffle_q4_0_f32,0.339900,2x1536x1,1x128x1,6144x9x1x1
ffn_up-8,kernel_transpose_32_16,0.005200,512x4x0,1x16x0,6144x9x1x1
ffn_up-8,kernel_gemm_noshuffle_q4_0_f32,0.342200,2x1536x1,1x128x1,6144x9x1x1
ffn_swiglu-8,kernel_swiglu,0.008500,4608x1x1,512x1x1,6144x9x1x1
ffn_out-8,kernel_transpose_32_16,0.010300,1536x4x0,1x16x0,2048x9x1x1
ffn_out-8,kernel_gemm_noshuffle_q4_0_f32,1.009100,2x512x1,1x128x1,2048x9x1x1
l_out-8,kernel_add,0.013600,576x1x1,64x1x1,2048x9x1x1
attn_norm-9,kernel_rms_norm_mul,0.005500,9216x1x1,1024x1x1,2048x9x1x1
Qcur-9,kernel_transpose_32_16,0.004700,512x4x0,1x16x0,2048x9x1x1
Qcur-9,kernel_gemm_noshuffle_q4_0_f32,0.339500,2x512x1,1x128x1,2048x9x1x1
Qcur_normed-9,kernel_rms_norm_mul,0.007000,2048x9x1,128x1x1,128x16x9x1
Qcur-9,kernel_rope_neox_f32,0.004500,1024x9x1,64x1x1,128x16x9x1
Vcur-9,kernel_transpose_32_16,0.005400,512x4x0,1x16x0,1024x9x1x1
Vcur-9,kernel_gemm_noshuffle_q4_0_f32,0.331800,2x256x1,1x128x1,1024x9x1x1
Kcur-9,kernel_transpose_32_16,0.005000,512x4x0,1x16x0,1024x9x1x1
Kcur-9,kernel_gemm_noshuffle_q4_0_f32,0.325900,2x256x1,1x128x1,1024x9x1x1
Kcur_normed-9,kernel_rms_norm_mul,0.004800,1024x9x1,128x1x1,128x8x9x1
Kcur-9,kernel_rope_neox_f32,0.003000,512x9x1,64x1x1,128x8x9x1
cache_k_l9 (view),kernel_set_rows_f16_i64,0.003100,9216x1x1,1024x1x1,1024x40192x1x1
cache_v_l9 (view),kernel_set_rows_f16_i64,0.003100,9216x1x1,1024x1x1,1024x40192x1x1
node_340,flash_attn_blk_f16,0.024600,8x1x1,0x0x0,128x16x9x1
node_340,flash_attn_f32_f16,0.061900,128x16x0,128x1x0,128x16x9x1
node_342,kernel_transpose_32_16,0.005100,512x4x0,1x16x0,2048x9x1x1
node_342,kernel_gemm_noshuffle_q4_0_f32,0.327600,2x512x1,1x128x1,2048x9x1x1
ffn_inp-9,kernel_add,0.013300,576x1x1,64x1x1,2048x9x1x1
ffn_norm-9,kernel_rms_norm_mul,0.005400,9216x1x1,1024x1x1,2048x9x1x1
ffn_gate-9,kernel_transpose_32_16,0.004700,512x4x0,1x16x0,6144x9x1x1
ffn_gate-9,kernel_gemm_noshuffle_q4_0_f32,0.344000,2x1536x1,1x128x1,6144x9x1x1
ffn_up-9,kernel_transpose_32_16,0.005600,512x4x0,1x16x0,6144x9x1x1
ffn_up-9,kernel_gemm_noshuffle_q4_0_f32,0.345700,2x1536x1,1x128x1,6144x9x1x1
ffn_swiglu-9,kernel_swiglu,0.008400,4608x1x1,512x1x1,6144x9x1x1
ffn_out-9,kernel_transpose_32_16,0.011100,1536x4x0,1x16x0,2048x9x1x1
ffn_out-9,kernel_gemm_noshuffle_q4_0_f32,0.979200,2x512x1,1x128x1,2048x9x1x1
l_out-9,kernel_add,0.013500,576x1x1,64x1x1,2048x9x1x1
attn_norm-10,kernel_rms_norm_mul,0.005400,9216x1x1,1024x1x1,2048x9x1x1
Qcur-10,kernel_transpose_32_16,0.004600,512x4x0,1x16x0,2048x9x1x1
Qcur-10,kernel_gemm_noshuffle_q4_0_f32,0.329100,2x512x1,1x128x1,2048x9x1x1
Qcur_normed-10,kernel_rms_norm_mul,0.007200,2048x9x1,128x1x1,128x16x9x1
Qcur-10,kernel_rope_neox_f32,0.004800,1024x9x1,64x1x1,128x16x9x1
Vcur-10,kernel_transpose_32_16,0.005600,512x4x0,1x16x0,1024x9x1x1
Vcur-10,kernel_gemm_noshuffle_q4_0_f32,0.325100,2x256x1,1x128x1,1024x9x1x1
Kcur-10,kernel_transpose_32_16,0.004900,512x4x0,1x16x0,1024x9x1x1
Kcur-10,kernel_gemm_noshuffle_q4_0_f32,0.328300,2x256x1,1x128x1,1024x9x1x1
Kcur_normed-10,kernel_rms_norm_mul,0.004700,1024x9x1,128x1x1,128x8x9x1
Kcur-10,kernel_rope_neox_f32,0.003300,512x9x1,64x1x1,128x8x9x1
cache_k_l10 (view),kernel_set_rows_f16_i64,0.002900,9216x1x1,1024x1x1,1024x40192x1x1
cache_v_l10 (view),kernel_set_rows_f16_i64,0.003000,9216x1x1,1024x1x1,1024x40192x1x1
node_375,flash_attn_blk_f16,0.024300,8x1x1,0x0x0,128x16x9x1
node_375,flash_attn_f32_f16,0.063300,128x16x0,128x1x0,128x16x9x1
node_377,kernel_transpose_32_16,0.005000,512x4x0,1x16x0,2048x9x1x1
node_377,kernel_gemm_noshuffle_q4_0_f32,0.339000,2x512x1,1x128x1,2048x9x1x1
ffn_inp-10,kernel_add,0.013700,576x1x1,64x1x1,2048x9x1x1
ffn_norm-10,kernel_rms_norm_mul,0.006000,9216x1x1,1024x1x1,2048x9x1x1
ffn_gate-10,kernel_transpose_32_16,0.004900,512x4x0,1x16x0,6144x9x1x1
ffn_gate-10,kernel_gemm_noshuffle_q4_0_f32,0.339500,2x1536x1,1x128x1,6144x9x1x1
ffn_up-10,kernel_transpose_32_16,0.005100,512x4x0,1x16x0,6144x9x1x1
ffn_up-10,kernel_gemm_noshuffle_q4_0_f32,0.341900,2x1536x1,1x128x1,6144x9x1x1
ffn_swiglu-10,kernel_swiglu,0.009000,4608x1x1,512x1x1,6144x9x1x1
ffn_out-10,kernel_transpose_32_16,0.011500,1536x4x0,1x16x0,2048x9x1x1
ffn_out-10,kernel_gemm_noshuffle_q4_0_f32,1.006400,2x512x1,1x128x1,2048x9x1x1
l_out-10,kernel_add,0.013800,576x1x1,64x1x1,2048x9x1x1
attn_norm-11,kernel_rms_norm_mul,0.005400,9216x1x1,1024x1x1,2048x9x1x1
Qcur-11,kernel_transpose_32_16,0.004800,512x4x0,1x16x0,2048x9x1x1
Qcur-11,kernel_gemm_noshuffle_q4_0_f32,0.339900,2x512x1,1x128x1,2048x9x1x1
Qcur_normed-11,kernel_rms_norm_mul,0.006700,2048x9x1,128x1x1,128x16x9x1
Qcur-11,kernel_rope_neox_f32,0.004300,1024x9x1,64x1x1,128x16x9x1
Vcur-11,kernel_transpose_32_16,0.005000,512x4x0,1x16x0,1024x9x1x1
Vcur-11,kernel_gemm_noshuffle_q4_0_f32,0.328500,2x256x1,1x128x1,1024x9x1x1
Kcur-11,kernel_transpose_32_16,0.005400,512x4x0,1x16x0,1024x9x1x1
Kcur-11,kernel_gemm_noshuffle_q4_0_f32,0.327200,2x256x1,1x128x1,1024x9x1x1
Kcur_normed-11,kernel_rms_norm_mul,0.004700,1024x9x1,128x1x1,128x8x9x1
Kcur-11,kernel_rope_neox_f32,0.003100,512x9x1,64x1x1,128x8x9x1
cache_k_l11 (view),kernel_set_rows_f16_i64,0.003000,9216x1x1,1024x1x1,1024x40192x1x1
cache_v_l11 (view),kernel_set_rows_f16_i64,0.002900,9216x1x1,1024x1x1,1024x40192x1x1
node_410,flash_attn_blk_f16,0.023900,8x1x1,0x0x0,128x16x9x1
node_410,flash_attn_f32_f16,0.063000,128x16x0,128x1x0,128x16x9x1
node_412,kernel_transpose_32_16,0.005400,512x4x0,1x16x0,2048x9x1x1
node_412,kernel_gemm_noshuffle_q4_0_f32,0.326700,2x512x1,1x128x1,2048x9x1x1
ffn_inp-11,kernel_add,0.013100,576x1x1,64x1x1,2048x9x1x1
ffn_norm-11,kernel_rms_norm_mul,0.005400,9216x1x1,1024x1x1,2048x9x1x1
ffn_gate-11,kernel_transpose_32_16,0.005100,512x4x0,1x16x0,6144x9x1x1
ffn_gate-11,kernel_gemm_noshuffle_q4_0_f32,0.345800,2x1536x1,1x128x1,6144x9x1x1
ffn_up-11,kernel_transpose_32_16,0.005100,512x4x0,1x16x0,6144x9x1x1
ffn_up-11,kernel_gemm_noshuffle_q4_0_f32,0.348200,2x1536x1,1x128x1,6144x9x1x1
ffn_swiglu-11,kernel_swiglu,0.007700,4608x1x1,512x1x1,6144x9x1x1
ffn_out-11,kernel_transpose_32_16,0.010600,1536x4x0,1x16x0,2048x9x1x1
ffn_out-11,kernel_gemm_noshuffle_q4_0_f32,0.974900,2x512x1,1x128x1,2048x9x1x1
l_out-11,kernel_add,0.013500,576x1x1,64x1x1,2048x9x1x1
attn_norm-12,kernel_rms_norm_mul,0.005300,9216x1x1,1024x1x1,2048x9x1x1
Qcur-12,kernel_transpose_32_16,0.004700,512x4x0,1x16x0,2048x9x1x1
Qcur-12,kernel_gemm_noshuffle_q4_0_f32,0.326900,2x512x1,1x128x1,2048x9x1x1
Qcur_normed-12,kernel_rms_norm_mul,0.006600,2048x9x1,128x1x1,128x16x9x1
Qcur-12,kernel_rope_neox_f32,0.004000,1024x9x1,64x1x1,128x16x9x1
Vcur-12,kernel_transpose_32_16,0.005100,512x4x0,1x16x0,1024x9x1x1
Vcur-12,kernel_gemm_noshuffle_q4_0_f32,0.327500,2x256x1,1x128x1,1024x9x1x1
Kcur-12,kernel_transpose_32_16,0.005100,512x4x0,1x16x0,1024x9x1x1
Kcur-12,kernel_gemm_noshuffle_q4_0_f32,0.327400,2x256x1,1x128x1,1024x9x1x1
Kcur_normed-12,kernel_rms_norm_mul,0.004600,1024x9x1,128x1x1,128x8x9x1
Kcur-12,kernel_rope_neox_f32,0.002900,512x9x1,64x1x1,128x8x9x1
cache_k_l12 (view),kernel_set_rows_f16_i64,0.002900,9216x1x1,1024x1x1,1024x40192x1x1
cache_v_l12 (view),kernel_set_rows_f16_i64,0.003300,9216x1x1,1024x1x1,1024x40192x1x1
node_445,flash_attn_blk_f16,0.024000,8x1x1,0x0x0,128x16x9x1
node_445,flash_attn_f32_f16,0.062500,128x16x0,128x1x0,128x16x9x1
node_447,kernel_transpose_32_16,0.005100,512x4x0,1x16x0,2048x9x1x1
node_447,kernel_gemm_noshuffle_q4_0_f32,0.339800,2x512x1,1x128x1,2048x9x1x1
ffn_inp-12,kernel_add,0.013000,576x1x1,64x1x1,2048x9x1x1
ffn_norm-12,kernel_rms_norm_mul,0.005700,9216x1x1,1024x1x1,2048x9x1x1
ffn_gate-12,kernel_transpose_32_16,0.004700,512x4x0,1x16x0,6144x9x1x1
ffn_gate-12,kernel_gemm_noshuffle_q4_0_f32,0.340500,2x1536x1,1x128x1,6144x9x1x1
ffn_up-12,kernel_transpose_32_16,0.005200,512x4x0,1x16x0,6144x9x1x1
ffn_up-12,kernel_gemm_noshuffle_q4_0_f32,0.343300,2x1536x1,1x128x1,6144x9x1x1
ffn_swiglu-12,kernel_swiglu,0.008100,4608x1x1,512x1x1,6144x9x1x1
ffn_out-12,kernel_transpose_32_16,0.011300,1536x4x0,1x16x0,2048x9x1x1
ffn_out-12,kernel_gemm_noshuffle_q4_0_f32,1.017800,2x512x1,1x128x1,2048x9x1x1
l_out-12,kernel_add,0.014000,576x1x1,64x1x1,2048x9x1x1
attn_norm-13,kernel_rms_norm_mul,0.005400,9216x1x1,1024x1x1,2048x9x1x1
Qcur-13,kernel_transpose_32_16,0.005300,512x4x0,1x16x0,2048x9x1x1
Qcur-13,kernel_gemm_noshuffle_q4_0_f32,0.336000,2x512x1,1x128x1,2048x9x1x1
Qcur_normed-13,kernel_rms_norm_mul,0.006800,2048x9x1,128x1x1,128x16x9x1
Qcur-13,kernel_rope_neox_f32,0.004700,1024x9x1,64x1x1,128x16x9x1
Vcur-13,kernel_transpose_32_16,0.005000,512x4x0,1x16x0,1024x9x1x1
Vcur-13,kernel_gemm_noshuffle_q4_0_f32,0.329200,2x256x1,1x128x1,1024x9x1x1
Kcur-13,kernel_transpose_32_16,0.005000,512x4x0,1x16x0,1024x9x1x1
Kcur-13,kernel_gemm_noshuffle_q4_0_f32,0.327500,2x256x1,1x128x1,1024x9x1x1
Kcur_normed-13,kernel_rms_norm_mul,0.004900,1024x9x1,128x1x1,128x8x9x1
Kcur-13,kernel_rope_neox_f32,0.003100,512x9x1,64x1x1,128x8x9x1
cache_k_l13 (view),kernel_set_rows_f16_i64,0.002900,9216x1x1,1024x1x1,1024x40192x1x1
cache_v_l13 (view),kernel_set_rows_f16_i64,0.003100,9216x1x1,1024x1x1,1024x40192x1x1
node_480,flash_attn_blk_f16,0.024200,8x1x1,0x0x0,128x16x9x1
node_480,flash_attn_f32_f16,0.062700,128x16x0,128x1x0,128x16x9x1
node_482,kernel_transpose_32_16,0.005300,512x4x0,1x16x0,2048x9x1x1
node_482,kernel_gemm_noshuffle_q4_0_f32,0.327400,2x512x1,1x128x1,2048x9x1x1
ffn_inp-13,kernel_add,0.013400,576x1x1,64x1x1,2048x9x1x1
ffn_norm-13,kernel_rms_norm_mul,0.005400,9216x1x1,1024x1x1,2048x9x1x1
ffn_gate-13,kernel_transpose_32_16,0.004800,512x4x0,1x16x0,6144x9x1x1
ffn_gate-13,kernel_gemm_noshuffle_q4_0_f32,0.345100,2x1536x1,1x128x1,6144x9x1x1
ffn_up-13,kernel_transpose_32_16,0.005200,512x4x0,1x16x0,6144x9x1x1
ffn_up-13,kernel_gemm_noshuffle_q4_0_f32,0.344700,2x1536x1,1x128x1,6144x9x1x1
ffn_swiglu-13,kernel_swiglu,0.008400,4608x1x1,512x1x1,6144x9x1x1
ffn_out-13,kernel_transpose_32_16,0.011200,1536x4x0,1x16x0,2048x9x1x1
ffn_out-13,kernel_gemm_noshuffle_q4_0_f32,0.972000,2x512x1,1x128x1,2048x9x1x1
l_out-13,kernel_add,0.013600,576x1x1,64x1x1,2048x9x1x1
attn_norm-14,kernel_rms_norm_mul,0.005500,9216x1x1,1024x1x1,2048x9x1x1
Qcur-14,kernel_transpose_32_16,0.004800,512x4x0,1x16x0,2048x9x1x1
Qcur-14,kernel_gemm_noshuffle_q4_0_f32,0.329100,2x512x1,1x128x1,2048x9x1x1
Qcur_normed-14,kernel_rms_norm_mul,0.006500,2048x9x1,128x1x1,128x16x9x1
Qcur-14,kernel_rope_neox_f32,0.004400,1024x9x1,64x1x1,128x16x9x1
Vcur-14,kernel_transpose_32_16,0.005000,512x4x0,1x16x0,1024x9x1x1
Vcur-14,kernel_gemm_noshuffle_q4_0_f32,0.326500,2x256x1,1x128x1,1024x9x1x1
Kcur-14,kernel_transpose_32_16,0.004900,512x4x0,1x16x0,1024x9x1x1
Kcur-14,kernel_gemm_noshuffle_q4_0_f32,0.330300,2x256x1,1x128x1,1024x9x1x1
Kcur_normed-14,kernel_rms_norm_mul,0.004600,1024x9x1,128x1x1,128x8x9x1
Kcur-14,kernel_rope_neox_f32,0.003100,512x9x1,64x1x1,128x8x9x1
cache_k_l14 (view),kernel_set_rows_f16_i64,0.002900,9216x1x1,1024x1x1,1024x40192x1x1
cache_v_l14 (view),kernel_set_rows_f16_i64,0.003000,9216x1x1,1024x1x1,1024x40192x1x1
node_515,flash_attn_blk_f16,0.024000,8x1x1,0x0x0,128x16x9x1
node_515,flash_attn_f32_f16,0.061600,128x16x0,128x1x0,128x16x9x1
node_517,kernel_transpose_32_16,0.005100,512x4x0,1x16x0,2048x9x1x1
node_517,kernel_gemm_noshuffle_q4_0_f32,0.335100,2x512x1,1x128x1,2048x9x1x1
ffn_inp-14,kernel_add,0.013200,576x1x1,64x1x1,2048x9x1x1
ffn_norm-14,kernel_rms_norm_mul,0.005600,9216x1x1,1024x1x1,2048x9x1x1
ffn_gate-14,kernel_transpose_32_16,0.004600,512x4x0,1x16x0,6144x9x1x1
ffn_gate-14,kernel_gemm_noshuffle_q4_0_f32,0.342900,2x1536x1,1x128x1,6144x9x1x1
ffn_up-14,kernel_transpose_32_16,0.005400,512x4x0,1x16x0,6144x9x1x1
ffn_up-14,kernel_gemm_noshuffle_q4_0_f32,0.344000,2x1536x1,1x128x1,6144x9x1x1
ffn_swiglu-14,kernel_swiglu,0.008500,4608x1x1,512x1x1,6144x9x1x1
ffn_out-14,kernel_transpose_32_16,0.011100,1536x4x0,1x16x0,2048x9x1x1
ffn_out-14,kernel_gemm_noshuffle_q4_0_f32,1.008300,2x512x1,1x128x1,2048x9x1x1
l_out-14,kernel_add,0.013600,576x1x1,64x1x1,2048x9x1x1
attn_norm-15,kernel_rms_norm_mul,0.005400,9216x1x1,1024x1x1,2048x9x1x1
Qcur-15,kernel_transpose_32_16,0.004600,512x4x0,1x16x0,2048x9x1x1
Qcur-15,kernel_gemm_noshuffle_q4_0_f32,0.338100,2x512x1,1x128x1,2048x9x1x1
Qcur_normed-15,kernel_rms_norm_mul,0.007200,2048x9x1,128x1x1,128x16x9x1
Qcur-15,kernel_rope_neox_f32,0.004300,1024x9x1,64x1x1,128x16x9x1
Vcur-15,kernel_transpose_32_16,0.005100,512x4x0,1x16x0,1024x9x1x1
Vcur-15,kernel_gemm_noshuffle_q4_0_f32,0.325900,2x256x1,1x128x1,1024x9x1x1
Kcur-15,kernel_transpose_32_16,0.005300,512x4x0,1x16x0,1024x9x1x1
Kcur-15,kernel_gemm_noshuffle_q4_0_f32,0.326300,2x256x1,1x128x1,1024x9x1x1
Kcur_normed-15,kernel_rms_norm_mul,0.004700,1024x9x1,128x1x1,128x8x9x1
Kcur-15,kernel_rope_neox_f32,0.003000,512x9x1,64x1x1,128x8x9x1
cache_k_l15 (view),kernel_set_rows_f16_i64,0.003700,9216x1x1,1024x1x1,1024x40192x1x1
cache_v_l15 (view),kernel_set_rows_f16_i64,0.002800,9216x1x1,1024x1x1,1024x40192x1x1
node_550,flash_attn_blk_f16,0.024500,8x1x1,0x0x0,128x16x9x1
node_550,flash_attn_f32_f16,0.064100,128x16x0,128x1x0,128x16x9x1
node_552,kernel_transpose_32_16,0.005300,512x4x0,1x16x0,2048x9x1x1
node_552,kernel_gemm_noshuffle_q4_0_f32,0.329900,2x512x1,1x128x1,2048x9x1x1
ffn_inp-15,kernel_add,0.014100,576x1x1,64x1x1,2048x9x1x1
ffn_norm-15,kernel_rms_norm_mul,0.005500,9216x1x1,1024x1x1,2048x9x1x1
ffn_gate-15,kernel_transpose_32_16,0.005300,512x4x0,1x16x0,6144x9x1x1
ffn_gate-15,kernel_gemm_noshuffle_q4_0_f32,0.342700,2x1536x1,1x128x1,6144x9x1x1
ffn_up-15,kernel_transpose_32_16,0.005100,512x4x0,1x16x0,6144x9x1x1
ffn_up-15,kernel_gemm_noshuffle_q4_0_f32,0.344100,2x1536x1,1x128x1,6144x9x1x1
ffn_swiglu-15,kernel_swiglu,0.008500,4608x1x1,512x1x1,6144x9x1x1
ffn_out-15,kernel_transpose_32_16,0.011100,1536x4x0,1x16x0,2048x9x1x1
ffn_out-15,kernel_gemm_noshuffle_q4_0_f32,0.974300,2x512x1,1x128x1,2048x9x1x1
l_out-15,kernel_add,0.013600,576x1x1,64x1x1,2048x9x1x1
attn_norm-16,kernel_rms_norm_mul,0.005800,9216x1x1,1024x1x1,2048x9x1x1
Qcur-16,kernel_transpose_32_16,0.004900,512x4x0,1x16x0,2048x9x1x1
Qcur-16,kernel_gemm_noshuffle_q4_0_f32,0.327100,2x512x1,1x128x1,2048x9x1x1
Qcur_normed-16,kernel_rms_norm_mul,0.006800,2048x9x1,128x1x1,128x16x9x1
Qcur-16,kernel_rope_neox_f32,0.004500,1024x9x1,64x1x1,128x16x9x1
Vcur-16,kernel_transpose_32_16,0.004900,512x4x0,1x16x0,1024x9x1x1
Vcur-16,kernel_gemm_noshuffle_q4_0_f32,0.326100,2x256x1,1x128x1,1024x9x1x1
Kcur-16,kernel_transpose_32_16,0.005100,512x4x0,1x16x0,1024x9x1x1
Kcur-16,kernel_gemm_noshuffle_q4_0_f32,0.327400,2x256x1,1x128x1,1024x9x1x1
Kcur_normed-16,kernel_rms_norm_mul,0.004700,1024x9x1,128x1x1,128x8x9x1
Kcur-16,kernel_rope_neox_f32,0.003100,512x9x1,64x1x1,128x8x9x1
cache_k_l16 (view),kernel_set_rows_f16_i64,0.002900,9216x1x1,1024x1x1,1024x40192x1x1
cache_v_l16 (view),kernel_set_rows_f16_i64,0.002900,9216x1x1,1024x1x1,1024x40192x1x1
node_585,flash_attn_blk_f16,0.024000,8x1x1,0x0x0,128x16x9x1
node_585,flash_attn_f32_f16,0.062400,128x16x0,128x1x0,128x16x9x1
node_587,kernel_transpose_32_16,0.005100,512x4x0,1x16x0,2048x9x1x1
node_587,kernel_gemm_noshuffle_q4_0_f32,0.340600,2x512x1,1x128x1,2048x9x1x1
ffn_inp-16,kernel_add,0.013000,576x1x1,64x1x1,2048x9x1x1
ffn_norm-16,kernel_rms_norm_mul,0.005500,9216x1x1,1024x1x1,2048x9x1x1
ffn_gate-16,kernel_transpose_32_16,0.004800,512x4x0,1x16x0,6144x9x1x1
ffn_gate-16,kernel_gemm_noshuffle_q4_0_f32,0.340300,2x1536x1,1x128x1,6144x9x1x1
ffn_up-16,kernel_transpose_32_16,0.005100,512x4x0,1x16x0,6144x9x1x1
ffn_up-16,kernel_gemm_noshuffle_q4_0_f32,0.342700,2x1536x1,1x128x1,6144x9x1x1
ffn_swiglu-16,kernel_swiglu,0.008400,4608x1x1,512x1x1,6144x9x1x1
ffn_out-16,kernel_transpose_32_16,0.010300,1536x4x0,1x16x0,2048x9x1x1
ffn_out-16,kernel_gemm_noshuffle_q4_0_f32,1.007500,2x512x1,1x128x1,2048x9x1x1
l_out-16,kernel_add,0.013500,576x1x1,64x1x1,2048x9x1x1
attn_norm-17,kernel_rms_norm_mul,0.005400,9216x1x1,1024x1x1,2048x9x1x1
Qcur-17,kernel_transpose_32_16,0.004700,512x4x0,1x16x0,2048x9x1x1
Qcur-17,kernel_gemm_noshuffle_q4_0_f32,0.338600,2x512x1,1x128x1,2048x9x1x1
Qcur_normed-17,kernel_rms_norm_mul,0.007100,2048x9x1,128x1x1,128x16x9x1
Qcur-17,kernel_rope_neox_f32,0.004100,1024x9x1,64x1x1,128x16x9x1
Vcur-17,kernel_transpose_32_16,0.005400,512x4x0,1x16x0,1024x9x1x1
Vcur-17,kernel_gemm_noshuffle_q4_0_f32,0.328900,2x256x1,1x128x1,1024x9x1x1
Kcur-17,kernel_transpose_32_16,0.005100,512x4x0,1x16x0,1024x9x1x1
Kcur-17,kernel_gemm_noshuffle_q4_0_f32,0.325900,2x256x1,1x128x1,1024x9x1x1
Kcur_normed-17,kernel_rms_norm_mul,0.004600,1024x9x1,128x1x1,128x8x9x1
Kcur-17,kernel_rope_neox_f32,0.003100,512x9x1,64x1x1,128x8x9x1
cache_k_l17 (view),kernel_set_rows_f16_i64,0.002900,9216x1x1,1024x1x1,1024x40192x1x1
cache_v_l17 (view),kernel_set_rows_f16_i64,0.003000,9216x1x1,1024x1x1,1024x40192x1x1
node_620,flash_attn_blk_f16,0.024500,8x1x1,0x0x0,128x16x9x1
node_620,flash_attn_f32_f16,0.062300,128x16x0,128x1x0,128x16x9x1
node_622,kernel_transpose_32_16,0.005000,512x4x0,1x16x0,2048x9x1x1
node_622,kernel_gemm_noshuffle_q4_0_f32,0.327000,2x512x1,1x128x1,2048x9x1x1
ffn_inp-17,kernel_add,0.013100,576x1x1,64x1x1,2048x9x1x1
ffn_norm-17,kernel_rms_norm_mul,0.005400,9216x1x1,1024x1x1,2048x9x1x1
ffn_gate-17,kernel_transpose_32_16,0.004700,512x4x0,1x16x0,6144x9x1x1
ffn_gate-17,kernel_gemm_noshuffle_q4_0_f32,0.346400,2x1536x1,1x128x1,6144x9x1x1
ffn_up-17,kernel_transpose_32_16,0.005500,512x4x0,1x16x0,6144x9x1x1
ffn_up-17,kernel_gemm_noshuffle_q4_0_f32,0.341700,2x1536x1,1x128x1,6144x9x1x1
ffn_swiglu-17,kernel_swiglu,0.008400,4608x1x1,512x1x1,6144x9x1x1
ffn_out-17,kernel_transpose_32_16,0.011300,1536x4x0,1x16x0,2048x9x1x1
ffn_out-17,kernel_gemm_noshuffle_q4_0_f32,0.983000,2x512x1,1x128x1,2048x9x1x1
l_out-17,kernel_add,0.013700,576x1x1,64x1x1,2048x9x1x1
attn_norm-18,kernel_rms_norm_mul,0.005500,9216x1x1,1024x1x1,2048x9x1x1
Qcur-18,kernel_transpose_32_16,0.004700,512x4x0,1x16x0,2048x9x1x1
Qcur-18,kernel_gemm_noshuffle_q4_0_f32,0.328500,2x512x1,1x128x1,2048x9x1x1
Qcur_normed-18,kernel_rms_norm_mul,0.006800,2048x9x1,128x1x1,128x16x9x1
Qcur-18,kernel_rope_neox_f32,0.004400,1024x9x1,64x1x1,128x16x9x1
Vcur-18,kernel_transpose_32_16,0.005100,512x4x0,1x16x0,1024x9x1x1
Vcur-18,kernel_gemm_noshuffle_q4_0_f32,0.325600,2x256x1,1x128x1,1024x9x1x1
Kcur-18,kernel_transpose_32_16,0.005000,512x4x0,1x16x0,1024x9x1x1
Kcur-18,kernel_gemm_noshuffle_q4_0_f32,0.330200,2x256x1,1x128x1,1024x9x1x1
Kcur_normed-18,kernel_rms_norm_mul,0.004400,1024x9x1,128x1x1,128x8x9x1
Kcur-18,kernel_rope_neox_f32,0.003400,512x9x1,64x1x1,128x8x9x1
cache_k_l18 (view),kernel_set_rows_f16_i64,0.002900,9216x1x1,1024x1x1,1024x40192x1x1
cache_v_l18 (view),kernel_set_rows_f16_i64,0.002800,9216x1x1,1024x1x1,1024x40192x1x1
node_655,flash_attn_blk_f16,0.024000,8x1x1,0x0x0,128x16x9x1
node_655,flash_attn_f32_f16,0.062300,128x16x0,128x1x0,128x16x9x1
node_657,kernel_transpose_32_16,0.005000,512x4x0,1x16x0,2048x9x1x1
node_657,kernel_gemm_noshuffle_q4_0_f32,0.338500,2x512x1,1x128x1,2048x9x1x1
ffn_inp-18,kernel_add,0.013200,576x1x1,64x1x1,2048x9x1x1
ffn_norm-18,kernel_rms_norm_mul,0.005900,9216x1x1,1024x1x1,2048x9x1x1
ffn_gate-18,kernel_transpose_32_16,0.005100,512x4x0,1x16x0,6144x9x1x1
ffn_gate-18,kernel_gemm_noshuffle_q4_0_f32,0.342200,2x1536x1,1x128x1,6144x9x1x1
ffn_up-18,kernel_transpose_32_16,0.005200,512x4x0,1x16x0,6144x9x1x1
ffn_up-18,kernel_gemm_noshuffle_q4_0_f32,0.345700,2x1536x1,1x128x1,6144x9x1x1
ffn_swiglu-18,kernel_swiglu,0.008000,4608x1x1,512x1x1,6144x9x1x1
ffn_out-18,kernel_transpose_32_16,0.010900,1536x4x0,1x16x0,2048x9x1x1
ffn_out-18,kernel_gemm_noshuffle_q4_0_f32,1.012000,2x512x1,1x128x1,2048x9x1x1
l_out-18,kernel_add,0.013600,576x1x1,64x1x1,2048x9x1x1
attn_norm-19,kernel_rms_norm_mul,0.005400,9216x1x1,1024x1x1,2048x9x1x1
Qcur-19,kernel_transpose_32_16,0.004800,512x4x0,1x16x0,2048x9x1x1
Qcur-19,kernel_gemm_noshuffle_q4_0_f32,0.340800,2x512x1,1x128x1,2048x9x1x1
Qcur_normed-19,kernel_rms_norm_mul,0.006700,2048x9x1,128x1x1,128x16x9x1
Qcur-19,kernel_rope_neox_f32,0.004300,1024x9x1,64x1x1,128x16x9x1
Vcur-19,kernel_transpose_32_16,0.005100,512x4x0,1x16x0,1024x9x1x1
Vcur-19,kernel_gemm_noshuffle_q4_0_f32,0.324500,2x256x1,1x128x1,1024x9x1x1
Kcur-19,kernel_transpose_32_16,0.005300,512x4x0,1x16x0,1024x9x1x1
Kcur-19,kernel_gemm_noshuffle_q4_0_f32,0.325000,2x256x1,1x128x1,1024x9x1x1
Kcur_normed-19,kernel_rms_norm_mul,0.004600,1024x9x1,128x1x1,128x8x9x1
Kcur-19,kernel_rope_neox_f32,0.003100,512x9x1,64x1x1,128x8x9x1
cache_k_l19 (view),kernel_set_rows_f16_i64,0.002900,9216x1x1,1024x1x1,1024x40192x1x1
cache_v_l19 (view),kernel_set_rows_f16_i64,0.003100,9216x1x1,1024x1x1,1024x40192x1x1
node_690,flash_attn_blk_f16,0.023900,8x1x1,0x0x0,128x16x9x1
node_690,flash_attn_f32_f16,0.063000,128x16x0,128x1x0,128x16x9x1
node_692,kernel_transpose_32_16,0.005200,512x4x0,1x16x0,2048x9x1x1
node_692,kernel_gemm_noshuffle_q4_0_f32,0.328700,2x512x1,1x128x1,2048x9x1x1
ffn_inp-19,kernel_add,0.013200,576x1x1,64x1x1,2048x9x1x1
ffn_norm-19,kernel_rms_norm_mul,0.005400,9216x1x1,1024x1x1,2048x9x1x1
ffn_gate-19,kernel_transpose_32_16,0.004700,512x4x0,1x16x0,6144x9x1x1
ffn_gate-19,kernel_gemm_noshuffle_q4_0_f32,0.345600,2x1536x1,1x128x1,6144x9x1x1
ffn_up-19,kernel_transpose_32_16,0.008400,512x4x0,1x16x0,6144x9x1x1
ffn_up-19,kernel_gemm_noshuffle_q4_0_f32,0.332500,2x1536x1,1x128x1,6144x9x1x1
ffn_swiglu-19,kernel_swiglu,0.009000,4608x1x1,512x1x1,6144x9x1x1
ffn_out-19,kernel_transpose_32_16,0.011100,1536x4x0,1x16x0,2048x9x1x1
ffn_out-19,kernel_gemm_noshuffle_q4_0_f32,0.942600,2x512x1,1x128x1,2048x9x1x1
l_out-19,kernel_add,0.014800,576x1x1,64x1x1,2048x9x1x1
attn_norm-20,kernel_rms_norm_mul,0.005600,9216x1x1,1024x1x1,2048x9x1x1
Qcur-20,kernel_transpose_32_16,0.004600,512x4x0,1x16x0,2048x9x1x1
Qcur-20,kernel_gemm_noshuffle_q4_0_f32,0.317700,2x512x1,1x128x1,2048x9x1x1
Qcur_normed-20,kernel_rms_norm_mul,0.006600,2048x9x1,128x1x1,128x16x9x1
Qcur-20,kernel_rope_neox_f32,0.005000,1024x9x1,64x1x1,128x16x9x1
Vcur-20,kernel_transpose_32_16,0.005000,512x4x0,1x16x0,1024x9x1x1
Vcur-20,kernel_gemm_noshuffle_q4_0_f32,0.316200,2x256x1,1x128x1,1024x9x1x1
Kcur-20,kernel_transpose_32_16,0.005000,512x4x0,1x16x0,1024x9x1x1
Kcur-20,kernel_gemm_noshuffle_q4_0_f32,0.315700,2x256x1,1x128x1,1024x9x1x1
Kcur_normed-20,kernel_rms_norm_mul,0.005000,1024x9x1,128x1x1,128x8x9x1
Kcur-20,kernel_rope_neox_f32,0.003400,512x9x1,64x1x1,128x8x9x1
cache_k_l20 (view),kernel_set_rows_f16_i64,0.003000,9216x1x1,1024x1x1,1024x40192x1x1
cache_v_l20 (view),kernel_set_rows_f16_i64,0.003000,9216x1x1,1024x1x1,1024x40192x1x1
node_725,flash_attn_blk_f16,0.024200,8x1x1,0x0x0,128x16x9x1
node_725,flash_attn_f32_f16,0.063100,128x16x0,128x1x0,128x16x9x1
node_727,kernel_transpose_32_16,0.005000,512x4x0,1x16x0,2048x9x1x1
node_727,kernel_gemm_noshuffle_q4_0_f32,0.327800,2x512x1,1x128x1,2048x9x1x1
ffn_inp-20,kernel_add,0.013300,576x1x1,64x1x1,2048x9x1x1
ffn_norm-20,kernel_rms_norm_mul,0.005900,9216x1x1,1024x1x1,2048x9x1x1
ffn_gate-20,kernel_transpose_32_16,0.004900,512x4x0,1x16x0,6144x9x1x1
ffn_gate-20,kernel_gemm_noshuffle_q4_0_f32,0.327300,2x1536x1,1x128x1,6144x9x1x1
ffn_up-20,kernel_transpose_32_16,0.005700,512x4x0,1x16x0,6144x9x1x1
ffn_up-20,kernel_gemm_noshuffle_q4_0_f32,0.327000,2x1536x1,1x128x1,6144x9x1x1
ffn_swiglu-20,kernel_swiglu,0.009000,4608x1x1,512x1x1,6144x9x1x1
ffn_out-20,kernel_transpose_32_16,0.010900,1536x4x0,1x16x0,2048x9x1x1
ffn_out-20,kernel_gemm_noshuffle_q4_0_f32,0.978300,2x512x1,1x128x1,2048x9x1x1
l_out-20,kernel_add,0.014100,576x1x1,64x1x1,2048x9x1x1
attn_norm-21,kernel_rms_norm_mul,0.005500,9216x1x1,1024x1x1,2048x9x1x1
Qcur-21,kernel_transpose_32_16,0.004900,512x4x0,1x16x0,2048x9x1x1
Qcur-21,kernel_gemm_noshuffle_q4_0_f32,0.327000,2x512x1,1x128x1,2048x9x1x1
Qcur_normed-21,kernel_rms_norm_mul,0.006400,2048x9x1,128x1x1,128x16x9x1
Qcur-21,kernel_rope_neox_f32,0.004300,1024x9x1,64x1x1,128x16x9x1
Vcur-21,kernel_transpose_32_16,0.005000,512x4x0,1x16x0,1024x9x1x1
Vcur-21,kernel_gemm_noshuffle_q4_0_f32,0.319100,2x256x1,1x128x1,1024x9x1x1
Kcur-21,kernel_transpose_32_16,0.005400,512x4x0,1x16x0,1024x9x1x1
Kcur-21,kernel_gemm_noshuffle_q4_0_f32,0.314200,2x256x1,1x128x1,1024x9x1x1
Kcur_normed-21,kernel_rms_norm_mul,0.004900,1024x9x1,128x1x1,128x8x9x1
Kcur-21,kernel_rope_neox_f32,0.003200,512x9x1,64x1x1,128x8x9x1
cache_k_l21 (view),kernel_set_rows_f16_i64,0.003100,9216x1x1,1024x1x1,1024x40192x1x1
cache_v_l21 (view),kernel_set_rows_f16_i64,0.003100,9216x1x1,1024x1x1,1024x40192x1x1
node_760,flash_attn_blk_f16,0.024300,8x1x1,0x0x0,128x16x9x1
node_760,flash_attn_f32_f16,0.063300,128x16x0,128x1x0,128x16x9x1
node_762,kernel_transpose_32_16,0.005200,512x4x0,1x16x0,2048x9x1x1
node_762,kernel_gemm_noshuffle_q4_0_f32,0.316200,2x512x1,1x128x1,2048x9x1x1
ffn_inp-21,kernel_add,0.013600,576x1x1,64x1x1,2048x9x1x1
ffn_norm-21,kernel_rms_norm_mul,0.005400,9216x1x1,1024x1x1,2048x9x1x1
ffn_gate-21,kernel_transpose_32_16,0.004600,512x4x0,1x16x0,6144x9x1x1
ffn_gate-21,kernel_gemm_noshuffle_q4_0_f32,0.333000,2x1536x1,1x128x1,6144x9x1x1
ffn_up-21,kernel_transpose_32_16,0.005200,512x4x0,1x16x0,6144x9x1x1
ffn_up-21,kernel_gemm_noshuffle_q4_0_f32,0.330600,2x1536x1,1x128x1,6144x9x1x1
ffn_swiglu-21,kernel_swiglu,0.007800,4608x1x1,512x1x1,6144x9x1x1
ffn_out-21,kernel_transpose_32_16,0.010700,1536x4x0,1x16x0,2048x9x1x1
ffn_out-21,kernel_gemm_noshuffle_q4_0_f32,0.940600,2x512x1,1x128x1,2048x9x1x1
l_out-21,kernel_add,0.013600,576x1x1,64x1x1,2048x9x1x1
attn_norm-22,kernel_rms_norm_mul,0.005400,9216x1x1,1024x1x1,2048x9x1x1
Qcur-22,kernel_transpose_32_16,0.004600,512x4x0,1x16x0,2048x9x1x1
Qcur-22,kernel_gemm_noshuffle_q4_0_f32,0.315700,2x512x1,1x128x1,2048x9x1x1
Qcur_normed-22,kernel_rms_norm_mul,0.006400,2048x9x1,128x1x1,128x16x9x1
Qcur-22,kernel_rope_neox_f32,0.004300,1024x9x1,64x1x1,128x16x9x1
Vcur-22,kernel_transpose_32_16,0.005000,512x4x0,1x16x0,1024x9x1x1
Vcur-22,kernel_gemm_noshuffle_q4_0_f32,0.314700,2x256x1,1x128x1,1024x9x1x1
Kcur-22,kernel_transpose_32_16,0.004900,512x4x0,1x16x0,1024x9x1x1
Kcur-22,kernel_gemm_noshuffle_q4_0_f32,0.319100,2x256x1,1x128x1,1024x9x1x1
Kcur_normed-22,kernel_rms_norm_mul,0.005200,1024x9x1,128x1x1,128x8x9x1
Kcur-22,kernel_rope_neox_f32,0.002900,512x9x1,64x1x1,128x8x9x1
cache_k_l22 (view),kernel_set_rows_f16_i64,0.003000,9216x1x1,1024x1x1,1024x40192x1x1
cache_v_l22 (view),kernel_set_rows_f16_i64,0.003300,9216x1x1,1024x1x1,1024x40192x1x1
node_795,flash_attn_blk_f16,0.024400,8x1x1,0x0x0,128x16x9x1
node_795,flash_attn_f32_f16,0.061900,128x16x0,128x1x0,128x16x9x1
node_797,kernel_transpose_32_16,0.005000,512x4x0,1x16x0,2048x9x1x1
node_797,kernel_gemm_noshuffle_q4_0_f32,0.327300,2x512x1,1x128x1,2048x9x1x1
ffn_inp-22,kernel_add,0.013100,576x1x1,64x1x1,2048x9x1x1
ffn_norm-22,kernel_rms_norm_mul,0.005300,9216x1x1,1024x1x1,2048x9x1x1
ffn_gate-22,kernel_transpose_32_16,0.004700,512x4x0,1x16x0,6144x9x1x1
ffn_gate-22,kernel_gemm_noshuffle_q4_0_f32,0.326300,2x1536x1,1x128x1,6144x9x1x1
ffn_up-22,kernel_transpose_32_16,0.005600,512x4x0,1x16x0,6144x9x1x1
ffn_up-22,kernel_gemm_noshuffle_q4_0_f32,0.327400,2x1536x1,1x128x1,6144x9x1x1
ffn_swiglu-22,kernel_swiglu,0.008900,4608x1x1,512x1x1,6144x9x1x1
ffn_out-22,kernel_transpose_32_16,0.011400,1536x4x0,1x16x0,2048x9x1x1
ffn_out-22,kernel_gemm_noshuffle_q4_0_f32,0.972000,2x512x1,1x128x1,2048x9x1x1
l_out-22,kernel_add,0.014500,576x1x1,64x1x1,2048x9x1x1
attn_norm-23,kernel_rms_norm_mul,0.005500,9216x1x1,1024x1x1,2048x9x1x1
Qcur-23,kernel_transpose_32_16,0.005400,512x4x0,1x16x0,2048x9x1x1
Qcur-23,kernel_gemm_noshuffle_q4_0_f32,0.328300,2x512x1,1x128x1,2048x9x1x1
Qcur_normed-23,kernel_rms_norm_mul,0.006600,2048x9x1,128x1x1,128x16x9x1
Qcur-23,kernel_rope_neox_f32,0.004500,1024x9x1,64x1x1,128x16x9x1
Vcur-23,kernel_transpose_32_16,0.005100,512x4x0,1x16x0,1024x9x1x1
Vcur-23,kernel_gemm_noshuffle_q4_0_f32,0.315300,2x256x1,1x128x1,1024x9x1x1
Kcur-23,kernel_transpose_32_16,0.005000,512x4x0,1x16x0,1024x9x1x1
Kcur-23,kernel_gemm_noshuffle_q4_0_f32,0.313800,2x256x1,1x128x1,1024x9x1x1
Kcur_normed-23,kernel_rms_norm_mul,0.004700,1024x9x1,128x1x1,128x8x9x1
Kcur-23,kernel_rope_neox_f32,0.003100,512x9x1,64x1x1,128x8x9x1
cache_k_l23 (view),kernel_set_rows_f16_i64,0.003000,9216x1x1,1024x1x1,1024x40192x1x1
cache_v_l23 (view),kernel_set_rows_f16_i64,0.003000,9216x1x1,1024x1x1,1024x40192x1x1
node_830,flash_attn_blk_f16,0.024300,8x1x1,0x0x0,128x16x9x1
node_830,flash_attn_f32_f16,0.063200,128x16x0,128x1x0,128x16x9x1
node_832,kernel_transpose_32_16,0.005000,512x4x0,1x16x0,2048x9x1x1
node_832,kernel_gemm_noshuffle_q4_0_f32,0.316900,2x512x1,1x128x1,2048x9x1x1
ffn_inp-23,kernel_add,0.013500,576x1x1,64x1x1,2048x9x1x1
ffn_norm-23,kernel_rms_norm_mul,0.005200,9216x1x1,1024x1x1,2048x9x1x1
ffn_gate-23,kernel_transpose_32_16,0.004700,512x4x0,1x16x0,6144x9x1x1
ffn_gate-23,kernel_gemm_noshuffle_q4_0_f32,0.334000,2x1536x1,1x128x1,6144x9x1x1
ffn_up-23,kernel_transpose_32_16,0.005700,512x4x0,1x16x0,6144x9x1x1
ffn_up-23,kernel_gemm_noshuffle_q4_0_f32,0.334200,2x1536x1,1x128x1,6144x9x1x1
ffn_swiglu-23,kernel_swiglu,0.009000,4608x1x1,512x1x1,6144x9x1x1
ffn_out-23,kernel_transpose_32_16,0.011000,1536x4x0,1x16x0,2048x9x1x1
ffn_out-23,kernel_gemm_noshuffle_q4_0_f32,0.943300,2x512x1,1x128x1,2048x9x1x1
l_out-23,kernel_add,0.014400,576x1x1,64x1x1,2048x9x1x1
attn_norm-24,kernel_rms_norm_mul,0.005600,9216x1x1,1024x1x1,2048x9x1x1
Qcur-24,kernel_transpose_32_16,0.004900,512x4x0,1x16x0,2048x9x1x1
Qcur-24,kernel_gemm_noshuffle_q4_0_f32,0.316900,2x512x1,1x128x1,2048x9x1x1
Qcur_normed-24,kernel_rms_norm_mul,0.006400,2048x9x1,128x1x1,128x16x9x1
Qcur-24,kernel_rope_neox_f32,0.004500,1024x9x1,64x1x1,128x16x9x1
Vcur-24,kernel_transpose_32_16,0.004900,512x4x0,1x16x0,1024x9x1x1
Vcur-24,kernel_gemm_noshuffle_q4_0_f32,0.315300,2x256x1,1x128x1,1024x9x1x1
Kcur-24,kernel_transpose_32_16,0.005100,512x4x0,1x16x0,1024x9x1x1
Kcur-24,kernel_gemm_noshuffle_q4_0_f32,0.316800,2x256x1,1x128x1,1024x9x1x1
Kcur_normed-24,kernel_rms_norm_mul,0.005000,1024x9x1,128x1x1,128x8x9x1
Kcur-24,kernel_rope_neox_f32,0.003000,512x9x1,64x1x1,128x8x9x1
cache_k_l24 (view),kernel_set_rows_f16_i64,0.003100,9216x1x1,1024x1x1,1024x40192x1x1
cache_v_l24 (view),kernel_set_rows_f16_i64,0.003100,9216x1x1,1024x1x1,1024x40192x1x1
node_865,flash_attn_blk_f16,0.024600,8x1x1,0x0x0,128x16x9x1
node_865,flash_attn_f32_f16,0.062100,128x16x0,128x1x0,128x16x9x1
node_867,kernel_transpose_32_16,0.005100,512x4x0,1x16x0,2048x9x1x1
node_867,kernel_gemm_noshuffle_q4_0_f32,0.328000,2x512x1,1x128x1,2048x9x1x1
ffn_inp-24,kernel_add,0.013300,576x1x1,64x1x1,2048x9x1x1
ffn_norm-24,kernel_rms_norm_mul,0.005400,9216x1x1,1024x1x1,2048x9x1x1
ffn_gate-24,kernel_transpose_32_16,0.004600,512x4x0,1x16x0,6144x9x1x1
ffn_gate-24,kernel_gemm_noshuffle_q4_0_f32,0.327000,2x1536x1,1x128x1,6144x9x1x1
ffn_up-24,kernel_transpose_32_16,0.005400,512x4x0,1x16x0,6144x9x1x1
ffn_up-24,kernel_gemm_noshuffle_q4_0_f32,0.327500,2x1536x1,1x128x1,6144x9x1x1
ffn_swiglu-24,kernel_swiglu,0.009300,4608x1x1,512x1x1,6144x9x1x1
ffn_out-24,kernel_transpose_32_16,0.011400,1536x4x0,1x16x0,2048x9x1x1
ffn_out-24,kernel_gemm_noshuffle_q4_0_f32,0.972800,2x512x1,1x128x1,2048x9x1x1
l_out-24,kernel_add,0.014400,576x1x1,64x1x1,2048x9x1x1
attn_norm-25,kernel_rms_norm_mul,0.005500,9216x1x1,1024x1x1,2048x9x1x1
Qcur-25,kernel_transpose_32_16,0.004700,512x4x0,1x16x0,2048x9x1x1
Qcur-25,kernel_gemm_noshuffle_q4_0_f32,0.326100,2x512x1,1x128x1,2048x9x1x1
Qcur_normed-25,kernel_rms_norm_mul,0.006900,2048x9x1,128x1x1,128x16x9x1
Qcur-25,kernel_rope_neox_f32,0.004500,1024x9x1,64x1x1,128x16x9x1
Vcur-25,kernel_transpose_32_16,0.005000,512x4x0,1x16x0,1024x9x1x1
Vcur-25,kernel_gemm_noshuffle_q4_0_f32,0.317600,2x256x1,1x128x1,1024x9x1x1
Kcur-25,kernel_transpose_32_16,0.004900,512x4x0,1x16x0,1024x9x1x1
Kcur-25,kernel_gemm_noshuffle_q4_0_f32,0.314200,2x256x1,1x128x1,1024x9x1x1
Kcur_normed-25,kernel_rms_norm_mul,0.004900,1024x9x1,128x1x1,128x8x9x1
Kcur-25,kernel_rope_neox_f32,0.002900,512x9x1,64x1x1,128x8x9x1
cache_k_l25 (view),kernel_set_rows_f16_i64,0.003900,9216x1x1,1024x1x1,1024x40192x1x1
cache_v_l25 (view),kernel_set_rows_f16_i64,0.002900,9216x1x1,1024x1x1,1024x40192x1x1
node_900,flash_attn_blk_f16,0.024300,8x1x1,0x0x0,128x16x9x1
node_900,flash_attn_f32_f16,0.063200,128x16x0,128x1x0,128x16x9x1
node_902,kernel_transpose_32_16,0.005100,512x4x0,1x16x0,2048x9x1x1
node_902,kernel_gemm_noshuffle_q4_0_f32,0.317400,2x512x1,1x128x1,2048x9x1x1
ffn_inp-25,kernel_add,0.013100,576x1x1,64x1x1,2048x9x1x1
ffn_norm-25,kernel_rms_norm_mul,0.005500,9216x1x1,1024x1x1,2048x9x1x1
ffn_gate-25,kernel_transpose_32_16,0.005300,512x4x0,1x16x0,6144x9x1x1
ffn_gate-25,kernel_gemm_noshuffle_q4_0_f32,0.330600,2x1536x1,1x128x1,6144x9x1x1
ffn_up-25,kernel_transpose_32_16,0.006000,512x4x0,1x16x0,6144x9x1x1
ffn_up-25,kernel_gemm_noshuffle_q4_0_f32,0.332500,2x1536x1,1x128x1,6144x9x1x1
ffn_swiglu-25,kernel_swiglu,0.008900,4608x1x1,512x1x1,6144x9x1x1
ffn_out-25,kernel_transpose_32_16,0.011400,1536x4x0,1x16x0,2048x9x1x1
ffn_out-25,kernel_gemm_noshuffle_q4_0_f32,0.941700,2x512x1,1x128x1,2048x9x1x1
l_out-25,kernel_add,0.014500,576x1x1,64x1x1,2048x9x1x1
attn_norm-26,kernel_rms_norm_mul,0.006100,9216x1x1,1024x1x1,2048x9x1x1
Qcur-26,kernel_transpose_32_16,0.005300,512x4x0,1x16x0,2048x9x1x1
Qcur-26,kernel_gemm_noshuffle_q4_0_f32,0.316600,2x512x1,1x128x1,2048x9x1x1
Qcur_normed-26,kernel_rms_norm_mul,0.006900,2048x9x1,128x1x1,128x16x9x1
Qcur-26,kernel_rope_neox_f32,0.004800,1024x9x1,64x1x1,128x16x9x1
Vcur-26,kernel_transpose_32_16,0.005000,512x4x0,1x16x0,1024x9x1x1
Vcur-26,kernel_gemm_noshuffle_q4_0_f32,0.312500,2x256x1,1x128x1,1024x9x1x1
Kcur-26,kernel_transpose_32_16,0.005000,512x4x0,1x16x0,1024x9x1x1
Kcur-26,kernel_gemm_noshuffle_q4_0_f32,0.317300,2x256x1,1x128x1,1024x9x1x1
Kcur_normed-26,kernel_rms_norm_mul,0.005100,1024x9x1,128x1x1,128x8x9x1
Kcur-26,kernel_rope_neox_f32,0.003200,512x9x1,64x1x1,128x8x9x1
cache_k_l26 (view),kernel_set_rows_f16_i64,0.003100,9216x1x1,1024x1x1,1024x40192x1x1
cache_v_l26 (view),kernel_set_rows_f16_i64,0.002900,9216x1x1,1024x1x1,1024x40192x1x1
node_935,flash_attn_blk_f16,0.024600,8x1x1,0x0x0,128x16x9x1
node_935,flash_attn_f32_f16,0.063900,128x16x0,128x1x0,128x16x9x1
node_937,kernel_transpose_32_16,0.005300,512x4x0,1x16x0,2048x9x1x1
node_937,kernel_gemm_noshuffle_q4_0_f32,0.325300,2x512x1,1x128x1,2048x9x1x1
ffn_inp-26,kernel_add,0.014000,576x1x1,64x1x1,2048x9x1x1
ffn_norm-26,kernel_rms_norm_mul,0.005600,9216x1x1,1024x1x1,2048x9x1x1
ffn_gate-26,kernel_transpose_32_16,0.005100,512x4x0,1x16x0,6144x9x1x1
ffn_gate-26,kernel_gemm_noshuffle_q4_0_f32,0.325100,2x1536x1,1x128x1,6144x9x1x1
ffn_up-26,kernel_transpose_32_16,0.005300,512x4x0,1x16x0,6144x9x1x1
ffn_up-26,kernel_gemm_noshuffle_q4_0_f32,0.326400,2x1536x1,1x128x1,6144x9x1x1
ffn_swiglu-26,kernel_swiglu,0.008900,4608x1x1,512x1x1,6144x9x1x1
ffn_out-26,kernel_transpose_32_16,0.010100,1536x4x0,1x16x0,2048x9x1x1
ffn_out-26,kernel_gemm_noshuffle_q4_0_f32,0.969900,2x512x1,1x128x1,2048x9x1x1
l_out-26,kernel_add,0.013700,576x1x1,64x1x1,2048x9x1x1
attn_norm-27,kernel_rms_norm_mul,0.005400,9216x1x1,1024x1x1,2048x9x1x1
Qcur-27,kernel_transpose_32_16,0.004800,512x4x0,1x16x0,2048x9x1x1
Qcur-27,kernel_gemm_noshuffle_q4_0_f32,0.328000,2x512x1,1x128x1,2048x9x1x1
Qcur_normed-27,kernel_rms_norm_mul,0.006700,2048x9x1,128x1x1,128x16x9x1
Qcur-27,kernel_rope_neox_f32,0.004800,1024x9x1,64x1x1,128x16x9x1
Vcur-27,kernel_transpose_32_16,0.005400,512x4x0,1x16x0,1024x9x1x1
Vcur-27,kernel_gemm_noshuffle_q4_0_f32,0.315000,2x256x1,1x128x1,1024x9x1x1
Kcur-27,kernel_transpose_32_16,0.004900,512x4x0,1x16x0,1024x9x1x1
Kcur-27,kernel_gemm_noshuffle_q4_0_f32,0.311800,2x256x1,1x128x1,1024x9x1x1
Kcur_normed-27,kernel_rms_norm_mul,0.005100,1024x9x1,128x1x1,128x8x9x1
Kcur-27,kernel_rope_neox_f32,0.003100,512x9x1,64x1x1,128x8x9x1
cache_k_l27 (view),kernel_set_rows_f16_i64,0.003400,9216x1x1,1024x1x1,1024x40192x1x1
cache_v_l27 (view),kernel_set_rows_f16_i64,0.002900,9216x1x1,1024x1x1,1024x40192x1x1
node_970,flash_attn_blk_f16,0.024700,8x1x1,0x0x0,128x16x9x1
node_970,flash_attn_f32_f16,0.062000,128x16x0,128x1x0,128x16x9x1
node_972,kernel_transpose_32_16,0.005200,512x4x0,1x16x0,2048x9x1x1
node_972,kernel_gemm_noshuffle_q4_0_f32,0.316500,2x512x1,1x128x1,2048x9x1x1
node_973,kernel_get_rows_f32,0.004100,1024x1x1,1024x1x1,2048x1x1x1
node_974,kernel_get_rows_f32,0.004100,1024x1x1,1024x1x1,2048x1x1x1
ffn_inp-27,kernel_add_row,0.002100,512x0x0,64x0x0,2048x1x1x1
ffn_norm-27,kernel_rms_norm_mul,0.005500,1024x1x1,1024x1x1,2048x1x1x1
ffn_gate-27,kernel_gemv_noshuffle_q4_0_f32,0.111300,3072x4x1,64x4x1,6144x1x1x1
ffn_up-27,kernel_gemv_noshuffle_q4_0_f32,0.109600,3072x4x1,64x4x1,6144x1x1x1
ffn_swiglu-27,kernel_swiglu,0.006300,512x1x1,512x1x1,6144x1x1x1
ffn_out-27,kernel_gemv_noshuffle_q4_0_f32,0.121100,1024x4x1,64x4x1,2048x1x1x1
l_out-27,kernel_add_row,0.002900,512x0x0,64x0x0,2048x1x1x1
result_norm,kernel_rms_norm_mul,0.006300,1024x1x1,1024x1x1,2048x1x1x1
result_output,kernel_mul_mv_q6_K_f32_flat,6.575500,303872x2x1,64x2x1,151936x1x1x1
attn_norm-0,kernel_rms_norm_mul,0.007600,1024x1x1,1024x1x1,2048x1x1x1
Qcur-0,kernel_gemv_noshuffle_q4_0_f32,0.053700,1024x4x1,64x4x1,2048x1x1x1
Qcur_normed-0,kernel_rms_norm_mul,0.004900,2048x1x1,128x1x1,128x16x1x1
Qcur-0,kernel_rope_neox_f32,0.003400,1024x1x1,64x1x1,128x16x1x1
Vcur-0,kernel_gemv_noshuffle_q4_0_f32,0.031500,512x4x1,64x4x1,1024x1x1x1
Kcur-0,kernel_gemv_noshuffle_q4_0_f32,0.030700,512x4x1,64x4x1,1024x1x1x1
Kcur_normed-0,kernel_rms_norm_mul,0.003900,1024x1x1,128x1x1,128x8x1x1
Kcur-0,kernel_rope_neox_f32,0.002600,512x1x1,64x1x1,128x8x1x1
cache_k_l0 (view),kernel_set_rows_f16_i64,0.003500,1024x1x1,1024x1x1,1024x40192x1x1
cache_v_l0 (view),kernel_set_rows_f16_i64,0.002800,1024x1x1,1024x1x1,1024x40192x1x1
node_25,flash_attn_f32_f16_q1_vec,0.090700,256x16x0,256x1x0,128x16x1x1
node_27,kernel_gemv_noshuffle_q4_0_f32,0.041800,1024x4x1,64x4x1,2048x1x1x1
ffn_inp-0,kernel_add_row,0.002000,512x0x0,64x0x0,2048x1x1x1
ffn_norm-0,kernel_rms_norm_mul,0.005600,1024x1x1,1024x1x1,2048x1x1x1
ffn_gate-0,kernel_gemv_noshuffle_q4_0_f32,0.108000,3072x4x1,64x4x1,6144x1x1x1
ffn_up-0,kernel_gemv_noshuffle_q4_0_f32,0.112200,3072x4x1,64x4x1,6144x1x1x1
ffn_swiglu-0,kernel_swiglu,0.006100,512x1x1,512x1x1,6144x1x1x1
ffn_out-0,kernel_gemv_noshuffle_q4_1_f32,0.126800,1024x4x1,64x4x1,2048x1x1x1
l_out-0,kernel_add_row,0.002100,512x0x0,64x0x0,2048x1x1x1
attn_norm-1,kernel_rms_norm_mul,0.005400,1024x1x1,1024x1x1,2048x1x1x1
Qcur-1,kernel_gemv_noshuffle_q4_0_f32,0.042400,1024x4x1,64x4x1,2048x1x1x1
Qcur_normed-1,kernel_rms_norm_mul,0.004200,2048x1x1,128x1x1,128x16x1x1
Qcur-1,kernel_rope_neox_f32,0.002800,1024x1x1,64x1x1,128x16x1x1
Vcur-1,kernel_gemv_noshuffle_q4_0_f32,0.031000,512x4x1,64x4x1,1024x1x1x1
Kcur-1,kernel_gemv_noshuffle_q4_0_f32,0.031400,512x4x1,64x4x1,1024x1x1x1
Kcur_normed-1,kernel_rms_norm_mul,0.003700,1024x1x1,128x1x1,128x8x1x1
Kcur-1,kernel_rope_neox_f32,0.002900,512x1x1,64x1x1,128x8x1x1
cache_k_l1 (view),kernel_set_rows_f16_i64,0.002800,1024x1x1,1024x1x1,1024x40192x1x1
cache_v_l1 (view),kernel_set_rows_f16_i64,0.002800,1024x1x1,1024x1x1,1024x40192x1x1
node_60,flash_attn_f32_f16_q1_vec,0.091300,256x16x0,256x1x0,128x16x1x1
node_62,kernel_gemv_noshuffle_q4_0_f32,0.041900,1024x4x1,64x4x1,2048x1x1x1
ffn_inp-1,kernel_add_row,0.002000,512x0x0,64x0x0,2048x1x1x1
ffn_norm-1,kernel_rms_norm_mul,0.005600,1024x1x1,1024x1x1,2048x1x1x1
ffn_gate-1,kernel_gemv_noshuffle_q4_0_f32,0.113900,3072x4x1,64x4x1,6144x1x1x1
ffn_up-1,kernel_gemv_noshuffle_q4_0_f32,0.111400,3072x4x1,64x4x1,6144x1x1x1
ffn_swiglu-1,kernel_swiglu,0.006000,512x1x1,512x1x1,6144x1x1x1
ffn_out-1,kernel_gemv_noshuffle_q4_1_f32,0.133900,1024x4x1,64x4x1,2048x1x1x1
l_out-1,kernel_add_row,0.002100,512x0x0,64x0x0,2048x1x1x1
attn_norm-2,kernel_rms_norm_mul,0.005300,1024x1x1,1024x1x1,2048x1x1x1
Qcur-2,kernel_gemv_noshuffle_q4_0_f32,0.043400,1024x4x1,64x4x1,2048x1x1x1
Qcur_normed-2,kernel_rms_norm_mul,0.004400,2048x1x1,128x1x1,128x16x1x1
Qcur-2,kernel_rope_neox_f32,0.003000,1024x1x1,64x1x1,128x16x1x1
Vcur-2,kernel_gemv_noshuffle_q4_0_f32,0.031100,512x4x1,64x4x1,1024x1x1x1
Kcur-2,kernel_gemv_noshuffle_q4_0_f32,0.031000,512x4x1,64x4x1,1024x1x1x1
Kcur_normed-2,kernel_rms_norm_mul,0.003400,1024x1x1,128x1x1,128x8x1x1
Kcur-2,kernel_rope_neox_f32,0.002400,512x1x1,64x1x1,128x8x1x1
cache_k_l2 (view),kernel_set_rows_f16_i64,0.002800,1024x1x1,1024x1x1,1024x40192x1x1
cache_v_l2 (view),kernel_set_rows_f16_i64,0.002800,1024x1x1,1024x1x1,1024x40192x1x1
node_95,flash_attn_f32_f16_q1_vec,0.090000,256x16x0,256x1x0,128x16x1x1
node_97,kernel_gemv_noshuffle_q4_0_f32,0.042900,1024x4x1,64x4x1,2048x1x1x1
ffn_inp-2,kernel_add_row,0.002100,512x0x0,64x0x0,2048x1x1x1
ffn_norm-2,kernel_rms_norm_mul,0.005400,1024x1x1,1024x1x1,2048x1x1x1
ffn_gate-2,kernel_gemv_noshuffle_q4_0_f32,0.108400,3072x4x1,64x4x1,6144x1x1x1
ffn_up-2,kernel_gemv_noshuffle_q4_0_f32,0.112200,3072x4x1,64x4x1,6144x1x1x1
ffn_swiglu-2,kernel_swiglu,0.006200,512x1x1,512x1x1,6144x1x1x1
ffn_out-2,kernel_gemv_noshuffle_q4_1_f32,0.128200,1024x4x1,64x4x1,2048x1x1x1
l_out-2,kernel_add_row,0.002300,512x0x0,64x0x0,2048x1x1x1
attn_norm-3,kernel_rms_norm_mul,0.005400,1024x1x1,1024x1x1,2048x1x1x1
Qcur-3,kernel_gemv_noshuffle_q4_0_f32,0.041900,1024x4x1,64x4x1,2048x1x1x1
Qcur_normed-3,kernel_rms_norm_mul,0.004000,2048x1x1,128x1x1,128x16x1x1
Qcur-3,kernel_rope_neox_f32,0.002800,1024x1x1,64x1x1,128x16x1x1
Vcur-3,kernel_gemv_noshuffle_q4_0_f32,0.031300,512x4x1,64x4x1,1024x1x1x1
Kcur-3,kernel_gemv_noshuffle_q4_0_f32,0.030800,512x4x1,64x4x1,1024x1x1x1
Kcur_normed-3,kernel_rms_norm_mul,0.003600,1024x1x1,128x1x1,128x8x1x1
Kcur-3,kernel_rope_neox_f32,0.002900,512x1x1,64x1x1,128x8x1x1
cache_k_l3 (view),kernel_set_rows_f16_i64,0.002800,1024x1x1,1024x1x1,1024x40192x1x1
cache_v_l3 (view),kernel_set_rows_f16_i64,0.002900,1024x1x1,1024x1x1,1024x40192x1x1
node_130,flash_attn_f32_f16_q1_vec,0.089900,256x16x0,256x1x0,128x16x1x1
node_132,kernel_gemv_noshuffle_q4_0_f32,0.041700,1024x4x1,64x4x1,2048x1x1x1
ffn_inp-3,kernel_add_row,0.002300,512x0x0,64x0x0,2048x1x1x1
ffn_norm-3,kernel_rms_norm_mul,0.005300,1024x1x1,1024x1x1,2048x1x1x1
ffn_gate-3,kernel_gemv_noshuffle_q4_0_f32,0.111300,3072x4x1,64x4x1,6144x1x1x1
ffn_up-3,kernel_gemv_noshuffle_q4_0_f32,0.112400,3072x4x1,64x4x1,6144x1x1x1
ffn_swiglu-3,kernel_swiglu,0.006100,512x1x1,512x1x1,6144x1x1x1
ffn_out-3,kernel_gemv_noshuffle_q4_0_f32,0.123000,1024x4x1,64x4x1,2048x1x1x1
l_out-3,kernel_add_row,0.002000,512x0x0,64x0x0,2048x1x1x1
attn_norm-4,kernel_rms_norm_mul,0.005400,1024x1x1,1024x1x1,2048x1x1x1
Qcur-4,kernel_gemv_noshuffle_q4_0_f32,0.042700,1024x4x1,64x4x1,2048x1x1x1
Qcur_normed-4,kernel_rms_norm_mul,0.004100,2048x1x1,128x1x1,128x16x1x1
Qcur-4,kernel_rope_neox_f32,0.002900,1024x1x1,64x1x1,128x16x1x1
Vcur-4,kernel_gemv_noshuffle_q4_0_f32,0.032100,512x4x1,64x4x1,1024x1x1x1
Kcur-4,kernel_gemv_noshuffle_q4_0_f32,0.031000,512x4x1,64x4x1,1024x1x1x1
Kcur_normed-4,kernel_rms_norm_mul,0.003600,1024x1x1,128x1x1,128x8x1x1
Kcur-4,kernel_rope_neox_f32,0.002600,512x1x1,64x1x1,128x8x1x1
cache_k_l4 (view),kernel_set_rows_f16_i64,0.002800,1024x1x1,1024x1x1,1024x40192x1x1
cache_v_l4 (view),kernel_set_rows_f16_i64,0.002800,1024x1x1,1024x1x1,1024x40192x1x1
node_165,flash_attn_f32_f16_q1_vec,0.091100,256x16x0,256x1x0,128x16x1x1
node_167,kernel_gemv_noshuffle_q4_0_f32,0.042000,1024x4x1,64x4x1,2048x1x1x1
ffn_inp-4,kernel_add_row,0.002400,512x0x0,64x0x0,2048x1x1x1
ffn_norm-4,kernel_rms_norm_mul,0.005400,1024x1x1,1024x1x1,2048x1x1x1
ffn_gate-4,kernel_gemv_noshuffle_q4_0_f32,0.109900,3072x4x1,64x4x1,6144x1x1x1
ffn_up-4,kernel_gemv_noshuffle_q4_0_f32,0.111400,3072x4x1,64x4x1,6144x1x1x1
ffn_swiglu-4,kernel_swiglu,0.006000,512x1x1,512x1x1,6144x1x1x1
ffn_out-4,kernel_gemv_noshuffle_q4_0_f32,0.119100,1024x4x1,64x4x1,2048x1x1x1
l_out-4,kernel_add_row,0.002000,512x0x0,64x0x0,2048x1x1x1
attn_norm-5,kernel_rms_norm_mul,0.005200,1024x1x1,1024x1x1,2048x1x1x1
Qcur-5,kernel_gemv_noshuffle_q4_0_f32,0.042500,1024x4x1,64x4x1,2048x1x1x1
Qcur_normed-5,kernel_rms_norm_mul,0.004300,2048x1x1,128x1x1,128x16x1x1
Qcur-5,kernel_rope_neox_f32,0.002900,1024x1x1,64x1x1,128x16x1x1
Vcur-5,kernel_gemv_noshuffle_q4_0_f32,0.031600,512x4x1,64x4x1,1024x1x1x1
Kcur-5,kernel_gemv_noshuffle_q4_0_f32,0.030600,512x4x1,64x4x1,1024x1x1x1
Kcur_normed-5,kernel_rms_norm_mul,0.003500,1024x1x1,128x1x1,128x8x1x1
Kcur-5,kernel_rope_neox_f32,0.002400,512x1x1,64x1x1,128x8x1x1
cache_k_l5 (view),kernel_set_rows_f16_i64,0.002800,1024x1x1,1024x1x1,1024x40192x1x1
cache_v_l5 (view),kernel_set_rows_f16_i64,0.003200,1024x1x1,1024x1x1,1024x40192x1x1
node_200,flash_attn_f32_f16_q1_vec,0.089500,256x16x0,256x1x0,128x16x1x1
node_202,kernel_gemv_noshuffle_q4_0_f32,0.042100,1024x4x1,64x4x1,2048x1x1x1
ffn_inp-5,kernel_add_row,0.002000,512x0x0,64x0x0,2048x1x1x1
ffn_norm-5,kernel_rms_norm_mul,0.005400,1024x1x1,1024x1x1,2048x1x1x1
ffn_gate-5,kernel_gemv_noshuffle_q4_0_f32,0.109300,3072x4x1,64x4x1,6144x1x1x1
ffn_up-5,kernel_gemv_noshuffle_q4_0_f32,0.111500,3072x4x1,64x4x1,6144x1x1x1
ffn_swiglu-5,kernel_swiglu,0.005900,512x1x1,512x1x1,6144x1x1x1
ffn_out-5,kernel_gemv_noshuffle_q4_0_f32,0.125300,1024x4x1,64x4x1,2048x1x1x1
l_out-5,kernel_add_row,0.002200,512x0x0,64x0x0,2048x1x1x1
attn_norm-6,kernel_rms_norm_mul,0.005400,1024x1x1,1024x1x1,2048x1x1x1
Qcur-6,kernel_gemv_noshuffle_q4_0_f32,0.041500,1024x4x1,64x4x1,2048x1x1x1
Qcur_normed-6,kernel_rms_norm_mul,0.003800,2048x1x1,128x1x1,128x16x1x1
Qcur-6,kernel_rope_neox_f32,0.002900,1024x1x1,64x1x1,128x16x1x1
Vcur-6,kernel_gemv_noshuffle_q4_0_f32,0.031500,512x4x1,64x4x1,1024x1x1x1
Kcur-6,kernel_gemv_noshuffle_q4_0_f32,0.030900,512x4x1,64x4x1,1024x1x1x1
Kcur_normed-6,kernel_rms_norm_mul,0.003900,1024x1x1,128x1x1,128x8x1x1
Kcur-6,kernel_rope_neox_f32,0.002600,512x1x1,64x1x1,128x8x1x1
cache_k_l6 (view),kernel_set_rows_f16_i64,0.002800,1024x1x1,1024x1x1,1024x40192x1x1
cache_v_l6 (view),kernel_set_rows_f16_i64,0.002900,1024x1x1,1024x1x1,1024x40192x1x1
node_235,flash_attn_f32_f16_q1_vec,0.091300,256x16x0,256x1x0,128x16x1x1
node_237,kernel_gemv_noshuffle_q4_0_f32,0.042400,1024x4x1,64x4x1,2048x1x1x1
ffn_inp-6,kernel_add_row,0.002200,512x0x0,64x0x0,2048x1x1x1
ffn_norm-6,kernel_rms_norm_mul,0.005100,1024x1x1,1024x1x1,2048x1x1x1
ffn_gate-6,kernel_gemv_noshuffle_q4_0_f32,0.109100,3072x4x1,64x4x1,6144x1x1x1
ffn_up-6,kernel_gemv_noshuffle_q4_0_f32,0.113500,3072x4x1,64x4x1,6144x1x1x1
ffn_swiglu-6,kernel_swiglu,0.006200,512x1x1,512x1x1,6144x1x1x1
ffn_out-6,kernel_gemv_noshuffle_q4_0_f32,0.119800,1024x4x1,64x4x1,2048x1x1x1
l_out-6,kernel_add_row,0.002100,512x0x0,64x0x0,2048x1x1x1
attn_norm-7,kernel_rms_norm_mul,0.005500,1024x1x1,1024x1x1,2048x1x1x1
Qcur-7,kernel_gemv_noshuffle_q4_0_f32,0.042300,1024x4x1,64x4x1,2048x1x1x1
Qcur_normed-7,kernel_rms_norm_mul,0.004000,2048x1x1,128x1x1,128x16x1x1
Qcur-7,kernel_rope_neox_f32,0.003000,1024x1x1,64x1x1,128x16x1x1
Vcur-7,kernel_gemv_noshuffle_q4_0_f32,0.030900,512x4x1,64x4x1,1024x1x1x1
Kcur-7,kernel_gemv_noshuffle_q4_0_f32,0.031100,512x4x1,64x4x1,1024x1x1x1
Kcur_normed-7,kernel_rms_norm_mul,0.003700,1024x1x1,128x1x1,128x8x1x1
Kcur-7,kernel_rope_neox_f32,0.002500,512x1x1,64x1x1,128x8x1x1
cache_k_l7 (view),kernel_set_rows_f16_i64,0.002800,1024x1x1,1024x1x1,1024x40192x1x1
cache_v_l7 (view),kernel_set_rows_f16_i64,0.002900,1024x1x1,1024x1x1,1024x40192x1x1
node_270,flash_attn_f32_f16_q1_vec,0.090900,256x16x0,256x1x0,128x16x1x1
node_272,kernel_gemv_noshuffle_q4_0_f32,0.042400,1024x4x1,64x4x1,2048x1x1x1
ffn_inp-7,kernel_add_row,0.002100,512x0x0,64x0x0,2048x1x1x1
ffn_norm-7,kernel_rms_norm_mul,0.005400,1024x1x1,1024x1x1,2048x1x1x1
ffn_gate-7,kernel_gemv_noshuffle_q4_0_f32,0.112900,3072x4x1,64x4x1,6144x1x1x1
ffn_up-7,kernel_gemv_noshuffle_q4_0_f32,0.110800,3072x4x1,64x4x1,6144x1x1x1
ffn_swiglu-7,kernel_swiglu,0.006000,512x1x1,512x1x1,6144x1x1x1
ffn_out-7,kernel_gemv_noshuffle_q4_0_f32,0.122600,1024x4x1,64x4x1,2048x1x1x1
l_out-7,kernel_add_row,0.002000,512x0x0,64x0x0,2048x1x1x1
attn_norm-8,kernel_rms_norm_mul,0.005800,1024x1x1,1024x1x1,2048x1x1x1
Qcur-8,kernel_gemv_noshuffle_q4_0_f32,0.042300,1024x4x1,64x4x1,2048x1x1x1
Qcur_normed-8,kernel_rms_norm_mul,0.004200,2048x1x1,128x1x1,128x16x1x1
Qcur-8,kernel_rope_neox_f32,0.002900,1024x1x1,64x1x1,128x16x1x1
Vcur-8,kernel_gemv_noshuffle_q4_0_f32,0.031200,512x4x1,64x4x1,1024x1x1x1
Kcur-8,kernel_gemv_noshuffle_q4_0_f32,0.031000,512x4x1,64x4x1,1024x1x1x1
Kcur_normed-8,kernel_rms_norm_mul,0.003500,1024x1x1,128x1x1,128x8x1x1
Kcur-8,kernel_rope_neox_f32,0.002600,512x1x1,64x1x1,128x8x1x1
cache_k_l8 (view),kernel_set_rows_f16_i64,0.003400,1024x1x1,1024x1x1,1024x40192x1x1
cache_v_l8 (view),kernel_set_rows_f16_i64,0.002900,1024x1x1,1024x1x1,1024x40192x1x1
node_305,flash_attn_f32_f16_q1_vec,0.090700,256x16x0,256x1x0,128x16x1x1
node_307,kernel_gemv_noshuffle_q4_0_f32,0.042300,1024x4x1,64x4x1,2048x1x1x1
ffn_inp-8,kernel_add_row,0.002000,512x0x0,64x0x0,2048x1x1x1
ffn_norm-8,kernel_rms_norm_mul,0.005200,1024x1x1,1024x1x1,2048x1x1x1
ffn_gate-8,kernel_gemv_noshuffle_q4_0_f32,0.108800,3072x4x1,64x4x1,6144x1x1x1
ffn_up-8,kernel_gemv_noshuffle_q4_0_f32,0.110800,3072x4x1,64x4x1,6144x1x1x1
ffn_swiglu-8,kernel_swiglu,0.005900,512x1x1,512x1x1,6144x1x1x1
ffn_out-8,kernel_gemv_noshuffle_q4_0_f32,0.119500,1024x4x1,64x4x1,2048x1x1x1
l_out-8,kernel_add_row,0.002000,512x0x0,64x0x0,2048x1x1x1
attn_norm-9,kernel_rms_norm_mul,0.005200,1024x1x1,1024x1x1,2048x1x1x1
Qcur-9,kernel_gemv_noshuffle_q4_0_f32,0.043500,1024x4x1,64x4x1,2048x1x1x1
Qcur_normed-9,kernel_rms_norm_mul,0.004100,2048x1x1,128x1x1,128x16x1x1
Qcur-9,kernel_rope_neox_f32,0.002900,1024x1x1,64x1x1,128x16x1x1
Vcur-9,kernel_gemv_noshuffle_q4_0_f32,0.031500,512x4x1,64x4x1,1024x1x1x1
Kcur-9,kernel_gemv_noshuffle_q4_0_f32,0.031200,512x4x1,64x4x1,1024x1x1x1
Kcur_normed-9,kernel_rms_norm_mul,0.003600,1024x1x1,128x1x1,128x8x1x1
Kcur-9,kernel_rope_neox_f32,0.002600,512x1x1,64x1x1,128x8x1x1
cache_k_l9 (view),kernel_set_rows_f16_i64,0.002800,1024x1x1,1024x1x1,1024x40192x1x1
cache_v_l9 (view),kernel_set_rows_f16_i64,0.002800,1024x1x1,1024x1x1,1024x40192x1x1
node_340,flash_attn_f32_f16_q1_vec,0.090300,256x16x0,256x1x0,128x16x1x1
node_342,kernel_gemv_noshuffle_q4_0_f32,0.042100,1024x4x1,64x4x1,2048x1x1x1
ffn_inp-9,kernel_add_row,0.002000,512x0x0,64x0x0,2048x1x1x1
ffn_norm-9,kernel_rms_norm_mul,0.005700,1024x1x1,1024x1x1,2048x1x1x1
ffn_gate-9,kernel_gemv_noshuffle_q4_0_f32,0.112500,3072x4x1,64x4x1,6144x1x1x1
ffn_up-9,kernel_gemv_noshuffle_q4_0_f32,0.112600,3072x4x1,64x4x1,6144x1x1x1
ffn_swiglu-9,kernel_swiglu,0.006600,512x1x1,512x1x1,6144x1x1x1
ffn_out-9,kernel_gemv_noshuffle_q4_0_f32,0.122900,1024x4x1,64x4x1,2048x1x1x1
l_out-9,kernel_add_row,0.002100,512x0x0,64x0x0,2048x1x1x1
attn_norm-10,kernel_rms_norm_mul,0.005100,1024x1x1,1024x1x1,2048x1x1x1
Qcur-10,kernel_gemv_noshuffle_q4_0_f32,0.041300,1024x4x1,64x4x1,2048x1x1x1
Qcur_normed-10,kernel_rms_norm_mul,0.004500,2048x1x1,128x1x1,128x16x1x1
Qcur-10,kernel_rope_neox_f32,0.003000,1024x1x1,64x1x1,128x16x1x1
Vcur-10,kernel_gemv_noshuffle_q4_0_f32,0.032000,512x4x1,64x4x1,1024x1x1x1
Kcur-10,kernel_gemv_noshuffle_q4_0_f32,0.031300,512x4x1,64x4x1,1024x1x1x1
Kcur_normed-10,kernel_rms_norm_mul,0.003600,1024x1x1,128x1x1,128x8x1x1
Kcur-10,kernel_rope_neox_f32,0.002400,512x1x1,64x1x1,128x8x1x1
cache_k_l10 (view),kernel_set_rows_f16_i64,0.002900,1024x1x1,1024x1x1,1024x40192x1x1
cache_v_l10 (view),kernel_set_rows_f16_i64,0.002900,1024x1x1,1024x1x1,1024x40192x1x1
node_375,flash_attn_f32_f16_q1_vec,0.090100,256x16x0,256x1x0,128x16x1x1
node_377,kernel_gemv_noshuffle_q4_0_f32,0.042200,1024x4x1,64x4x1,2048x1x1x1
ffn_inp-10,kernel_add_row,0.002000,512x0x0,64x0x0,2048x1x1x1
ffn_norm-10,kernel_rms_norm_mul,0.005300,1024x1x1,1024x1x1,2048x1x1x1
ffn_gate-10,kernel_gemv_noshuffle_q4_0_f32,0.110500,3072x4x1,64x4x1,6144x1x1x1
ffn_up-10,kernel_gemv_noshuffle_q4_0_f32,0.109700,3072x4x1,64x4x1,6144x1x1x1
ffn_swiglu-10,kernel_swiglu,0.005900,512x1x1,512x1x1,6144x1x1x1
ffn_out-10,kernel_gemv_noshuffle_q4_0_f32,0.123000,1024x4x1,64x4x1,2048x1x1x1
l_out-10,kernel_add_row,0.002300,512x0x0,64x0x0,2048x1x1x1
attn_norm-11,kernel_rms_norm_mul,0.005300,1024x1x1,1024x1x1,2048x1x1x1
Qcur-11,kernel_gemv_noshuffle_q4_0_f32,0.043100,1024x4x1,64x4x1,2048x1x1x1
Qcur_normed-11,kernel_rms_norm_mul,0.004300,2048x1x1,128x1x1,128x16x1x1
Qcur-11,kernel_rope_neox_f32,0.002800,1024x1x1,64x1x1,128x16x1x1
Vcur-11,kernel_gemv_noshuffle_q4_0_f32,0.031700,512x4x1,64x4x1,1024x1x1x1
Kcur-11,kernel_gemv_noshuffle_q4_0_f32,0.030900,512x4x1,64x4x1,1024x1x1x1
Kcur_normed-11,kernel_rms_norm_mul,0.003500,1024x1x1,128x1x1,128x8x1x1
Kcur-11,kernel_rope_neox_f32,0.003000,512x1x1,64x1x1,128x8x1x1
cache_k_l11 (view),kernel_set_rows_f16_i64,0.002800,1024x1x1,1024x1x1,1024x40192x1x1
cache_v_l11 (view),kernel_set_rows_f16_i64,0.002800,1024x1x1,1024x1x1,1024x40192x1x1
node_410,flash_attn_f32_f16_q1_vec,0.090200,256x16x0,256x1x0,128x16x1x1
node_412,kernel_gemv_noshuffle_q4_0_f32,0.043200,1024x4x1,64x4x1,2048x1x1x1
ffn_inp-11,kernel_add_row,0.002100,512x0x0,64x0x0,2048x1x1x1
ffn_norm-11,kernel_rms_norm_mul,0.005300,1024x1x1,1024x1x1,2048x1x1x1
ffn_gate-11,kernel_gemv_noshuffle_q4_0_f32,0.111000,3072x4x1,64x4x1,6144x1x1x1
ffn_up-11,kernel_gemv_noshuffle_q4_0_f32,0.113600,3072x4x1,64x4x1,6144x1x1x1
ffn_swiglu-11,kernel_swiglu,0.006000,512x1x1,512x1x1,6144x1x1x1
ffn_out-11,kernel_gemv_noshuffle_q4_0_f32,0.121700,1024x4x1,64x4x1,2048x1x1x1
l_out-11,kernel_add_row,0.002000,512x0x0,64x0x0,2048x1x1x1
attn_norm-12,kernel_rms_norm_mul,0.005400,1024x1x1,1024x1x1,2048x1x1x1
Qcur-12,kernel_gemv_noshuffle_q4_0_f32,0.042800,1024x4x1,64x4x1,2048x1x1x1
Qcur_normed-12,kernel_rms_norm_mul,0.004100,2048x1x1,128x1x1,128x16x1x1
Qcur-12,kernel_rope_neox_f32,0.002900,1024x1x1,64x1x1,128x16x1x1
Vcur-12,kernel_gemv_noshuffle_q4_0_f32,0.031800,512x4x1,64x4x1,1024x1x1x1
Kcur-12,kernel_gemv_noshuffle_q4_0_f32,0.030700,512x4x1,64x4x1,1024x1x1x1
Kcur_normed-12,kernel_rms_norm_mul,0.003600,1024x1x1,128x1x1,128x8x1x1
Kcur-12,kernel_rope_neox_f32,0.002700,512x1x1,64x1x1,128x8x1x1
cache_k_l12 (view),kernel_set_rows_f16_i64,0.002800,1024x1x1,1024x1x1,1024x40192x1x1
cache_v_l12 (view),kernel_set_rows_f16_i64,0.002800,1024x1x1,1024x1x1,1024x40192x1x1
node_445,flash_attn_f32_f16_q1_vec,0.090400,256x16x0,256x1x0,128x16x1x1
node_447,kernel_gemv_noshuffle_q4_0_f32,0.041900,1024x4x1,64x4x1,2048x1x1x1
ffn_inp-12,kernel_add_row,0.002300,512x0x0,64x0x0,2048x1x1x1
ffn_norm-12,kernel_rms_norm_mul,0.005400,1024x1x1,1024x1x1,2048x1x1x1
ffn_gate-12,kernel_gemv_noshuffle_q4_0_f32,0.109700,3072x4x1,64x4x1,6144x1x1x1
ffn_up-12,kernel_gemv_noshuffle_q4_0_f32,0.109500,3072x4x1,64x4x1,6144x1x1x1
ffn_swiglu-12,kernel_swiglu,0.006000,512x1x1,512x1x1,6144x1x1x1
ffn_out-12,kernel_gemv_noshuffle_q4_0_f32,0.118600,1024x4x1,64x4x1,2048x1x1x1
l_out-12,kernel_add_row,0.002100,512x0x0,64x0x0,2048x1x1x1
attn_norm-13,kernel_rms_norm_mul,0.005300,1024x1x1,1024x1x1,2048x1x1x1
Qcur-13,kernel_gemv_noshuffle_q4_0_f32,0.042300,1024x4x1,64x4x1,2048x1x1x1
Qcur_normed-13,kernel_rms_norm_mul,0.004500,2048x1x1,128x1x1,128x16x1x1
Qcur-13,kernel_rope_neox_f32,0.002800,1024x1x1,64x1x1,128x16x1x1
Vcur-13,kernel_gemv_noshuffle_q4_0_f32,0.032200,512x4x1,64x4x1,1024x1x1x1
Kcur-13,kernel_gemv_noshuffle_q4_0_f32,0.030900,512x4x1,64x4x1,1024x1x1x1
Kcur_normed-13,kernel_rms_norm_mul,0.003500,1024x1x1,128x1x1,128x8x1x1
Kcur-13,kernel_rope_neox_f32,0.002500,512x1x1,64x1x1,128x8x1x1
cache_k_l13 (view),kernel_set_rows_f16_i64,0.002800,1024x1x1,1024x1x1,1024x40192x1x1
cache_v_l13 (view),kernel_set_rows_f16_i64,0.005100,1024x1x1,1024x1x1,1024x40192x1x1
node_480,flash_attn_f32_f16_q1_vec,0.089900,256x16x0,256x1x0,128x16x1x1
node_482,kernel_gemv_noshuffle_q4_0_f32,0.041400,1024x4x1,64x4x1,2048x1x1x1
ffn_inp-13,kernel_add_row,0.001900,512x0x0,64x0x0,2048x1x1x1
ffn_norm-13,kernel_rms_norm_mul,0.005300,1024x1x1,1024x1x1,2048x1x1x1
ffn_gate-13,kernel_gemv_noshuffle_q4_0_f32,0.107200,3072x4x1,64x4x1,6144x1x1x1
ffn_up-13,kernel_gemv_noshuffle_q4_0_f32,0.108900,3072x4x1,64x4x1,6144x1x1x1
ffn_swiglu-13,kernel_swiglu,0.006100,512x1x1,512x1x1,6144x1x1x1
ffn_out-13,kernel_gemv_noshuffle_q4_0_f32,0.119900,1024x4x1,64x4x1,2048x1x1x1
l_out-13,kernel_add_row,0.002200,512x0x0,64x0x0,2048x1x1x1
attn_norm-14,kernel_rms_norm_mul,0.005300,1024x1x1,1024x1x1,2048x1x1x1
Qcur-14,kernel_gemv_noshuffle_q4_0_f32,0.041100,1024x4x1,64x4x1,2048x1x1x1
Qcur_normed-14,kernel_rms_norm_mul,0.004100,2048x1x1,128x1x1,128x16x1x1
Qcur-14,kernel_rope_neox_f32,0.002800,1024x1x1,64x1x1,128x16x1x1
Vcur-14,kernel_gemv_noshuffle_q4_0_f32,0.031600,512x4x1,64x4x1,1024x1x1x1
Kcur-14,kernel_gemv_noshuffle_q4_0_f32,0.031300,512x4x1,64x4x1,1024x1x1x1
Kcur_normed-14,kernel_rms_norm_mul,0.003900,1024x1x1,128x1x1,128x8x1x1
Kcur-14,kernel_rope_neox_f32,0.002700,512x1x1,64x1x1,128x8x1x1
cache_k_l14 (view),kernel_set_rows_f16_i64,0.002900,1024x1x1,1024x1x1,1024x40192x1x1
cache_v_l14 (view),kernel_set_rows_f16_i64,0.002800,1024x1x1,1024x1x1,1024x40192x1x1
node_515,flash_attn_f32_f16_q1_vec,0.090400,256x16x0,256x1x0,128x16x1x1
node_517,kernel_gemv_noshuffle_q4_0_f32,0.041300,1024x4x1,64x4x1,2048x1x1x1
ffn_inp-14,kernel_add_row,0.002100,512x0x0,64x0x0,2048x1x1x1
ffn_norm-14,kernel_rms_norm_mul,0.005200,1024x1x1,1024x1x1,2048x1x1x1
ffn_gate-14,kernel_gemv_noshuffle_q4_0_f32,0.107300,3072x4x1,64x4x1,6144x1x1x1
ffn_up-14,kernel_gemv_noshuffle_q4_0_f32,0.106800,3072x4x1,64x4x1,6144x1x1x1
ffn_swiglu-14,kernel_swiglu,0.006300,512x1x1,512x1x1,6144x1x1x1
ffn_out-14,kernel_gemv_noshuffle_q4_0_f32,0.118400,1024x4x1,64x4x1,2048x1x1x1
l_out-14,kernel_add_row,0.002200,512x0x0,64x0x0,2048x1x1x1
attn_norm-15,kernel_rms_norm_mul,0.005600,1024x1x1,1024x1x1,2048x1x1x1
Qcur-15,kernel_gemv_noshuffle_q4_0_f32,0.041100,1024x4x1,64x4x1,2048x1x1x1
Qcur_normed-15,kernel_rms_norm_mul,0.004200,2048x1x1,128x1x1,128x16x1x1
Qcur-15,kernel_rope_neox_f32,0.003100,1024x1x1,64x1x1,128x16x1x1
Vcur-15,kernel_gemv_noshuffle_q4_0_f32,0.031500,512x4x1,64x4x1,1024x1x1x1
Kcur-15,kernel_gemv_noshuffle_q4_0_f32,0.030600,512x4x1,64x4x1,1024x1x1x1
Kcur_normed-15,kernel_rms_norm_mul,0.003600,1024x1x1,128x1x1,128x8x1x1
Kcur-15,kernel_rope_neox_f32,0.002600,512x1x1,64x1x1,128x8x1x1
cache_k_l15 (view),kernel_set_rows_f16_i64,0.002700,1024x1x1,1024x1x1,1024x40192x1x1
cache_v_l15 (view),kernel_set_rows_f16_i64,0.002800,1024x1x1,1024x1x1,1024x40192x1x1
node_550,flash_attn_f32_f16_q1_vec,0.090400,256x16x0,256x1x0,128x16x1x1
node_552,kernel_gemv_noshuffle_q4_0_f32,0.043800,1024x4x1,64x4x1,2048x1x1x1
ffn_inp-15,kernel_add_row,0.001900,512x0x0,64x0x0,2048x1x1x1
ffn_norm-15,kernel_rms_norm_mul,0.005400,1024x1x1,1024x1x1,2048x1x1x1
ffn_gate-15,kernel_gemv_noshuffle_q4_0_f32,0.107800,3072x4x1,64x4x1,6144x1x1x1
ffn_up-15,kernel_gemv_noshuffle_q4_0_f32,0.107300,3072x4x1,64x4x1,6144x1x1x1
ffn_swiglu-15,kernel_swiglu,0.006000,512x1x1,512x1x1,6144x1x1x1
ffn_out-15,kernel_gemv_noshuffle_q4_0_f32,0.117800,1024x4x1,64x4x1,2048x1x1x1
l_out-15,kernel_add_row,0.002400,512x0x0,64x0x0,2048x1x1x1
attn_norm-16,kernel_rms_norm_mul,0.005700,1024x1x1,1024x1x1,2048x1x1x1
Qcur-16,kernel_gemv_noshuffle_q4_0_f32,0.042900,1024x4x1,64x4x1,2048x1x1x1
Qcur_normed-16,kernel_rms_norm_mul,0.004000,2048x1x1,128x1x1,128x16x1x1
Qcur-16,kernel_rope_neox_f32,0.002800,1024x1x1,64x1x1,128x16x1x1
Vcur-16,kernel_gemv_noshuffle_q4_0_f32,0.031300,512x4x1,64x4x1,1024x1x1x1
Kcur-16,kernel_gemv_noshuffle_q4_0_f32,0.031300,512x4x1,64x4x1,1024x1x1x1
Kcur_normed-16,kernel_rms_norm_mul,0.003600,1024x1x1,128x1x1,128x8x1x1
Kcur-16,kernel_rope_neox_f32,0.002500,512x1x1,64x1x1,128x8x1x1
cache_k_l16 (view),kernel_set_rows_f16_i64,0.003300,1024x1x1,1024x1x1,1024x40192x1x1
cache_v_l16 (view),kernel_set_rows_f16_i64,0.003000,1024x1x1,1024x1x1,1024x40192x1x1
node_585,flash_attn_f32_f16_q1_vec,0.091900,256x16x0,256x1x0,128x16x1x1
node_587,kernel_gemv_noshuffle_q4_0_f32,0.041200,1024x4x1,64x4x1,2048x1x1x1
ffn_inp-16,kernel_add_row,0.002100,512x0x0,64x0x0,2048x1x1x1
ffn_norm-16,kernel_rms_norm_mul,0.005600,1024x1x1,1024x1x1,2048x1x1x1
ffn_gate-16,kernel_gemv_noshuffle_q4_0_f32,0.108200,3072x4x1,64x4x1,6144x1x1x1
ffn_up-16,kernel_gemv_noshuffle_q4_0_f32,0.108500,3072x4x1,64x4x1,6144x1x1x1
ffn_swiglu-16,kernel_swiglu,0.006000,512x1x1,512x1x1,6144x1x1x1
ffn_out-16,kernel_gemv_noshuffle_q4_0_f32,0.119100,1024x4x1,64x4x1,2048x1x1x1
l_out-16,kernel_add_row,0.002100,512x0x0,64x0x0,2048x1x1x1
attn_norm-17,kernel_rms_norm_mul,0.005300,1024x1x1,1024x1x1,2048x1x1x1
Qcur-17,kernel_gemv_noshuffle_q4_0_f32,0.041300,1024x4x1,64x4x1,2048x1x1x1
Qcur_normed-17,kernel_rms_norm_mul,0.004300,2048x1x1,128x1x1,128x16x1x1
Qcur-17,kernel_rope_neox_f32,0.003300,1024x1x1,64x1x1,128x16x1x1
Vcur-17,kernel_gemv_noshuffle_q4_0_f32,0.031600,512x4x1,64x4x1,1024x1x1x1
Kcur-17,kernel_gemv_noshuffle_q4_0_f32,0.031800,512x4x1,64x4x1,1024x1x1x1
Kcur_normed-17,kernel_rms_norm_mul,0.003600,1024x1x1,128x1x1,128x8x1x1
Kcur-17,kernel_rope_neox_f32,0.002700,512x1x1,64x1x1,128x8x1x1
cache_k_l17 (view),kernel_set_rows_f16_i64,0.002900,1024x1x1,1024x1x1,1024x40192x1x1
cache_v_l17 (view),kernel_set_rows_f16_i64,0.002900,1024x1x1,1024x1x1,1024x40192x1x1
node_620,flash_attn_f32_f16_q1_vec,0.090600,256x16x0,256x1x0,128x16x1x1
node_622,kernel_gemv_noshuffle_q4_0_f32,0.042600,1024x4x1,64x4x1,2048x1x1x1
ffn_inp-17,kernel_add_row,0.002100,512x0x0,64x0x0,2048x1x1x1
ffn_norm-17,kernel_rms_norm_mul,0.005700,1024x1x1,1024x1x1,2048x1x1x1
ffn_gate-17,kernel_gemv_noshuffle_q4_0_f32,0.109100,3072x4x1,64x4x1,6144x1x1x1
ffn_up-17,kernel_gemv_noshuffle_q4_0_f32,0.109100,3072x4x1,64x4x1,6144x1x1x1
ffn_swiglu-17,kernel_swiglu,0.006000,512x1x1,512x1x1,6144x1x1x1
ffn_out-17,kernel_gemv_noshuffle_q4_0_f32,0.118800,1024x4x1,64x4x1,2048x1x1x1
l_out-17,kernel_add_row,0.002300,512x0x0,64x0x0,2048x1x1x1
attn_norm-18,kernel_rms_norm_mul,0.005100,1024x1x1,1024x1x1,2048x1x1x1
Qcur-18,kernel_gemv_noshuffle_q4_0_f32,0.042100,1024x4x1,64x4x1,2048x1x1x1
Qcur_normed-18,kernel_rms_norm_mul,0.004600,2048x1x1,128x1x1,128x16x1x1
Qcur-18,kernel_rope_neox_f32,0.002800,1024x1x1,64x1x1,128x16x1x1
Vcur-18,kernel_gemv_noshuffle_q4_0_f32,0.031200,512x4x1,64x4x1,1024x1x1x1
Kcur-18,kernel_gemv_noshuffle_q4_0_f32,0.030700,512x4x1,64x4x1,1024x1x1x1
Kcur_normed-18,kernel_rms_norm_mul,0.003600,1024x1x1,128x1x1,128x8x1x1
Kcur-18,kernel_rope_neox_f32,0.002600,512x1x1,64x1x1,128x8x1x1
cache_k_l18 (view),kernel_set_rows_f16_i64,0.002900,1024x1x1,1024x1x1,1024x40192x1x1
cache_v_l18 (view),kernel_set_rows_f16_i64,0.002800,1024x1x1,1024x1x1,1024x40192x1x1
node_655,flash_attn_f32_f16_q1_vec,0.090800,256x16x0,256x1x0,128x16x1x1
node_657,kernel_gemv_noshuffle_q4_0_f32,0.041900,1024x4x1,64x4x1,2048x1x1x1
ffn_inp-18,kernel_add_row,0.002100,512x0x0,64x0x0,2048x1x1x1
ffn_norm-18,kernel_rms_norm_mul,0.005300,1024x1x1,1024x1x1,2048x1x1x1
ffn_gate-18,kernel_gemv_noshuffle_q4_0_f32,0.107400,3072x4x1,64x4x1,6144x1x1x1
ffn_up-18,kernel_gemv_noshuffle_q4_0_f32,0.109500,3072x4x1,64x4x1,6144x1x1x1
ffn_swiglu-18,kernel_swiglu,0.005900,512x1x1,512x1x1,6144x1x1x1
ffn_out-18,kernel_gemv_noshuffle_q4_0_f32,0.117500,1024x4x1,64x4x1,2048x1x1x1
l_out-18,kernel_add_row,0.002400,512x0x0,64x0x0,2048x1x1x1
attn_norm-19,kernel_rms_norm_mul,0.005400,1024x1x1,1024x1x1,2048x1x1x1
Qcur-19,kernel_gemv_noshuffle_q4_0_f32,0.041100,1024x4x1,64x4x1,2048x1x1x1
Qcur_normed-19,kernel_rms_norm_mul,0.004100,2048x1x1,128x1x1,128x16x1x1
Qcur-19,kernel_rope_neox_f32,0.002900,1024x1x1,64x1x1,128x16x1x1
Vcur-19,kernel_gemv_noshuffle_q4_0_f32,0.030900,512x4x1,64x4x1,1024x1x1x1
Kcur-19,kernel_gemv_noshuffle_q4_0_f32,0.030500,512x4x1,64x4x1,1024x1x1x1
Kcur_normed-19,kernel_rms_norm_mul,0.003500,1024x1x1,128x1x1,128x8x1x1
Kcur-19,kernel_rope_neox_f32,0.003100,512x1x1,64x1x1,128x8x1x1
cache_k_l19 (view),kernel_set_rows_f16_i64,0.002900,1024x1x1,1024x1x1,1024x40192x1x1
cache_v_l19 (view),kernel_set_rows_f16_i64,0.002900,1024x1x1,1024x1x1,1024x40192x1x1
node_690,flash_attn_f32_f16_q1_vec,0.091200,256x16x0,256x1x0,128x16x1x1
node_692,kernel_gemv_noshuffle_q4_0_f32,0.041300,1024x4x1,64x4x1,2048x1x1x1
ffn_inp-19,kernel_add_row,0.002100,512x0x0,64x0x0,2048x1x1x1
ffn_norm-19,kernel_rms_norm_mul,0.005500,1024x1x1,1024x1x1,2048x1x1x1
ffn_gate-19,kernel_gemv_noshuffle_q4_0_f32,0.108300,3072x4x1,64x4x1,6144x1x1x1
ffn_up-19,kernel_gemv_noshuffle_q4_0_f32,0.108400,3072x4x1,64x4x1,6144x1x1x1
ffn_swiglu-19,kernel_swiglu,0.006300,512x1x1,512x1x1,6144x1x1x1
ffn_out-19,kernel_gemv_noshuffle_q4_0_f32,0.117400,1024x4x1,64x4x1,2048x1x1x1
l_out-19,kernel_add_row,0.002000,512x0x0,64x0x0,2048x1x1x1
attn_norm-20,kernel_rms_norm_mul,0.005400,1024x1x1,1024x1x1,2048x1x1x1
Qcur-20,kernel_gemv_noshuffle_q4_0_f32,0.041800,1024x4x1,64x4x1,2048x1x1x1
Qcur_normed-20,kernel_rms_norm_mul,0.004100,2048x1x1,128x1x1,128x16x1x1
Qcur-20,kernel_rope_neox_f32,0.002900,1024x1x1,64x1x1,128x16x1x1
Vcur-20,kernel_gemv_noshuffle_q4_0_f32,0.032700,512x4x1,64x4x1,1024x1x1x1
Kcur-20,kernel_gemv_noshuffle_q4_0_f32,0.030800,512x4x1,64x4x1,1024x1x1x1
Kcur_normed-20,kernel_rms_norm_mul,0.003700,1024x1x1,128x1x1,128x8x1x1
Kcur-20,kernel_rope_neox_f32,0.002700,512x1x1,64x1x1,128x8x1x1
cache_k_l20 (view),kernel_set_rows_f16_i64,0.002800,1024x1x1,1024x1x1,1024x40192x1x1
cache_v_l20 (view),kernel_set_rows_f16_i64,0.002800,1024x1x1,1024x1x1,1024x40192x1x1
node_725,flash_attn_f32_f16_q1_vec,0.091200,256x16x0,256x1x0,128x16x1x1
node_727,kernel_gemv_noshuffle_q4_0_f32,0.041000,1024x4x1,64x4x1,2048x1x1x1
ffn_inp-20,kernel_add_row,0.002500,512x0x0,64x0x0,2048x1x1x1
ffn_norm-20,kernel_rms_norm_mul,0.005400,1024x1x1,1024x1x1,2048x1x1x1
ffn_gate-20,kernel_gemv_noshuffle_q4_0_f32,0.110300,3072x4x1,64x4x1,6144x1x1x1
ffn_up-20,kernel_gemv_noshuffle_q4_0_f32,0.108500,3072x4x1,64x4x1,6144x1x1x1
ffn_swiglu-20,kernel_swiglu,0.006100,512x1x1,512x1x1,6144x1x1x1
ffn_out-20,kernel_gemv_noshuffle_q4_0_f32,0.118100,1024x4x1,64x4x1,2048x1x1x1
l_out-20,kernel_add_row,0.002200,512x0x0,64x0x0,2048x1x1x1
attn_norm-21,kernel_rms_norm_mul,0.005200,1024x1x1,1024x1x1,2048x1x1x1
Qcur-21,kernel_gemv_noshuffle_q4_0_f32,0.040500,1024x4x1,64x4x1,2048x1x1x1
Qcur_normed-21,kernel_rms_norm_mul,0.004300,2048x1x1,128x1x1,128x16x1x1
Qcur-21,kernel_rope_neox_f32,0.002900,1024x1x1,64x1x1,128x16x1x1
Vcur-21,kernel_gemv_noshuffle_q4_0_f32,0.031600,512x4x1,64x4x1,1024x1x1x1
Kcur-21,kernel_gemv_noshuffle_q4_0_f32,0.030700,512x4x1,64x4x1,1024x1x1x1
Kcur_normed-21,kernel_rms_norm_mul,0.003600,1024x1x1,128x1x1,128x8x1x1
Kcur-21,kernel_rope_neox_f32,0.002500,512x1x1,64x1x1,128x8x1x1
cache_k_l21 (view),kernel_set_rows_f16_i64,0.003100,1024x1x1,1024x1x1,1024x40192x1x1
cache_v_l21 (view),kernel_set_rows_f16_i64,0.003100,1024x1x1,1024x1x1,1024x40192x1x1
node_760,flash_attn_f32_f16_q1_vec,0.089500,256x16x0,256x1x0,128x16x1x1
node_762,kernel_gemv_noshuffle_q4_0_f32,0.041400,1024x4x1,64x4x1,2048x1x1x1
ffn_inp-21,kernel_add_row,0.002100,512x0x0,64x0x0,2048x1x1x1
ffn_norm-21,kernel_rms_norm_mul,0.005500,1024x1x1,1024x1x1,2048x1x1x1
ffn_gate-21,kernel_gemv_noshuffle_q4_0_f32,0.107600,3072x4x1,64x4x1,6144x1x1x1
ffn_up-21,kernel_gemv_noshuffle_q4_0_f32,0.111200,3072x4x1,64x4x1,6144x1x1x1
ffn_swiglu-21,kernel_swiglu,0.005900,512x1x1,512x1x1,6144x1x1x1
ffn_out-21,kernel_gemv_noshuffle_q4_0_f32,0.119900,1024x4x1,64x4x1,2048x1x1x1
l_out-21,kernel_add_row,0.002100,512x0x0,64x0x0,2048x1x1x1
attn_norm-22,kernel_rms_norm_mul,0.005300,1024x1x1,1024x1x1,2048x1x1x1
Qcur-22,kernel_gemv_noshuffle_q4_0_f32,0.042500,1024x4x1,64x4x1,2048x1x1x1
Qcur_normed-22,kernel_rms_norm_mul,0.004100,2048x1x1,128x1x1,128x16x1x1
Qcur-22,kernel_rope_neox_f32,0.003000,1024x1x1,64x1x1,128x16x1x1
Vcur-22,kernel_gemv_noshuffle_q4_0_f32,0.031000,512x4x1,64x4x1,1024x1x1x1
Kcur-22,kernel_gemv_noshuffle_q4_0_f32,0.031000,512x4x1,64x4x1,1024x1x1x1
Kcur_normed-22,kernel_rms_norm_mul,0.004100,1024x1x1,128x1x1,128x8x1x1
Kcur-22,kernel_rope_neox_f32,0.002600,512x1x1,64x1x1,128x8x1x1
cache_k_l22 (view),kernel_set_rows_f16_i64,0.002900,1024x1x1,1024x1x1,1024x40192x1x1
cache_v_l22 (view),kernel_set_rows_f16_i64,0.002900,1024x1x1,1024x1x1,1024x40192x1x1
node_795,flash_attn_f32_f16_q1_vec,0.091300,256x16x0,256x1x0,128x16x1x1
node_797,kernel_gemv_noshuffle_q4_0_f32,0.042900,1024x4x1,64x4x1,2048x1x1x1
ffn_inp-22,kernel_add_row,0.002200,512x0x0,64x0x0,2048x1x1x1
ffn_norm-22,kernel_rms_norm_mul,0.005200,1024x1x1,1024x1x1,2048x1x1x1
ffn_gate-22,kernel_gemv_noshuffle_q4_0_f32,0.112100,3072x4x1,64x4x1,6144x1x1x1
ffn_up-22,kernel_gemv_noshuffle_q4_0_f32,0.111000,3072x4x1,64x4x1,6144x1x1x1
ffn_swiglu-22,kernel_swiglu,0.006100,512x1x1,512x1x1,6144x1x1x1
ffn_out-22,kernel_gemv_noshuffle_q4_0_f32,0.119800,1024x4x1,64x4x1,2048x1x1x1
l_out-22,kernel_add_row,0.002000,512x0x0,64x0x0,2048x1x1x1
attn_norm-23,kernel_rms_norm_mul,0.005500,1024x1x1,1024x1x1,2048x1x1x1
Qcur-23,kernel_gemv_noshuffle_q4_0_f32,0.042000,1024x4x1,64x4x1,2048x1x1x1
Qcur_normed-23,kernel_rms_norm_mul,0.004000,2048x1x1,128x1x1,128x16x1x1
Qcur-23,kernel_rope_neox_f32,0.003100,1024x1x1,64x1x1,128x16x1x1
Vcur-23,kernel_gemv_noshuffle_q4_0_f32,0.031300,512x4x1,64x4x1,1024x1x1x1
Kcur-23,kernel_gemv_noshuffle_q4_0_f32,0.030800,512x4x1,64x4x1,1024x1x1x1
Kcur_normed-23,kernel_rms_norm_mul,0.003700,1024x1x1,128x1x1,128x8x1x1
Kcur-23,kernel_rope_neox_f32,0.002500,512x1x1,64x1x1,128x8x1x1
cache_k_l23 (view),kernel_set_rows_f16_i64,0.002800,1024x1x1,1024x1x1,1024x40192x1x1
cache_v_l23 (view),kernel_set_rows_f16_i64,0.002800,1024x1x1,1024x1x1,1024x40192x1x1
node_830,flash_attn_f32_f16_q1_vec,0.090700,256x16x0,256x1x0,128x16x1x1
node_832,kernel_gemv_noshuffle_q4_0_f32,0.043900,1024x4x1,64x4x1,2048x1x1x1
ffn_inp-23,kernel_add_row,0.002000,512x0x0,64x0x0,2048x1x1x1
ffn_norm-23,kernel_rms_norm_mul,0.005400,1024x1x1,1024x1x1,2048x1x1x1
ffn_gate-23,kernel_gemv_noshuffle_q4_0_f32,0.110000,3072x4x1,64x4x1,6144x1x1x1
ffn_up-23,kernel_gemv_noshuffle_q4_0_f32,0.110200,3072x4x1,64x4x1,6144x1x1x1
ffn_swiglu-23,kernel_swiglu,0.005800,512x1x1,512x1x1,6144x1x1x1
ffn_out-23,kernel_gemv_noshuffle_q4_0_f32,0.119600,1024x4x1,64x4x1,2048x1x1x1
l_out-23,kernel_add_row,0.002000,512x0x0,64x0x0,2048x1x1x1
attn_norm-24,kernel_rms_norm_mul,0.005700,1024x1x1,1024x1x1,2048x1x1x1
Qcur-24,kernel_gemv_noshuffle_q4_0_f32,0.042700,1024x4x1,64x4x1,2048x1x1x1
Qcur_normed-24,kernel_rms_norm_mul,0.004000,2048x1x1,128x1x1,128x16x1x1
Qcur-24,kernel_rope_neox_f32,0.002900,1024x1x1,64x1x1,128x16x1x1
Vcur-24,kernel_gemv_noshuffle_q4_0_f32,0.031700,512x4x1,64x4x1,1024x1x1x1
Kcur-24,kernel_gemv_noshuffle_q4_0_f32,0.031200,512x4x1,64x4x1,1024x1x1x1
Kcur_normed-24,kernel_rms_norm_mul,0.003500,1024x1x1,128x1x1,128x8x1x1
Kcur-24,kernel_rope_neox_f32,0.002500,512x1x1,64x1x1,128x8x1x1
cache_k_l24 (view),kernel_set_rows_f16_i64,0.003300,1024x1x1,1024x1x1,1024x40192x1x1
cache_v_l24 (view),kernel_set_rows_f16_i64,0.002900,1024x1x1,1024x1x1,1024x40192x1x1
node_865,flash_attn_f32_f16_q1_vec,0.089900,256x16x0,256x1x0,128x16x1x1
node_867,kernel_gemv_noshuffle_q4_0_f32,0.042500,1024x4x1,64x4x1,2048x1x1x1
ffn_inp-24,kernel_add_row,0.002000,512x0x0,64x0x0,2048x1x1x1
ffn_norm-24,kernel_rms_norm_mul,0.005500,1024x1x1,1024x1x1,2048x1x1x1
ffn_gate-24,kernel_gemv_noshuffle_q4_0_f32,0.112200,3072x4x1,64x4x1,6144x1x1x1
ffn_up-24,kernel_gemv_noshuffle_q4_0_f32,0.111400,3072x4x1,64x4x1,6144x1x1x1
ffn_swiglu-24,kernel_swiglu,0.005900,512x1x1,512x1x1,6144x1x1x1
ffn_out-24,kernel_gemv_noshuffle_q4_0_f32,0.119100,1024x4x1,64x4x1,2048x1x1x1
l_out-24,kernel_add_row,0.002300,512x0x0,64x0x0,2048x1x1x1
attn_norm-25,kernel_rms_norm_mul,0.005400,1024x1x1,1024x1x1,2048x1x1x1
Qcur-25,kernel_gemv_noshuffle_q4_0_f32,0.041600,1024x4x1,64x4x1,2048x1x1x1
Qcur_normed-25,kernel_rms_norm_mul,0.004100,2048x1x1,128x1x1,128x16x1x1
Qcur-25,kernel_rope_neox_f32,0.003400,1024x1x1,64x1x1,128x16x1x1
Vcur-25,kernel_gemv_noshuffle_q4_0_f32,0.031400,512x4x1,64x4x1,1024x1x1x1
Kcur-25,kernel_gemv_noshuffle_q4_0_f32,0.031400,512x4x1,64x4x1,1024x1x1x1
Kcur_normed-25,kernel_rms_norm_mul,0.003800,1024x1x1,128x1x1,128x8x1x1
Kcur-25,kernel_rope_neox_f32,0.002700,512x1x1,64x1x1,128x8x1x1
cache_k_l25 (view),kernel_set_rows_f16_i64,0.002800,1024x1x1,1024x1x1,1024x40192x1x1
cache_v_l25 (view),kernel_set_rows_f16_i64,0.002800,1024x1x1,1024x1x1,1024x40192x1x1
node_900,flash_attn_f32_f16_q1_vec,0.090400,256x16x0,256x1x0,128x16x1x1
node_902,kernel_gemv_noshuffle_q4_0_f32,0.042000,1024x4x1,64x4x1,2048x1x1x1
ffn_inp-25,kernel_add_row,0.002100,512x0x0,64x0x0,2048x1x1x1
ffn_norm-25,kernel_rms_norm_mul,0.005600,1024x1x1,1024x1x1,2048x1x1x1
ffn_gate-25,kernel_gemv_noshuffle_q4_0_f32,0.109600,3072x4x1,64x4x1,6144x1x1x1
ffn_up-25,kernel_gemv_noshuffle_q4_0_f32,0.110200,3072x4x1,64x4x1,6144x1x1x1
ffn_swiglu-25,kernel_swiglu,0.006000,512x1x1,512x1x1,6144x1x1x1
ffn_out-25,kernel_gemv_noshuffle_q4_0_f32,0.121000,1024x4x1,64x4x1,2048x1x1x1
l_out-25,kernel_add_row,0.002100,512x0x0,64x0x0,2048x1x1x1
attn_norm-26,kernel_rms_norm_mul,0.005200,1024x1x1,1024x1x1,2048x1x1x1
Qcur-26,kernel_gemv_noshuffle_q4_0_f32,0.042200,1024x4x1,64x4x1,2048x1x1x1
Qcur_normed-26,kernel_rms_norm_mul,0.004900,2048x1x1,128x1x1,128x16x1x1
Qcur-26,kernel_rope_neox_f32,0.003000,1024x1x1,64x1x1,128x16x1x1
Vcur-26,kernel_gemv_noshuffle_q4_0_f32,0.032200,512x4x1,64x4x1,1024x1x1x1
Kcur-26,kernel_gemv_noshuffle_q4_0_f32,0.030900,512x4x1,64x4x1,1024x1x1x1
Kcur_normed-26,kernel_rms_norm_mul,0.003500,1024x1x1,128x1x1,128x8x1x1
Kcur-26,kernel_rope_neox_f32,0.002500,512x1x1,64x1x1,128x8x1x1
cache_k_l26 (view),kernel_set_rows_f16_i64,0.002800,1024x1x1,1024x1x1,1024x40192x1x1
cache_v_l26 (view),kernel_set_rows_f16_i64,0.002900,1024x1x1,1024x1x1,1024x40192x1x1
node_935,flash_attn_f32_f16_q1_vec,0.090000,256x16x0,256x1x0,128x16x1x1
node_937,kernel_gemv_noshuffle_q4_0_f32,0.041700,1024x4x1,64x4x1,2048x1x1x1
ffn_inp-26,kernel_add_row,0.002100,512x0x0,64x0x0,2048x1x1x1
ffn_norm-26,kernel_rms_norm_mul,0.005300,1024x1x1,1024x1x1,2048x1x1x1
ffn_gate-26,kernel_gemv_noshuffle_q4_0_f32,0.109900,3072x4x1,64x4x1,6144x1x1x1
ffn_up-26,kernel_gemv_noshuffle_q4_0_f32,0.110400,3072x4x1,64x4x1,6144x1x1x1
ffn_swiglu-26,kernel_swiglu,0.006100,512x1x1,512x1x1,6144x1x1x1
ffn_out-26,kernel_gemv_noshuffle_q4_0_f32,0.120200,1024x4x1,64x4x1,2048x1x1x1
l_out-26,kernel_add_row,0.002400,512x0x0,64x0x0,2048x1x1x1
attn_norm-27,kernel_rms_norm_mul,0.005500,1024x1x1,1024x1x1,2048x1x1x1
Qcur-27,kernel_gemv_noshuffle_q4_0_f32,0.042000,1024x4x1,64x4x1,2048x1x1x1
Qcur_normed-27,kernel_rms_norm_mul,0.003900,2048x1x1,128x1x1,128x16x1x1
Qcur-27,kernel_rope_neox_f32,0.002900,1024x1x1,64x1x1,128x16x1x1
Vcur-27,kernel_gemv_noshuffle_q4_0_f32,0.031000,512x4x1,64x4x1,1024x1x1x1
Kcur-27,kernel_gemv_noshuffle_q4_0_f32,0.030100,512x4x1,64x4x1,1024x1x1x1
Kcur_normed-27,kernel_rms_norm_mul,0.003500,1024x1x1,128x1x1,128x8x1x1
Kcur-27,kernel_rope_neox_f32,0.002900,512x1x1,64x1x1,128x8x1x1
cache_k_l27 (view),kernel_set_rows_f16_i64,0.003000,1024x1x1,1024x1x1,1024x40192x1x1
cache_v_l27 (view),kernel_set_rows_f16_i64,0.002800,1024x1x1,1024x1x1,1024x40192x1x1
node_970,flash_attn_f32_f16_q1_vec,0.090100,256x16x0,256x1x0,128x16x1x1
node_972,kernel_gemv_noshuffle_q4_0_f32,0.042900,1024x4x1,64x4x1,2048x1x1x1
node_973,kernel_get_rows_f32,0.004100,1024x1x1,1024x1x1,2048x1x1x1
node_974,kernel_get_rows_f32,0.003900,1024x1x1,1024x1x1,2048x1x1x1
ffn_inp-27,kernel_add_row,0.002000,512x0x0,64x0x0,2048x1x1x1
ffn_norm-27,kernel_rms_norm_mul,0.007600,1024x1x1,1024x1x1,2048x1x1x1
ffn_gate-27,kernel_gemv_noshuffle_q4_0_f32,0.109100,3072x4x1,64x4x1,6144x1x1x1
ffn_up-27,kernel_gemv_noshuffle_q4_0_f32,0.110300,3072x4x1,64x4x1,6144x1x1x1
ffn_swiglu-27,kernel_swiglu,0.005900,512x1x1,512x1x1,6144x1x1x1
ffn_out-27,kernel_gemv_noshuffle_q4_0_f32,0.119500,1024x4x1,64x4x1,2048x1x1x1
l_out-27,kernel_add_row,0.002000,512x0x0,64x0x0,2048x1x1x1
result_norm,kernel_rms_norm_mul,0.005700,1024x1x1,1024x1x1,2048x1x1x1
result_output,kernel_mul_mv_q6_K_f32_flat,6.561400,303872x2x1,64x2x1,151936x1x1x1
attn_norm-0,kernel_rms_norm_mul,0.007600,1024x1x1,1024x1x1,2048x1x1x1
Qcur-0,kernel_gemv_noshuffle_q4_0_f32,0.044600,1024x4x1,64x4x1,2048x1x1x1
Qcur_normed-0,kernel_rms_norm_mul,0.004000,2048x1x1,128x1x1,128x16x1x1
Qcur-0,kernel_rope_neox_f32,0.002900,1024x1x1,64x1x1,128x16x1x1
Vcur-0,kernel_gemv_noshuffle_q4_0_f32,0.031400,512x4x1,64x4x1,1024x1x1x1
Kcur-0,kernel_gemv_noshuffle_q4_0_f32,0.030400,512x4x1,64x4x1,1024x1x1x1
Kcur_normed-0,kernel_rms_norm_mul,0.003500,1024x1x1,128x1x1,128x8x1x1
Kcur-0,kernel_rope_neox_f32,0.002600,512x1x1,64x1x1,128x8x1x1
cache_k_l0 (view),kernel_set_rows_f16_i64,0.003200,1024x1x1,1024x1x1,1024x40192x1x1
cache_v_l0 (view),kernel_set_rows_f16_i64,0.002800,1024x1x1,1024x1x1,1024x40192x1x1
node_25,flash_attn_f32_f16_q1_vec,0.089900,256x16x0,256x1x0,128x16x1x1
node_27,kernel_gemv_noshuffle_q4_0_f32,0.041300,1024x4x1,64x4x1,2048x1x1x1
ffn_inp-0,kernel_add_row,0.002300,512x0x0,64x0x0,2048x1x1x1
ffn_norm-0,kernel_rms_norm_mul,0.005500,1024x1x1,1024x1x1,2048x1x1x1
ffn_gate-0,kernel_gemv_noshuffle_q4_0_f32,0.108300,3072x4x1,64x4x1,6144x1x1x1
ffn_up-0,kernel_gemv_noshuffle_q4_0_f32,0.112800,3072x4x1,64x4x1,6144x1x1x1
ffn_swiglu-0,kernel_swiglu,0.006100,512x1x1,512x1x1,6144x1x1x1
ffn_out-0,kernel_gemv_noshuffle_q4_1_f32,0.126100,1024x4x1,64x4x1,2048x1x1x1
l_out-0,kernel_add_row,0.002100,512x0x0,64x0x0,2048x1x1x1
attn_norm-1,kernel_rms_norm_mul,0.005300,1024x1x1,1024x1x1,2048x1x1x1
Qcur-1,kernel_gemv_noshuffle_q4_0_f32,0.041800,1024x4x1,64x4x1,2048x1x1x1
Qcur_normed-1,kernel_rms_norm_mul,0.004300,2048x1x1,128x1x1,128x16x1x1
Qcur-1,kernel_rope_neox_f32,0.002800,1024x1x1,64x1x1,128x16x1x1
Vcur-1,kernel_gemv_noshuffle_q4_0_f32,0.031400,512x4x1,64x4x1,1024x1x1x1
Kcur-1,kernel_gemv_noshuffle_q4_0_f32,0.031300,512x4x1,64x4x1,1024x1x1x1
Kcur_normed-1,kernel_rms_norm_mul,0.003700,1024x1x1,128x1x1,128x8x1x1
Kcur-1,kernel_rope_neox_f32,0.002700,512x1x1,64x1x1,128x8x1x1
cache_k_l1 (view),kernel_set_rows_f16_i64,0.002700,1024x1x1,1024x1x1,1024x40192x1x1
cache_v_l1 (view),kernel_set_rows_f16_i64,0.002800,1024x1x1,1024x1x1,1024x40192x1x1
node_60,flash_attn_f32_f16_q1_vec,0.091500,256x16x0,256x1x0,128x16x1x1
node_62,kernel_gemv_noshuffle_q4_0_f32,0.042700,1024x4x1,64x4x1,2048x1x1x1
ffn_inp-1,kernel_add_row,0.002300,512x0x0,64x0x0,2048x1x1x1
ffn_norm-1,kernel_rms_norm_mul,0.005700,1024x1x1,1024x1x1,2048x1x1x1
ffn_gate-1,kernel_gemv_noshuffle_q4_0_f32,0.112700,3072x4x1,64x4x1,6144x1x1x1
ffn_up-1,kernel_gemv_noshuffle_q4_0_f32,0.109000,3072x4x1,64x4x1,6144x1x1x1
ffn_swiglu-1,kernel_swiglu,0.005800,512x1x1,512x1x1,6144x1x1x1
ffn_out-1,kernel_gemv_noshuffle_q4_1_f32,0.125300,1024x4x1,64x4x1,2048x1x1x1
l_out-1,kernel_add_row,0.002100,512x0x0,64x0x0,2048x1x1x1
attn_norm-2,kernel_rms_norm_mul,0.005200,1024x1x1,1024x1x1,2048x1x1x1
Qcur-2,kernel_gemv_noshuffle_q4_0_f32,0.041900,1024x4x1,64x4x1,2048x1x1x1
Qcur_normed-2,kernel_rms_norm_mul,0.004500,2048x1x1,128x1x1,128x16x1x1
Qcur-2,kernel_rope_neox_f32,0.002900,1024x1x1,64x1x1,128x16x1x1
Vcur-2,kernel_gemv_noshuffle_q4_0_f32,0.031000,512x4x1,64x4x1,1024x1x1x1
Kcur-2,kernel_gemv_noshuffle_q4_0_f32,0.030400,512x4x1,64x4x1,1024x1x1x1
Kcur_normed-2,kernel_rms_norm_mul,0.003600,1024x1x1,128x1x1,128x8x1x1
Kcur-2,kernel_rope_neox_f32,0.002600,512x1x1,64x1x1,128x8x1x1
cache_k_l2 (view),kernel_set_rows_f16_i64,0.002800,1024x1x1,1024x1x1,1024x40192x1x1
cache_v_l2 (view),kernel_set_rows_f16_i64,0.002900,1024x1x1,1024x1x1,1024x40192x1x1
node_95,flash_attn_f32_f16_q1_vec,0.089800,256x16x0,256x1x0,128x16x1x1
node_97,kernel_gemv_noshuffle_q4_0_f32,0.043100,1024x4x1,64x4x1,2048x1x1x1
ffn_inp-2,kernel_add_row,0.002200,512x0x0,64x0x0,2048x1x1x1
ffn_norm-2,kernel_rms_norm_mul,0.005300,1024x1x1,1024x1x1,2048x1x1x1
ffn_gate-2,kernel_gemv_noshuffle_q4_0_f32,0.110100,3072x4x1,64x4x1,6144x1x1x1
ffn_up-2,kernel_gemv_noshuffle_q4_0_f32,0.108800,3072x4x1,64x4x1,6144x1x1x1
ffn_swiglu-2,kernel_swiglu,0.005800,512x1x1,512x1x1,6144x1x1x1
ffn_out-2,kernel_gemv_noshuffle_q4_1_f32,0.126500,1024x4x1,64x4x1,2048x1x1x1
l_out-2,kernel_add_row,0.002400,512x0x0,64x0x0,2048x1x1x1
attn_norm-3,kernel_rms_norm_mul,0.005600,1024x1x1,1024x1x1,2048x1x1x1
Qcur-3,kernel_gemv_noshuffle_q4_0_f32,0.042100,1024x4x1,64x4x1,2048x1x1x1
Qcur_normed-3,kernel_rms_norm_mul,0.004100,2048x1x1,128x1x1,128x16x1x1
Qcur-3,kernel_rope_neox_f32,0.002800,1024x1x1,64x1x1,128x16x1x1
Vcur-3,kernel_gemv_noshuffle_q4_0_f32,0.030800,512x4x1,64x4x1,1024x1x1x1
Kcur-3,kernel_gemv_noshuffle_q4_0_f32,0.030600,512x4x1,64x4x1,1024x1x1x1
Kcur_normed-3,kernel_rms_norm_mul,0.003600,1024x1x1,128x1x1,128x8x1x1
Kcur-3,kernel_rope_neox_f32,0.004800,512x1x1,64x1x1,128x8x1x1
cache_k_l3 (view),kernel_set_rows_f16_i64,0.002900,1024x1x1,1024x1x1,1024x40192x1x1
cache_v_l3 (view),kernel_set_rows_f16_i64,0.002800,1024x1x1,1024x1x1,1024x40192x1x1
node_130,flash_attn_f32_f16_q1_vec,0.090200,256x16x0,256x1x0,128x16x1x1
node_132,kernel_gemv_noshuffle_q4_0_f32,0.043600,1024x4x1,64x4x1,2048x1x1x1
ffn_inp-3,kernel_add_row,0.002000,512x0x0,64x0x0,2048x1x1x1
ffn_norm-3,kernel_rms_norm_mul,0.005400,1024x1x1,1024x1x1,2048x1x1x1
ffn_gate-3,kernel_gemv_noshuffle_q4_0_f32,0.114000,3072x4x1,64x4x1,6144x1x1x1
ffn_up-3,kernel_gemv_noshuffle_q4_0_f32,0.116300,3072x4x1,64x4x1,6144x1x1x1
ffn_swiglu-3,kernel_swiglu,0.006200,512x1x1,512x1x1,6144x1x1x1
ffn_out-3,kernel_gemv_noshuffle_q4_0_f32,0.122700,1024x4x1,64x4x1,2048x1x1x1
l_out-3,kernel_add_row,0.002200,512x0x0,64x0x0,2048x1x1x1
attn_norm-4,kernel_rms_norm_mul,0.005400,1024x1x1,1024x1x1,2048x1x1x1
Qcur-4,kernel_gemv_noshuffle_q4_0_f32,0.042200,1024x4x1,64x4x1,2048x1x1x1
Qcur_normed-4,kernel_rms_norm_mul,0.004200,2048x1x1,128x1x1,128x16x1x1
Qcur-4,kernel_rope_neox_f32,0.002900,1024x1x1,64x1x1,128x16x1x1
Vcur-4,kernel_gemv_noshuffle_q4_0_f32,0.032100,512x4x1,64x4x1,1024x1x1x1
Kcur-4,kernel_gemv_noshuffle_q4_0_f32,0.030600,512x4x1,64x4x1,1024x1x1x1
Kcur_normed-4,kernel_rms_norm_mul,0.003800,1024x1x1,128x1x1,128x8x1x1
Kcur-4,kernel_rope_neox_f32,0.002600,512x1x1,64x1x1,128x8x1x1
cache_k_l4 (view),kernel_set_rows_f16_i64,0.002800,1024x1x1,1024x1x1,1024x40192x1x1
cache_v_l4 (view),kernel_set_rows_f16_i64,0.002800,1024x1x1,1024x1x1,1024x40192x1x1
node_165,flash_attn_f32_f16_q1_vec,0.090800,256x16x0,256x1x0,128x16x1x1
node_167,kernel_gemv_noshuffle_q4_0_f32,0.042100,1024x4x1,64x4x1,2048x1x1x1
ffn_inp-4,kernel_add_row,0.002300,512x0x0,64x0x0,2048x1x1x1
ffn_norm-4,kernel_rms_norm_mul,0.005400,1024x1x1,1024x1x1,2048x1x1x1
ffn_gate-4,kernel_gemv_noshuffle_q4_0_f32,0.111500,3072x4x1,64x4x1,6144x1x1x1
ffn_up-4,kernel_gemv_noshuffle_q4_0_f32,0.113000,3072x4x1,64x4x1,6144x1x1x1
ffn_swiglu-4,kernel_swiglu,0.006200,512x1x1,512x1x1,6144x1x1x1
ffn_out-4,kernel_gemv_noshuffle_q4_0_f32,0.120500,1024x4x1,64x4x1,2048x1x1x1
l_out-4,kernel_add_row,0.002000,512x0x0,64x0x0,2048x1x1x1
attn_norm-5,kernel_rms_norm_mul,0.005200,1024x1x1,1024x1x1,2048x1x1x1
Qcur-5,kernel_gemv_noshuffle_q4_0_f32,0.042500,1024x4x1,64x4x1,2048x1x1x1
Qcur_normed-5,kernel_rms_norm_mul,0.004400,2048x1x1,128x1x1,128x16x1x1
Qcur-5,kernel_rope_neox_f32,0.002900,1024x1x1,64x1x1,128x16x1x1
Vcur-5,kernel_gemv_noshuffle_q4_0_f32,0.031100,512x4x1,64x4x1,1024x1x1x1
Kcur-5,kernel_gemv_noshuffle_q4_0_f32,0.030600,512x4x1,64x4x1,1024x1x1x1
Kcur_normed-5,kernel_rms_norm_mul,0.003500,1024x1x1,128x1x1,128x8x1x1
Kcur-5,kernel_rope_neox_f32,0.002600,512x1x1,64x1x1,128x8x1x1
cache_k_l5 (view),kernel_set_rows_f16_i64,0.002900,1024x1x1,1024x1x1,1024x40192x1x1
cache_v_l5 (view),kernel_set_rows_f16_i64,0.003400,1024x1x1,1024x1x1,1024x40192x1x1
node_200,flash_attn_f32_f16_q1_vec,0.090400,256x16x0,256x1x0,128x16x1x1
node_202,kernel_gemv_noshuffle_q4_0_f32,0.042000,1024x4x1,64x4x1,2048x1x1x1
ffn_inp-5,kernel_add_row,0.002000,512x0x0,64x0x0,2048x1x1x1
ffn_norm-5,kernel_rms_norm_mul,0.005400,1024x1x1,1024x1x1,2048x1x1x1
ffn_gate-5,kernel_gemv_noshuffle_q4_0_f32,0.112500,3072x4x1,64x4x1,6144x1x1x1
ffn_up-5,kernel_gemv_noshuffle_q4_0_f32,0.111600,3072x4x1,64x4x1,6144x1x1x1
ffn_swiglu-5,kernel_swiglu,0.006000,512x1x1,512x1x1,6144x1x1x1
ffn_out-5,kernel_gemv_noshuffle_q4_0_f32,0.120300,1024x4x1,64x4x1,2048x1x1x1
l_out-5,kernel_add_row,0.002200,512x0x0,64x0x0,2048x1x1x1
attn_norm-6,kernel_rms_norm_mul,0.005500,1024x1x1,1024x1x1,2048x1x1x1
Qcur-6,kernel_gemv_noshuffle_q4_0_f32,0.043000,1024x4x1,64x4x1,2048x1x1x1
Qcur_normed-6,kernel_rms_norm_mul,0.003600,2048x1x1,128x1x1,128x16x1x1
Qcur-6,kernel_rope_neox_f32,0.002900,1024x1x1,64x1x1,128x16x1x1
Vcur-6,kernel_gemv_noshuffle_q4_0_f32,0.031100,512x4x1,64x4x1,1024x1x1x1
Kcur-6,kernel_gemv_noshuffle_q4_0_f32,0.030700,512x4x1,64x4x1,1024x1x1x1
Kcur_normed-6,kernel_rms_norm_mul,0.004200,1024x1x1,128x1x1,128x8x1x1
Kcur-6,kernel_rope_neox_f32,0.002600,512x1x1,64x1x1,128x8x1x1
cache_k_l6 (view),kernel_set_rows_f16_i64,0.002800,1024x1x1,1024x1x1,1024x40192x1x1
cache_v_l6 (view),kernel_set_rows_f16_i64,0.002800,1024x1x1,1024x1x1,1024x40192x1x1
node_235,flash_attn_f32_f16_q1_vec,0.091000,256x16x0,256x1x0,128x16x1x1
node_237,kernel_gemv_noshuffle_q4_0_f32,0.042200,1024x4x1,64x4x1,2048x1x1x1
ffn_inp-6,kernel_add_row,0.002100,512x0x0,64x0x0,2048x1x1x1
ffn_norm-6,kernel_rms_norm_mul,0.005300,1024x1x1,1024x1x1,2048x1x1x1
ffn_gate-6,kernel_gemv_noshuffle_q4_0_f32,0.115400,3072x4x1,64x4x1,6144x1x1x1
ffn_up-6,kernel_gemv_noshuffle_q4_0_f32,0.112500,3072x4x1,64x4x1,6144x1x1x1
ffn_swiglu-6,kernel_swiglu,0.006100,512x1x1,512x1x1,6144x1x1x1
ffn_out-6,kernel_gemv_noshuffle_q4_0_f32,0.122000,1024x4x1,64x4x1,2048x1x1x1
l_out-6,kernel_add_row,0.002000,512x0x0,64x0x0,2048x1x1x1
attn_norm-7,kernel_rms_norm_mul,0.005300,1024x1x1,1024x1x1,2048x1x1x1
Qcur-7,kernel_gemv_noshuffle_q4_0_f32,0.042600,1024x4x1,64x4x1,2048x1x1x1
Qcur_normed-7,kernel_rms_norm_mul,0.003600,2048x1x1,128x1x1,128x16x1x1
Qcur-7,kernel_rope_neox_f32,0.003100,1024x1x1,64x1x1,128x16x1x1
Vcur-7,kernel_gemv_noshuffle_q4_0_f32,0.031300,512x4x1,64x4x1,1024x1x1x1
Kcur-7,kernel_gemv_noshuffle_q4_0_f32,0.031300,512x4x1,64x4x1,1024x1x1x1
Kcur_normed-7,kernel_rms_norm_mul,0.003700,1024x1x1,128x1x1,128x8x1x1
Kcur-7,kernel_rope_neox_f32,0.002500,512x1x1,64x1x1,128x8x1x1
cache_k_l7 (view),kernel_set_rows_f16_i64,0.002900,1024x1x1,1024x1x1,1024x40192x1x1
cache_v_l7 (view),kernel_set_rows_f16_i64,0.002900,1024x1x1,1024x1x1,1024x40192x1x1
node_270,flash_attn_f32_f16_q1_vec,0.090500,256x16x0,256x1x0,128x16x1x1
node_272,kernel_gemv_noshuffle_q4_0_f32,0.043400,1024x4x1,64x4x1,2048x1x1x1
ffn_inp-7,kernel_add_row,0.002100,512x0x0,64x0x0,2048x1x1x1
ffn_norm-7,kernel_rms_norm_mul,0.005500,1024x1x1,1024x1x1,2048x1x1x1
ffn_gate-7,kernel_gemv_noshuffle_q4_0_f32,0.109100,3072x4x1,64x4x1,6144x1x1x1
ffn_up-7,kernel_gemv_noshuffle_q4_0_f32,0.108400,3072x4x1,64x4x1,6144x1x1x1
ffn_swiglu-7,kernel_swiglu,0.005600,512x1x1,512x1x1,6144x1x1x1
ffn_out-7,kernel_gemv_noshuffle_q4_0_f32,0.121300,1024x4x1,64x4x1,2048x1x1x1
l_out-7,kernel_add_row,0.002100,512x0x0,64x0x0,2048x1x1x1
attn_norm-8,kernel_rms_norm_mul,0.005600,1024x1x1,1024x1x1,2048x1x1x1
Qcur-8,kernel_gemv_noshuffle_q4_0_f32,0.042400,1024x4x1,64x4x1,2048x1x1x1
Qcur_normed-8,kernel_rms_norm_mul,0.004000,2048x1x1,128x1x1,128x16x1x1
Qcur-8,kernel_rope_neox_f32,0.002800,1024x1x1,64x1x1,128x16x1x1
Vcur-8,kernel_gemv_noshuffle_q4_0_f32,0.031300,512x4x1,64x4x1,1024x1x1x1
Kcur-8,kernel_gemv_noshuffle_q4_0_f32,0.031000,512x4x1,64x4x1,1024x1x1x1
Kcur_normed-8,kernel_rms_norm_mul,0.003600,1024x1x1,128x1x1,128x8x1x1
Kcur-8,kernel_rope_neox_f32,0.002600,512x1x1,64x1x1,128x8x1x1
cache_k_l8 (view),kernel_set_rows_f16_i64,0.003300,1024x1x1,1024x1x1,1024x40192x1x1
cache_v_l8 (view),kernel_set_rows_f16_i64,0.003000,1024x1x1,1024x1x1,1024x40192x1x1
node_305,flash_attn_f32_f16_q1_vec,0.090800,256x16x0,256x1x0,128x16x1x1
node_307,kernel_gemv_noshuffle_q4_0_f32,0.043900,1024x4x1,64x4x1,2048x1x1x1
ffn_inp-8,kernel_add_row,0.002000,512x0x0,64x0x0,2048x1x1x1
ffn_norm-8,kernel_rms_norm_mul,0.005500,1024x1x1,1024x1x1,2048x1x1x1
ffn_gate-8,kernel_gemv_noshuffle_q4_0_f32,0.108500,3072x4x1,64x4x1,6144x1x1x1
ffn_up-8,kernel_gemv_noshuffle_q4_0_f32,0.109800,3072x4x1,64x4x1,6144x1x1x1
ffn_swiglu-8,kernel_swiglu,0.006000,512x1x1,512x1x1,6144x1x1x1
ffn_out-8,kernel_gemv_noshuffle_q4_0_f32,0.118000,1024x4x1,64x4x1,2048x1x1x1
l_out-8,kernel_add_row,0.002100,512x0x0,64x0x0,2048x1x1x1
attn_norm-9,kernel_rms_norm_mul,0.005600,1024x1x1,1024x1x1,2048x1x1x1
Qcur-9,kernel_gemv_noshuffle_q4_0_f32,0.041700,1024x4x1,64x4x1,2048x1x1x1
Qcur_normed-9,kernel_rms_norm_mul,0.004200,2048x1x1,128x1x1,128x16x1x1
Qcur-9,kernel_rope_neox_f32,0.003000,1024x1x1,64x1x1,128x16x1x1
Vcur-9,kernel_gemv_noshuffle_q4_0_f32,0.031100,512x4x1,64x4x1,1024x1x1x1
Kcur-9,kernel_gemv_noshuffle_q4_0_f32,0.031500,512x4x1,64x4x1,1024x1x1x1
Kcur_normed-9,kernel_rms_norm_mul,0.003700,1024x1x1,128x1x1,128x8x1x1
Kcur-9,kernel_rope_neox_f32,0.002700,512x1x1,64x1x1,128x8x1x1
cache_k_l9 (view),kernel_set_rows_f16_i64,0.002800,1024x1x1,1024x1x1,1024x40192x1x1
cache_v_l9 (view),kernel_set_rows_f16_i64,0.002900,1024x1x1,1024x1x1,1024x40192x1x1
node_340,flash_attn_f32_f16_q1_vec,0.090200,256x16x0,256x1x0,128x16x1x1
node_342,kernel_gemv_noshuffle_q4_0_f32,0.041700,1024x4x1,64x4x1,2048x1x1x1
ffn_inp-9,kernel_add_row,0.002100,512x0x0,64x0x0,2048x1x1x1
ffn_norm-9,kernel_rms_norm_mul,0.005700,1024x1x1,1024x1x1,2048x1x1x1
ffn_gate-9,kernel_gemv_noshuffle_q4_0_f32,0.109100,3072x4x1,64x4x1,6144x1x1x1
ffn_up-9,kernel_gemv_noshuffle_q4_0_f32,0.109300,3072x4x1,64x4x1,6144x1x1x1
ffn_swiglu-9,kernel_swiglu,0.006200,512x1x1,512x1x1,6144x1x1x1
ffn_out-9,kernel_gemv_noshuffle_q4_0_f32,0.120500,1024x4x1,64x4x1,2048x1x1x1
l_out-9,kernel_add_row,0.002200,512x0x0,64x0x0,2048x1x1x1
attn_norm-10,kernel_rms_norm_mul,0.005300,1024x1x1,1024x1x1,2048x1x1x1
Qcur-10,kernel_gemv_noshuffle_q4_0_f32,0.041800,1024x4x1,64x4x1,2048x1x1x1
Qcur_normed-10,kernel_rms_norm_mul,0.004000,2048x1x1,128x1x1,128x16x1x1
Qcur-10,kernel_rope_neox_f32,0.002900,1024x1x1,64x1x1,128x16x1x1
Vcur-10,kernel_gemv_noshuffle_q4_0_f32,0.031600,512x4x1,64x4x1,1024x1x1x1
Kcur-10,kernel_gemv_noshuffle_q4_0_f32,0.031500,512x4x1,64x4x1,1024x1x1x1
Kcur_normed-10,kernel_rms_norm_mul,0.003600,1024x1x1,128x1x1,128x8x1x1
Kcur-10,kernel_rope_neox_f32,0.002500,512x1x1,64x1x1,128x8x1x1
cache_k_l10 (view),kernel_set_rows_f16_i64,0.002900,1024x1x1,1024x1x1,1024x40192x1x1
cache_v_l10 (view),kernel_set_rows_f16_i64,0.002800,1024x1x1,1024x1x1,1024x40192x1x1
node_375,flash_attn_f32_f16_q1_vec,0.089700,256x16x0,256x1x0,128x16x1x1
node_377,kernel_gemv_noshuffle_q4_0_f32,0.041700,1024x4x1,64x4x1,2048x1x1x1
ffn_inp-10,kernel_add_row,0.002100,512x0x0,64x0x0,2048x1x1x1
ffn_norm-10,kernel_rms_norm_mul,0.005400,1024x1x1,1024x1x1,2048x1x1x1
ffn_gate-10,kernel_gemv_noshuffle_q4_0_f32,0.108100,3072x4x1,64x4x1,6144x1x1x1
ffn_up-10,kernel_gemv_noshuffle_q4_0_f32,0.109700,3072x4x1,64x4x1,6144x1x1x1
ffn_swiglu-10,kernel_swiglu,0.005900,512x1x1,512x1x1,6144x1x1x1
ffn_out-10,kernel_gemv_noshuffle_q4_0_f32,0.119000,1024x4x1,64x4x1,2048x1x1x1
l_out-10,kernel_add_row,0.002400,512x0x0,64x0x0,2048x1x1x1
attn_norm-11,kernel_rms_norm_mul,0.005400,1024x1x1,1024x1x1,2048x1x1x1
Qcur-11,kernel_gemv_noshuffle_q4_0_f32,0.041400,1024x4x1,64x4x1,2048x1x1x1
Qcur_normed-11,kernel_rms_norm_mul,0.004300,2048x1x1,128x1x1,128x16x1x1
Qcur-11,kernel_rope_neox_f32,0.002800,1024x1x1,64x1x1,128x16x1x1
Vcur-11,kernel_gemv_noshuffle_q4_0_f32,0.031200,512x4x1,64x4x1,1024x1x1x1
Kcur-11,kernel_gemv_noshuffle_q4_0_f32,0.031100,512x4x1,64x4x1,1024x1x1x1
Kcur_normed-11,kernel_rms_norm_mul,0.003500,1024x1x1,128x1x1,128x8x1x1
Kcur-11,kernel_rope_neox_f32,0.002900,512x1x1,64x1x1,128x8x1x1
cache_k_l11 (view),kernel_set_rows_f16_i64,0.002800,1024x1x1,1024x1x1,1024x40192x1x1
cache_v_l11 (view),kernel_set_rows_f16_i64,0.002900,1024x1x1,1024x1x1,1024x40192x1x1
node_410,flash_attn_f32_f16_q1_vec,0.090900,256x16x0,256x1x0,128x16x1x1
node_412,kernel_gemv_noshuffle_q4_0_f32,0.041800,1024x4x1,64x4x1,2048x1x1x1
ffn_inp-11,kernel_add_row,0.002100,512x0x0,64x0x0,2048x1x1x1
ffn_norm-11,kernel_rms_norm_mul,0.005300,1024x1x1,1024x1x1,2048x1x1x1
ffn_gate-11,kernel_gemv_noshuffle_q4_0_f32,0.109400,3072x4x1,64x4x1,6144x1x1x1
ffn_up-11,kernel_gemv_noshuffle_q4_0_f32,0.110500,3072x4x1,64x4x1,6144x1x1x1
ffn_swiglu-11,kernel_swiglu,0.006000,512x1x1,512x1x1,6144x1x1x1
ffn_out-11,kernel_gemv_noshuffle_q4_0_f32,0.121500,1024x4x1,64x4x1,2048x1x1x1
l_out-11,kernel_add_row,0.002100,512x0x0,64x0x0,2048x1x1x1
attn_norm-12,kernel_rms_norm_mul,0.005600,1024x1x1,1024x1x1,2048x1x1x1
Qcur-12,kernel_gemv_noshuffle_q4_0_f32,0.042700,1024x4x1,64x4x1,2048x1x1x1
Qcur_normed-12,kernel_rms_norm_mul,0.004100,2048x1x1,128x1x1,128x16x1x1
Qcur-12,kernel_rope_neox_f32,0.003100,1024x1x1,64x1x1,128x16x1x1
Vcur-12,kernel_gemv_noshuffle_q4_0_f32,0.031200,512x4x1,64x4x1,1024x1x1x1
Kcur-12,kernel_gemv_noshuffle_q4_0_f32,0.030500,512x4x1,64x4x1,1024x1x1x1
Kcur_normed-12,kernel_rms_norm_mul,0.003800,1024x1x1,128x1x1,128x8x1x1
Kcur-12,kernel_rope_neox_f32,0.002700,512x1x1,64x1x1,128x8x1x1
cache_k_l12 (view),kernel_set_rows_f16_i64,0.002800,1024x1x1,1024x1x1,1024x40192x1x1
cache_v_l12 (view),kernel_set_rows_f16_i64,0.002800,1024x1x1,1024x1x1,1024x40192x1x1
node_445,flash_attn_f32_f16_q1_vec,0.090500,256x16x0,256x1x0,128x16x1x1
node_447,kernel_gemv_noshuffle_q4_0_f32,0.041600,1024x4x1,64x4x1,2048x1x1x1
ffn_inp-12,kernel_add_row,0.002300,512x0x0,64x0x0,2048x1x1x1
ffn_norm-12,kernel_rms_norm_mul,0.005300,1024x1x1,1024x1x1,2048x1x1x1
ffn_gate-12,kernel_gemv_noshuffle_q4_0_f32,0.106700,3072x4x1,64x4x1,6144x1x1x1
ffn_up-12,kernel_gemv_noshuffle_q4_0_f32,0.107000,3072x4x1,64x4x1,6144x1x1x1
ffn_swiglu-12,kernel_swiglu,0.005800,512x1x1,512x1x1,6144x1x1x1
ffn_out-12,kernel_gemv_noshuffle_q4_0_f32,0.116200,1024x4x1,64x4x1,2048x1x1x1
l_out-12,kernel_add_row,0.002100,512x0x0,64x0x0,2048x1x1x1
attn_norm-13,kernel_rms_norm_mul,0.005200,1024x1x1,1024x1x1,2048x1x1x1
Qcur-13,kernel_gemv_noshuffle_q4_0_f32,0.042300,1024x4x1,64x4x1,2048x1x1x1
Qcur_normed-13,kernel_rms_norm_mul,0.004500,2048x1x1,128x1x1,128x16x1x1
Qcur-13,kernel_rope_neox_f32,0.003000,1024x1x1,64x1x1,128x16x1x1
Vcur-13,kernel_gemv_noshuffle_q4_0_f32,0.032300,512x4x1,64x4x1,1024x1x1x1
Kcur-13,kernel_gemv_noshuffle_q4_0_f32,0.031000,512x4x1,64x4x1,1024x1x1x1
Kcur_normed-13,kernel_rms_norm_mul,0.003600,1024x1x1,128x1x1,128x8x1x1
Kcur-13,kernel_rope_neox_f32,0.002600,512x1x1,64x1x1,128x8x1x1
cache_k_l13 (view),kernel_set_rows_f16_i64,0.002900,1024x1x1,1024x1x1,1024x40192x1x1
cache_v_l13 (view),kernel_set_rows_f16_i64,0.003200,1024x1x1,1024x1x1,1024x40192x1x1
node_480,flash_attn_f32_f16_q1_vec,0.089500,256x16x0,256x1x0,128x16x1x1
node_482,kernel_gemv_noshuffle_q4_0_f32,0.041100,1024x4x1,64x4x1,2048x1x1x1
ffn_inp-13,kernel_add_row,0.002100,512x0x0,64x0x0,2048x1x1x1
ffn_norm-13,kernel_rms_norm_mul,0.005400,1024x1x1,1024x1x1,2048x1x1x1
ffn_gate-13,kernel_gemv_noshuffle_q4_0_f32,0.106300,3072x4x1,64x4x1,6144x1x1x1
ffn_up-13,kernel_gemv_noshuffle_q4_0_f32,0.107200,3072x4x1,64x4x1,6144x1x1x1
ffn_swiglu-13,kernel_swiglu,0.005900,512x1x1,512x1x1,6144x1x1x1
ffn_out-13,kernel_gemv_noshuffle_q4_0_f32,0.122400,1024x4x1,64x4x1,2048x1x1x1
l_out-13,kernel_add_row,0.002100,512x0x0,64x0x0,2048x1x1x1
attn_norm-14,kernel_rms_norm_mul,0.005400,1024x1x1,1024x1x1,2048x1x1x1
Qcur-14,kernel_gemv_noshuffle_q4_0_f32,0.041600,1024x4x1,64x4x1,2048x1x1x1
Qcur_normed-14,kernel_rms_norm_mul,0.004200,2048x1x1,128x1x1,128x16x1x1
Qcur-14,kernel_rope_neox_f32,0.002900,1024x1x1,64x1x1,128x16x1x1
Vcur-14,kernel_gemv_noshuffle_q4_0_f32,0.031200,512x4x1,64x4x1,1024x1x1x1
Kcur-14,kernel_gemv_noshuffle_q4_0_f32,0.030800,512x4x1,64x4x1,1024x1x1x1
Kcur_normed-14,kernel_rms_norm_mul,0.004000,1024x1x1,128x1x1,128x8x1x1
Kcur-14,kernel_rope_neox_f32,0.002700,512x1x1,64x1x1,128x8x1x1
cache_k_l14 (view),kernel_set_rows_f16_i64,0.003000,1024x1x1,1024x1x1,1024x40192x1x1
cache_v_l14 (view),kernel_set_rows_f16_i64,0.002800,1024x1x1,1024x1x1,1024x40192x1x1
node_515,flash_attn_f32_f16_q1_vec,0.090700,256x16x0,256x1x0,128x16x1x1
node_517,kernel_gemv_noshuffle_q4_0_f32,0.041600,1024x4x1,64x4x1,2048x1x1x1
ffn_inp-14,kernel_add_row,0.002200,512x0x0,64x0x0,2048x1x1x1
ffn_norm-14,kernel_rms_norm_mul,0.005200,1024x1x1,1024x1x1,2048x1x1x1
ffn_gate-14,kernel_gemv_noshuffle_q4_0_f32,0.106700,3072x4x1,64x4x1,6144x1x1x1
ffn_up-14,kernel_gemv_noshuffle_q4_0_f32,0.108400,3072x4x1,64x4x1,6144x1x1x1
ffn_swiglu-14,kernel_swiglu,0.006000,512x1x1,512x1x1,6144x1x1x1
ffn_out-14,kernel_gemv_noshuffle_q4_0_f32,0.118100,1024x4x1,64x4x1,2048x1x1x1
l_out-14,kernel_add_row,0.002100,512x0x0,64x0x0,2048x1x1x1
attn_norm-15,kernel_rms_norm_mul,0.005400,1024x1x1,1024x1x1,2048x1x1x1
Qcur-15,kernel_gemv_noshuffle_q4_0_f32,0.041800,1024x4x1,64x4x1,2048x1x1x1
Qcur_normed-15,kernel_rms_norm_mul,0.003600,2048x1x1,128x1x1,128x16x1x1
Qcur-15,kernel_rope_neox_f32,0.003000,1024x1x1,64x1x1,128x16x1x1
Vcur-15,kernel_gemv_noshuffle_q4_0_f32,0.031400,512x4x1,64x4x1,1024x1x1x1
Kcur-15,kernel_gemv_noshuffle_q4_0_f32,0.030800,512x4x1,64x4x1,1024x1x1x1
Kcur_normed-15,kernel_rms_norm_mul,0.003600,1024x1x1,128x1x1,128x8x1x1
Kcur-15,kernel_rope_neox_f32,0.002500,512x1x1,64x1x1,128x8x1x1
cache_k_l15 (view),kernel_set_rows_f16_i64,0.003100,1024x1x1,1024x1x1,1024x40192x1x1
cache_v_l15 (view),kernel_set_rows_f16_i64,0.002800,1024x1x1,1024x1x1,1024x40192x1x1
node_550,flash_attn_f32_f16_q1_vec,0.090300,256x16x0,256x1x0,128x16x1x1
node_552,kernel_gemv_noshuffle_q4_0_f32,0.041500,1024x4x1,64x4x1,2048x1x1x1
ffn_inp-15,kernel_add_row,0.002000,512x0x0,64x0x0,2048x1x1x1
ffn_norm-15,kernel_rms_norm_mul,0.005300,1024x1x1,1024x1x1,2048x1x1x1
ffn_gate-15,kernel_gemv_noshuffle_q4_0_f32,0.107000,3072x4x1,64x4x1,6144x1x1x1
ffn_up-15,kernel_gemv_noshuffle_q4_0_f32,0.105500,3072x4x1,64x4x1,6144x1x1x1
ffn_swiglu-15,kernel_swiglu,0.006000,512x1x1,512x1x1,6144x1x1x1
ffn_out-15,kernel_gemv_noshuffle_q4_0_f32,0.118000,1024x4x1,64x4x1,2048x1x1x1
l_out-15,kernel_add_row,0.002300,512x0x0,64x0x0,2048x1x1x1
attn_norm-16,kernel_rms_norm_mul,0.005600,1024x1x1,1024x1x1,2048x1x1x1
Qcur-16,kernel_gemv_noshuffle_q4_0_f32,0.042000,1024x4x1,64x4x1,2048x1x1x1
Qcur_normed-16,kernel_rms_norm_mul,0.003600,2048x1x1,128x1x1,128x16x1x1
Qcur-16,kernel_rope_neox_f32,0.002900,1024x1x1,64x1x1,128x16x1x1
Vcur-16,kernel_gemv_noshuffle_q4_0_f32,0.031100,512x4x1,64x4x1,1024x1x1x1
Kcur-16,kernel_gemv_noshuffle_q4_0_f32,0.030600,512x4x1,64x4x1,1024x1x1x1
Kcur_normed-16,kernel_rms_norm_mul,0.003500,1024x1x1,128x1x1,128x8x1x1
Kcur-16,kernel_rope_neox_f32,0.002500,512x1x1,64x1x1,128x8x1x1
cache_k_l16 (view),kernel_set_rows_f16_i64,0.003300,1024x1x1,1024x1x1,1024x40192x1x1
cache_v_l16 (view),kernel_set_rows_f16_i64,0.002900,1024x1x1,1024x1x1,1024x40192x1x1
node_585,flash_attn_f32_f16_q1_vec,0.091400,256x16x0,256x1x0,128x16x1x1
node_587,kernel_gemv_noshuffle_q4_0_f32,0.041400,1024x4x1,64x4x1,2048x1x1x1
ffn_inp-16,kernel_add_row,0.002100,512x0x0,64x0x0,2048x1x1x1
ffn_norm-16,kernel_rms_norm_mul,0.005400,1024x1x1,1024x1x1,2048x1x1x1
ffn_gate-16,kernel_gemv_noshuffle_q4_0_f32,0.106400,3072x4x1,64x4x1,6144x1x1x1
ffn_up-16,kernel_gemv_noshuffle_q4_0_f32,0.107100,3072x4x1,64x4x1,6144x1x1x1
ffn_swiglu-16,kernel_swiglu,0.006100,512x1x1,512x1x1,6144x1x1x1
ffn_out-16,kernel_gemv_noshuffle_q4_0_f32,0.117500,1024x4x1,64x4x1,2048x1x1x1
l_out-16,kernel_add_row,0.002100,512x0x0,64x0x0,2048x1x1x1
attn_norm-17,kernel_rms_norm_mul,0.005300,1024x1x1,1024x1x1,2048x1x1x1
Qcur-17,kernel_gemv_noshuffle_q4_0_f32,0.041200,1024x4x1,64x4x1,2048x1x1x1
Qcur_normed-17,kernel_rms_norm_mul,0.004200,2048x1x1,128x1x1,128x16x1x1
Qcur-17,kernel_rope_neox_f32,0.003100,1024x1x1,64x1x1,128x16x1x1
Vcur-17,kernel_gemv_noshuffle_q4_0_f32,0.031500,512x4x1,64x4x1,1024x1x1x1
Kcur-17,kernel_gemv_noshuffle_q4_0_f32,0.031300,512x4x1,64x4x1,1024x1x1x1
Kcur_normed-17,kernel_rms_norm_mul,0.003700,1024x1x1,128x1x1,128x8x1x1
Kcur-17,kernel_rope_neox_f32,0.002700,512x1x1,64x1x1,128x8x1x1
cache_k_l17 (view),kernel_set_rows_f16_i64,0.002800,1024x1x1,1024x1x1,1024x40192x1x1
cache_v_l17 (view),kernel_set_rows_f16_i64,0.002800,1024x1x1,1024x1x1,1024x40192x1x1
node_620,flash_attn_f32_f16_q1_vec,0.090500,256x16x0,256x1x0,128x16x1x1
node_622,kernel_gemv_noshuffle_q4_0_f32,0.042000,1024x4x1,64x4x1,2048x1x1x1
ffn_inp-17,kernel_add_row,0.002100,512x0x0,64x0x0,2048x1x1x1
ffn_norm-17,kernel_rms_norm_mul,0.005500,1024x1x1,1024x1x1,2048x1x1x1
ffn_gate-17,kernel_gemv_noshuffle_q4_0_f32,0.109100,3072x4x1,64x4x1,6144x1x1x1
ffn_up-17,kernel_gemv_noshuffle_q4_0_f32,0.109400,3072x4x1,64x4x1,6144x1x1x1
ffn_swiglu-17,kernel_swiglu,0.006200,512x1x1,512x1x1,6144x1x1x1
ffn_out-17,kernel_gemv_noshuffle_q4_0_f32,0.122700,1024x4x1,64x4x1,2048x1x1x1
l_out-17,kernel_add_row,0.002300,512x0x0,64x0x0,2048x1x1x1
attn_norm-18,kernel_rms_norm_mul,0.005200,1024x1x1,1024x1x1,2048x1x1x1
Qcur-18,kernel_gemv_noshuffle_q4_0_f32,0.041500,1024x4x1,64x4x1,2048x1x1x1
Qcur_normed-18,kernel_rms_norm_mul,0.004700,2048x1x1,128x1x1,128x16x1x1
Qcur-18,kernel_rope_neox_f32,0.002900,1024x1x1,64x1x1,128x16x1x1
Vcur-18,kernel_gemv_noshuffle_q4_0_f32,0.031500,512x4x1,64x4x1,1024x1x1x1
Kcur-18,kernel_gemv_noshuffle_q4_0_f32,0.030500,512x4x1,64x4x1,1024x1x1x1
Kcur_normed-18,kernel_rms_norm_mul,0.003400,1024x1x1,128x1x1,128x8x1x1
Kcur-18,kernel_rope_neox_f32,0.002500,512x1x1,64x1x1,128x8x1x1
cache_k_l18 (view),kernel_set_rows_f16_i64,0.002900,1024x1x1,1024x1x1,1024x40192x1x1
cache_v_l18 (view),kernel_set_rows_f16_i64,0.002800,1024x1x1,1024x1x1,1024x40192x1x1
node_655,flash_attn_f32_f16_q1_vec,0.090600,256x16x0,256x1x0,128x16x1x1
node_657,kernel_gemv_noshuffle_q4_0_f32,0.041700,1024x4x1,64x4x1,2048x1x1x1
ffn_inp-18,kernel_add_row,0.002100,512x0x0,64x0x0,2048x1x1x1
ffn_norm-18,kernel_rms_norm_mul,0.005400,1024x1x1,1024x1x1,2048x1x1x1
ffn_gate-18,kernel_gemv_noshuffle_q4_0_f32,0.112000,3072x4x1,64x4x1,6144x1x1x1
ffn_up-18,kernel_gemv_noshuffle_q4_0_f32,0.111100,3072x4x1,64x4x1,6144x1x1x1
ffn_swiglu-18,kernel_swiglu,0.006100,512x1x1,512x1x1,6144x1x1x1
ffn_out-18,kernel_gemv_noshuffle_q4_0_f32,0.118800,1024x4x1,64x4x1,2048x1x1x1
l_out-18,kernel_add_row,0.002300,512x0x0,64x0x0,2048x1x1x1
attn_norm-19,kernel_rms_norm_mul,0.005400,1024x1x1,1024x1x1,2048x1x1x1
Qcur-19,kernel_gemv_noshuffle_q4_0_f32,0.041200,1024x4x1,64x4x1,2048x1x1x1
Qcur_normed-19,kernel_rms_norm_mul,0.003600,2048x1x1,128x1x1,128x16x1x1
Qcur-19,kernel_rope_neox_f32,0.003000,1024x1x1,64x1x1,128x16x1x1
Vcur-19,kernel_gemv_noshuffle_q4_0_f32,0.031800,512x4x1,64x4x1,1024x1x1x1
Kcur-19,kernel_gemv_noshuffle_q4_0_f32,0.031500,512x4x1,64x4x1,1024x1x1x1
Kcur_normed-19,kernel_rms_norm_mul,0.003600,1024x1x1,128x1x1,128x8x1x1
Kcur-19,kernel_rope_neox_f32,0.002900,512x1x1,64x1x1,128x8x1x1
cache_k_l19 (view),kernel_set_rows_f16_i64,0.002700,1024x1x1,1024x1x1,1024x40192x1x1
cache_v_l19 (view),kernel_set_rows_f16_i64,0.002800,1024x1x1,1024x1x1,1024x40192x1x1
node_690,flash_attn_f32_f16_q1_vec,0.091200,256x16x0,256x1x0,128x16x1x1
node_692,kernel_gemv_noshuffle_q4_0_f32,0.041700,1024x4x1,64x4x1,2048x1x1x1
ffn_inp-19,kernel_add_row,0.002200,512x0x0,64x0x0,2048x1x1x1
ffn_norm-19,kernel_rms_norm_mul,0.005500,1024x1x1,1024x1x1,2048x1x1x1
ffn_gate-19,kernel_gemv_noshuffle_q4_0_f32,0.111600,3072x4x1,64x4x1,6144x1x1x1
ffn_up-19,kernel_gemv_noshuffle_q4_0_f32,0.109800,3072x4x1,64x4x1,6144x1x1x1
ffn_swiglu-19,kernel_swiglu,0.005900,512x1x1,512x1x1,6144x1x1x1
ffn_out-19,kernel_gemv_noshuffle_q4_0_f32,0.117200,1024x4x1,64x4x1,2048x1x1x1
l_out-19,kernel_add_row,0.002100,512x0x0,64x0x0,2048x1x1x1
attn_norm-20,kernel_rms_norm_mul,0.005400,1024x1x1,1024x1x1,2048x1x1x1
Qcur-20,kernel_gemv_noshuffle_q4_0_f32,0.041600,1024x4x1,64x4x1,2048x1x1x1
Qcur_normed-20,kernel_rms_norm_mul,0.004000,2048x1x1,128x1x1,128x16x1x1
Qcur-20,kernel_rope_neox_f32,0.003000,1024x1x1,64x1x1,128x16x1x1
Vcur-20,kernel_gemv_noshuffle_q4_0_f32,0.032100,512x4x1,64x4x1,1024x1x1x1
Kcur-20,kernel_gemv_noshuffle_q4_0_f32,0.030700,512x4x1,64x4x1,1024x1x1x1
Kcur_normed-20,kernel_rms_norm_mul,0.003700,1024x1x1,128x1x1,128x8x1x1
Kcur-20,kernel_rope_neox_f32,0.002800,512x1x1,64x1x1,128x8x1x1
cache_k_l20 (view),kernel_set_rows_f16_i64,0.002800,1024x1x1,1024x1x1,1024x40192x1x1
cache_v_l20 (view),kernel_set_rows_f16_i64,0.002800,1024x1x1,1024x1x1,1024x40192x1x1
node_725,flash_attn_f32_f16_q1_vec,0.091400,256x16x0,256x1x0,128x16x1x1
node_727,kernel_gemv_noshuffle_q4_0_f32,0.040300,1024x4x1,64x4x1,2048x1x1x1
ffn_inp-20,kernel_add_row,0.002400,512x0x0,64x0x0,2048x1x1x1
ffn_norm-20,kernel_rms_norm_mul,0.005400,1024x1x1,1024x1x1,2048x1x1x1
ffn_gate-20,kernel_gemv_noshuffle_q4_0_f32,0.108100,3072x4x1,64x4x1,6144x1x1x1
ffn_up-20,kernel_gemv_noshuffle_q4_0_f32,0.107700,3072x4x1,64x4x1,6144x1x1x1
ffn_swiglu-20,kernel_swiglu,0.006200,512x1x1,512x1x1,6144x1x1x1
ffn_out-20,kernel_gemv_noshuffle_q4_0_f32,0.117400,1024x4x1,64x4x1,2048x1x1x1
l_out-20,kernel_add_row,0.002200,512x0x0,64x0x0,2048x1x1x1
attn_norm-21,kernel_rms_norm_mul,0.005200,1024x1x1,1024x1x1,2048x1x1x1
Qcur-21,kernel_gemv_noshuffle_q4_0_f32,0.041200,1024x4x1,64x4x1,2048x1x1x1
Qcur_normed-21,kernel_rms_norm_mul,0.004300,2048x1x1,128x1x1,128x16x1x1
Qcur-21,kernel_rope_neox_f32,0.003000,1024x1x1,64x1x1,128x16x1x1
Vcur-21,kernel_gemv_noshuffle_q4_0_f32,0.031400,512x4x1,64x4x1,1024x1x1x1
Kcur-21,kernel_gemv_noshuffle_q4_0_f32,0.030900,512x4x1,64x4x1,1024x1x1x1
Kcur_normed-21,kernel_rms_norm_mul,0.003500,1024x1x1,128x1x1,128x8x1x1
Kcur-21,kernel_rope_neox_f32,0.002500,512x1x1,64x1x1,128x8x1x1
cache_k_l21 (view),kernel_set_rows_f16_i64,0.002900,1024x1x1,1024x1x1,1024x40192x1x1
cache_v_l21 (view),kernel_set_rows_f16_i64,0.003100,1024x1x1,1024x1x1,1024x40192x1x1
node_760,flash_attn_f32_f16_q1_vec,0.090200,256x16x0,256x1x0,128x16x1x1
node_762,kernel_gemv_noshuffle_q4_0_f32,0.040900,1024x4x1,64x4x1,2048x1x1x1
ffn_inp-21,kernel_add_row,0.002000,512x0x0,64x0x0,2048x1x1x1
ffn_norm-21,kernel_rms_norm_mul,0.005500,1024x1x1,1024x1x1,2048x1x1x1
ffn_gate-21,kernel_gemv_noshuffle_q4_0_f32,0.104900,3072x4x1,64x4x1,6144x1x1x1
ffn_up-21,kernel_gemv_noshuffle_q4_0_f32,0.107900,3072x4x1,64x4x1,6144x1x1x1
ffn_swiglu-21,kernel_swiglu,0.005800,512x1x1,512x1x1,6144x1x1x1
ffn_out-21,kernel_gemv_noshuffle_q4_0_f32,0.119000,1024x4x1,64x4x1,2048x1x1x1
l_out-21,kernel_add_row,0.002100,512x0x0,64x0x0,2048x1x1x1
attn_norm-22,kernel_rms_norm_mul,0.005500,1024x1x1,1024x1x1,2048x1x1x1
Qcur-22,kernel_gemv_noshuffle_q4_0_f32,0.042100,1024x4x1,64x4x1,2048x1x1x1
Qcur_normed-22,kernel_rms_norm_mul,0.003600,2048x1x1,128x1x1,128x16x1x1
Qcur-22,kernel_rope_neox_f32,0.002900,1024x1x1,64x1x1,128x16x1x1
Vcur-22,kernel_gemv_noshuffle_q4_0_f32,0.030800,512x4x1,64x4x1,1024x1x1x1
Kcur-22,kernel_gemv_noshuffle_q4_0_f32,0.030700,512x4x1,64x4x1,1024x1x1x1
Kcur_normed-22,kernel_rms_norm_mul,0.005900,1024x1x1,128x1x1,128x8x1x1
Kcur-22,kernel_rope_neox_f32,0.002700,512x1x1,64x1x1,128x8x1x1
cache_k_l22 (view),kernel_set_rows_f16_i64,0.002800,1024x1x1,1024x1x1,1024x40192x1x1
cache_v_l22 (view),kernel_set_rows_f16_i64,0.002800,1024x1x1,1024x1x1,1024x40192x1x1
node_795,flash_attn_f32_f16_q1_vec,0.090700,256x16x0,256x1x0,128x16x1x1
node_797,kernel_gemv_noshuffle_q4_0_f32,0.042100,1024x4x1,64x4x1,2048x1x1x1
ffn_inp-22,kernel_add_row,0.002000,512x0x0,64x0x0,2048x1x1x1
ffn_norm-22,kernel_rms_norm_mul,0.005900,1024x1x1,1024x1x1,2048x1x1x1
ffn_gate-22,kernel_gemv_noshuffle_q4_0_f32,0.109000,3072x4x1,64x4x1,6144x1x1x1
ffn_up-22,kernel_gemv_noshuffle_q4_0_f32,0.109500,3072x4x1,64x4x1,6144x1x1x1
ffn_swiglu-22,kernel_swiglu,0.005700,512x1x1,512x1x1,6144x1x1x1
ffn_out-22,kernel_gemv_noshuffle_q4_0_f32,0.119700,1024x4x1,64x4x1,2048x1x1x1
l_out-22,kernel_add_row,0.002100,512x0x0,64x0x0,2048x1x1x1
attn_norm-23,kernel_rms_norm_mul,0.005400,1024x1x1,1024x1x1,2048x1x1x1
Qcur-23,kernel_gemv_noshuffle_q4_0_f32,0.041900,1024x4x1,64x4x1,2048x1x1x1
Qcur_normed-23,kernel_rms_norm_mul,0.003900,2048x1x1,128x1x1,128x16x1x1
Qcur-23,kernel_rope_neox_f32,0.003100,1024x1x1,64x1x1,128x16x1x1
Vcur-23,kernel_gemv_noshuffle_q4_0_f32,0.031400,512x4x1,64x4x1,1024x1x1x1
Kcur-23,kernel_gemv_noshuffle_q4_0_f32,0.031100,512x4x1,64x4x1,1024x1x1x1
Kcur_normed-23,kernel_rms_norm_mul,0.003700,1024x1x1,128x1x1,128x8x1x1
Kcur-23,kernel_rope_neox_f32,0.002400,512x1x1,64x1x1,128x8x1x1
cache_k_l23 (view),kernel_set_rows_f16_i64,0.002900,1024x1x1,1024x1x1,1024x40192x1x1
cache_v_l23 (view),kernel_set_rows_f16_i64,0.002800,1024x1x1,1024x1x1,1024x40192x1x1
node_830,flash_attn_f32_f16_q1_vec,0.091300,256x16x0,256x1x0,128x16x1x1
node_832,kernel_gemv_noshuffle_q4_0_f32,0.043200,1024x4x1,64x4x1,2048x1x1x1
ffn_inp-23,kernel_add_row,0.002100,512x0x0,64x0x0,2048x1x1x1
ffn_norm-23,kernel_rms_norm_mul,0.005300,1024x1x1,1024x1x1,2048x1x1x1
ffn_gate-23,kernel_gemv_noshuffle_q4_0_f32,0.109300,3072x4x1,64x4x1,6144x1x1x1
ffn_up-23,kernel_gemv_noshuffle_q4_0_f32,0.111800,3072x4x1,64x4x1,6144x1x1x1
ffn_swiglu-23,kernel_swiglu,0.006000,512x1x1,512x1x1,6144x1x1x1
ffn_out-23,kernel_gemv_noshuffle_q4_0_f32,0.120300,1024x4x1,64x4x1,2048x1x1x1
l_out-23,kernel_add_row,0.002100,512x0x0,64x0x0,2048x1x1x1
attn_norm-24,kernel_rms_norm_mul,0.005900,1024x1x1,1024x1x1,2048x1x1x1
Qcur-24,kernel_gemv_noshuffle_q4_0_f32,0.042500,1024x4x1,64x4x1,2048x1x1x1
Qcur_normed-24,kernel_rms_norm_mul,0.003500,2048x1x1,128x1x1,128x16x1x1
Qcur-24,kernel_rope_neox_f32,0.003000,1024x1x1,64x1x1,128x16x1x1
Vcur-24,kernel_gemv_noshuffle_q4_0_f32,0.030900,512x4x1,64x4x1,1024x1x1x1
Kcur-24,kernel_gemv_noshuffle_q4_0_f32,0.031500,512x4x1,64x4x1,1024x1x1x1
Kcur_normed-24,kernel_rms_norm_mul,0.003600,1024x1x1,128x1x1,128x8x1x1
Kcur-24,kernel_rope_neox_f32,0.002500,512x1x1,64x1x1,128x8x1x1
cache_k_l24 (view),kernel_set_rows_f16_i64,0.003600,1024x1x1,1024x1x1,1024x40192x1x1
cache_v_l24 (view),kernel_set_rows_f16_i64,0.002900,1024x1x1,1024x1x1,1024x40192x1x1
node_865,flash_attn_f32_f16_q1_vec,0.090500,256x16x0,256x1x0,128x16x1x1
node_867,kernel_gemv_noshuffle_q4_0_f32,0.041700,1024x4x1,64x4x1,2048x1x1x1
ffn_inp-24,kernel_add_row,0.002000,512x0x0,64x0x0,2048x1x1x1
ffn_norm-24,kernel_rms_norm_mul,0.005400,1024x1x1,1024x1x1,2048x1x1x1
ffn_gate-24,kernel_gemv_noshuffle_q4_0_f32,0.110100,3072x4x1,64x4x1,6144x1x1x1
ffn_up-24,kernel_gemv_noshuffle_q4_0_f32,0.109300,3072x4x1,64x4x1,6144x1x1x1
ffn_swiglu-24,kernel_swiglu,0.005900,512x1x1,512x1x1,6144x1x1x1
ffn_out-24,kernel_gemv_noshuffle_q4_0_f32,0.123300,1024x4x1,64x4x1,2048x1x1x1
l_out-24,kernel_add_row,0.002100,512x0x0,64x0x0,2048x1x1x1
attn_norm-25,kernel_rms_norm_mul,0.005300,1024x1x1,1024x1x1,2048x1x1x1
Qcur-25,kernel_gemv_noshuffle_q4_0_f32,0.043300,1024x4x1,64x4x1,2048x1x1x1
Qcur_normed-25,kernel_rms_norm_mul,0.004000,2048x1x1,128x1x1,128x16x1x1
Qcur-25,kernel_rope_neox_f32,0.002900,1024x1x1,64x1x1,128x16x1x1
Vcur-25,kernel_gemv_noshuffle_q4_0_f32,0.031900,512x4x1,64x4x1,1024x1x1x1
Kcur-25,kernel_gemv_noshuffle_q4_0_f32,0.031400,512x4x1,64x4x1,1024x1x1x1
Kcur_normed-25,kernel_rms_norm_mul,0.003800,1024x1x1,128x1x1,128x8x1x1
Kcur-25,kernel_rope_neox_f32,0.002700,512x1x1,64x1x1,128x8x1x1
cache_k_l25 (view),kernel_set_rows_f16_i64,0.002800,1024x1x1,1024x1x1,1024x40192x1x1
cache_v_l25 (view),kernel_set_rows_f16_i64,0.003000,1024x1x1,1024x1x1,1024x40192x1x1
node_900,flash_attn_f32_f16_q1_vec,0.091400,256x16x0,256x1x0,128x16x1x1
node_902,kernel_gemv_noshuffle_q4_0_f32,0.045400,1024x4x1,64x4x1,2048x1x1x1
ffn_inp-25,kernel_add_row,0.002200,512x0x0,64x0x0,2048x1x1x1
ffn_norm-25,kernel_rms_norm_mul,0.005700,1024x1x1,1024x1x1,2048x1x1x1
ffn_gate-25,kernel_gemv_noshuffle_q4_0_f32,0.113900,3072x4x1,64x4x1,6144x1x1x1
ffn_up-25,kernel_gemv_noshuffle_q4_0_f32,0.110700,3072x4x1,64x4x1,6144x1x1x1
ffn_swiglu-25,kernel_swiglu,0.006100,512x1x1,512x1x1,6144x1x1x1
ffn_out-25,kernel_gemv_noshuffle_q4_0_f32,0.122400,1024x4x1,64x4x1,2048x1x1x1
l_out-25,kernel_add_row,0.002200,512x0x0,64x0x0,2048x1x1x1
attn_norm-26,kernel_rms_norm_mul,0.005200,1024x1x1,1024x1x1,2048x1x1x1
Qcur-26,kernel_gemv_noshuffle_q4_0_f32,0.043300,1024x4x1,64x4x1,2048x1x1x1
Qcur_normed-26,kernel_rms_norm_mul,0.004500,2048x1x1,128x1x1,128x16x1x1
Qcur-26,kernel_rope_neox_f32,0.002800,1024x1x1,64x1x1,128x16x1x1
Vcur-26,kernel_gemv_noshuffle_q4_0_f32,0.031900,512x4x1,64x4x1,1024x1x1x1
Kcur-26,kernel_gemv_noshuffle_q4_0_f32,0.031200,512x4x1,64x4x1,1024x1x1x1
Kcur_normed-26,kernel_rms_norm_mul,0.003500,1024x1x1,128x1x1,128x8x1x1
Kcur-26,kernel_rope_neox_f32,0.002500,512x1x1,64x1x1,128x8x1x1
cache_k_l26 (view),kernel_set_rows_f16_i64,0.003000,1024x1x1,1024x1x1,1024x40192x1x1
cache_v_l26 (view),kernel_set_rows_f16_i64,0.002800,1024x1x1,1024x1x1,1024x40192x1x1
node_935,flash_attn_f32_f16_q1_vec,0.090600,256x16x0,256x1x0,128x16x1x1
node_937,kernel_gemv_noshuffle_q4_0_f32,0.042400,1024x4x1,64x4x1,2048x1x1x1
ffn_inp-26,kernel_add_row,0.002100,512x0x0,64x0x0,2048x1x1x1
ffn_norm-26,kernel_rms_norm_mul,0.005300,1024x1x1,1024x1x1,2048x1x1x1
ffn_gate-26,kernel_gemv_noshuffle_q4_0_f32,0.109300,3072x4x1,64x4x1,6144x1x1x1
ffn_up-26,kernel_gemv_noshuffle_q4_0_f32,0.109100,3072x4x1,64x4x1,6144x1x1x1
ffn_swiglu-26,kernel_swiglu,0.005700,512x1x1,512x1x1,6144x1x1x1
ffn_out-26,kernel_gemv_noshuffle_q4_0_f32,0.120100,1024x4x1,64x4x1,2048x1x1x1
l_out-26,kernel_add_row,0.002600,512x0x0,64x0x0,2048x1x1x1
attn_norm-27,kernel_rms_norm_mul,0.005500,1024x1x1,1024x1x1,2048x1x1x1
Qcur-27,kernel_gemv_noshuffle_q4_0_f32,0.041800,1024x4x1,64x4x1,2048x1x1x1
Qcur_normed-27,kernel_rms_norm_mul,0.004000,2048x1x1,128x1x1,128x16x1x1
Qcur-27,kernel_rope_neox_f32,0.002800,1024x1x1,64x1x1,128x16x1x1
Vcur-27,kernel_gemv_noshuffle_q4_0_f32,0.031200,512x4x1,64x4x1,1024x1x1x1
Kcur-27,kernel_gemv_noshuffle_q4_0_f32,0.030400,512x4x1,64x4x1,1024x1x1x1
Kcur_normed-27,kernel_rms_norm_mul,0.003500,1024x1x1,128x1x1,128x8x1x1
Kcur-27,kernel_rope_neox_f32,0.003100,512x1x1,64x1x1,128x8x1x1
cache_k_l27 (view),kernel_set_rows_f16_i64,0.002700,1024x1x1,1024x1x1,1024x40192x1x1
cache_v_l27 (view),kernel_set_rows_f16_i64,0.002800,1024x1x1,1024x1x1,1024x40192x1x1
node_970,flash_attn_f32_f16_q1_vec,0.090300,256x16x0,256x1x0,128x16x1x1
node_972,kernel_gemv_noshuffle_q4_0_f32,0.043000,1024x4x1,64x4x1,2048x1x1x1
node_973,kernel_get_rows_f32,0.004200,1024x1x1,1024x1x1,2048x1x1x1
node_974,kernel_get_rows_f32,0.004300,1024x1x1,1024x1x1,2048x1x1x1
ffn_inp-27,kernel_add_row,0.002000,512x0x0,64x0x0,2048x1x1x1
ffn_norm-27,kernel_rms_norm_mul,0.005800,1024x1x1,1024x1x1,2048x1x1x1
ffn_gate-27,kernel_gemv_noshuffle_q4_0_f32,0.111500,3072x4x1,64x4x1,6144x1x1x1
ffn_up-27,kernel_gemv_noshuffle_q4_0_f32,0.111000,3072x4x1,64x4x1,6144x1x1x1
ffn_swiglu-27,kernel_swiglu,0.006100,512x1x1,512x1x1,6144x1x1x1
ffn_out-27,kernel_gemv_noshuffle_q4_0_f32,0.120600,1024x4x1,64x4x1,2048x1x1x1
l_out-27,kernel_add_row,0.002200,512x0x0,64x0x0,2048x1x1x1
result_norm,kernel_rms_norm_mul,0.005700,1024x1x1,1024x1x1,2048x1x1x1
result_output,kernel_mul_mv_q6_K_f32_flat,7.034600,303872x2x1,64x2x1,151936x1x1x1
attn_norm-0,kernel_rms_norm_mul,0.007500,1024x1x1,1024x1x1,2048x1x1x1
Qcur-0,kernel_gemv_noshuffle_q4_0_f32,0.046900,1024x4x1,64x4x1,2048x1x1x1
Qcur_normed-0,kernel_rms_norm_mul,0.004000,2048x1x1,128x1x1,128x16x1x1
Qcur-0,kernel_rope_neox_f32,0.003000,1024x1x1,64x1x1,128x16x1x1
Vcur-0,kernel_gemv_noshuffle_q4_0_f32,0.031100,512x4x1,64x4x1,1024x1x1x1
Kcur-0,kernel_gemv_noshuffle_q4_0_f32,0.030700,512x4x1,64x4x1,1024x1x1x1
Kcur_normed-0,kernel_rms_norm_mul,0.003500,1024x1x1,128x1x1,128x8x1x1
Kcur-0,kernel_rope_neox_f32,0.002500,512x1x1,64x1x1,128x8x1x1
cache_k_l0 (view),kernel_set_rows_f16_i64,0.003300,1024x1x1,1024x1x1,1024x40192x1x1
cache_v_l0 (view),kernel_set_rows_f16_i64,0.002800,1024x1x1,1024x1x1,1024x40192x1x1
node_25,flash_attn_f32_f16_q1_vec,0.090000,256x16x0,256x1x0,128x16x1x1
node_27,kernel_gemv_noshuffle_q4_0_f32,0.044000,1024x4x1,64x4x1,2048x1x1x1
ffn_inp-0,kernel_add_row,0.002100,512x0x0,64x0x0,2048x1x1x1
ffn_norm-0,kernel_rms_norm_mul,0.005300,1024x1x1,1024x1x1,2048x1x1x1
ffn_gate-0,kernel_gemv_noshuffle_q4_0_f32,0.108400,3072x4x1,64x4x1,6144x1x1x1
ffn_up-0,kernel_gemv_noshuffle_q4_0_f32,0.112700,3072x4x1,64x4x1,6144x1x1x1
ffn_swiglu-0,kernel_swiglu,0.006500,512x1x1,512x1x1,6144x1x1x1
ffn_out-0,kernel_gemv_noshuffle_q4_1_f32,0.127600,1024x4x1,64x4x1,2048x1x1x1
l_out-0,kernel_add_row,0.002100,512x0x0,64x0x0,2048x1x1x1
attn_norm-1,kernel_rms_norm_mul,0.005300,1024x1x1,1024x1x1,2048x1x1x1
Qcur-1,kernel_gemv_noshuffle_q4_0_f32,0.042500,1024x4x1,64x4x1,2048x1x1x1
Qcur_normed-1,kernel_rms_norm_mul,0.003500,2048x1x1,128x1x1,128x16x1x1
Qcur-1,kernel_rope_neox_f32,0.002800,1024x1x1,64x1x1,128x16x1x1
Vcur-1,kernel_gemv_noshuffle_q4_0_f32,0.031200,512x4x1,64x4x1,1024x1x1x1
Kcur-1,kernel_gemv_noshuffle_q4_0_f32,0.031600,512x4x1,64x4x1,1024x1x1x1
Kcur_normed-1,kernel_rms_norm_mul,0.003700,1024x1x1,128x1x1,128x8x1x1
Kcur-1,kernel_rope_neox_f32,0.002700,512x1x1,64x1x1,128x8x1x1
cache_k_l1 (view),kernel_set_rows_f16_i64,0.002800,1024x1x1,1024x1x1,1024x40192x1x1
cache_v_l1 (view),kernel_set_rows_f16_i64,0.002700,1024x1x1,1024x1x1,1024x40192x1x1
node_60,flash_attn_f32_f16_q1_vec,0.090300,256x16x0,256x1x0,128x16x1x1
node_62,kernel_gemv_noshuffle_q4_0_f32,0.041600,1024x4x1,64x4x1,2048x1x1x1
ffn_inp-1,kernel_add_row,0.002100,512x0x0,64x0x0,2048x1x1x1
ffn_norm-1,kernel_rms_norm_mul,0.005700,1024x1x1,1024x1x1,2048x1x1x1
ffn_gate-1,kernel_gemv_noshuffle_q4_0_f32,0.109300,3072x4x1,64x4x1,6144x1x1x1
ffn_up-1,kernel_gemv_noshuffle_q4_0_f32,0.109200,3072x4x1,64x4x1,6144x1x1x1
ffn_swiglu-1,kernel_swiglu,0.006000,512x1x1,512x1x1,6144x1x1x1
ffn_out-1,kernel_gemv_noshuffle_q4_1_f32,0.126900,1024x4x1,64x4x1,2048x1x1x1
l_out-1,kernel_add_row,0.002100,512x0x0,64x0x0,2048x1x1x1
attn_norm-2,kernel_rms_norm_mul,0.005300,1024x1x1,1024x1x1,2048x1x1x1
Qcur-2,kernel_gemv_noshuffle_q4_0_f32,0.042300,1024x4x1,64x4x1,2048x1x1x1
Qcur_normed-2,kernel_rms_norm_mul,0.004500,2048x1x1,128x1x1,128x16x1x1
Qcur-2,kernel_rope_neox_f32,0.002900,1024x1x1,64x1x1,128x16x1x1
Vcur-2,kernel_gemv_noshuffle_q4_0_f32,0.031500,512x4x1,64x4x1,1024x1x1x1
Kcur-2,kernel_gemv_noshuffle_q4_0_f32,0.030100,512x4x1,64x4x1,1024x1x1x1
Kcur_normed-2,kernel_rms_norm_mul,0.003500,1024x1x1,128x1x1,128x8x1x1
Kcur-2,kernel_rope_neox_f32,0.002600,512x1x1,64x1x1,128x8x1x1
cache_k_l2 (view),kernel_set_rows_f16_i64,0.002900,1024x1x1,1024x1x1,1024x40192x1x1
cache_v_l2 (view),kernel_set_rows_f16_i64,0.003000,1024x1x1,1024x1x1,1024x40192x1x1
node_95,flash_attn_f32_f16_q1_vec,0.090300,256x16x0,256x1x0,128x16x1x1
node_97,kernel_gemv_noshuffle_q4_0_f32,0.041700,1024x4x1,64x4x1,2048x1x1x1
ffn_inp-2,kernel_add_row,0.002100,512x0x0,64x0x0,2048x1x1x1
ffn_norm-2,kernel_rms_norm_mul,0.005300,1024x1x1,1024x1x1,2048x1x1x1
ffn_gate-2,kernel_gemv_noshuffle_q4_0_f32,0.107500,3072x4x1,64x4x1,6144x1x1x1
ffn_up-2,kernel_gemv_noshuffle_q4_0_f32,0.109900,3072x4x1,64x4x1,6144x1x1x1
ffn_swiglu-2,kernel_swiglu,0.005900,512x1x1,512x1x1,6144x1x1x1
ffn_out-2,kernel_gemv_noshuffle_q4_1_f32,0.125300,1024x4x1,64x4x1,2048x1x1x1
l_out-2,kernel_add_row,0.002500,512x0x0,64x0x0,2048x1x1x1
attn_norm-3,kernel_rms_norm_mul,0.005300,1024x1x1,1024x1x1,2048x1x1x1
Qcur-3,kernel_gemv_noshuffle_q4_0_f32,0.042500,1024x4x1,64x4x1,2048x1x1x1
Qcur_normed-3,kernel_rms_norm_mul,0.004000,2048x1x1,128x1x1,128x16x1x1
Qcur-3,kernel_rope_neox_f32,0.002900,1024x1x1,64x1x1,128x16x1x1
Vcur-3,kernel_gemv_noshuffle_q4_0_f32,0.032000,512x4x1,64x4x1,1024x1x1x1
Kcur-3,kernel_gemv_noshuffle_q4_0_f32,0.030500,512x4x1,64x4x1,1024x1x1x1
Kcur_normed-3,kernel_rms_norm_mul,0.003700,1024x1x1,128x1x1,128x8x1x1
Kcur-3,kernel_rope_neox_f32,0.003000,512x1x1,64x1x1,128x8x1x1
cache_k_l3 (view),kernel_set_rows_f16_i64,0.002800,1024x1x1,1024x1x1,1024x40192x1x1
cache_v_l3 (view),kernel_set_rows_f16_i64,0.002800,1024x1x1,1024x1x1,1024x40192x1x1
node_130,flash_attn_f32_f16_q1_vec,0.090300,256x16x0,256x1x0,128x16x1x1
node_132,kernel_gemv_noshuffle_q4_0_f32,0.042200,1024x4x1,64x4x1,2048x1x1x1
ffn_inp-3,kernel_add_row,0.002000,512x0x0,64x0x0,2048x1x1x1
ffn_norm-3,kernel_rms_norm_mul,0.005400,1024x1x1,1024x1x1,2048x1x1x1
ffn_gate-3,kernel_gemv_noshuffle_q4_0_f32,0.110700,3072x4x1,64x4x1,6144x1x1x1
ffn_up-3,kernel_gemv_noshuffle_q4_0_f32,0.108900,3072x4x1,64x4x1,6144x1x1x1
ffn_swiglu-3,kernel_swiglu,0.005800,512x1x1,512x1x1,6144x1x1x1
ffn_out-3,kernel_gemv_noshuffle_q4_0_f32,0.121100,1024x4x1,64x4x1,2048x1x1x1
l_out-3,kernel_add_row,0.002100,512x0x0,64x0x0,2048x1x1x1
attn_norm-4,kernel_rms_norm_mul,0.005400,1024x1x1,1024x1x1,2048x1x1x1
Qcur-4,kernel_gemv_noshuffle_q4_0_f32,0.041900,1024x4x1,64x4x1,2048x1x1x1
Qcur_normed-4,kernel_rms_norm_mul,0.004200,2048x1x1,128x1x1,128x16x1x1
Qcur-4,kernel_rope_neox_f32,0.003000,1024x1x1,64x1x1,128x16x1x1
Vcur-4,kernel_gemv_noshuffle_q4_0_f32,0.031900,512x4x1,64x4x1,1024x1x1x1
Kcur-4,kernel_gemv_noshuffle_q4_0_f32,0.031000,512x4x1,64x4x1,1024x1x1x1
Kcur_normed-4,kernel_rms_norm_mul,0.003600,1024x1x1,128x1x1,128x8x1x1
Kcur-4,kernel_rope_neox_f32,0.002700,512x1x1,64x1x1,128x8x1x1
cache_k_l4 (view),kernel_set_rows_f16_i64,0.002900,1024x1x1,1024x1x1,1024x40192x1x1
cache_v_l4 (view),kernel_set_rows_f16_i64,0.002800,1024x1x1,1024x1x1,1024x40192x1x1
node_165,flash_attn_f32_f16_q1_vec,0.090000,256x16x0,256x1x0,128x16x1x1
node_167,kernel_gemv_noshuffle_q4_0_f32,0.044300,1024x4x1,64x4x1,2048x1x1x1
ffn_inp-4,kernel_add_row,0.002300,512x0x0,64x0x0,2048x1x1x1
ffn_norm-4,kernel_rms_norm_mul,0.005400,1024x1x1,1024x1x1,2048x1x1x1
ffn_gate-4,kernel_gemv_noshuffle_q4_0_f32,0.109500,3072x4x1,64x4x1,6144x1x1x1
ffn_up-4,kernel_gemv_noshuffle_q4_0_f32,0.110800,3072x4x1,64x4x1,6144x1x1x1
ffn_swiglu-4,kernel_swiglu,0.006000,512x1x1,512x1x1,6144x1x1x1
ffn_out-4,kernel_gemv_noshuffle_q4_0_f32,0.120000,1024x4x1,64x4x1,2048x1x1x1
l_out-4,kernel_add_row,0.002100,512x0x0,64x0x0,2048x1x1x1
attn_norm-5,kernel_rms_norm_mul,0.005300,1024x1x1,1024x1x1,2048x1x1x1
Qcur-5,kernel_gemv_noshuffle_q4_0_f32,0.042800,1024x4x1,64x4x1,2048x1x1x1
Qcur_normed-5,kernel_rms_norm_mul,0.004400,2048x1x1,128x1x1,128x16x1x1
Qcur-5,kernel_rope_neox_f32,0.002900,1024x1x1,64x1x1,128x16x1x1
Vcur-5,kernel_gemv_noshuffle_q4_0_f32,0.031200,512x4x1,64x4x1,1024x1x1x1
Kcur-5,kernel_gemv_noshuffle_q4_0_f32,0.030600,512x4x1,64x4x1,1024x1x1x1
Kcur_normed-5,kernel_rms_norm_mul,0.003500,1024x1x1,128x1x1,128x8x1x1
Kcur-5,kernel_rope_neox_f32,0.002500,512x1x1,64x1x1,128x8x1x1
cache_k_l5 (view),kernel_set_rows_f16_i64,0.002800,1024x1x1,1024x1x1,1024x40192x1x1
cache_v_l5 (view),kernel_set_rows_f16_i64,0.003300,1024x1x1,1024x1x1,1024x40192x1x1
node_200,flash_attn_f32_f16_q1_vec,0.090300,256x16x0,256x1x0,128x16x1x1
node_202,kernel_gemv_noshuffle_q4_0_f32,0.042300,1024x4x1,64x4x1,2048x1x1x1
ffn_inp-5,kernel_add_row,0.002000,512x0x0,64x0x0,2048x1x1x1
ffn_norm-5,kernel_rms_norm_mul,0.005300,1024x1x1,1024x1x1,2048x1x1x1
ffn_gate-5,kernel_gemv_noshuffle_q4_0_f32,0.109700,3072x4x1,64x4x1,6144x1x1x1
ffn_up-5,kernel_gemv_noshuffle_q4_0_f32,0.111600,3072x4x1,64x4x1,6144x1x1x1
ffn_swiglu-5,kernel_swiglu,0.005900,512x1x1,512x1x1,6144x1x1x1
ffn_out-5,kernel_gemv_noshuffle_q4_0_f32,0.119400,1024x4x1,64x4x1,2048x1x1x1
l_out-5,kernel_add_row,0.002100,512x0x0,64x0x0,2048x1x1x1
attn_norm-6,kernel_rms_norm_mul,0.005300,1024x1x1,1024x1x1,2048x1x1x1
Qcur-6,kernel_gemv_noshuffle_q4_0_f32,0.043000,1024x4x1,64x4x1,2048x1x1x1
Qcur_normed-6,kernel_rms_norm_mul,0.003900,2048x1x1,128x1x1,128x16x1x1
Qcur-6,kernel_rope_neox_f32,0.002900,1024x1x1,64x1x1,128x16x1x1
Vcur-6,kernel_gemv_noshuffle_q4_0_f32,0.031000,512x4x1,64x4x1,1024x1x1x1
Kcur-6,kernel_gemv_noshuffle_q4_0_f32,0.031100,512x4x1,64x4x1,1024x1x1x1
Kcur_normed-6,kernel_rms_norm_mul,0.003900,1024x1x1,128x1x1,128x8x1x1
Kcur-6,kernel_rope_neox_f32,0.002700,512x1x1,64x1x1,128x8x1x1
cache_k_l6 (view),kernel_set_rows_f16_i64,0.002800,1024x1x1,1024x1x1,1024x40192x1x1
cache_v_l6 (view),kernel_set_rows_f16_i64,0.002800,1024x1x1,1024x1x1,1024x40192x1x1
node_235,flash_attn_f32_f16_q1_vec,0.090500,256x16x0,256x1x0,128x16x1x1
node_237,kernel_gemv_noshuffle_q4_0_f32,0.041900,1024x4x1,64x4x1,2048x1x1x1
ffn_inp-6,kernel_add_row,0.002200,512x0x0,64x0x0,2048x1x1x1
ffn_norm-6,kernel_rms_norm_mul,0.005100,1024x1x1,1024x1x1,2048x1x1x1
ffn_gate-6,kernel_gemv_noshuffle_q4_0_f32,0.109300,3072x4x1,64x4x1,6144x1x1x1
ffn_up-6,kernel_gemv_noshuffle_q4_0_f32,0.112100,3072x4x1,64x4x1,6144x1x1x1
ffn_swiglu-6,kernel_swiglu,0.006500,512x1x1,512x1x1,6144x1x1x1
ffn_out-6,kernel_gemv_noshuffle_q4_0_f32,0.118700,1024x4x1,64x4x1,2048x1x1x1
l_out-6,kernel_add_row,0.002000,512x0x0,64x0x0,2048x1x1x1
attn_norm-7,kernel_rms_norm_mul,0.005400,1024x1x1,1024x1x1,2048x1x1x1
Qcur-7,kernel_gemv_noshuffle_q4_0_f32,0.043000,1024x4x1,64x4x1,2048x1x1x1
Qcur_normed-7,kernel_rms_norm_mul,0.004300,2048x1x1,128x1x1,128x16x1x1
Qcur-7,kernel_rope_neox_f32,0.003100,1024x1x1,64x1x1,128x16x1x1
Vcur-7,kernel_gemv_noshuffle_q4_0_f32,0.031000,512x4x1,64x4x1,1024x1x1x1
Kcur-7,kernel_gemv_noshuffle_q4_0_f32,0.030800,512x4x1,64x4x1,1024x1x1x1
Kcur_normed-7,kernel_rms_norm_mul,0.003800,1024x1x1,128x1x1,128x8x1x1
Kcur-7,kernel_rope_neox_f32,0.002500,512x1x1,64x1x1,128x8x1x1
cache_k_l7 (view),kernel_set_rows_f16_i64,0.002900,1024x1x1,1024x1x1,1024x40192x1x1
cache_v_l7 (view),kernel_set_rows_f16_i64,0.002900,1024x1x1,1024x1x1,1024x40192x1x1
node_270,flash_attn_f32_f16_q1_vec,0.090900,256x16x0,256x1x0,128x16x1x1
node_272,kernel_gemv_noshuffle_q4_0_f32,0.043400,1024x4x1,64x4x1,2048x1x1x1
ffn_inp-7,kernel_add_row,0.002000,512x0x0,64x0x0,2048x1x1x1
ffn_norm-7,kernel_rms_norm_mul,0.005500,1024x1x1,1024x1x1,2048x1x1x1
ffn_gate-7,kernel_gemv_noshuffle_q4_0_f32,0.110000,3072x4x1,64x4x1,6144x1x1x1
ffn_up-7,kernel_gemv_noshuffle_q4_0_f32,0.109800,3072x4x1,64x4x1,6144x1x1x1
ffn_swiglu-7,kernel_swiglu,0.005900,512x1x1,512x1x1,6144x1x1x1
ffn_out-7,kernel_gemv_noshuffle_q4_0_f32,0.120100,1024x4x1,64x4x1,2048x1x1x1
l_out-7,kernel_add_row,0.002100,512x0x0,64x0x0,2048x1x1x1
attn_norm-8,kernel_rms_norm_mul,0.005700,1024x1x1,1024x1x1,2048x1x1x1
Qcur-8,kernel_gemv_noshuffle_q4_0_f32,0.042800,1024x4x1,64x4x1,2048x1x1x1
Qcur_normed-8,kernel_rms_norm_mul,0.004000,2048x1x1,128x1x1,128x16x1x1
Qcur-8,kernel_rope_neox_f32,0.003000,1024x1x1,64x1x1,128x16x1x1
Vcur-8,kernel_gemv_noshuffle_q4_0_f32,0.031600,512x4x1,64x4x1,1024x1x1x1
Kcur-8,kernel_gemv_noshuffle_q4_0_f32,0.030800,512x4x1,64x4x1,1024x1x1x1
Kcur_normed-8,kernel_rms_norm_mul,0.003600,1024x1x1,128x1x1,128x8x1x1
Kcur-8,kernel_rope_neox_f32,0.002600,512x1x1,64x1x1,128x8x1x1
cache_k_l8 (view),kernel_set_rows_f16_i64,0.003200,1024x1x1,1024x1x1,1024x40192x1x1
cache_v_l8 (view),kernel_set_rows_f16_i64,0.002900,1024x1x1,1024x1x1,1024x40192x1x1
node_305,flash_attn_f32_f16_q1_vec,0.091700,256x16x0,256x1x0,128x16x1x1
node_307,kernel_gemv_noshuffle_q4_0_f32,0.043100,1024x4x1,64x4x1,2048x1x1x1
ffn_inp-8,kernel_add_row,0.002100,512x0x0,64x0x0,2048x1x1x1
ffn_norm-8,kernel_rms_norm_mul,0.005700,1024x1x1,1024x1x1,2048x1x1x1
ffn_gate-8,kernel_gemv_noshuffle_q4_0_f32,0.110900,3072x4x1,64x4x1,6144x1x1x1
ffn_up-8,kernel_gemv_noshuffle_q4_0_f32,0.111000,3072x4x1,64x4x1,6144x1x1x1
ffn_swiglu-8,kernel_swiglu,0.006400,512x1x1,512x1x1,6144x1x1x1
ffn_out-8,kernel_gemv_noshuffle_q4_0_f32,0.120000,1024x4x1,64x4x1,2048x1x1x1
l_out-8,kernel_add_row,0.002200,512x0x0,64x0x0,2048x1x1x1
attn_norm-9,kernel_rms_norm_mul,0.005300,1024x1x1,1024x1x1,2048x1x1x1
Qcur-9,kernel_gemv_noshuffle_q4_0_f32,0.042200,1024x4x1,64x4x1,2048x1x1x1
Qcur_normed-9,kernel_rms_norm_mul,0.004200,2048x1x1,128x1x1,128x16x1x1
Qcur-9,kernel_rope_neox_f32,0.002900,1024x1x1,64x1x1,128x16x1x1
Vcur-9,kernel_gemv_noshuffle_q4_0_f32,0.031300,512x4x1,64x4x1,1024x1x1x1
Kcur-9,kernel_gemv_noshuffle_q4_0_f32,0.031200,512x4x1,64x4x1,1024x1x1x1
Kcur_normed-9,kernel_rms_norm_mul,0.003800,1024x1x1,128x1x1,128x8x1x1
Kcur-9,kernel_rope_neox_f32,0.002700,512x1x1,64x1x1,128x8x1x1
cache_k_l9 (view),kernel_set_rows_f16_i64,0.002900,1024x1x1,1024x1x1,1024x40192x1x1
cache_v_l9 (view),kernel_set_rows_f16_i64,0.002900,1024x1x1,1024x1x1,1024x40192x1x1
node_340,flash_attn_f32_f16_q1_vec,0.090400,256x16x0,256x1x0,128x16x1x1
node_342,kernel_gemv_noshuffle_q4_0_f32,0.042700,1024x4x1,64x4x1,2048x1x1x1
ffn_inp-9,kernel_add_row,0.002100,512x0x0,64x0x0,2048x1x1x1
ffn_norm-9,kernel_rms_norm_mul,0.005900,1024x1x1,1024x1x1,2048x1x1x1
ffn_gate-9,kernel_gemv_noshuffle_q4_0_f32,0.109200,3072x4x1,64x4x1,6144x1x1x1
ffn_up-9,kernel_gemv_noshuffle_q4_0_f32,0.112500,3072x4x1,64x4x1,6144x1x1x1
ffn_swiglu-9,kernel_swiglu,0.005900,512x1x1,512x1x1,6144x1x1x1
ffn_out-9,kernel_gemv_noshuffle_q4_0_f32,0.123200,1024x4x1,64x4x1,2048x1x1x1
l_out-9,kernel_add_row,0.002200,512x0x0,64x0x0,2048x1x1x1
attn_norm-10,kernel_rms_norm_mul,0.005100,1024x1x1,1024x1x1,2048x1x1x1
Qcur-10,kernel_gemv_noshuffle_q4_0_f32,0.041600,1024x4x1,64x4x1,2048x1x1x1
Qcur_normed-10,kernel_rms_norm_mul,0.003900,2048x1x1,128x1x1,128x16x1x1
Qcur-10,kernel_rope_neox_f32,0.002900,1024x1x1,64x1x1,128x16x1x1
Vcur-10,kernel_gemv_noshuffle_q4_0_f32,0.031200,512x4x1,64x4x1,1024x1x1x1
Kcur-10,kernel_gemv_noshuffle_q4_0_f32,0.031400,512x4x1,64x4x1,1024x1x1x1
Kcur_normed-10,kernel_rms_norm_mul,0.003500,1024x1x1,128x1x1,128x8x1x1
Kcur-10,kernel_rope_neox_f32,0.002500,512x1x1,64x1x1,128x8x1x1
cache_k_l10 (view),kernel_set_rows_f16_i64,0.002800,1024x1x1,1024x1x1,1024x40192x1x1
cache_v_l10 (view),kernel_set_rows_f16_i64,0.002800,1024x1x1,1024x1x1,1024x40192x1x1
node_375,flash_attn_f32_f16_q1_vec,0.089700,256x16x0,256x1x0,128x16x1x1
node_377,kernel_gemv_noshuffle_q4_0_f32,0.042300,1024x4x1,64x4x1,2048x1x1x1
ffn_inp-10,kernel_add_row,0.002100,512x0x0,64x0x0,2048x1x1x1
ffn_norm-10,kernel_rms_norm_mul,0.005300,1024x1x1,1024x1x1,2048x1x1x1
ffn_gate-10,kernel_gemv_noshuffle_q4_0_f32,0.109300,3072x4x1,64x4x1,6144x1x1x1
ffn_up-10,kernel_gemv_noshuffle_q4_0_f32,0.112200,3072x4x1,64x4x1,6144x1x1x1
ffn_swiglu-10,kernel_swiglu,0.006400,512x1x1,512x1x1,6144x1x1x1
ffn_out-10,kernel_gemv_noshuffle_q4_0_f32,0.119700,1024x4x1,64x4x1,2048x1x1x1
l_out-10,kernel_add_row,0.002400,512x0x0,64x0x0,2048x1x1x1
attn_norm-11,kernel_rms_norm_mul,0.005200,1024x1x1,1024x1x1,2048x1x1x1
Qcur-11,kernel_gemv_noshuffle_q4_0_f32,0.044200,1024x4x1,64x4x1,2048x1x1x1
Qcur_normed-11,kernel_rms_norm_mul,0.004600,2048x1x1,128x1x1,128x16x1x1
Qcur-11,kernel_rope_neox_f32,0.002900,1024x1x1,64x1x1,128x16x1x1
Vcur-11,kernel_gemv_noshuffle_q4_0_f32,0.031600,512x4x1,64x4x1,1024x1x1x1
Kcur-11,kernel_gemv_noshuffle_q4_0_f32,0.030900,512x4x1,64x4x1,1024x1x1x1
Kcur_normed-11,kernel_rms_norm_mul,0.003500,1024x1x1,128x1x1,128x8x1x1
Kcur-11,kernel_rope_neox_f32,0.003000,512x1x1,64x1x1,128x8x1x1
cache_k_l11 (view),kernel_set_rows_f16_i64,0.002900,1024x1x1,1024x1x1,1024x40192x1x1
cache_v_l11 (view),kernel_set_rows_f16_i64,0.002800,1024x1x1,1024x1x1,1024x40192x1x1
node_410,flash_attn_f32_f16_q1_vec,0.090100,256x16x0,256x1x0,128x16x1x1
node_412,kernel_gemv_noshuffle_q4_0_f32,0.042600,1024x4x1,64x4x1,2048x1x1x1
ffn_inp-11,kernel_add_row,0.002100,512x0x0,64x0x0,2048x1x1x1
ffn_norm-11,kernel_rms_norm_mul,0.005400,1024x1x1,1024x1x1,2048x1x1x1
ffn_gate-11,kernel_gemv_noshuffle_q4_0_f32,0.108400,3072x4x1,64x4x1,6144x1x1x1
ffn_up-11,kernel_gemv_noshuffle_q4_0_f32,0.110600,3072x4x1,64x4x1,6144x1x1x1
ffn_swiglu-11,kernel_swiglu,0.005900,512x1x1,512x1x1,6144x1x1x1
ffn_out-11,kernel_gemv_noshuffle_q4_0_f32,0.122800,1024x4x1,64x4x1,2048x1x1x1
l_out-11,kernel_add_row,0.002300,512x0x0,64x0x0,2048x1x1x1
attn_norm-12,kernel_rms_norm_mul,0.005500,1024x1x1,1024x1x1,2048x1x1x1
Qcur-12,kernel_gemv_noshuffle_q4_0_f32,0.042800,1024x4x1,64x4x1,2048x1x1x1
Qcur_normed-12,kernel_rms_norm_mul,0.004300,2048x1x1,128x1x1,128x16x1x1
Qcur-12,kernel_rope_neox_f32,0.003000,1024x1x1,64x1x1,128x16x1x1
Vcur-12,kernel_gemv_noshuffle_q4_0_f32,0.031700,512x4x1,64x4x1,1024x1x1x1
Kcur-12,kernel_gemv_noshuffle_q4_0_f32,0.030900,512x4x1,64x4x1,1024x1x1x1
Kcur_normed-12,kernel_rms_norm_mul,0.003800,1024x1x1,128x1x1,128x8x1x1
Kcur-12,kernel_rope_neox_f32,0.002700,512x1x1,64x1x1,128x8x1x1
cache_k_l12 (view),kernel_set_rows_f16_i64,0.002800,1024x1x1,1024x1x1,1024x40192x1x1
cache_v_l12 (view),kernel_set_rows_f16_i64,0.002800,1024x1x1,1024x1x1,1024x40192x1x1
node_445,flash_attn_f32_f16_q1_vec,0.090600,256x16x0,256x1x0,128x16x1x1
node_447,kernel_gemv_noshuffle_q4_0_f32,0.041900,1024x4x1,64x4x1,2048x1x1x1
ffn_inp-12,kernel_add_row,0.002300,512x0x0,64x0x0,2048x1x1x1
ffn_norm-12,kernel_rms_norm_mul,0.005400,1024x1x1,1024x1x1,2048x1x1x1
ffn_gate-12,kernel_gemv_noshuffle_q4_0_f32,0.107400,3072x4x1,64x4x1,6144x1x1x1
ffn_up-12,kernel_gemv_noshuffle_q4_0_f32,0.107800,3072x4x1,64x4x1,6144x1x1x1
ffn_swiglu-12,kernel_swiglu,0.005900,512x1x1,512x1x1,6144x1x1x1
ffn_out-12,kernel_gemv_noshuffle_q4_0_f32,0.120500,1024x4x1,64x4x1,2048x1x1x1
l_out-12,kernel_add_row,0.002000,512x0x0,64x0x0,2048x1x1x1
attn_norm-13,kernel_rms_norm_mul,0.005200,1024x1x1,1024x1x1,2048x1x1x1
Qcur-13,kernel_gemv_noshuffle_q4_0_f32,0.043000,1024x4x1,64x4x1,2048x1x1x1
Qcur_normed-13,kernel_rms_norm_mul,0.004400,2048x1x1,128x1x1,128x16x1x1
Qcur-13,kernel_rope_neox_f32,0.003000,1024x1x1,64x1x1,128x16x1x1
Vcur-13,kernel_gemv_noshuffle_q4_0_f32,0.032400,512x4x1,64x4x1,1024x1x1x1
Kcur-13,kernel_gemv_noshuffle_q4_0_f32,0.031200,512x4x1,64x4x1,1024x1x1x1
Kcur_normed-13,kernel_rms_norm_mul,0.003800,1024x1x1,128x1x1,128x8x1x1
Kcur-13,kernel_rope_neox_f32,0.002500,512x1x1,64x1x1,128x8x1x1
cache_k_l13 (view),kernel_set_rows_f16_i64,0.002900,1024x1x1,1024x1x1,1024x40192x1x1
cache_v_l13 (view),kernel_set_rows_f16_i64,0.003200,1024x1x1,1024x1x1,1024x40192x1x1
node_480,flash_attn_f32_f16_q1_vec,0.089900,256x16x0,256x1x0,128x16x1x1
node_482,kernel_gemv_noshuffle_q4_0_f32,0.041100,1024x4x1,64x4x1,2048x1x1x1
ffn_inp-13,kernel_add_row,0.002000,512x0x0,64x0x0,2048x1x1x1
ffn_norm-13,kernel_rms_norm_mul,0.005300,1024x1x1,1024x1x1,2048x1x1x1
ffn_gate-13,kernel_gemv_noshuffle_q4_0_f32,0.108200,3072x4x1,64x4x1,6144x1x1x1
ffn_up-13,kernel_gemv_noshuffle_q4_0_f32,0.107700,3072x4x1,64x4x1,6144x1x1x1
ffn_swiglu-13,kernel_swiglu,0.005900,512x1x1,512x1x1,6144x1x1x1
ffn_out-13,kernel_gemv_noshuffle_q4_0_f32,0.118900,1024x4x1,64x4x1,2048x1x1x1
l_out-13,kernel_add_row,0.002200,512x0x0,64x0x0,2048x1x1x1
attn_norm-14,kernel_rms_norm_mul,0.005400,1024x1x1,1024x1x1,2048x1x1x1
Qcur-14,kernel_gemv_noshuffle_q4_0_f32,0.040400,1024x4x1,64x4x1,2048x1x1x1
Qcur_normed-14,kernel_rms_norm_mul,0.004300,2048x1x1,128x1x1,128x16x1x1
Qcur-14,kernel_rope_neox_f32,0.002900,1024x1x1,64x1x1,128x16x1x1
Vcur-14,kernel_gemv_noshuffle_q4_0_f32,0.031300,512x4x1,64x4x1,1024x1x1x1
Kcur-14,kernel_gemv_noshuffle_q4_0_f32,0.030900,512x4x1,64x4x1,1024x1x1x1
Kcur_normed-14,kernel_rms_norm_mul,0.004000,1024x1x1,128x1x1,128x8x1x1
Kcur-14,kernel_rope_neox_f32,0.002800,512x1x1,64x1x1,128x8x1x1
cache_k_l14 (view),kernel_set_rows_f16_i64,0.002800,1024x1x1,1024x1x1,1024x40192x1x1
cache_v_l14 (view),kernel_set_rows_f16_i64,0.002900,1024x1x1,1024x1x1,1024x40192x1x1
node_515,flash_attn_f32_f16_q1_vec,0.091400,256x16x0,256x1x0,128x16x1x1
node_517,kernel_gemv_noshuffle_q4_0_f32,0.040300,1024x4x1,64x4x1,2048x1x1x1
ffn_inp-14,kernel_add_row,0.002000,512x0x0,64x0x0,2048x1x1x1
ffn_norm-14,kernel_rms_norm_mul,0.005200,1024x1x1,1024x1x1,2048x1x1x1
ffn_gate-14,kernel_gemv_noshuffle_q4_0_f32,0.108000,3072x4x1,64x4x1,6144x1x1x1
ffn_up-14,kernel_gemv_noshuffle_q4_0_f32,0.108100,3072x4x1,64x4x1,6144x1x1x1
ffn_swiglu-14,kernel_swiglu,0.006300,512x1x1,512x1x1,6144x1x1x1
ffn_out-14,kernel_gemv_noshuffle_q4_0_f32,0.118900,1024x4x1,64x4x1,2048x1x1x1
l_out-14,kernel_add_row,0.002200,512x0x0,64x0x0,2048x1x1x1
attn_norm-15,kernel_rms_norm_mul,0.005300,1024x1x1,1024x1x1,2048x1x1x1
Qcur-15,kernel_gemv_noshuffle_q4_0_f32,0.041200,1024x4x1,64x4x1,2048x1x1x1
Qcur_normed-15,kernel_rms_norm_mul,0.003600,2048x1x1,128x1x1,128x16x1x1
Qcur-15,kernel_rope_neox_f32,0.003100,1024x1x1,64x1x1,128x16x1x1
Vcur-15,kernel_gemv_noshuffle_q4_0_f32,0.031900,512x4x1,64x4x1,1024x1x1x1
Kcur-15,kernel_gemv_noshuffle_q4_0_f32,0.031100,512x4x1,64x4x1,1024x1x1x1
Kcur_normed-15,kernel_rms_norm_mul,0.003700,1024x1x1,128x1x1,128x8x1x1
Kcur-15,kernel_rope_neox_f32,0.002400,512x1x1,64x1x1,128x8x1x1
cache_k_l15 (view),kernel_set_rows_f16_i64,0.002800,1024x1x1,1024x1x1,1024x40192x1x1
cache_v_l15 (view),kernel_set_rows_f16_i64,0.002900,1024x1x1,1024x1x1,1024x40192x1x1
node_550,flash_attn_f32_f16_q1_vec,0.089900,256x16x0,256x1x0,128x16x1x1
node_552,kernel_gemv_noshuffle_q4_0_f32,0.041700,1024x4x1,64x4x1,2048x1x1x1
ffn_inp-15,kernel_add_row,0.002100,512x0x0,64x0x0,2048x1x1x1
ffn_norm-15,kernel_rms_norm_mul,0.005500,1024x1x1,1024x1x1,2048x1x1x1
ffn_gate-15,kernel_gemv_noshuffle_q4_0_f32,0.106800,3072x4x1,64x4x1,6144x1x1x1
ffn_up-15,kernel_gemv_noshuffle_q4_0_f32,0.108900,3072x4x1,64x4x1,6144x1x1x1
ffn_swiglu-15,kernel_swiglu,0.005900,512x1x1,512x1x1,6144x1x1x1
ffn_out-15,kernel_gemv_noshuffle_q4_0_f32,0.116900,1024x4x1,64x4x1,2048x1x1x1
l_out-15,kernel_add_row,0.002100,512x0x0,64x0x0,2048x1x1x1
attn_norm-16,kernel_rms_norm_mul,0.005700,1024x1x1,1024x1x1,2048x1x1x1
Qcur-16,kernel_gemv_noshuffle_q4_0_f32,0.042000,1024x4x1,64x4x1,2048x1x1x1
Qcur_normed-16,kernel_rms_norm_mul,0.004000,2048x1x1,128x1x1,128x16x1x1
Qcur-16,kernel_rope_neox_f32,0.002800,1024x1x1,64x1x1,128x16x1x1
Vcur-16,kernel_gemv_noshuffle_q4_0_f32,0.031400,512x4x1,64x4x1,1024x1x1x1
Kcur-16,kernel_gemv_noshuffle_q4_0_f32,0.030700,512x4x1,64x4x1,1024x1x1x1
Kcur_normed-16,kernel_rms_norm_mul,0.003600,1024x1x1,128x1x1,128x8x1x1
Kcur-16,kernel_rope_neox_f32,0.002500,512x1x1,64x1x1,128x8x1x1
cache_k_l16 (view),kernel_set_rows_f16_i64,0.003300,1024x1x1,1024x1x1,1024x40192x1x1
cache_v_l16 (view),kernel_set_rows_f16_i64,0.002900,1024x1x1,1024x1x1,1024x40192x1x1
node_585,flash_attn_f32_f16_q1_vec,0.090800,256x16x0,256x1x0,128x16x1x1
node_587,kernel_gemv_noshuffle_q4_0_f32,0.041700,1024x4x1,64x4x1,2048x1x1x1
ffn_inp-16,kernel_add_row,0.002100,512x0x0,64x0x0,2048x1x1x1
ffn_norm-16,kernel_rms_norm_mul,0.005400,1024x1x1,1024x1x1,2048x1x1x1
ffn_gate-16,kernel_gemv_noshuffle_q4_0_f32,0.106800,3072x4x1,64x4x1,6144x1x1x1
ffn_up-16,kernel_gemv_noshuffle_q4_0_f32,0.107200,3072x4x1,64x4x1,6144x1x1x1
ffn_swiglu-16,kernel_swiglu,0.006100,512x1x1,512x1x1,6144x1x1x1
ffn_out-16,kernel_gemv_noshuffle_q4_0_f32,0.116600,1024x4x1,64x4x1,2048x1x1x1
l_out-16,kernel_add_row,0.002200,512x0x0,64x0x0,2048x1x1x1
attn_norm-17,kernel_rms_norm_mul,0.005400,1024x1x1,1024x1x1,2048x1x1x1
Qcur-17,kernel_gemv_noshuffle_q4_0_f32,0.041200,1024x4x1,64x4x1,2048x1x1x1
Qcur_normed-17,kernel_rms_norm_mul,0.004200,2048x1x1,128x1x1,128x16x1x1
Qcur-17,kernel_rope_neox_f32,0.002900,1024x1x1,64x1x1,128x16x1x1
Vcur-17,kernel_gemv_noshuffle_q4_0_f32,0.031200,512x4x1,64x4x1,1024x1x1x1
Kcur-17,kernel_gemv_noshuffle_q4_0_f32,0.031300,512x4x1,64x4x1,1024x1x1x1
Kcur_normed-17,kernel_rms_norm_mul,0.003800,1024x1x1,128x1x1,128x8x1x1
Kcur-17,kernel_rope_neox_f32,0.002700,512x1x1,64x1x1,128x8x1x1
cache_k_l17 (view),kernel_set_rows_f16_i64,0.002800,1024x1x1,1024x1x1,1024x40192x1x1
cache_v_l17 (view),kernel_set_rows_f16_i64,0.002900,1024x1x1,1024x1x1,1024x40192x1x1
node_620,flash_attn_f32_f16_q1_vec,0.091400,256x16x0,256x1x0,128x16x1x1
node_622,kernel_gemv_noshuffle_q4_0_f32,0.041700,1024x4x1,64x4x1,2048x1x1x1
ffn_inp-17,kernel_add_row,0.002000,512x0x0,64x0x0,2048x1x1x1
ffn_norm-17,kernel_rms_norm_mul,0.005700,1024x1x1,1024x1x1,2048x1x1x1
ffn_gate-17,kernel_gemv_noshuffle_q4_0_f32,0.106900,3072x4x1,64x4x1,6144x1x1x1
ffn_up-17,kernel_gemv_noshuffle_q4_0_f32,0.107600,3072x4x1,64x4x1,6144x1x1x1
ffn_swiglu-17,kernel_swiglu,0.005900,512x1x1,512x1x1,6144x1x1x1
ffn_out-17,kernel_gemv_noshuffle_q4_0_f32,0.117700,1024x4x1,64x4x1,2048x1x1x1
l_out-17,kernel_add_row,0.002200,512x0x0,64x0x0,2048x1x1x1
attn_norm-18,kernel_rms_norm_mul,0.005100,1024x1x1,1024x1x1,2048x1x1x1
Qcur-18,kernel_gemv_noshuffle_q4_0_f32,0.040800,1024x4x1,64x4x1,2048x1x1x1
Qcur_normed-18,kernel_rms_norm_mul,0.004600,2048x1x1,128x1x1,128x16x1x1
Qcur-18,kernel_rope_neox_f32,0.002900,1024x1x1,64x1x1,128x16x1x1
Vcur-18,kernel_gemv_noshuffle_q4_0_f32,0.031500,512x4x1,64x4x1,1024x1x1x1
Kcur-18,kernel_gemv_noshuffle_q4_0_f32,0.030800,512x4x1,64x4x1,1024x1x1x1
Kcur_normed-18,kernel_rms_norm_mul,0.003500,1024x1x1,128x1x1,128x8x1x1
Kcur-18,kernel_rope_neox_f32,0.002500,512x1x1,64x1x1,128x8x1x1
cache_k_l18 (view),kernel_set_rows_f16_i64,0.002800,1024x1x1,1024x1x1,1024x40192x1x1
cache_v_l18 (view),kernel_set_rows_f16_i64,0.002900,1024x1x1,1024x1x1,1024x40192x1x1
node_655,flash_attn_f32_f16_q1_vec,0.089500,256x16x0,256x1x0,128x16x1x1
node_657,kernel_gemv_noshuffle_q4_0_f32,0.041100,1024x4x1,64x4x1,2048x1x1x1
ffn_inp-18,kernel_add_row,0.002100,512x0x0,64x0x0,2048x1x1x1
ffn_norm-18,kernel_rms_norm_mul,0.005500,1024x1x1,1024x1x1,2048x1x1x1
ffn_gate-18,kernel_gemv_noshuffle_q4_0_f32,0.106400,3072x4x1,64x4x1,6144x1x1x1
ffn_up-18,kernel_gemv_noshuffle_q4_0_f32,0.106400,3072x4x1,64x4x1,6144x1x1x1
ffn_swiglu-18,kernel_swiglu,0.005900,512x1x1,512x1x1,6144x1x1x1
ffn_out-18,kernel_gemv_noshuffle_q4_0_f32,0.117300,1024x4x1,64x4x1,2048x1x1x1
l_out-18,kernel_add_row,0.002700,512x0x0,64x0x0,2048x1x1x1
attn_norm-19,kernel_rms_norm_mul,0.005400,1024x1x1,1024x1x1,2048x1x1x1
Qcur-19,kernel_gemv_noshuffle_q4_0_f32,0.040800,1024x4x1,64x4x1,2048x1x1x1
Qcur_normed-19,kernel_rms_norm_mul,0.003700,2048x1x1,128x1x1,128x16x1x1
Qcur-19,kernel_rope_neox_f32,0.002800,1024x1x1,64x1x1,128x16x1x1
Vcur-19,kernel_gemv_noshuffle_q4_0_f32,0.031800,512x4x1,64x4x1,1024x1x1x1
Kcur-19,kernel_gemv_noshuffle_q4_0_f32,0.031000,512x4x1,64x4x1,1024x1x1x1
Kcur_normed-19,kernel_rms_norm_mul,0.003700,1024x1x1,128x1x1,128x8x1x1
Kcur-19,kernel_rope_neox_f32,0.003000,512x1x1,64x1x1,128x8x1x1
cache_k_l19 (view),kernel_set_rows_f16_i64,0.002800,1024x1x1,1024x1x1,1024x40192x1x1
cache_v_l19 (view),kernel_set_rows_f16_i64,0.002900,1024x1x1,1024x1x1,1024x40192x1x1
node_690,flash_attn_f32_f16_q1_vec,0.090200,256x16x0,256x1x0,128x16x1x1
node_692,kernel_gemv_noshuffle_q4_0_f32,0.040800,1024x4x1,64x4x1,2048x1x1x1
ffn_inp-19,kernel_add_row,0.002100,512x0x0,64x0x0,2048x1x1x1
ffn_norm-19,kernel_rms_norm_mul,0.005300,1024x1x1,1024x1x1,2048x1x1x1
ffn_gate-19,kernel_gemv_noshuffle_q4_0_f32,0.105000,3072x4x1,64x4x1,6144x1x1x1
ffn_up-19,kernel_gemv_noshuffle_q4_0_f32,0.107500,3072x4x1,64x4x1,6144x1x1x1
ffn_swiglu-19,kernel_swiglu,0.005900,512x1x1,512x1x1,6144x1x1x1
ffn_out-19,kernel_gemv_noshuffle_q4_0_f32,0.117700,1024x4x1,64x4x1,2048x1x1x1
l_out-19,kernel_add_row,0.002100,512x0x0,64x0x0,2048x1x1x1
attn_norm-20,kernel_rms_norm_mul,0.005600,1024x1x1,1024x1x1,2048x1x1x1
Qcur-20,kernel_gemv_noshuffle_q4_0_f32,0.041000,1024x4x1,64x4x1,2048x1x1x1
Qcur_normed-20,kernel_rms_norm_mul,0.004100,2048x1x1,128x1x1,128x16x1x1
Qcur-20,kernel_rope_neox_f32,0.002900,1024x1x1,64x1x1,128x16x1x1
Vcur-20,kernel_gemv_noshuffle_q4_0_f32,0.031300,512x4x1,64x4x1,1024x1x1x1
Kcur-20,kernel_gemv_noshuffle_q4_0_f32,0.030500,512x4x1,64x4x1,1024x1x1x1
Kcur_normed-20,kernel_rms_norm_mul,0.003600,1024x1x1,128x1x1,128x8x1x1
Kcur-20,kernel_rope_neox_f32,0.002600,512x1x1,64x1x1,128x8x1x1
cache_k_l20 (view),kernel_set_rows_f16_i64,0.002700,1024x1x1,1024x1x1,1024x40192x1x1
cache_v_l20 (view),kernel_set_rows_f16_i64,0.002900,1024x1x1,1024x1x1,1024x40192x1x1
node_725,flash_attn_f32_f16_q1_vec,0.090800,256x16x0,256x1x0,128x16x1x1
node_727,kernel_gemv_noshuffle_q4_0_f32,0.041200,1024x4x1,64x4x1,2048x1x1x1
ffn_inp-20,kernel_add_row,0.002400,512x0x0,64x0x0,2048x1x1x1
ffn_norm-20,kernel_rms_norm_mul,0.005300,1024x1x1,1024x1x1,2048x1x1x1
ffn_gate-20,kernel_gemv_noshuffle_q4_0_f32,0.107100,3072x4x1,64x4x1,6144x1x1x1
ffn_up-20,kernel_gemv_noshuffle_q4_0_f32,0.105900,3072x4x1,64x4x1,6144x1x1x1
ffn_swiglu-20,kernel_swiglu,0.006400,512x1x1,512x1x1,6144x1x1x1
ffn_out-20,kernel_gemv_noshuffle_q4_0_f32,0.117900,1024x4x1,64x4x1,2048x1x1x1
l_out-20,kernel_add_row,0.002200,512x0x0,64x0x0,2048x1x1x1
attn_norm-21,kernel_rms_norm_mul,0.005100,1024x1x1,1024x1x1,2048x1x1x1
Qcur-21,kernel_gemv_noshuffle_q4_0_f32,0.041000,1024x4x1,64x4x1,2048x1x1x1
Qcur_normed-21,kernel_rms_norm_mul,0.004500,2048x1x1,128x1x1,128x16x1x1
Qcur-21,kernel_rope_neox_f32,0.002800,1024x1x1,64x1x1,128x16x1x1
Vcur-21,kernel_gemv_noshuffle_q4_0_f32,0.031100,512x4x1,64x4x1,1024x1x1x1
Kcur-21,kernel_gemv_noshuffle_q4_0_f32,0.030400,512x4x1,64x4x1,1024x1x1x1
Kcur_normed-21,kernel_rms_norm_mul,0.003600,1024x1x1,128x1x1,128x8x1x1
Kcur-21,kernel_rope_neox_f32,0.002400,512x1x1,64x1x1,128x8x1x1
cache_k_l21 (view),kernel_set_rows_f16_i64,0.002900,1024x1x1,1024x1x1,1024x40192x1x1
cache_v_l21 (view),kernel_set_rows_f16_i64,0.003100,1024x1x1,1024x1x1,1024x40192x1x1
node_760,flash_attn_f32_f16_q1_vec,0.090200,256x16x0,256x1x0,128x16x1x1
node_762,kernel_gemv_noshuffle_q4_0_f32,0.041200,1024x4x1,64x4x1,2048x1x1x1
ffn_inp-21,kernel_add_row,0.002100,512x0x0,64x0x0,2048x1x1x1
ffn_norm-21,kernel_rms_norm_mul,0.005400,1024x1x1,1024x1x1,2048x1x1x1
ffn_gate-21,kernel_gemv_noshuffle_q4_0_f32,0.104600,3072x4x1,64x4x1,6144x1x1x1
ffn_up-21,kernel_gemv_noshuffle_q4_0_f32,0.107500,3072x4x1,64x4x1,6144x1x1x1
ffn_swiglu-21,kernel_swiglu,0.006200,512x1x1,512x1x1,6144x1x1x1
ffn_out-21,kernel_gemv_noshuffle_q4_0_f32,0.119300,1024x4x1,64x4x1,2048x1x1x1
l_out-21,kernel_add_row,0.002100,512x0x0,64x0x0,2048x1x1x1
attn_norm-22,kernel_rms_norm_mul,0.005400,1024x1x1,1024x1x1,2048x1x1x1
Qcur-22,kernel_gemv_noshuffle_q4_0_f32,0.041200,1024x4x1,64x4x1,2048x1x1x1
Qcur_normed-22,kernel_rms_norm_mul,0.003600,2048x1x1,128x1x1,128x16x1x1
Qcur-22,kernel_rope_neox_f32,0.003100,1024x1x1,64x1x1,128x16x1x1
Vcur-22,kernel_gemv_noshuffle_q4_0_f32,0.031000,512x4x1,64x4x1,1024x1x1x1
Kcur-22,kernel_gemv_noshuffle_q4_0_f32,0.030700,512x4x1,64x4x1,1024x1x1x1
Kcur_normed-22,kernel_rms_norm_mul,0.003900,1024x1x1,128x1x1,128x8x1x1
Kcur-22,kernel_rope_neox_f32,0.002700,512x1x1,64x1x1,128x8x1x1
cache_k_l22 (view),kernel_set_rows_f16_i64,0.002800,1024x1x1,1024x1x1,1024x40192x1x1
cache_v_l22 (view),kernel_set_rows_f16_i64,0.002800,1024x1x1,1024x1x1,1024x40192x1x1
node_795,flash_attn_f32_f16_q1_vec,0.090300,256x16x0,256x1x0,128x16x1x1
node_797,kernel_gemv_noshuffle_q4_0_f32,0.041500,1024x4x1,64x4x1,2048x1x1x1
ffn_inp-22,kernel_add_row,0.002100,512x0x0,64x0x0,2048x1x1x1
ffn_norm-22,kernel_rms_norm_mul,0.005500,1024x1x1,1024x1x1,2048x1x1x1
ffn_gate-22,kernel_gemv_noshuffle_q4_0_f32,0.108200,3072x4x1,64x4x1,6144x1x1x1
ffn_up-22,kernel_gemv_noshuffle_q4_0_f32,0.110900,3072x4x1,64x4x1,6144x1x1x1
ffn_swiglu-22,kernel_swiglu,0.005900,512x1x1,512x1x1,6144x1x1x1
ffn_out-22,kernel_gemv_noshuffle_q4_0_f32,0.118900,1024x4x1,64x4x1,2048x1x1x1
l_out-22,kernel_add_row,0.002200,512x0x0,64x0x0,2048x1x1x1
attn_norm-23,kernel_rms_norm_mul,0.005300,1024x1x1,1024x1x1,2048x1x1x1
Qcur-23,kernel_gemv_noshuffle_q4_0_f32,0.041800,1024x4x1,64x4x1,2048x1x1x1
Qcur_normed-23,kernel_rms_norm_mul,0.004000,2048x1x1,128x1x1,128x16x1x1
Qcur-23,kernel_rope_neox_f32,0.003100,1024x1x1,64x1x1,128x16x1x1
Vcur-23,kernel_gemv_noshuffle_q4_0_f32,0.031700,512x4x1,64x4x1,1024x1x1x1
Kcur-23,kernel_gemv_noshuffle_q4_0_f32,0.030500,512x4x1,64x4x1,1024x1x1x1
Kcur_normed-23,kernel_rms_norm_mul,0.003600,1024x1x1,128x1x1,128x8x1x1
Kcur-23,kernel_rope_neox_f32,0.002500,512x1x1,64x1x1,128x8x1x1
cache_k_l23 (view),kernel_set_rows_f16_i64,0.002900,1024x1x1,1024x1x1,1024x40192x1x1
cache_v_l23 (view),kernel_set_rows_f16_i64,0.002800,1024x1x1,1024x1x1,1024x40192x1x1
node_830,flash_attn_f32_f16_q1_vec,0.089900,256x16x0,256x1x0,128x16x1x1
node_832,kernel_gemv_noshuffle_q4_0_f32,0.043500,1024x4x1,64x4x1,2048x1x1x1
ffn_inp-23,kernel_add_row,0.002000,512x0x0,64x0x0,2048x1x1x1
ffn_norm-23,kernel_rms_norm_mul,0.005400,1024x1x1,1024x1x1,2048x1x1x1
ffn_gate-23,kernel_gemv_noshuffle_q4_0_f32,0.109600,3072x4x1,64x4x1,6144x1x1x1
ffn_up-23,kernel_gemv_noshuffle_q4_0_f32,0.110300,3072x4x1,64x4x1,6144x1x1x1
ffn_swiglu-23,kernel_swiglu,0.005900,512x1x1,512x1x1,6144x1x1x1
ffn_out-23,kernel_gemv_noshuffle_q4_0_f32,0.122500,1024x4x1,64x4x1,2048x1x1x1
l_out-23,kernel_add_row,0.002100,512x0x0,64x0x0,2048x1x1x1
attn_norm-24,kernel_rms_norm_mul,0.005600,1024x1x1,1024x1x1,2048x1x1x1
Qcur-24,kernel_gemv_noshuffle_q4_0_f32,0.043900,1024x4x1,64x4x1,2048x1x1x1
Qcur_normed-24,kernel_rms_norm_mul,0.004000,2048x1x1,128x1x1,128x16x1x1
Qcur-24,kernel_rope_neox_f32,0.002800,1024x1x1,64x1x1,128x16x1x1
Vcur-24,kernel_gemv_noshuffle_q4_0_f32,0.030800,512x4x1,64x4x1,1024x1x1x1
Kcur-24,kernel_gemv_noshuffle_q4_0_f32,0.032100,512x4x1,64x4x1,1024x1x1x1
Kcur_normed-24,kernel_rms_norm_mul,0.003500,1024x1x1,128x1x1,128x8x1x1
Kcur-24,kernel_rope_neox_f32,0.002500,512x1x1,64x1x1,128x8x1x1
cache_k_l24 (view),kernel_set_rows_f16_i64,0.003700,1024x1x1,1024x1x1,1024x40192x1x1
cache_v_l24 (view),kernel_set_rows_f16_i64,0.002800,1024x1x1,1024x1x1,1024x40192x1x1
node_865,flash_attn_f32_f16_q1_vec,0.090700,256x16x0,256x1x0,128x16x1x1
node_867,kernel_gemv_noshuffle_q4_0_f32,0.041700,1024x4x1,64x4x1,2048x1x1x1
ffn_inp-24,kernel_add_row,0.002000,512x0x0,64x0x0,2048x1x1x1
ffn_norm-24,kernel_rms_norm_mul,0.005300,1024x1x1,1024x1x1,2048x1x1x1
ffn_gate-24,kernel_gemv_noshuffle_q4_0_f32,0.109900,3072x4x1,64x4x1,6144x1x1x1
ffn_up-24,kernel_gemv_noshuffle_q4_0_f32,0.110400,3072x4x1,64x4x1,6144x1x1x1
ffn_swiglu-24,kernel_swiglu,0.006100,512x1x1,512x1x1,6144x1x1x1
ffn_out-24,kernel_gemv_noshuffle_q4_0_f32,0.121000,1024x4x1,64x4x1,2048x1x1x1
l_out-24,kernel_add_row,0.002200,512x0x0,64x0x0,2048x1x1x1
attn_norm-25,kernel_rms_norm_mul,0.005400,1024x1x1,1024x1x1,2048x1x1x1
Qcur-25,kernel_gemv_noshuffle_q4_0_f32,0.043400,1024x4x1,64x4x1,2048x1x1x1
Qcur_normed-25,kernel_rms_norm_mul,0.004000,2048x1x1,128x1x1,128x16x1x1
Qcur-25,kernel_rope_neox_f32,0.003000,1024x1x1,64x1x1,128x16x1x1
Vcur-25,kernel_gemv_noshuffle_q4_0_f32,0.031500,512x4x1,64x4x1,1024x1x1x1
Kcur-25,kernel_gemv_noshuffle_q4_0_f32,0.031500,512x4x1,64x4x1,1024x1x1x1
Kcur_normed-25,kernel_rms_norm_mul,0.003800,1024x1x1,128x1x1,128x8x1x1
Kcur-25,kernel_rope_neox_f32,0.002800,512x1x1,64x1x1,128x8x1x1
cache_k_l25 (view),kernel_set_rows_f16_i64,0.002700,1024x1x1,1024x1x1,1024x40192x1x1
cache_v_l25 (view),kernel_set_rows_f16_i64,0.002800,1024x1x1,1024x1x1,1024x40192x1x1
node_900,flash_attn_f32_f16_q1_vec,0.089900,256x16x0,256x1x0,128x16x1x1
node_902,kernel_gemv_noshuffle_q4_0_f32,0.043400,1024x4x1,64x4x1,2048x1x1x1
ffn_inp-25,kernel_add_row,0.002000,512x0x0,64x0x0,2048x1x1x1
ffn_norm-25,kernel_rms_norm_mul,0.005800,1024x1x1,1024x1x1,2048x1x1x1
ffn_gate-25,kernel_gemv_noshuffle_q4_0_f32,0.108700,3072x4x1,64x4x1,6144x1x1x1
ffn_up-25,kernel_gemv_noshuffle_q4_0_f32,0.109800,3072x4x1,64x4x1,6144x1x1x1
ffn_swiglu-25,kernel_swiglu,0.005900,512x1x1,512x1x1,6144x1x1x1
ffn_out-25,kernel_gemv_noshuffle_q4_0_f32,0.121700,1024x4x1,64x4x1,2048x1x1x1
l_out-25,kernel_add_row,0.002100,512x0x0,64x0x0,2048x1x1x1
attn_norm-26,kernel_rms_norm_mul,0.005400,1024x1x1,1024x1x1,2048x1x1x1
Qcur-26,kernel_gemv_noshuffle_q4_0_f32,0.043600,1024x4x1,64x4x1,2048x1x1x1
Qcur_normed-26,kernel_rms_norm_mul,0.004600,2048x1x1,128x1x1,128x16x1x1
Qcur-26,kernel_rope_neox_f32,0.002800,1024x1x1,64x1x1,128x16x1x1
Vcur-26,kernel_gemv_noshuffle_q4_0_f32,0.031500,512x4x1,64x4x1,1024x1x1x1
Kcur-26,kernel_gemv_noshuffle_q4_0_f32,0.030700,512x4x1,64x4x1,1024x1x1x1
Kcur_normed-26,kernel_rms_norm_mul,0.003700,1024x1x1,128x1x1,128x8x1x1
Kcur-26,kernel_rope_neox_f32,0.002500,512x1x1,64x1x1,128x8x1x1
cache_k_l26 (view),kernel_set_rows_f16_i64,0.003000,1024x1x1,1024x1x1,1024x40192x1x1
cache_v_l26 (view),kernel_set_rows_f16_i64,0.002800,1024x1x1,1024x1x1,1024x40192x1x1
node_935,flash_attn_f32_f16_q1_vec,0.090500,256x16x0,256x1x0,128x16x1x1
node_937,kernel_gemv_noshuffle_q4_0_f32,0.044100,1024x4x1,64x4x1,2048x1x1x1
ffn_inp-26,kernel_add_row,0.002100,512x0x0,64x0x0,2048x1x1x1
ffn_norm-26,kernel_rms_norm_mul,0.005200,1024x1x1,1024x1x1,2048x1x1x1
ffn_gate-26,kernel_gemv_noshuffle_q4_0_f32,0.108200,3072x4x1,64x4x1,6144x1x1x1
ffn_up-26,kernel_gemv_noshuffle_q4_0_f32,0.109300,3072x4x1,64x4x1,6144x1x1x1
ffn_swiglu-26,kernel_swiglu,0.005700,512x1x1,512x1x1,6144x1x1x1
ffn_out-26,kernel_gemv_noshuffle_q4_0_f32,0.119600,1024x4x1,64x4x1,2048x1x1x1
l_out-26,kernel_add_row,0.002300,512x0x0,64x0x0,2048x1x1x1
attn_norm-27,kernel_rms_norm_mul,0.005400,1024x1x1,1024x1x1,2048x1x1x1
Qcur-27,kernel_gemv_noshuffle_q4_0_f32,0.042700,1024x4x1,64x4x1,2048x1x1x1
Qcur_normed-27,kernel_rms_norm_mul,0.003600,2048x1x1,128x1x1,128x16x1x1
Qcur-27,kernel_rope_neox_f32,0.002900,1024x1x1,64x1x1,128x16x1x1
Vcur-27,kernel_gemv_noshuffle_q4_0_f32,0.031100,512x4x1,64x4x1,1024x1x1x1
Kcur-27,kernel_gemv_noshuffle_q4_0_f32,0.031000,512x4x1,64x4x1,1024x1x1x1
Kcur_normed-27,kernel_rms_norm_mul,0.003600,1024x1x1,128x1x1,128x8x1x1
Kcur-27,kernel_rope_neox_f32,0.002900,512x1x1,64x1x1,128x8x1x1
cache_k_l27 (view),kernel_set_rows_f16_i64,0.002800,1024x1x1,1024x1x1,1024x40192x1x1
cache_v_l27 (view),kernel_set_rows_f16_i64,0.003000,1024x1x1,1024x1x1,1024x40192x1x1
node_970,flash_attn_f32_f16_q1_vec,0.090200,256x16x0,256x1x0,128x16x1x1
node_972,kernel_gemv_noshuffle_q4_0_f32,0.042800,1024x4x1,64x4x1,2048x1x1x1
node_973,kernel_get_rows_f32,0.004200,1024x1x1,1024x1x1,2048x1x1x1
node_974,kernel_get_rows_f32,0.003900,1024x1x1,1024x1x1,2048x1x1x1
ffn_inp-27,kernel_add_row,0.002000,512x0x0,64x0x0,2048x1x1x1
ffn_norm-27,kernel_rms_norm_mul,0.005800,1024x1x1,1024x1x1,2048x1x1x1
ffn_gate-27,kernel_gemv_noshuffle_q4_0_f32,0.107400,3072x4x1,64x4x1,6144x1x1x1
ffn_up-27,kernel_gemv_noshuffle_q4_0_f32,0.109000,3072x4x1,64x4x1,6144x1x1x1
ffn_swiglu-27,kernel_swiglu,0.006000,512x1x1,512x1x1,6144x1x1x1
ffn_out-27,kernel_gemv_noshuffle_q4_0_f32,0.119700,1024x4x1,64x4x1,2048x1x1x1
l_out-27,kernel_add_row,0.002100,512x0x0,64x0x0,2048x1x1x1
result_norm,kernel_rms_norm_mul,0.005600,1024x1x1,1024x1x1,2048x1x1x1
result_output,kernel_mul_mv_q6_K_f32_flat,6.569000,303872x2x1,64x2x1,151936x1x1x1
attn_norm-0,kernel_rms_norm_mul,0.007600,1024x1x1,1024x1x1,2048x1x1x1
Qcur-0,kernel_gemv_noshuffle_q4_0_f32,0.045100,1024x4x1,64x4x1,2048x1x1x1
Qcur_normed-0,kernel_rms_norm_mul,0.003600,2048x1x1,128x1x1,128x16x1x1
Qcur-0,kernel_rope_neox_f32,0.002900,1024x1x1,64x1x1,128x16x1x1
Vcur-0,kernel_gemv_noshuffle_q4_0_f32,0.030700,512x4x1,64x4x1,1024x1x1x1
Kcur-0,kernel_gemv_noshuffle_q4_0_f32,0.030600,512x4x1,64x4x1,1024x1x1x1
Kcur_normed-0,kernel_rms_norm_mul,0.003500,1024x1x1,128x1x1,128x8x1x1
Kcur-0,kernel_rope_neox_f32,0.002500,512x1x1,64x1x1,128x8x1x1
cache_k_l0 (view),kernel_set_rows_f16_i64,0.003200,1024x1x1,1024x1x1,1024x40192x1x1
cache_v_l0 (view),kernel_set_rows_f16_i64,0.002800,1024x1x1,1024x1x1,1024x40192x1x1
node_25,flash_attn_f32_f16_q1_vec,0.090000,256x16x0,256x1x0,128x16x1x1
node_27,kernel_gemv_noshuffle_q4_0_f32,0.041900,1024x4x1,64x4x1,2048x1x1x1
ffn_inp-0,kernel_add_row,0.002200,512x0x0,64x0x0,2048x1x1x1
ffn_norm-0,kernel_rms_norm_mul,0.005400,1024x1x1,1024x1x1,2048x1x1x1
ffn_gate-0,kernel_gemv_noshuffle_q4_0_f32,0.106800,3072x4x1,64x4x1,6144x1x1x1
ffn_up-0,kernel_gemv_noshuffle_q4_0_f32,0.111300,3072x4x1,64x4x1,6144x1x1x1
ffn_swiglu-0,kernel_swiglu,0.006100,512x1x1,512x1x1,6144x1x1x1
ffn_out-0,kernel_gemv_noshuffle_q4_1_f32,0.124800,1024x4x1,64x4x1,2048x1x1x1
l_out-0,kernel_add_row,0.002100,512x0x0,64x0x0,2048x1x1x1
attn_norm-1,kernel_rms_norm_mul,0.005300,1024x1x1,1024x1x1,2048x1x1x1
Qcur-1,kernel_gemv_noshuffle_q4_0_f32,0.041800,1024x4x1,64x4x1,2048x1x1x1
Qcur_normed-1,kernel_rms_norm_mul,0.004300,2048x1x1,128x1x1,128x16x1x1
Qcur-1,kernel_rope_neox_f32,0.002900,1024x1x1,64x1x1,128x16x1x1
Vcur-1,kernel_gemv_noshuffle_q4_0_f32,0.031600,512x4x1,64x4x1,1024x1x1x1
Kcur-1,kernel_gemv_noshuffle_q4_0_f32,0.033600,512x4x1,64x4x1,1024x1x1x1
Kcur_normed-1,kernel_rms_norm_mul,0.003600,1024x1x1,128x1x1,128x8x1x1
Kcur-1,kernel_rope_neox_f32,0.002700,512x1x1,64x1x1,128x8x1x1
cache_k_l1 (view),kernel_set_rows_f16_i64,0.002800,1024x1x1,1024x1x1,1024x40192x1x1
cache_v_l1 (view),kernel_set_rows_f16_i64,0.002900,1024x1x1,1024x1x1,1024x40192x1x1
node_60,flash_attn_f32_f16_q1_vec,0.091000,256x16x0,256x1x0,128x16x1x1
node_62,kernel_gemv_noshuffle_q4_0_f32,0.042600,1024x4x1,64x4x1,2048x1x1x1
ffn_inp-1,kernel_add_row,0.002100,512x0x0,64x0x0,2048x1x1x1
ffn_norm-1,kernel_rms_norm_mul,0.005800,1024x1x1,1024x1x1,2048x1x1x1
ffn_gate-1,kernel_gemv_noshuffle_q4_0_f32,0.110300,3072x4x1,64x4x1,6144x1x1x1
ffn_up-1,kernel_gemv_noshuffle_q4_0_f32,0.113000,3072x4x1,64x4x1,6144x1x1x1
ffn_swiglu-1,kernel_swiglu,0.006100,512x1x1,512x1x1,6144x1x1x1
ffn_out-1,kernel_gemv_noshuffle_q4_1_f32,0.129700,1024x4x1,64x4x1,2048x1x1x1
l_out-1,kernel_add_row,0.002200,512x0x0,64x0x0,2048x1x1x1
attn_norm-2,kernel_rms_norm_mul,0.005200,1024x1x1,1024x1x1,2048x1x1x1
Qcur-2,kernel_gemv_noshuffle_q4_0_f32,0.041900,1024x4x1,64x4x1,2048x1x1x1
Qcur_normed-2,kernel_rms_norm_mul,0.004400,2048x1x1,128x1x1,128x16x1x1
Qcur-2,kernel_rope_neox_f32,0.002900,1024x1x1,64x1x1,128x16x1x1
Vcur-2,kernel_gemv_noshuffle_q4_0_f32,0.031400,512x4x1,64x4x1,1024x1x1x1
Kcur-2,kernel_gemv_noshuffle_q4_0_f32,0.030500,512x4x1,64x4x1,1024x1x1x1
Kcur_normed-2,kernel_rms_norm_mul,0.003500,1024x1x1,128x1x1,128x8x1x1
Kcur-2,kernel_rope_neox_f32,0.002600,512x1x1,64x1x1,128x8x1x1
cache_k_l2 (view),kernel_set_rows_f16_i64,0.002800,1024x1x1,1024x1x1,1024x40192x1x1
cache_v_l2 (view),kernel_set_rows_f16_i64,0.002900,1024x1x1,1024x1x1,1024x40192x1x1
node_95,flash_attn_f32_f16_q1_vec,0.089300,256x16x0,256x1x0,128x16x1x1
node_97,kernel_gemv_noshuffle_q4_0_f32,0.042400,1024x4x1,64x4x1,2048x1x1x1
ffn_inp-2,kernel_add_row,0.002000,512x0x0,64x0x0,2048x1x1x1
ffn_norm-2,kernel_rms_norm_mul,0.005300,1024x1x1,1024x1x1,2048x1x1x1
ffn_gate-2,kernel_gemv_noshuffle_q4_0_f32,0.110200,3072x4x1,64x4x1,6144x1x1x1
ffn_up-2,kernel_gemv_noshuffle_q4_0_f32,0.112100,3072x4x1,64x4x1,6144x1x1x1
ffn_swiglu-2,kernel_swiglu,0.006100,512x1x1,512x1x1,6144x1x1x1
ffn_out-2,kernel_gemv_noshuffle_q4_1_f32,0.127300,1024x4x1,64x4x1,2048x1x1x1
l_out-2,kernel_add_row,0.002400,512x0x0,64x0x0,2048x1x1x1
attn_norm-3,kernel_rms_norm_mul,0.005400,1024x1x1,1024x1x1,2048x1x1x1
Qcur-3,kernel_gemv_noshuffle_q4_0_f32,0.042000,1024x4x1,64x4x1,2048x1x1x1
Qcur_normed-3,kernel_rms_norm_mul,0.003900,2048x1x1,128x1x1,128x16x1x1
Qcur-3,kernel_rope_neox_f32,0.002900,1024x1x1,64x1x1,128x16x1x1
Vcur-3,kernel_gemv_noshuffle_q4_0_f32,0.031800,512x4x1,64x4x1,1024x1x1x1
Kcur-3,kernel_gemv_noshuffle_q4_0_f32,0.030900,512x4x1,64x4x1,1024x1x1x1
Kcur_normed-3,kernel_rms_norm_mul,0.003600,1024x1x1,128x1x1,128x8x1x1
Kcur-3,kernel_rope_neox_f32,0.002900,512x1x1,64x1x1,128x8x1x1
cache_k_l3 (view),kernel_set_rows_f16_i64,0.003200,1024x1x1,1024x1x1,1024x40192x1x1
cache_v_l3 (view),kernel_set_rows_f16_i64,0.002900,1024x1x1,1024x1x1,1024x40192x1x1
node_130,flash_attn_f32_f16_q1_vec,0.090100,256x16x0,256x1x0,128x16x1x1
node_132,kernel_gemv_noshuffle_q4_0_f32,0.042700,1024x4x1,64x4x1,2048x1x1x1
ffn_inp-3,kernel_add_row,0.002200,512x0x0,64x0x0,2048x1x1x1
ffn_norm-3,kernel_rms_norm_mul,0.005400,1024x1x1,1024x1x1,2048x1x1x1
ffn_gate-3,kernel_gemv_noshuffle_q4_0_f32,0.110300,3072x4x1,64x4x1,6144x1x1x1
ffn_up-3,kernel_gemv_noshuffle_q4_0_f32,0.115200,3072x4x1,64x4x1,6144x1x1x1
ffn_swiglu-3,kernel_swiglu,0.006200,512x1x1,512x1x1,6144x1x1x1
ffn_out-3,kernel_gemv_noshuffle_q4_0_f32,0.120500,1024x4x1,64x4x1,2048x1x1x1
l_out-3,kernel_add_row,0.002100,512x0x0,64x0x0,2048x1x1x1
attn_norm-4,kernel_rms_norm_mul,0.005600,1024x1x1,1024x1x1,2048x1x1x1
Qcur-4,kernel_gemv_noshuffle_q4_0_f32,0.041900,1024x4x1,64x4x1,2048x1x1x1
Qcur_normed-4,kernel_rms_norm_mul,0.004200,2048x1x1,128x1x1,128x16x1x1
Qcur-4,kernel_rope_neox_f32,0.003000,1024x1x1,64x1x1,128x16x1x1
Vcur-4,kernel_gemv_noshuffle_q4_0_f32,0.031900,512x4x1,64x4x1,1024x1x1x1
Kcur-4,kernel_gemv_noshuffle_q4_0_f32,0.030800,512x4x1,64x4x1,1024x1x1x1
Kcur_normed-4,kernel_rms_norm_mul,0.003600,1024x1x1,128x1x1,128x8x1x1
Kcur-4,kernel_rope_neox_f32,0.002600,512x1x1,64x1x1,128x8x1x1
cache_k_l4 (view),kernel_set_rows_f16_i64,0.002900,1024x1x1,1024x1x1,1024x40192x1x1
cache_v_l4 (view),kernel_set_rows_f16_i64,0.002800,1024x1x1,1024x1x1,1024x40192x1x1
node_165,flash_attn_f32_f16_q1_vec,0.090200,256x16x0,256x1x0,128x16x1x1
node_167,kernel_gemv_noshuffle_q4_0_f32,0.042000,1024x4x1,64x4x1,2048x1x1x1
ffn_inp-4,kernel_add_row,0.002300,512x0x0,64x0x0,2048x1x1x1
ffn_norm-4,kernel_rms_norm_mul,0.005200,1024x1x1,1024x1x1,2048x1x1x1
ffn_gate-4,kernel_gemv_noshuffle_q4_0_f32,0.110900,3072x4x1,64x4x1,6144x1x1x1
ffn_up-4,kernel_gemv_noshuffle_q4_0_f32,0.109500,3072x4x1,64x4x1,6144x1x1x1
ffn_swiglu-4,kernel_swiglu,0.005900,512x1x1,512x1x1,6144x1x1x1
ffn_out-4,kernel_gemv_noshuffle_q4_0_f32,0.121300,1024x4x1,64x4x1,2048x1x1x1
l_out-4,kernel_add_row,0.002100,512x0x0,64x0x0,2048x1x1x1
attn_norm-5,kernel_rms_norm_mul,0.005200,1024x1x1,1024x1x1,2048x1x1x1
Qcur-5,kernel_gemv_noshuffle_q4_0_f32,0.042400,1024x4x1,64x4x1,2048x1x1x1
Qcur_normed-5,kernel_rms_norm_mul,0.004300,2048x1x1,128x1x1,128x16x1x1
Qcur-5,kernel_rope_neox_f32,0.002800,1024x1x1,64x1x1,128x16x1x1
Vcur-5,kernel_gemv_noshuffle_q4_0_f32,0.031000,512x4x1,64x4x1,1024x1x1x1
Kcur-5,kernel_gemv_noshuffle_q4_0_f32,0.030300,512x4x1,64x4x1,1024x1x1x1
Kcur_normed-5,kernel_rms_norm_mul,0.003700,1024x1x1,128x1x1,128x8x1x1
Kcur-5,kernel_rope_neox_f32,0.002500,512x1x1,64x1x1,128x8x1x1
cache_k_l5 (view),kernel_set_rows_f16_i64,0.002900,1024x1x1,1024x1x1,1024x40192x1x1
cache_v_l5 (view),kernel_set_rows_f16_i64,0.003200,1024x1x1,1024x1x1,1024x40192x1x1
node_200,flash_attn_f32_f16_q1_vec,0.089300,256x16x0,256x1x0,128x16x1x1
node_202,kernel_gemv_noshuffle_q4_0_f32,0.042700,1024x4x1,64x4x1,2048x1x1x1
ffn_inp-5,kernel_add_row,0.002000,512x0x0,64x0x0,2048x1x1x1
ffn_norm-5,kernel_rms_norm_mul,0.005400,1024x1x1,1024x1x1,2048x1x1x1
ffn_gate-5,kernel_gemv_noshuffle_q4_0_f32,0.110100,3072x4x1,64x4x1,6144x1x1x1
ffn_up-5,kernel_gemv_noshuffle_q4_0_f32,0.110200,3072x4x1,64x4x1,6144x1x1x1
ffn_swiglu-5,kernel_swiglu,0.005800,512x1x1,512x1x1,6144x1x1x1
ffn_out-5,kernel_gemv_noshuffle_q4_0_f32,0.121200,1024x4x1,64x4x1,2048x1x1x1
l_out-5,kernel_add_row,0.002100,512x0x0,64x0x0,2048x1x1x1
attn_norm-6,kernel_rms_norm_mul,0.005400,1024x1x1,1024x1x1,2048x1x1x1
Qcur-6,kernel_gemv_noshuffle_q4_0_f32,0.042900,1024x4x1,64x4x1,2048x1x1x1
Qcur_normed-6,kernel_rms_norm_mul,0.003700,2048x1x1,128x1x1,128x16x1x1
Qcur-6,kernel_rope_neox_f32,0.002900,1024x1x1,64x1x1,128x16x1x1
Vcur-6,kernel_gemv_noshuffle_q4_0_f32,0.031000,512x4x1,64x4x1,1024x1x1x1
Kcur-6,kernel_gemv_noshuffle_q4_0_f32,0.030600,512x4x1,64x4x1,1024x1x1x1
Kcur_normed-6,kernel_rms_norm_mul,0.004100,1024x1x1,128x1x1,128x8x1x1
Kcur-6,kernel_rope_neox_f32,0.002600,512x1x1,64x1x1,128x8x1x1
cache_k_l6 (view),kernel_set_rows_f16_i64,0.002800,1024x1x1,1024x1x1,1024x40192x1x1
cache_v_l6 (view),kernel_set_rows_f16_i64,0.002900,1024x1x1,1024x1x1,1024x40192x1x1
node_235,flash_attn_f32_f16_q1_vec,0.090300,256x16x0,256x1x0,128x16x1x1
node_237,kernel_gemv_noshuffle_q4_0_f32,0.042100,1024x4x1,64x4x1,2048x1x1x1
ffn_inp-6,kernel_add_row,0.002100,512x0x0,64x0x0,2048x1x1x1
ffn_norm-6,kernel_rms_norm_mul,0.005200,1024x1x1,1024x1x1,2048x1x1x1
ffn_gate-6,kernel_gemv_noshuffle_q4_0_f32,0.111900,3072x4x1,64x4x1,6144x1x1x1
ffn_up-6,kernel_gemv_noshuffle_q4_0_f32,0.110000,3072x4x1,64x4x1,6144x1x1x1
ffn_swiglu-6,kernel_swiglu,0.006000,512x1x1,512x1x1,6144x1x1x1
ffn_out-6,kernel_gemv_noshuffle_q4_0_f32,0.122100,1024x4x1,64x4x1,2048x1x1x1
l_out-6,kernel_add_row,0.002100,512x0x0,64x0x0,2048x1x1x1
attn_norm-7,kernel_rms_norm_mul,0.005300,1024x1x1,1024x1x1,2048x1x1x1
Qcur-7,kernel_gemv_noshuffle_q4_0_f32,0.041300,1024x4x1,64x4x1,2048x1x1x1
Qcur_normed-7,kernel_rms_norm_mul,0.004200,2048x1x1,128x1x1,128x16x1x1
Qcur-7,kernel_rope_neox_f32,0.003000,1024x1x1,64x1x1,128x16x1x1
Vcur-7,kernel_gemv_noshuffle_q4_0_f32,0.031300,512x4x1,64x4x1,1024x1x1x1
Kcur-7,kernel_gemv_noshuffle_q4_0_f32,0.030600,512x4x1,64x4x1,1024x1x1x1
Kcur_normed-7,kernel_rms_norm_mul,0.003800,1024x1x1,128x1x1,128x8x1x1
Kcur-7,kernel_rope_neox_f32,0.002500,512x1x1,64x1x1,128x8x1x1
cache_k_l7 (view),kernel_set_rows_f16_i64,0.002900,1024x1x1,1024x1x1,1024x40192x1x1
cache_v_l7 (view),kernel_set_rows_f16_i64,0.003000,1024x1x1,1024x1x1,1024x40192x1x1
node_270,flash_attn_f32_f16_q1_vec,0.090300,256x16x0,256x1x0,128x16x1x1
node_272,kernel_gemv_noshuffle_q4_0_f32,0.044400,1024x4x1,64x4x1,2048x1x1x1
ffn_inp-7,kernel_add_row,0.002200,512x0x0,64x0x0,2048x1x1x1
ffn_norm-7,kernel_rms_norm_mul,0.005400,1024x1x1,1024x1x1,2048x1x1x1
ffn_gate-7,kernel_gemv_noshuffle_q4_0_f32,0.109800,3072x4x1,64x4x1,6144x1x1x1
ffn_up-7,kernel_gemv_noshuffle_q4_0_f32,0.108200,3072x4x1,64x4x1,6144x1x1x1
ffn_swiglu-7,kernel_swiglu,0.006200,512x1x1,512x1x1,6144x1x1x1
ffn_out-7,kernel_gemv_noshuffle_q4_0_f32,0.120300,1024x4x1,64x4x1,2048x1x1x1
l_out-7,kernel_add_row,0.002100,512x0x0,64x0x0,2048x1x1x1
attn_norm-8,kernel_rms_norm_mul,0.005700,1024x1x1,1024x1x1,2048x1x1x1
Qcur-8,kernel_gemv_noshuffle_q4_0_f32,0.042400,1024x4x1,64x4x1,2048x1x1x1
Qcur_normed-8,kernel_rms_norm_mul,0.004100,2048x1x1,128x1x1,128x16x1x1
Qcur-8,kernel_rope_neox_f32,0.002800,1024x1x1,64x1x1,128x16x1x1
Vcur-8,kernel_gemv_noshuffle_q4_0_f32,0.031300,512x4x1,64x4x1,1024x1x1x1
Kcur-8,kernel_gemv_noshuffle_q4_0_f32,0.030600,512x4x1,64x4x1,1024x1x1x1
Kcur_normed-8,kernel_rms_norm_mul,0.003600,1024x1x1,128x1x1,128x8x1x1
Kcur-8,kernel_rope_neox_f32,0.002700,512x1x1,64x1x1,128x8x1x1
cache_k_l8 (view),kernel_set_rows_f16_i64,0.003300,1024x1x1,1024x1x1,1024x40192x1x1
cache_v_l8 (view),kernel_set_rows_f16_i64,0.002800,1024x1x1,1024x1x1,1024x40192x1x1
node_305,flash_attn_f32_f16_q1_vec,0.089900,256x16x0,256x1x0,128x16x1x1
node_307,kernel_gemv_noshuffle_q4_0_f32,0.042900,1024x4x1,64x4x1,2048x1x1x1
ffn_inp-8,kernel_add_row,0.002100,512x0x0,64x0x0,2048x1x1x1
ffn_norm-8,kernel_rms_norm_mul,0.005300,1024x1x1,1024x1x1,2048x1x1x1
ffn_gate-8,kernel_gemv_noshuffle_q4_0_f32,0.109400,3072x4x1,64x4x1,6144x1x1x1
ffn_up-8,kernel_gemv_noshuffle_q4_0_f32,0.109800,3072x4x1,64x4x1,6144x1x1x1
ffn_swiglu-8,kernel_swiglu,0.006000,512x1x1,512x1x1,6144x1x1x1
ffn_out-8,kernel_gemv_noshuffle_q4_0_f32,0.118100,1024x4x1,64x4x1,2048x1x1x1
l_out-8,kernel_add_row,0.002100,512x0x0,64x0x0,2048x1x1x1
attn_norm-9,kernel_rms_norm_mul,0.005300,1024x1x1,1024x1x1,2048x1x1x1
Qcur-9,kernel_gemv_noshuffle_q4_0_f32,0.041100,1024x4x1,64x4x1,2048x1x1x1
Qcur_normed-9,kernel_rms_norm_mul,0.004300,2048x1x1,128x1x1,128x16x1x1
Qcur-9,kernel_rope_neox_f32,0.003000,1024x1x1,64x1x1,128x16x1x1
Vcur-9,kernel_gemv_noshuffle_q4_0_f32,0.031900,512x4x1,64x4x1,1024x1x1x1
Kcur-9,kernel_gemv_noshuffle_q4_0_f32,0.031200,512x4x1,64x4x1,1024x1x1x1
Kcur_normed-9,kernel_rms_norm_mul,0.003700,1024x1x1,128x1x1,128x8x1x1
Kcur-9,kernel_rope_neox_f32,0.002700,512x1x1,64x1x1,128x8x1x1
cache_k_l9 (view),kernel_set_rows_f16_i64,0.002700,1024x1x1,1024x1x1,1024x40192x1x1
cache_v_l9 (view),kernel_set_rows_f16_i64,0.002700,1024x1x1,1024x1x1,1024x40192x1x1
node_340,flash_attn_f32_f16_q1_vec,0.089200,256x16x0,256x1x0,128x16x1x1
node_342,kernel_gemv_noshuffle_q4_0_f32,0.042500,1024x4x1,64x4x1,2048x1x1x1
ffn_inp-9,kernel_add_row,0.002100,512x0x0,64x0x0,2048x1x1x1
ffn_norm-9,kernel_rms_norm_mul,0.005600,1024x1x1,1024x1x1,2048x1x1x1
ffn_gate-9,kernel_gemv_noshuffle_q4_0_f32,0.108100,3072x4x1,64x4x1,6144x1x1x1
ffn_up-9,kernel_gemv_noshuffle_q4_0_f32,0.110800,3072x4x1,64x4x1,6144x1x1x1
ffn_swiglu-9,kernel_swiglu,0.006000,512x1x1,512x1x1,6144x1x1x1
ffn_out-9,kernel_gemv_noshuffle_q4_0_f32,0.119600,1024x4x1,64x4x1,2048x1x1x1
l_out-9,kernel_add_row,0.002200,512x0x0,64x0x0,2048x1x1x1
attn_norm-10,kernel_rms_norm_mul,0.005200,1024x1x1,1024x1x1,2048x1x1x1
Qcur-10,kernel_gemv_noshuffle_q4_0_f32,0.041300,1024x4x1,64x4x1,2048x1x1x1
Qcur_normed-10,kernel_rms_norm_mul,0.004000,2048x1x1,128x1x1,128x16x1x1
Qcur-10,kernel_rope_neox_f32,0.003000,1024x1x1,64x1x1,128x16x1x1
Vcur-10,kernel_gemv_noshuffle_q4_0_f32,0.031700,512x4x1,64x4x1,1024x1x1x1
Kcur-10,kernel_gemv_noshuffle_q4_0_f32,0.031100,512x4x1,64x4x1,1024x1x1x1
Kcur_normed-10,kernel_rms_norm_mul,0.003600,1024x1x1,128x1x1,128x8x1x1
Kcur-10,kernel_rope_neox_f32,0.002600,512x1x1,64x1x1,128x8x1x1
cache_k_l10 (view),kernel_set_rows_f16_i64,0.002800,1024x1x1,1024x1x1,1024x40192x1x1
cache_v_l10 (view),kernel_set_rows_f16_i64,0.003000,1024x1x1,1024x1x1,1024x40192x1x1
node_375,flash_attn_f32_f16_q1_vec,0.090300,256x16x0,256x1x0,128x16x1x1
node_377,kernel_gemv_noshuffle_q4_0_f32,0.041100,1024x4x1,64x4x1,2048x1x1x1
ffn_inp-10,kernel_add_row,0.002100,512x0x0,64x0x0,2048x1x1x1
ffn_norm-10,kernel_rms_norm_mul,0.005400,1024x1x1,1024x1x1,2048x1x1x1
ffn_gate-10,kernel_gemv_noshuffle_q4_0_f32,0.108800,3072x4x1,64x4x1,6144x1x1x1
ffn_up-10,kernel_gemv_noshuffle_q4_0_f32,0.110200,3072x4x1,64x4x1,6144x1x1x1
ffn_swiglu-10,kernel_swiglu,0.006100,512x1x1,512x1x1,6144x1x1x1
ffn_out-10,kernel_gemv_noshuffle_q4_0_f32,0.120200,1024x4x1,64x4x1,2048x1x1x1
l_out-10,kernel_add_row,0.002400,512x0x0,64x0x0,2048x1x1x1
attn_norm-11,kernel_rms_norm_mul,0.005500,1024x1x1,1024x1x1,2048x1x1x1
Qcur-11,kernel_gemv_noshuffle_q4_0_f32,0.042300,1024x4x1,64x4x1,2048x1x1x1
Qcur_normed-11,kernel_rms_norm_mul,0.004400,2048x1x1,128x1x1,128x16x1x1
Qcur-11,kernel_rope_neox_f32,0.003000,1024x1x1,64x1x1,128x16x1x1
Vcur-11,kernel_gemv_noshuffle_q4_0_f32,0.031200,512x4x1,64x4x1,1024x1x1x1
Kcur-11,kernel_gemv_noshuffle_q4_0_f32,0.030900,512x4x1,64x4x1,1024x1x1x1
Kcur_normed-11,kernel_rms_norm_mul,0.003500,1024x1x1,128x1x1,128x8x1x1
Kcur-11,kernel_rope_neox_f32,0.003000,512x1x1,64x1x1,128x8x1x1
cache_k_l11 (view),kernel_set_rows_f16_i64,0.005200,1024x1x1,1024x1x1,1024x40192x1x1
cache_v_l11 (view),kernel_set_rows_f16_i64,0.002800,1024x1x1,1024x1x1,1024x40192x1x1
node_410,flash_attn_f32_f16_q1_vec,0.091500,256x16x0,256x1x0,128x16x1x1
node_412,kernel_gemv_noshuffle_q4_0_f32,0.043600,1024x4x1,64x4x1,2048x1x1x1
ffn_inp-11,kernel_add_row,0.002000,512x0x0,64x0x0,2048x1x1x1
ffn_norm-11,kernel_rms_norm_mul,0.005400,1024x1x1,1024x1x1,2048x1x1x1
ffn_gate-11,kernel_gemv_noshuffle_q4_0_f32,0.111000,3072x4x1,64x4x1,6144x1x1x1
ffn_up-11,kernel_gemv_noshuffle_q4_0_f32,0.114600,3072x4x1,64x4x1,6144x1x1x1
ffn_swiglu-11,kernel_swiglu,0.005900,512x1x1,512x1x1,6144x1x1x1
ffn_out-11,kernel_gemv_noshuffle_q4_0_f32,0.123400,1024x4x1,64x4x1,2048x1x1x1
l_out-11,kernel_add_row,0.002200,512x0x0,64x0x0,2048x1x1x1
attn_norm-12,kernel_rms_norm_mul,0.005400,1024x1x1,1024x1x1,2048x1x1x1
Qcur-12,kernel_gemv_noshuffle_q4_0_f32,0.044200,1024x4x1,64x4x1,2048x1x1x1
Qcur_normed-12,kernel_rms_norm_mul,0.004200,2048x1x1,128x1x1,128x16x1x1
Qcur-12,kernel_rope_neox_f32,0.003100,1024x1x1,64x1x1,128x16x1x1
Vcur-12,kernel_gemv_noshuffle_q4_0_f32,0.031000,512x4x1,64x4x1,1024x1x1x1
Kcur-12,kernel_gemv_noshuffle_q4_0_f32,0.031500,512x4x1,64x4x1,1024x1x1x1
Kcur_normed-12,kernel_rms_norm_mul,0.003700,1024x1x1,128x1x1,128x8x1x1
Kcur-12,kernel_rope_neox_f32,0.002700,512x1x1,64x1x1,128x8x1x1
cache_k_l12 (view),kernel_set_rows_f16_i64,0.002800,1024x1x1,1024x1x1,1024x40192x1x1
cache_v_l12 (view),kernel_set_rows_f16_i64,0.003000,1024x1x1,1024x1x1,1024x40192x1x1
node_445,flash_attn_f32_f16_q1_vec,0.090500,256x16x0,256x1x0,128x16x1x1
node_447,kernel_gemv_noshuffle_q4_0_f32,0.041800,1024x4x1,64x4x1,2048x1x1x1
ffn_inp-12,kernel_add_row,0.002100,512x0x0,64x0x0,2048x1x1x1
ffn_norm-12,kernel_rms_norm_mul,0.005800,1024x1x1,1024x1x1,2048x1x1x1
ffn_gate-12,kernel_gemv_noshuffle_q4_0_f32,0.110400,3072x4x1,64x4x1,6144x1x1x1
ffn_up-12,kernel_gemv_noshuffle_q4_0_f32,0.108500,3072x4x1,64x4x1,6144x1x1x1
ffn_swiglu-12,kernel_swiglu,0.006000,512x1x1,512x1x1,6144x1x1x1
ffn_out-12,kernel_gemv_noshuffle_q4_0_f32,0.119500,1024x4x1,64x4x1,2048x1x1x1
l_out-12,kernel_add_row,0.002100,512x0x0,64x0x0,2048x1x1x1
attn_norm-13,kernel_rms_norm_mul,0.005100,1024x1x1,1024x1x1,2048x1x1x1
Qcur-13,kernel_gemv_noshuffle_q4_0_f32,0.042600,1024x4x1,64x4x1,2048x1x1x1
Qcur_normed-13,kernel_rms_norm_mul,0.003800,2048x1x1,128x1x1,128x16x1x1
Qcur-13,kernel_rope_neox_f32,0.002900,1024x1x1,64x1x1,128x16x1x1
Vcur-13,kernel_gemv_noshuffle_q4_0_f32,0.031800,512x4x1,64x4x1,1024x1x1x1
Kcur-13,kernel_gemv_noshuffle_q4_0_f32,0.031000,512x4x1,64x4x1,1024x1x1x1
Kcur_normed-13,kernel_rms_norm_mul,0.003500,1024x1x1,128x1x1,128x8x1x1
Kcur-13,kernel_rope_neox_f32,0.002500,512x1x1,64x1x1,128x8x1x1
cache_k_l13 (view),kernel_set_rows_f16_i64,0.002800,1024x1x1,1024x1x1,1024x40192x1x1
cache_v_l13 (view),kernel_set_rows_f16_i64,0.002900,1024x1x1,1024x1x1,1024x40192x1x1
node_480,flash_attn_f32_f16_q1_vec,0.090500,256x16x0,256x1x0,128x16x1x1
node_482,kernel_gemv_noshuffle_q4_0_f32,0.041100,1024x4x1,64x4x1,2048x1x1x1
ffn_inp-13,kernel_add_row,0.002200,512x0x0,64x0x0,2048x1x1x1
ffn_norm-13,kernel_rms_norm_mul,0.005300,1024x1x1,1024x1x1,2048x1x1x1
ffn_gate-13,kernel_gemv_noshuffle_q4_0_f32,0.105600,3072x4x1,64x4x1,6144x1x1x1
ffn_up-13,kernel_gemv_noshuffle_q4_0_f32,0.107800,3072x4x1,64x4x1,6144x1x1x1
ffn_swiglu-13,kernel_swiglu,0.006100,512x1x1,512x1x1,6144x1x1x1
ffn_out-13,kernel_gemv_noshuffle_q4_0_f32,0.119900,1024x4x1,64x4x1,2048x1x1x1
l_out-13,kernel_add_row,0.002500,512x0x0,64x0x0,2048x1x1x1
attn_norm-14,kernel_rms_norm_mul,0.005500,1024x1x1,1024x1x1,2048x1x1x1
Qcur-14,kernel_gemv_noshuffle_q4_0_f32,0.041000,1024x4x1,64x4x1,2048x1x1x1
Qcur_normed-14,kernel_rms_norm_mul,0.004300,2048x1x1,128x1x1,128x16x1x1
Qcur-14,kernel_rope_neox_f32,0.002900,1024x1x1,64x1x1,128x16x1x1
Vcur-14,kernel_gemv_noshuffle_q4_0_f32,0.031600,512x4x1,64x4x1,1024x1x1x1
Kcur-14,kernel_gemv_noshuffle_q4_0_f32,0.031100,512x4x1,64x4x1,1024x1x1x1
Kcur_normed-14,kernel_rms_norm_mul,0.003500,1024x1x1,128x1x1,128x8x1x1
Kcur-14,kernel_rope_neox_f32,0.003000,512x1x1,64x1x1,128x8x1x1
cache_k_l14 (view),kernel_set_rows_f16_i64,0.003100,1024x1x1,1024x1x1,1024x40192x1x1
cache_v_l14 (view),kernel_set_rows_f16_i64,0.002800,1024x1x1,1024x1x1,1024x40192x1x1
node_515,flash_attn_f32_f16_q1_vec,0.090600,256x16x0,256x1x0,128x16x1x1
node_517,kernel_gemv_noshuffle_q4_0_f32,0.040100,1024x4x1,64x4x1,2048x1x1x1
ffn_inp-14,kernel_add_row,0.002100,512x0x0,64x0x0,2048x1x1x1
ffn_norm-14,kernel_rms_norm_mul,0.005500,1024x1x1,1024x1x1,2048x1x1x1
ffn_gate-14,kernel_gemv_noshuffle_q4_0_f32,0.104800,3072x4x1,64x4x1,6144x1x1x1
ffn_up-14,kernel_gemv_noshuffle_q4_0_f32,0.106000,3072x4x1,64x4x1,6144x1x1x1
ffn_swiglu-14,kernel_swiglu,0.005900,512x1x1,512x1x1,6144x1x1x1
ffn_out-14,kernel_gemv_noshuffle_q4_0_f32,0.117400,1024x4x1,64x4x1,2048x1x1x1
l_out-14,kernel_add_row,0.002100,512x0x0,64x0x0,2048x1x1x1
attn_norm-15,kernel_rms_norm_mul,0.005700,1024x1x1,1024x1x1,2048x1x1x1
Qcur-15,kernel_gemv_noshuffle_q4_0_f32,0.041200,1024x4x1,64x4x1,2048x1x1x1
Qcur_normed-15,kernel_rms_norm_mul,0.003600,2048x1x1,128x1x1,128x16x1x1
Qcur-15,kernel_rope_neox_f32,0.003000,1024x1x1,64x1x1,128x16x1x1
Vcur-15,kernel_gemv_noshuffle_q4_0_f32,0.031900,512x4x1,64x4x1,1024x1x1x1
Kcur-15,kernel_gemv_noshuffle_q4_0_f32,0.031100,512x4x1,64x4x1,1024x1x1x1
Kcur_normed-15,kernel_rms_norm_mul,0.003700,1024x1x1,128x1x1,128x8x1x1
Kcur-15,kernel_rope_neox_f32,0.002800,512x1x1,64x1x1,128x8x1x1
cache_k_l15 (view),kernel_set_rows_f16_i64,0.002800,1024x1x1,1024x1x1,1024x40192x1x1
cache_v_l15 (view),kernel_set_rows_f16_i64,0.002900,1024x1x1,1024x1x1,1024x40192x1x1
node_550,flash_attn_f32_f16_q1_vec,0.091200,256x16x0,256x1x0,128x16x1x1
node_552,kernel_gemv_noshuffle_q4_0_f32,0.041200,1024x4x1,64x4x1,2048x1x1x1
ffn_inp-15,kernel_add_row,0.002300,512x0x0,64x0x0,2048x1x1x1
ffn_norm-15,kernel_rms_norm_mul,0.005400,1024x1x1,1024x1x1,2048x1x1x1
ffn_gate-15,kernel_gemv_noshuffle_q4_0_f32,0.108100,3072x4x1,64x4x1,6144x1x1x1
ffn_up-15,kernel_gemv_noshuffle_q4_0_f32,0.106900,3072x4x1,64x4x1,6144x1x1x1
ffn_swiglu-15,kernel_swiglu,0.005800,512x1x1,512x1x1,6144x1x1x1
ffn_out-15,kernel_gemv_noshuffle_q4_0_f32,0.118500,1024x4x1,64x4x1,2048x1x1x1
l_out-15,kernel_add_row,0.002200,512x0x0,64x0x0,2048x1x1x1
attn_norm-16,kernel_rms_norm_mul,0.005100,1024x1x1,1024x1x1,2048x1x1x1
Qcur-16,kernel_gemv_noshuffle_q4_0_f32,0.042300,1024x4x1,64x4x1,2048x1x1x1
Qcur_normed-16,kernel_rms_norm_mul,0.004100,2048x1x1,128x1x1,128x16x1x1
Qcur-16,kernel_rope_neox_f32,0.002900,1024x1x1,64x1x1,128x16x1x1
Vcur-16,kernel_gemv_noshuffle_q4_0_f32,0.031600,512x4x1,64x4x1,1024x1x1x1
Kcur-16,kernel_gemv_noshuffle_q4_0_f32,0.030700,512x4x1,64x4x1,1024x1x1x1
Kcur_normed-16,kernel_rms_norm_mul,0.003600,1024x1x1,128x1x1,128x8x1x1
Kcur-16,kernel_rope_neox_f32,0.002600,512x1x1,64x1x1,128x8x1x1
cache_k_l16 (view),kernel_set_rows_f16_i64,0.002800,1024x1x1,1024x1x1,1024x40192x1x1
cache_v_l16 (view),kernel_set_rows_f16_i64,0.003200,1024x1x1,1024x1x1,1024x40192x1x1
node_585,flash_attn_f32_f16_q1_vec,0.091900,256x16x0,256x1x0,128x16x1x1
node_587,kernel_gemv_noshuffle_q4_0_f32,0.041600,1024x4x1,64x4x1,2048x1x1x1
ffn_inp-16,kernel_add_row,0.002100,512x0x0,64x0x0,2048x1x1x1
ffn_norm-16,kernel_rms_norm_mul,0.005300,1024x1x1,1024x1x1,2048x1x1x1
ffn_gate-16,kernel_gemv_noshuffle_q4_0_f32,0.106200,3072x4x1,64x4x1,6144x1x1x1
ffn_up-16,kernel_gemv_noshuffle_q4_0_f32,0.108800,3072x4x1,64x4x1,6144x1x1x1
ffn_swiglu-16,kernel_swiglu,0.005900,512x1x1,512x1x1,6144x1x1x1
ffn_out-16,kernel_gemv_noshuffle_q4_0_f32,0.117500,1024x4x1,64x4x1,2048x1x1x1
l_out-16,kernel_add_row,0.002000,512x0x0,64x0x0,2048x1x1x1
attn_norm-17,kernel_rms_norm_mul,0.005300,1024x1x1,1024x1x1,2048x1x1x1
Qcur-17,kernel_gemv_noshuffle_q4_0_f32,0.040400,1024x4x1,64x4x1,2048x1x1x1
Qcur_normed-17,kernel_rms_norm_mul,0.004300,2048x1x1,128x1x1,128x16x1x1
Qcur-17,kernel_rope_neox_f32,0.002900,1024x1x1,64x1x1,128x16x1x1
Vcur-17,kernel_gemv_noshuffle_q4_0_f32,0.031000,512x4x1,64x4x1,1024x1x1x1
Kcur-17,kernel_gemv_noshuffle_q4_0_f32,0.030600,512x4x1,64x4x1,1024x1x1x1
Kcur_normed-17,kernel_rms_norm_mul,0.003900,1024x1x1,128x1x1,128x8x1x1
Kcur-17,kernel_rope_neox_f32,0.002700,512x1x1,64x1x1,128x8x1x1
cache_k_l17 (view),kernel_set_rows_f16_i64,0.002800,1024x1x1,1024x1x1,1024x40192x1x1
cache_v_l17 (view),kernel_set_rows_f16_i64,0.002900,1024x1x1,1024x1x1,1024x40192x1x1
node_620,flash_attn_f32_f16_q1_vec,0.090600,256x16x0,256x1x0,128x16x1x1
node_622,kernel_gemv_noshuffle_q4_0_f32,0.041700,1024x4x1,64x4x1,2048x1x1x1
ffn_inp-17,kernel_add_row,0.002000,512x0x0,64x0x0,2048x1x1x1
ffn_norm-17,kernel_rms_norm_mul,0.005200,1024x1x1,1024x1x1,2048x1x1x1
ffn_gate-17,kernel_gemv_noshuffle_q4_0_f32,0.109900,3072x4x1,64x4x1,6144x1x1x1
ffn_up-17,kernel_gemv_noshuffle_q4_0_f32,0.106700,3072x4x1,64x4x1,6144x1x1x1
ffn_swiglu-17,kernel_swiglu,0.005900,512x1x1,512x1x1,6144x1x1x1
ffn_out-17,kernel_gemv_noshuffle_q4_0_f32,0.120900,1024x4x1,64x4x1,2048x1x1x1
l_out-17,kernel_add_row,0.002200,512x0x0,64x0x0,2048x1x1x1
attn_norm-18,kernel_rms_norm_mul,0.005300,1024x1x1,1024x1x1,2048x1x1x1
Qcur-18,kernel_gemv_noshuffle_q4_0_f32,0.042100,1024x4x1,64x4x1,2048x1x1x1
Qcur_normed-18,kernel_rms_norm_mul,0.004400,2048x1x1,128x1x1,128x16x1x1
Qcur-18,kernel_rope_neox_f32,0.003300,1024x1x1,64x1x1,128x16x1x1
Vcur-18,kernel_gemv_noshuffle_q4_0_f32,0.031100,512x4x1,64x4x1,1024x1x1x1
Kcur-18,kernel_gemv_noshuffle_q4_0_f32,0.031100,512x4x1,64x4x1,1024x1x1x1
Kcur_normed-18,kernel_rms_norm_mul,0.003700,1024x1x1,128x1x1,128x8x1x1
Kcur-18,kernel_rope_neox_f32,0.002400,512x1x1,64x1x1,128x8x1x1
cache_k_l18 (view),kernel_set_rows_f16_i64,0.002900,1024x1x1,1024x1x1,1024x40192x1x1
cache_v_l18 (view),kernel_set_rows_f16_i64,0.002900,1024x1x1,1024x1x1,1024x40192x1x1
node_655,flash_attn_f32_f16_q1_vec,0.091300,256x16x0,256x1x0,128x16x1x1
node_657,kernel_gemv_noshuffle_q4_0_f32,0.041200,1024x4x1,64x4x1,2048x1x1x1
ffn_inp-18,kernel_add_row,0.002100,512x0x0,64x0x0,2048x1x1x1
ffn_norm-18,kernel_rms_norm_mul,0.005300,1024x1x1,1024x1x1,2048x1x1x1
ffn_gate-18,kernel_gemv_noshuffle_q4_0_f32,0.105200,3072x4x1,64x4x1,6144x1x1x1
ffn_up-18,kernel_gemv_noshuffle_q4_0_f32,0.108500,3072x4x1,64x4x1,6144x1x1x1
ffn_swiglu-18,kernel_swiglu,0.005900,512x1x1,512x1x1,6144x1x1x1
ffn_out-18,kernel_gemv_noshuffle_q4_0_f32,0.120200,1024x4x1,64x4x1,2048x1x1x1
l_out-18,kernel_add_row,0.002100,512x0x0,64x0x0,2048x1x1x1
attn_norm-19,kernel_rms_norm_mul,0.005600,1024x1x1,1024x1x1,2048x1x1x1
Qcur-19,kernel_gemv_noshuffle_q4_0_f32,0.041800,1024x4x1,64x4x1,2048x1x1x1
Qcur_normed-19,kernel_rms_norm_mul,0.003600,2048x1x1,128x1x1,128x16x1x1
Qcur-19,kernel_rope_neox_f32,0.003000,1024x1x1,64x1x1,128x16x1x1
Vcur-19,kernel_gemv_noshuffle_q4_0_f32,0.031100,512x4x1,64x4x1,1024x1x1x1
Kcur-19,kernel_gemv_noshuffle_q4_0_f32,0.030900,512x4x1,64x4x1,1024x1x1x1
Kcur_normed-19,kernel_rms_norm_mul,0.003500,1024x1x1,128x1x1,128x8x1x1
Kcur-19,kernel_rope_neox_f32,0.002400,512x1x1,64x1x1,128x8x1x1
cache_k_l19 (view),kernel_set_rows_f16_i64,0.003300,1024x1x1,1024x1x1,1024x40192x1x1
cache_v_l19 (view),kernel_set_rows_f16_i64,0.002800,1024x1x1,1024x1x1,1024x40192x1x1
node_690,flash_attn_f32_f16_q1_vec,0.089700,256x16x0,256x1x0,128x16x1x1
node_692,kernel_gemv_noshuffle_q4_0_f32,0.040100,1024x4x1,64x4x1,2048x1x1x1
ffn_inp-19,kernel_add_row,0.002100,512x0x0,64x0x0,2048x1x1x1
ffn_norm-19,kernel_rms_norm_mul,0.005300,1024x1x1,1024x1x1,2048x1x1x1
ffn_gate-19,kernel_gemv_noshuffle_q4_0_f32,0.105400,3072x4x1,64x4x1,6144x1x1x1
ffn_up-19,kernel_gemv_noshuffle_q4_0_f32,0.107500,3072x4x1,64x4x1,6144x1x1x1
ffn_swiglu-19,kernel_swiglu,0.006000,512x1x1,512x1x1,6144x1x1x1
ffn_out-19,kernel_gemv_noshuffle_q4_0_f32,0.118800,1024x4x1,64x4x1,2048x1x1x1
l_out-19,kernel_add_row,0.002200,512x0x0,64x0x0,2048x1x1x1
attn_norm-20,kernel_rms_norm_mul,0.005400,1024x1x1,1024x1x1,2048x1x1x1
Qcur-20,kernel_gemv_noshuffle_q4_0_f32,0.041600,1024x4x1,64x4x1,2048x1x1x1
Qcur_normed-20,kernel_rms_norm_mul,0.004000,2048x1x1,128x1x1,128x16x1x1
Qcur-20,kernel_rope_neox_f32,0.003200,1024x1x1,64x1x1,128x16x1x1
Vcur-20,kernel_gemv_noshuffle_q4_0_f32,0.030200,512x4x1,64x4x1,1024x1x1x1
Kcur-20,kernel_gemv_noshuffle_q4_0_f32,0.030800,512x4x1,64x4x1,1024x1x1x1
Kcur_normed-20,kernel_rms_norm_mul,0.003800,1024x1x1,128x1x1,128x8x1x1
Kcur-20,kernel_rope_neox_f32,0.002600,512x1x1,64x1x1,128x8x1x1
cache_k_l20 (view),kernel_set_rows_f16_i64,0.002800,1024x1x1,1024x1x1,1024x40192x1x1
cache_v_l20 (view),kernel_set_rows_f16_i64,0.002800,1024x1x1,1024x1x1,1024x40192x1x1
node_725,flash_attn_f32_f16_q1_vec,0.090500,256x16x0,256x1x0,128x16x1x1
node_727,kernel_gemv_noshuffle_q4_0_f32,0.040900,1024x4x1,64x4x1,2048x1x1x1
ffn_inp-20,kernel_add_row,0.002200,512x0x0,64x0x0,2048x1x1x1
ffn_norm-20,kernel_rms_norm_mul,0.005700,1024x1x1,1024x1x1,2048x1x1x1
ffn_gate-20,kernel_gemv_noshuffle_q4_0_f32,0.109100,3072x4x1,64x4x1,6144x1x1x1
ffn_up-20,kernel_gemv_noshuffle_q4_0_f32,0.107200,3072x4x1,64x4x1,6144x1x1x1
ffn_swiglu-20,kernel_swiglu,0.006200,512x1x1,512x1x1,6144x1x1x1
ffn_out-20,kernel_gemv_noshuffle_q4_0_f32,0.117500,1024x4x1,64x4x1,2048x1x1x1
l_out-20,kernel_add_row,0.002200,512x0x0,64x0x0,2048x1x1x1
attn_norm-21,kernel_rms_norm_mul,0.005100,1024x1x1,1024x1x1,2048x1x1x1
Qcur-21,kernel_gemv_noshuffle_q4_0_f32,0.040100,1024x4x1,64x4x1,2048x1x1x1
Qcur_normed-21,kernel_rms_norm_mul,0.004400,2048x1x1,128x1x1,128x16x1x1
Qcur-21,kernel_rope_neox_f32,0.002900,1024x1x1,64x1x1,128x16x1x1
Vcur-21,kernel_gemv_noshuffle_q4_0_f32,0.031300,512x4x1,64x4x1,1024x1x1x1
Kcur-21,kernel_gemv_noshuffle_q4_0_f32,0.031000,512x4x1,64x4x1,1024x1x1x1
Kcur_normed-21,kernel_rms_norm_mul,0.003500,1024x1x1,128x1x1,128x8x1x1
Kcur-21,kernel_rope_neox_f32,0.002500,512x1x1,64x1x1,128x8x1x1
cache_k_l21 (view),kernel_set_rows_f16_i64,0.003100,1024x1x1,1024x1x1,1024x40192x1x1
cache_v_l21 (view),kernel_set_rows_f16_i64,0.002900,1024x1x1,1024x1x1,1024x40192x1x1
node_760,flash_attn_f32_f16_q1_vec,0.090000,256x16x0,256x1x0,128x16x1x1
node_762,kernel_gemv_noshuffle_q4_0_f32,0.040500,1024x4x1,64x4x1,2048x1x1x1
ffn_inp-21,kernel_add_row,0.002200,512x0x0,64x0x0,2048x1x1x1
ffn_norm-21,kernel_rms_norm_mul,0.005600,1024x1x1,1024x1x1,2048x1x1x1
ffn_gate-21,kernel_gemv_noshuffle_q4_0_f32,0.104300,3072x4x1,64x4x1,6144x1x1x1
ffn_up-21,kernel_gemv_noshuffle_q4_0_f32,0.107300,3072x4x1,64x4x1,6144x1x1x1
ffn_swiglu-21,kernel_swiglu,0.005700,512x1x1,512x1x1,6144x1x1x1
ffn_out-21,kernel_gemv_noshuffle_q4_0_f32,0.119900,1024x4x1,64x4x1,2048x1x1x1
l_out-21,kernel_add_row,0.002600,512x0x0,64x0x0,2048x1x1x1
attn_norm-22,kernel_rms_norm_mul,0.005500,1024x1x1,1024x1x1,2048x1x1x1
Qcur-22,kernel_gemv_noshuffle_q4_0_f32,0.044500,1024x4x1,64x4x1,2048x1x1x1
Qcur_normed-22,kernel_rms_norm_mul,0.004000,2048x1x1,128x1x1,128x16x1x1
Qcur-22,kernel_rope_neox_f32,0.003100,1024x1x1,64x1x1,128x16x1x1
Vcur-22,kernel_gemv_noshuffle_q4_0_f32,0.030700,512x4x1,64x4x1,1024x1x1x1
Kcur-22,kernel_gemv_noshuffle_q4_0_f32,0.031100,512x4x1,64x4x1,1024x1x1x1
Kcur_normed-22,kernel_rms_norm_mul,0.003500,1024x1x1,128x1x1,128x8x1x1
Kcur-22,kernel_rope_neox_f32,0.003100,512x1x1,64x1x1,128x8x1x1
cache_k_l22 (view),kernel_set_rows_f16_i64,0.002900,1024x1x1,1024x1x1,1024x40192x1x1
cache_v_l22 (view),kernel_set_rows_f16_i64,0.002800,1024x1x1,1024x1x1,1024x40192x1x1
node_795,flash_attn_f32_f16_q1_vec,0.090000,256x16x0,256x1x0,128x16x1x1
node_797,kernel_gemv_noshuffle_q4_0_f32,0.041300,1024x4x1,64x4x1,2048x1x1x1
ffn_inp-22,kernel_add_row,0.002200,512x0x0,64x0x0,2048x1x1x1
ffn_norm-22,kernel_rms_norm_mul,0.005400,1024x1x1,1024x1x1,2048x1x1x1
ffn_gate-22,kernel_gemv_noshuffle_q4_0_f32,0.107300,3072x4x1,64x4x1,6144x1x1x1
ffn_up-22,kernel_gemv_noshuffle_q4_0_f32,0.112200,3072x4x1,64x4x1,6144x1x1x1
ffn_swiglu-22,kernel_swiglu,0.005900,512x1x1,512x1x1,6144x1x1x1
ffn_out-22,kernel_gemv_noshuffle_q4_0_f32,0.118100,1024x4x1,64x4x1,2048x1x1x1
l_out-22,kernel_add_row,0.002100,512x0x0,64x0x0,2048x1x1x1
attn_norm-23,kernel_rms_norm_mul,0.005400,1024x1x1,1024x1x1,2048x1x1x1
Qcur-23,kernel_gemv_noshuffle_q4_0_f32,0.041800,1024x4x1,64x4x1,2048x1x1x1
Qcur_normed-23,kernel_rms_norm_mul,0.004100,2048x1x1,128x1x1,128x16x1x1
Qcur-23,kernel_rope_neox_f32,0.003000,1024x1x1,64x1x1,128x16x1x1
Vcur-23,kernel_gemv_noshuffle_q4_0_f32,0.032200,512x4x1,64x4x1,1024x1x1x1
Kcur-23,kernel_gemv_noshuffle_q4_0_f32,0.030700,512x4x1,64x4x1,1024x1x1x1
Kcur_normed-23,kernel_rms_norm_mul,0.003700,1024x1x1,128x1x1,128x8x1x1
Kcur-23,kernel_rope_neox_f32,0.002700,512x1x1,64x1x1,128x8x1x1
cache_k_l23 (view),kernel_set_rows_f16_i64,0.002900,1024x1x1,1024x1x1,1024x40192x1x1
cache_v_l23 (view),kernel_set_rows_f16_i64,0.002900,1024x1x1,1024x1x1,1024x40192x1x1
node_830,flash_attn_f32_f16_q1_vec,0.090000,256x16x0,256x1x0,128x16x1x1
node_832,kernel_gemv_noshuffle_q4_0_f32,0.045400,1024x4x1,64x4x1,2048x1x1x1
ffn_inp-23,kernel_add_row,0.002400,512x0x0,64x0x0,2048x1x1x1
ffn_norm-23,kernel_rms_norm_mul,0.005400,1024x1x1,1024x1x1,2048x1x1x1
ffn_gate-23,kernel_gemv_noshuffle_q4_0_f32,0.110800,3072x4x1,64x4x1,6144x1x1x1
ffn_up-23,kernel_gemv_noshuffle_q4_0_f32,0.109600,3072x4x1,64x4x1,6144x1x1x1
ffn_swiglu-23,kernel_swiglu,0.006100,512x1x1,512x1x1,6144x1x1x1
ffn_out-23,kernel_gemv_noshuffle_q4_0_f32,0.121500,1024x4x1,64x4x1,2048x1x1x1
l_out-23,kernel_add_row,0.002200,512x0x0,64x0x0,2048x1x1x1
attn_norm-24,kernel_rms_norm_mul,0.005100,1024x1x1,1024x1x1,2048x1x1x1
Qcur-24,kernel_gemv_noshuffle_q4_0_f32,0.043600,1024x4x1,64x4x1,2048x1x1x1
Qcur_normed-24,kernel_rms_norm_mul,0.003700,2048x1x1,128x1x1,128x16x1x1
Qcur-24,kernel_rope_neox_f32,0.002900,1024x1x1,64x1x1,128x16x1x1
Vcur-24,kernel_gemv_noshuffle_q4_0_f32,0.031000,512x4x1,64x4x1,1024x1x1x1
Kcur-24,kernel_gemv_noshuffle_q4_0_f32,0.030900,512x4x1,64x4x1,1024x1x1x1
Kcur_normed-24,kernel_rms_norm_mul,0.003600,1024x1x1,128x1x1,128x8x1x1
Kcur-24,kernel_rope_neox_f32,0.002500,512x1x1,64x1x1,128x8x1x1
cache_k_l24 (view),kernel_set_rows_f16_i64,0.002800,1024x1x1,1024x1x1,1024x40192x1x1
cache_v_l24 (view),kernel_set_rows_f16_i64,0.003300,1024x1x1,1024x1x1,1024x40192x1x1
node_865,flash_attn_f32_f16_q1_vec,0.089900,256x16x0,256x1x0,128x16x1x1
node_867,kernel_gemv_noshuffle_q4_0_f32,0.041600,1024x4x1,64x4x1,2048x1x1x1
ffn_inp-24,kernel_add_row,0.002100,512x0x0,64x0x0,2048x1x1x1
ffn_norm-24,kernel_rms_norm_mul,0.005400,1024x1x1,1024x1x1,2048x1x1x1
ffn_gate-24,kernel_gemv_noshuffle_q4_0_f32,0.108300,3072x4x1,64x4x1,6144x1x1x1
ffn_up-24,kernel_gemv_noshuffle_q4_0_f32,0.110800,3072x4x1,64x4x1,6144x1x1x1
ffn_swiglu-24,kernel_swiglu,0.006100,512x1x1,512x1x1,6144x1x1x1
ffn_out-24,kernel_gemv_noshuffle_q4_0_f32,0.119500,1024x4x1,64x4x1,2048x1x1x1
l_out-24,kernel_add_row,0.002100,512x0x0,64x0x0,2048x1x1x1
attn_norm-25,kernel_rms_norm_mul,0.005300,1024x1x1,1024x1x1,2048x1x1x1
Qcur-25,kernel_gemv_noshuffle_q4_0_f32,0.042000,1024x4x1,64x4x1,2048x1x1x1
Qcur_normed-25,kernel_rms_norm_mul,0.004000,2048x1x1,128x1x1,128x16x1x1
Qcur-25,kernel_rope_neox_f32,0.003000,1024x1x1,64x1x1,128x16x1x1
Vcur-25,kernel_gemv_noshuffle_q4_0_f32,0.031200,512x4x1,64x4x1,1024x1x1x1
Kcur-25,kernel_gemv_noshuffle_q4_0_f32,0.031000,512x4x1,64x4x1,1024x1x1x1
Kcur_normed-25,kernel_rms_norm_mul,0.003900,1024x1x1,128x1x1,128x8x1x1
Kcur-25,kernel_rope_neox_f32,0.002700,512x1x1,64x1x1,128x8x1x1
cache_k_l25 (view),kernel_set_rows_f16_i64,0.002900,1024x1x1,1024x1x1,1024x40192x1x1
cache_v_l25 (view),kernel_set_rows_f16_i64,0.002800,1024x1x1,1024x1x1,1024x40192x1x1
node_900,flash_attn_f32_f16_q1_vec,0.090700,256x16x0,256x1x0,128x16x1x1
node_902,kernel_gemv_noshuffle_q4_0_f32,0.042100,1024x4x1,64x4x1,2048x1x1x1
ffn_inp-25,kernel_add_row,0.002100,512x0x0,64x0x0,2048x1x1x1
ffn_norm-25,kernel_rms_norm_mul,0.005400,1024x1x1,1024x1x1,2048x1x1x1
ffn_gate-25,kernel_gemv_noshuffle_q4_0_f32,0.112200,3072x4x1,64x4x1,6144x1x1x1
ffn_up-25,kernel_gemv_noshuffle_q4_0_f32,0.109800,3072x4x1,64x4x1,6144x1x1x1
ffn_swiglu-25,kernel_swiglu,0.005800,512x1x1,512x1x1,6144x1x1x1
ffn_out-25,kernel_gemv_noshuffle_q4_0_f32,0.119400,1024x4x1,64x4x1,2048x1x1x1
l_out-25,kernel_add_row,0.002100,512x0x0,64x0x0,2048x1x1x1
attn_norm-26,kernel_rms_norm_mul,0.005300,1024x1x1,1024x1x1,2048x1x1x1
Qcur-26,kernel_gemv_noshuffle_q4_0_f32,0.042600,1024x4x1,64x4x1,2048x1x1x1
Qcur_normed-26,kernel_rms_norm_mul,0.004100,2048x1x1,128x1x1,128x16x1x1
Qcur-26,kernel_rope_neox_f32,0.003000,1024x1x1,64x1x1,128x16x1x1
Vcur-26,kernel_gemv_noshuffle_q4_0_f32,0.031300,512x4x1,64x4x1,1024x1x1x1
Kcur-26,kernel_gemv_noshuffle_q4_0_f32,0.030500,512x4x1,64x4x1,1024x1x1x1
Kcur_normed-26,kernel_rms_norm_mul,0.003800,1024x1x1,128x1x1,128x8x1x1
Kcur-26,kernel_rope_neox_f32,0.002400,512x1x1,64x1x1,128x8x1x1
cache_k_l26 (view),kernel_set_rows_f16_i64,0.002800,1024x1x1,1024x1x1,1024x40192x1x1
cache_v_l26 (view),kernel_set_rows_f16_i64,0.002800,1024x1x1,1024x1x1,1024x40192x1x1
node_935,flash_attn_f32_f16_q1_vec,0.090500,256x16x0,256x1x0,128x16x1x1
node_937,kernel_gemv_noshuffle_q4_0_f32,0.041800,1024x4x1,64x4x1,2048x1x1x1
ffn_inp-26,kernel_add_row,0.002100,512x0x0,64x0x0,2048x1x1x1
ffn_norm-26,kernel_rms_norm_mul,0.005300,1024x1x1,1024x1x1,2048x1x1x1
ffn_gate-26,kernel_gemv_noshuffle_q4_0_f32,0.107900,3072x4x1,64x4x1,6144x1x1x1
ffn_up-26,kernel_gemv_noshuffle_q4_0_f32,0.109900,3072x4x1,64x4x1,6144x1x1x1
ffn_swiglu-26,kernel_swiglu,0.006000,512x1x1,512x1x1,6144x1x1x1
ffn_out-26,kernel_gemv_noshuffle_q4_0_f32,0.120200,1024x4x1,64x4x1,2048x1x1x1
l_out-26,kernel_add_row,0.002000,512x0x0,64x0x0,2048x1x1x1
attn_norm-27,kernel_rms_norm_mul,0.005900,1024x1x1,1024x1x1,2048x1x1x1
Qcur-27,kernel_gemv_noshuffle_q4_0_f32,0.041700,1024x4x1,64x4x1,2048x1x1x1
Qcur_normed-27,kernel_rms_norm_mul,0.003600,2048x1x1,128x1x1,128x16x1x1
Qcur-27,kernel_rope_neox_f32,0.002900,1024x1x1,64x1x1,128x16x1x1
Vcur-27,kernel_gemv_noshuffle_q4_0_f32,0.031000,512x4x1,64x4x1,1024x1x1x1
Kcur-27,kernel_gemv_noshuffle_q4_0_f32,0.031000,512x4x1,64x4x1,1024x1x1x1
Kcur_normed-27,kernel_rms_norm_mul,0.003600,1024x1x1,128x1x1,128x8x1x1
Kcur-27,kernel_rope_neox_f32,0.002400,512x1x1,64x1x1,128x8x1x1
cache_k_l27 (view),kernel_set_rows_f16_i64,0.003300,1024x1x1,1024x1x1,1024x40192x1x1
cache_v_l27 (view),kernel_set_rows_f16_i64,0.002900,1024x1x1,1024x1x1,1024x40192x1x1
node_970,flash_attn_f32_f16_q1_vec,0.090500,256x16x0,256x1x0,128x16x1x1
node_972,kernel_gemv_noshuffle_q4_0_f32,0.042200,1024x4x1,64x4x1,2048x1x1x1
node_973,kernel_get_rows_f32,0.004000,1024x1x1,1024x1x1,2048x1x1x1
node_974,kernel_get_rows_f32,0.004100,1024x1x1,1024x1x1,2048x1x1x1
ffn_inp-27,kernel_add_row,0.002300,512x0x0,64x0x0,2048x1x1x1
ffn_norm-27,kernel_rms_norm_mul,0.005400,1024x1x1,1024x1x1,2048x1x1x1
ffn_gate-27,kernel_gemv_noshuffle_q4_0_f32,0.110500,3072x4x1,64x4x1,6144x1x1x1
ffn_up-27,kernel_gemv_noshuffle_q4_0_f32,0.110500,3072x4x1,64x4x1,6144x1x1x1
ffn_swiglu-27,kernel_swiglu,0.005900,512x1x1,512x1x1,6144x1x1x1
ffn_out-27,kernel_gemv_noshuffle_q4_0_f32,0.120300,1024x4x1,64x4x1,2048x1x1x1
l_out-27,kernel_add_row,0.002100,512x0x0,64x0x0,2048x1x1x1
result_norm,kernel_rms_norm_mul,0.005900,1024x1x1,1024x1x1,2048x1x1x1
result_output,kernel_mul_mv_q6_K_f32_flat,6.543500,303872x2x1,64x2x1,151936x1x1x1
attn_norm-0,kernel_rms_norm_mul,0.007800,1024x1x1,1024x1x1,2048x1x1x1
Qcur-0,kernel_gemv_noshuffle_q4_0_f32,0.047700,1024x4x1,64x4x1,2048x1x1x1
Qcur_normed-0,kernel_rms_norm_mul,0.004000,2048x1x1,128x1x1,128x16x1x1
Qcur-0,kernel_rope_neox_f32,0.002900,1024x1x1,64x1x1,128x16x1x1
Vcur-0,kernel_gemv_noshuffle_q4_0_f32,0.032000,512x4x1,64x4x1,1024x1x1x1
Kcur-0,kernel_gemv_noshuffle_q4_0_f32,0.030900,512x4x1,64x4x1,1024x1x1x1
Kcur_normed-0,kernel_rms_norm_mul,0.003400,1024x1x1,128x1x1,128x8x1x1
Kcur-0,kernel_rope_neox_f32,0.002500,512x1x1,64x1x1,128x8x1x1
cache_k_l0 (view),kernel_set_rows_f16_i64,0.003300,1024x1x1,1024x1x1,1024x40192x1x1
cache_v_l0 (view),kernel_set_rows_f16_i64,0.002800,1024x1x1,1024x1x1,1024x40192x1x1
node_25,flash_attn_f32_f16_q1_vec,0.090500,256x16x0,256x1x0,128x16x1x1
node_27,kernel_gemv_noshuffle_q4_0_f32,0.042600,1024x4x1,64x4x1,2048x1x1x1
ffn_inp-0,kernel_add_row,0.002100,512x0x0,64x0x0,2048x1x1x1
ffn_norm-0,kernel_rms_norm_mul,0.005300,1024x1x1,1024x1x1,2048x1x1x1
ffn_gate-0,kernel_gemv_noshuffle_q4_0_f32,0.110300,3072x4x1,64x4x1,6144x1x1x1
ffn_up-0,kernel_gemv_noshuffle_q4_0_f32,0.113000,3072x4x1,64x4x1,6144x1x1x1
ffn_swiglu-0,kernel_swiglu,0.006000,512x1x1,512x1x1,6144x1x1x1
ffn_out-0,kernel_gemv_noshuffle_q4_1_f32,0.128200,1024x4x1,64x4x1,2048x1x1x1
l_out-0,kernel_add_row,0.002300,512x0x0,64x0x0,2048x1x1x1
attn_norm-1,kernel_rms_norm_mul,0.005400,1024x1x1,1024x1x1,2048x1x1x1
Qcur-1,kernel_gemv_noshuffle_q4_0_f32,0.041500,1024x4x1,64x4x1,2048x1x1x1
Qcur_normed-1,kernel_rms_norm_mul,0.003600,2048x1x1,128x1x1,128x16x1x1
Qcur-1,kernel_rope_neox_f32,0.002800,1024x1x1,64x1x1,128x16x1x1
Vcur-1,kernel_gemv_noshuffle_q4_0_f32,0.031300,512x4x1,64x4x1,1024x1x1x1
Kcur-1,kernel_gemv_noshuffle_q4_0_f32,0.031500,512x4x1,64x4x1,1024x1x1x1
Kcur_normed-1,kernel_rms_norm_mul,0.003800,1024x1x1,128x1x1,128x8x1x1
Kcur-1,kernel_rope_neox_f32,0.002700,512x1x1,64x1x1,128x8x1x1
cache_k_l1 (view),kernel_set_rows_f16_i64,0.002900,1024x1x1,1024x1x1,1024x40192x1x1
cache_v_l1 (view),kernel_set_rows_f16_i64,0.002900,1024x1x1,1024x1x1,1024x40192x1x1
node_60,flash_attn_f32_f16_q1_vec,0.090000,256x16x0,256x1x0,128x16x1x1
node_62,kernel_gemv_noshuffle_q4_0_f32,0.041900,1024x4x1,64x4x1,2048x1x1x1
ffn_inp-1,kernel_add_row,0.002100,512x0x0,64x0x0,2048x1x1x1
ffn_norm-1,kernel_rms_norm_mul,0.005700,1024x1x1,1024x1x1,2048x1x1x1
ffn_gate-1,kernel_gemv_noshuffle_q4_0_f32,0.110300,3072x4x1,64x4x1,6144x1x1x1
ffn_up-1,kernel_gemv_noshuffle_q4_0_f32,0.111000,3072x4x1,64x4x1,6144x1x1x1
ffn_swiglu-1,kernel_swiglu,0.006000,512x1x1,512x1x1,6144x1x1x1
ffn_out-1,kernel_gemv_noshuffle_q4_1_f32,0.127600,1024x4x1,64x4x1,2048x1x1x1
l_out-1,kernel_add_row,0.002100,512x0x0,64x0x0,2048x1x1x1
attn_norm-2,kernel_rms_norm_mul,0.005200,1024x1x1,1024x1x1,2048x1x1x1
Qcur-2,kernel_gemv_noshuffle_q4_0_f32,0.041900,1024x4x1,64x4x1,2048x1x1x1
Qcur_normed-2,kernel_rms_norm_mul,0.004400,2048x1x1,128x1x1,128x16x1x1
Qcur-2,kernel_rope_neox_f32,0.002900,1024x1x1,64x1x1,128x16x1x1
Vcur-2,kernel_gemv_noshuffle_q4_0_f32,0.031400,512x4x1,64x4x1,1024x1x1x1
Kcur-2,kernel_gemv_noshuffle_q4_0_f32,0.030100,512x4x1,64x4x1,1024x1x1x1
Kcur_normed-2,kernel_rms_norm_mul,0.003500,1024x1x1,128x1x1,128x8x1x1
Kcur-2,kernel_rope_neox_f32,0.002500,512x1x1,64x1x1,128x8x1x1
cache_k_l2 (view),kernel_set_rows_f16_i64,0.002900,1024x1x1,1024x1x1,1024x40192x1x1
cache_v_l2 (view),kernel_set_rows_f16_i64,0.002900,1024x1x1,1024x1x1,1024x40192x1x1
node_95,flash_attn_f32_f16_q1_vec,0.089800,256x16x0,256x1x0,128x16x1x1
node_97,kernel_gemv_noshuffle_q4_0_f32,0.042100,1024x4x1,64x4x1,2048x1x1x1
ffn_inp-2,kernel_add_row,0.002200,512x0x0,64x0x0,2048x1x1x1
ffn_norm-2,kernel_rms_norm_mul,0.005300,1024x1x1,1024x1x1,2048x1x1x1
ffn_gate-2,kernel_gemv_noshuffle_q4_0_f32,0.109800,3072x4x1,64x4x1,6144x1x1x1
ffn_up-2,kernel_gemv_noshuffle_q4_0_f32,0.110500,3072x4x1,64x4x1,6144x1x1x1
ffn_swiglu-2,kernel_swiglu,0.005900,512x1x1,512x1x1,6144x1x1x1
ffn_out-2,kernel_gemv_noshuffle_q4_1_f32,0.132400,1024x4x1,64x4x1,2048x1x1x1
l_out-2,kernel_add_row,0.002300,512x0x0,64x0x0,2048x1x1x1
attn_norm-3,kernel_rms_norm_mul,0.005400,1024x1x1,1024x1x1,2048x1x1x1
Qcur-3,kernel_gemv_noshuffle_q4_0_f32,0.042500,1024x4x1,64x4x1,2048x1x1x1
Qcur_normed-3,kernel_rms_norm_mul,0.003500,2048x1x1,128x1x1,128x16x1x1
Qcur-3,kernel_rope_neox_f32,0.002900,1024x1x1,64x1x1,128x16x1x1
Vcur-3,kernel_gemv_noshuffle_q4_0_f32,0.031100,512x4x1,64x4x1,1024x1x1x1
Kcur-3,kernel_gemv_noshuffle_q4_0_f32,0.030900,512x4x1,64x4x1,1024x1x1x1
Kcur_normed-3,kernel_rms_norm_mul,0.003600,1024x1x1,128x1x1,128x8x1x1
Kcur-3,kernel_rope_neox_f32,0.003000,512x1x1,64x1x1,128x8x1x1
cache_k_l3 (view),kernel_set_rows_f16_i64,0.002900,1024x1x1,1024x1x1,1024x40192x1x1
cache_v_l3 (view),kernel_set_rows_f16_i64,0.002700,1024x1x1,1024x1x1,1024x40192x1x1
node_130,flash_attn_f32_f16_q1_vec,0.089600,256x16x0,256x1x0,128x16x1x1
node_132,kernel_gemv_noshuffle_q4_0_f32,0.042300,1024x4x1,64x4x1,2048x1x1x1
ffn_inp-3,kernel_add_row,0.002000,512x0x0,64x0x0,2048x1x1x1
ffn_norm-3,kernel_rms_norm_mul,0.005300,1024x1x1,1024x1x1,2048x1x1x1
ffn_gate-3,kernel_gemv_noshuffle_q4_0_f32,0.114300,3072x4x1,64x4x1,6144x1x1x1
ffn_up-3,kernel_gemv_noshuffle_q4_0_f32,0.114200,3072x4x1,64x4x1,6144x1x1x1
ffn_swiglu-3,kernel_swiglu,0.006100,512x1x1,512x1x1,6144x1x1x1
ffn_out-3,kernel_gemv_noshuffle_q4_0_f32,0.121500,1024x4x1,64x4x1,2048x1x1x1
l_out-3,kernel_add_row,0.002100,512x0x0,64x0x0,2048x1x1x1
attn_norm-4,kernel_rms_norm_mul,0.005500,1024x1x1,1024x1x1,2048x1x1x1
Qcur-4,kernel_gemv_noshuffle_q4_0_f32,0.041900,1024x4x1,64x4x1,2048x1x1x1
Qcur_normed-4,kernel_rms_norm_mul,0.004100,2048x1x1,128x1x1,128x16x1x1
Qcur-4,kernel_rope_neox_f32,0.003100,1024x1x1,64x1x1,128x16x1x1
Vcur-4,kernel_gemv_noshuffle_q4_0_f32,0.032100,512x4x1,64x4x1,1024x1x1x1
Kcur-4,kernel_gemv_noshuffle_q4_0_f32,0.031100,512x4x1,64x4x1,1024x1x1x1
Kcur_normed-4,kernel_rms_norm_mul,0.003700,1024x1x1,128x1x1,128x8x1x1
Kcur-4,kernel_rope_neox_f32,0.002600,512x1x1,64x1x1,128x8x1x1
cache_k_l4 (view),kernel_set_rows_f16_i64,0.003000,1024x1x1,1024x1x1,1024x40192x1x1
cache_v_l4 (view),kernel_set_rows_f16_i64,0.002800,1024x1x1,1024x1x1,1024x40192x1x1
node_165,flash_attn_f32_f16_q1_vec,0.089500,256x16x0,256x1x0,128x16x1x1
node_167,kernel_gemv_noshuffle_q4_0_f32,0.041900,1024x4x1,64x4x1,2048x1x1x1
ffn_inp-4,kernel_add_row,0.002300,512x0x0,64x0x0,2048x1x1x1
ffn_norm-4,kernel_rms_norm_mul,0.005300,1024x1x1,1024x1x1,2048x1x1x1
ffn_gate-4,kernel_gemv_noshuffle_q4_0_f32,0.111900,3072x4x1,64x4x1,6144x1x1x1
ffn_up-4,kernel_gemv_noshuffle_q4_0_f32,0.110800,3072x4x1,64x4x1,6144x1x1x1
ffn_swiglu-4,kernel_swiglu,0.006000,512x1x1,512x1x1,6144x1x1x1
ffn_out-4,kernel_gemv_noshuffle_q4_0_f32,0.120100,1024x4x1,64x4x1,2048x1x1x1
l_out-4,kernel_add_row,0.002100,512x0x0,64x0x0,2048x1x1x1
attn_norm-5,kernel_rms_norm_mul,0.005200,1024x1x1,1024x1x1,2048x1x1x1
Qcur-5,kernel_gemv_noshuffle_q4_0_f32,0.044700,1024x4x1,64x4x1,2048x1x1x1
Qcur_normed-5,kernel_rms_norm_mul,0.004500,2048x1x1,128x1x1,128x16x1x1
Qcur-5,kernel_rope_neox_f32,0.002800,1024x1x1,64x1x1,128x16x1x1
Vcur-5,kernel_gemv_noshuffle_q4_0_f32,0.031700,512x4x1,64x4x1,1024x1x1x1
Kcur-5,kernel_gemv_noshuffle_q4_0_f32,0.031200,512x4x1,64x4x1,1024x1x1x1
Kcur_normed-5,kernel_rms_norm_mul,0.003600,1024x1x1,128x1x1,128x8x1x1
Kcur-5,kernel_rope_neox_f32,0.002600,512x1x1,64x1x1,128x8x1x1
cache_k_l5 (view),kernel_set_rows_f16_i64,0.002800,1024x1x1,1024x1x1,1024x40192x1x1
cache_v_l5 (view),kernel_set_rows_f16_i64,0.003300,1024x1x1,1024x1x1,1024x40192x1x1
node_200,flash_attn_f32_f16_q1_vec,0.089500,256x16x0,256x1x0,128x16x1x1
node_202,kernel_gemv_noshuffle_q4_0_f32,0.043100,1024x4x1,64x4x1,2048x1x1x1
ffn_inp-5,kernel_add_row,0.002000,512x0x0,64x0x0,2048x1x1x1
ffn_norm-5,kernel_rms_norm_mul,0.005300,1024x1x1,1024x1x1,2048x1x1x1
ffn_gate-5,kernel_gemv_noshuffle_q4_0_f32,0.109100,3072x4x1,64x4x1,6144x1x1x1
ffn_up-5,kernel_gemv_noshuffle_q4_0_f32,0.110600,3072x4x1,64x4x1,6144x1x1x1
ffn_swiglu-5,kernel_swiglu,0.006300,512x1x1,512x1x1,6144x1x1x1
ffn_out-5,kernel_gemv_noshuffle_q4_0_f32,0.123300,1024x4x1,64x4x1,2048x1x1x1
l_out-5,kernel_add_row,0.002100,512x0x0,64x0x0,2048x1x1x1
attn_norm-6,kernel_rms_norm_mul,0.005300,1024x1x1,1024x1x1,2048x1x1x1
Qcur-6,kernel_gemv_noshuffle_q4_0_f32,0.042000,1024x4x1,64x4x1,2048x1x1x1
Qcur_normed-6,kernel_rms_norm_mul,0.003600,2048x1x1,128x1x1,128x16x1x1
Qcur-6,kernel_rope_neox_f32,0.002900,1024x1x1,64x1x1,128x16x1x1
Vcur-6,kernel_gemv_noshuffle_q4_0_f32,0.031800,512x4x1,64x4x1,1024x1x1x1
Kcur-6,kernel_gemv_noshuffle_q4_0_f32,0.030800,512x4x1,64x4x1,1024x1x1x1
Kcur_normed-6,kernel_rms_norm_mul,0.003800,1024x1x1,128x1x1,128x8x1x1
Kcur-6,kernel_rope_neox_f32,0.002700,512x1x1,64x1x1,128x8x1x1
cache_k_l6 (view),kernel_set_rows_f16_i64,0.002900,1024x1x1,1024x1x1,1024x40192x1x1
cache_v_l6 (view),kernel_set_rows_f16_i64,0.002800,1024x1x1,1024x1x1,1024x40192x1x1
node_235,flash_attn_f32_f16_q1_vec,0.090400,256x16x0,256x1x0,128x16x1x1
node_237,kernel_gemv_noshuffle_q4_0_f32,0.041400,1024x4x1,64x4x1,2048x1x1x1
ffn_inp-6,kernel_add_row,0.002000,512x0x0,64x0x0,2048x1x1x1
ffn_norm-6,kernel_rms_norm_mul,0.005100,1024x1x1,1024x1x1,2048x1x1x1
ffn_gate-6,kernel_gemv_noshuffle_q4_0_f32,0.116400,3072x4x1,64x4x1,6144x1x1x1
ffn_up-6,kernel_gemv_noshuffle_q4_0_f32,0.110400,3072x4x1,64x4x1,6144x1x1x1
ffn_swiglu-6,kernel_swiglu,0.006100,512x1x1,512x1x1,6144x1x1x1
ffn_out-6,kernel_gemv_noshuffle_q4_0_f32,0.119200,1024x4x1,64x4x1,2048x1x1x1
l_out-6,kernel_add_row,0.002100,512x0x0,64x0x0,2048x1x1x1
attn_norm-7,kernel_rms_norm_mul,0.005400,1024x1x1,1024x1x1,2048x1x1x1
Qcur-7,kernel_gemv_noshuffle_q4_0_f32,0.042200,1024x4x1,64x4x1,2048x1x1x1
Qcur_normed-7,kernel_rms_norm_mul,0.004100,2048x1x1,128x1x1,128x16x1x1
Qcur-7,kernel_rope_neox_f32,0.003000,1024x1x1,64x1x1,128x16x1x1
Vcur-7,kernel_gemv_noshuffle_q4_0_f32,0.030900,512x4x1,64x4x1,1024x1x1x1
Kcur-7,kernel_gemv_noshuffle_q4_0_f32,0.030900,512x4x1,64x4x1,1024x1x1x1
Kcur_normed-7,kernel_rms_norm_mul,0.003700,1024x1x1,128x1x1,128x8x1x1
Kcur-7,kernel_rope_neox_f32,0.002500,512x1x1,64x1x1,128x8x1x1
cache_k_l7 (view),kernel_set_rows_f16_i64,0.002900,1024x1x1,1024x1x1,1024x40192x1x1
cache_v_l7 (view),kernel_set_rows_f16_i64,0.002800,1024x1x1,1024x1x1,1024x40192x1x1
node_270,flash_attn_f32_f16_q1_vec,0.090800,256x16x0,256x1x0,128x16x1x1
node_272,kernel_gemv_noshuffle_q4_0_f32,0.043000,1024x4x1,64x4x1,2048x1x1x1
ffn_inp-7,kernel_add_row,0.002000,512x0x0,64x0x0,2048x1x1x1
ffn_norm-7,kernel_rms_norm_mul,0.005300,1024x1x1,1024x1x1,2048x1x1x1
ffn_gate-7,kernel_gemv_noshuffle_q4_0_f32,0.109800,3072x4x1,64x4x1,6144x1x1x1
ffn_up-7,kernel_gemv_noshuffle_q4_0_f32,0.107600,3072x4x1,64x4x1,6144x1x1x1
ffn_swiglu-7,kernel_swiglu,0.005900,512x1x1,512x1x1,6144x1x1x1
ffn_out-7,kernel_gemv_noshuffle_q4_0_f32,0.119300,1024x4x1,64x4x1,2048x1x1x1
l_out-7,kernel_add_row,0.002000,512x0x0,64x0x0,2048x1x1x1
attn_norm-8,kernel_rms_norm_mul,0.005900,1024x1x1,1024x1x1,2048x1x1x1
Qcur-8,kernel_gemv_noshuffle_q4_0_f32,0.043900,1024x4x1,64x4x1,2048x1x1x1
Qcur_normed-8,kernel_rms_norm_mul,0.004000,2048x1x1,128x1x1,128x16x1x1
Qcur-8,kernel_rope_neox_f32,0.002900,1024x1x1,64x1x1,128x16x1x1
Vcur-8,kernel_gemv_noshuffle_q4_0_f32,0.031300,512x4x1,64x4x1,1024x1x1x1
Kcur-8,kernel_gemv_noshuffle_q4_0_f32,0.030700,512x4x1,64x4x1,1024x1x1x1
Kcur_normed-8,kernel_rms_norm_mul,0.003700,1024x1x1,128x1x1,128x8x1x1
Kcur-8,kernel_rope_neox_f32,0.002400,512x1x1,64x1x1,128x8x1x1
cache_k_l8 (view),kernel_set_rows_f16_i64,0.003300,1024x1x1,1024x1x1,1024x40192x1x1
cache_v_l8 (view),kernel_set_rows_f16_i64,0.002800,1024x1x1,1024x1x1,1024x40192x1x1
node_305,flash_attn_f32_f16_q1_vec,0.089900,256x16x0,256x1x0,128x16x1x1
node_307,kernel_gemv_noshuffle_q4_0_f32,0.042500,1024x4x1,64x4x1,2048x1x1x1
ffn_inp-8,kernel_add_row,0.002100,512x0x0,64x0x0,2048x1x1x1
ffn_norm-8,kernel_rms_norm_mul,0.005600,1024x1x1,1024x1x1,2048x1x1x1
ffn_gate-8,kernel_gemv_noshuffle_q4_0_f32,0.108400,3072x4x1,64x4x1,6144x1x1x1
ffn_up-8,kernel_gemv_noshuffle_q4_0_f32,0.108700,3072x4x1,64x4x1,6144x1x1x1
ffn_swiglu-8,kernel_swiglu,0.006100,512x1x1,512x1x1,6144x1x1x1
ffn_out-8,kernel_gemv_noshuffle_q4_0_f32,0.120700,1024x4x1,64x4x1,2048x1x1x1
l_out-8,kernel_add_row,0.002100,512x0x0,64x0x0,2048x1x1x1
attn_norm-9,kernel_rms_norm_mul,0.005400,1024x1x1,1024x1x1,2048x1x1x1
Qcur-9,kernel_gemv_noshuffle_q4_0_f32,0.042100,1024x4x1,64x4x1,2048x1x1x1
Qcur_normed-9,kernel_rms_norm_mul,0.003700,2048x1x1,128x1x1,128x16x1x1
Qcur-9,kernel_rope_neox_f32,0.003100,1024x1x1,64x1x1,128x16x1x1
Vcur-9,kernel_gemv_noshuffle_q4_0_f32,0.031900,512x4x1,64x4x1,1024x1x1x1
Kcur-9,kernel_gemv_noshuffle_q4_0_f32,0.031800,512x4x1,64x4x1,1024x1x1x1
Kcur_normed-9,kernel_rms_norm_mul,0.003800,1024x1x1,128x1x1,128x8x1x1
Kcur-9,kernel_rope_neox_f32,0.002700,512x1x1,64x1x1,128x8x1x1
cache_k_l9 (view),kernel_set_rows_f16_i64,0.002800,1024x1x1,1024x1x1,1024x40192x1x1
cache_v_l9 (view),kernel_set_rows_f16_i64,0.002800,1024x1x1,1024x1x1,1024x40192x1x1
node_340,flash_attn_f32_f16_q1_vec,0.089700,256x16x0,256x1x0,128x16x1x1
node_342,kernel_gemv_noshuffle_q4_0_f32,0.042500,1024x4x1,64x4x1,2048x1x1x1
ffn_inp-9,kernel_add_row,0.002100,512x0x0,64x0x0,2048x1x1x1
ffn_norm-9,kernel_rms_norm_mul,0.005600,1024x1x1,1024x1x1,2048x1x1x1
ffn_gate-9,kernel_gemv_noshuffle_q4_0_f32,0.109700,3072x4x1,64x4x1,6144x1x1x1
ffn_up-9,kernel_gemv_noshuffle_q4_0_f32,0.109700,3072x4x1,64x4x1,6144x1x1x1
ffn_swiglu-9,kernel_swiglu,0.006100,512x1x1,512x1x1,6144x1x1x1
ffn_out-9,kernel_gemv_noshuffle_q4_0_f32,0.120900,1024x4x1,64x4x1,2048x1x1x1
l_out-9,kernel_add_row,0.002200,512x0x0,64x0x0,2048x1x1x1
attn_norm-10,kernel_rms_norm_mul,0.005300,1024x1x1,1024x1x1,2048x1x1x1
Qcur-10,kernel_gemv_noshuffle_q4_0_f32,0.041800,1024x4x1,64x4x1,2048x1x1x1
Qcur_normed-10,kernel_rms_norm_mul,0.004600,2048x1x1,128x1x1,128x16x1x1
Qcur-10,kernel_rope_neox_f32,0.003000,1024x1x1,64x1x1,128x16x1x1
Vcur-10,kernel_gemv_noshuffle_q4_0_f32,0.031600,512x4x1,64x4x1,1024x1x1x1
Kcur-10,kernel_gemv_noshuffle_q4_0_f32,0.031100,512x4x1,64x4x1,1024x1x1x1
Kcur_normed-10,kernel_rms_norm_mul,0.003600,1024x1x1,128x1x1,128x8x1x1
Kcur-10,kernel_rope_neox_f32,0.002600,512x1x1,64x1x1,128x8x1x1
cache_k_l10 (view),kernel_set_rows_f16_i64,0.002800,1024x1x1,1024x1x1,1024x40192x1x1
cache_v_l10 (view),kernel_set_rows_f16_i64,0.002800,1024x1x1,1024x1x1,1024x40192x1x1
node_375,flash_attn_f32_f16_q1_vec,0.089300,256x16x0,256x1x0,128x16x1x1
node_377,kernel_gemv_noshuffle_q4_0_f32,0.042500,1024x4x1,64x4x1,2048x1x1x1
ffn_inp-10,kernel_add_row,0.002100,512x0x0,64x0x0,2048x1x1x1
ffn_norm-10,kernel_rms_norm_mul,0.005400,1024x1x1,1024x1x1,2048x1x1x1
ffn_gate-10,kernel_gemv_noshuffle_q4_0_f32,0.107600,3072x4x1,64x4x1,6144x1x1x1
ffn_up-10,kernel_gemv_noshuffle_q4_0_f32,0.110100,3072x4x1,64x4x1,6144x1x1x1
ffn_swiglu-10,kernel_swiglu,0.006400,512x1x1,512x1x1,6144x1x1x1
ffn_out-10,kernel_gemv_noshuffle_q4_0_f32,0.119100,1024x4x1,64x4x1,2048x1x1x1
l_out-10,kernel_add_row,0.002400,512x0x0,64x0x0,2048x1x1x1
attn_norm-11,kernel_rms_norm_mul,0.005400,1024x1x1,1024x1x1,2048x1x1x1
Qcur-11,kernel_gemv_noshuffle_q4_0_f32,0.041900,1024x4x1,64x4x1,2048x1x1x1
Qcur_normed-11,kernel_rms_norm_mul,0.004200,2048x1x1,128x1x1,128x16x1x1
Qcur-11,kernel_rope_neox_f32,0.002800,1024x1x1,64x1x1,128x16x1x1
Vcur-11,kernel_gemv_noshuffle_q4_0_f32,0.031200,512x4x1,64x4x1,1024x1x1x1
Kcur-11,kernel_gemv_noshuffle_q4_0_f32,0.030700,512x4x1,64x4x1,1024x1x1x1
Kcur_normed-11,kernel_rms_norm_mul,0.003600,1024x1x1,128x1x1,128x8x1x1
Kcur-11,kernel_rope_neox_f32,0.003000,512x1x1,64x1x1,128x8x1x1
cache_k_l11 (view),kernel_set_rows_f16_i64,0.002800,1024x1x1,1024x1x1,1024x40192x1x1
cache_v_l11 (view),kernel_set_rows_f16_i64,0.002800,1024x1x1,1024x1x1,1024x40192x1x1
node_410,flash_attn_f32_f16_q1_vec,0.090400,256x16x0,256x1x0,128x16x1x1
node_412,kernel_gemv_noshuffle_q4_0_f32,0.042200,1024x4x1,64x4x1,2048x1x1x1
ffn_inp-11,kernel_add_row,0.002200,512x0x0,64x0x0,2048x1x1x1
ffn_norm-11,kernel_rms_norm_mul,0.005300,1024x1x1,1024x1x1,2048x1x1x1
ffn_gate-11,kernel_gemv_noshuffle_q4_0_f32,0.111000,3072x4x1,64x4x1,6144x1x1x1
ffn_up-11,kernel_gemv_noshuffle_q4_0_f32,0.109200,3072x4x1,64x4x1,6144x1x1x1
ffn_swiglu-11,kernel_swiglu,0.005700,512x1x1,512x1x1,6144x1x1x1
ffn_out-11,kernel_gemv_noshuffle_q4_0_f32,0.120200,1024x4x1,64x4x1,2048x1x1x1
l_out-11,kernel_add_row,0.002100,512x0x0,64x0x0,2048x1x1x1
attn_norm-12,kernel_rms_norm_mul,0.005400,1024x1x1,1024x1x1,2048x1x1x1
Qcur-12,kernel_gemv_noshuffle_q4_0_f32,0.043600,1024x4x1,64x4x1,2048x1x1x1
Qcur_normed-12,kernel_rms_norm_mul,0.004100,2048x1x1,128x1x1,128x16x1x1
Qcur-12,kernel_rope_neox_f32,0.002900,1024x1x1,64x1x1,128x16x1x1
Vcur-12,kernel_gemv_noshuffle_q4_0_f32,0.031400,512x4x1,64x4x1,1024x1x1x1
Kcur-12,kernel_gemv_noshuffle_q4_0_f32,0.031000,512x4x1,64x4x1,1024x1x1x1
Kcur_normed-12,kernel_rms_norm_mul,0.003800,1024x1x1,128x1x1,128x8x1x1
Kcur-12,kernel_rope_neox_f32,0.003000,512x1x1,64x1x1,128x8x1x1
cache_k_l12 (view),kernel_set_rows_f16_i64,0.002800,1024x1x1,1024x1x1,1024x40192x1x1
cache_v_l12 (view),kernel_set_rows_f16_i64,0.002700,1024x1x1,1024x1x1,1024x40192x1x1
node_445,flash_attn_f32_f16_q1_vec,0.091000,256x16x0,256x1x0,128x16x1x1
node_447,kernel_gemv_noshuffle_q4_0_f32,0.042300,1024x4x1,64x4x1,2048x1x1x1
ffn_inp-12,kernel_add_row,0.002400,512x0x0,64x0x0,2048x1x1x1
ffn_norm-12,kernel_rms_norm_mul,0.005500,1024x1x1,1024x1x1,2048x1x1x1
ffn_gate-12,kernel_gemv_noshuffle_q4_0_f32,0.107000,3072x4x1,64x4x1,6144x1x1x1
ffn_up-12,kernel_gemv_noshuffle_q4_0_f32,0.107800,3072x4x1,64x4x1,6144x1x1x1
ffn_swiglu-12,kernel_swiglu,0.006000,512x1x1,512x1x1,6144x1x1x1
ffn_out-12,kernel_gemv_noshuffle_q4_0_f32,0.117300,1024x4x1,64x4x1,2048x1x1x1
l_out-12,kernel_add_row,0.002100,512x0x0,64x0x0,2048x1x1x1
attn_norm-13,kernel_rms_norm_mul,0.005200,1024x1x1,1024x1x1,2048x1x1x1
Qcur-13,kernel_gemv_noshuffle_q4_0_f32,0.042800,1024x4x1,64x4x1,2048x1x1x1
Qcur_normed-13,kernel_rms_norm_mul,0.004500,2048x1x1,128x1x1,128x16x1x1
Qcur-13,kernel_rope_neox_f32,0.002900,1024x1x1,64x1x1,128x16x1x1
Vcur-13,kernel_gemv_noshuffle_q4_0_f32,0.032700,512x4x1,64x4x1,1024x1x1x1
Kcur-13,kernel_gemv_noshuffle_q4_0_f32,0.031100,512x4x1,64x4x1,1024x1x1x1
Kcur_normed-13,kernel_rms_norm_mul,0.003500,1024x1x1,128x1x1,128x8x1x1
Kcur-13,kernel_rope_neox_f32,0.002500,512x1x1,64x1x1,128x8x1x1
cache_k_l13 (view),kernel_set_rows_f16_i64,0.002800,1024x1x1,1024x1x1,1024x40192x1x1
cache_v_l13 (view),kernel_set_rows_f16_i64,0.003200,1024x1x1,1024x1x1,1024x40192x1x1
node_480,flash_attn_f32_f16_q1_vec,0.089600,256x16x0,256x1x0,128x16x1x1
node_482,kernel_gemv_noshuffle_q4_0_f32,0.040800,1024x4x1,64x4x1,2048x1x1x1
ffn_inp-13,kernel_add_row,0.002000,512x0x0,64x0x0,2048x1x1x1
ffn_norm-13,kernel_rms_norm_mul,0.005500,1024x1x1,1024x1x1,2048x1x1x1
ffn_gate-13,kernel_gemv_noshuffle_q4_0_f32,0.105400,3072x4x1,64x4x1,6144x1x1x1
ffn_up-13,kernel_gemv_noshuffle_q4_0_f32,0.107800,3072x4x1,64x4x1,6144x1x1x1
ffn_swiglu-13,kernel_swiglu,0.005900,512x1x1,512x1x1,6144x1x1x1
ffn_out-13,kernel_gemv_noshuffle_q4_0_f32,0.118700,1024x4x1,64x4x1,2048x1x1x1
l_out-13,kernel_add_row,0.002100,512x0x0,64x0x0,2048x1x1x1
attn_norm-14,kernel_rms_norm_mul,0.005700,1024x1x1,1024x1x1,2048x1x1x1
Qcur-14,kernel_gemv_noshuffle_q4_0_f32,0.040600,1024x4x1,64x4x1,2048x1x1x1
Qcur_normed-14,kernel_rms_norm_mul,0.004300,2048x1x1,128x1x1,128x16x1x1
Qcur-14,kernel_rope_neox_f32,0.002800,1024x1x1,64x1x1,128x16x1x1
Vcur-14,kernel_gemv_noshuffle_q4_0_f32,0.031200,512x4x1,64x4x1,1024x1x1x1
Kcur-14,kernel_gemv_noshuffle_q4_0_f32,0.031500,512x4x1,64x4x1,1024x1x1x1
Kcur_normed-14,kernel_rms_norm_mul,0.003900,1024x1x1,128x1x1,128x8x1x1
Kcur-14,kernel_rope_neox_f32,0.002600,512x1x1,64x1x1,128x8x1x1
cache_k_l14 (view),kernel_set_rows_f16_i64,0.002800,1024x1x1,1024x1x1,1024x40192x1x1
cache_v_l14 (view),kernel_set_rows_f16_i64,0.002900,1024x1x1,1024x1x1,1024x40192x1x1
node_515,flash_attn_f32_f16_q1_vec,0.090700,256x16x0,256x1x0,128x16x1x1
node_517,kernel_gemv_noshuffle_q4_0_f32,0.040400,1024x4x1,64x4x1,2048x1x1x1
ffn_inp-14,kernel_add_row,0.002000,512x0x0,64x0x0,2048x1x1x1
ffn_norm-14,kernel_rms_norm_mul,0.005200,1024x1x1,1024x1x1,2048x1x1x1
ffn_gate-14,kernel_gemv_noshuffle_q4_0_f32,0.104500,3072x4x1,64x4x1,6144x1x1x1
ffn_up-14,kernel_gemv_noshuffle_q4_0_f32,0.109200,3072x4x1,64x4x1,6144x1x1x1
ffn_swiglu-14,kernel_swiglu,0.005900,512x1x1,512x1x1,6144x1x1x1
ffn_out-14,kernel_gemv_noshuffle_q4_0_f32,0.119300,1024x4x1,64x4x1,2048x1x1x1
l_out-14,kernel_add_row,0.002200,512x0x0,64x0x0,2048x1x1x1
attn_norm-15,kernel_rms_norm_mul,0.005400,1024x1x1,1024x1x1,2048x1x1x1
Qcur-15,kernel_gemv_noshuffle_q4_0_f32,0.040500,1024x4x1,64x4x1,2048x1x1x1
Qcur_normed-15,kernel_rms_norm_mul,0.003600,2048x1x1,128x1x1,128x16x1x1
Qcur-15,kernel_rope_neox_f32,0.003000,1024x1x1,64x1x1,128x16x1x1
Vcur-15,kernel_gemv_noshuffle_q4_0_f32,0.031800,512x4x1,64x4x1,1024x1x1x1
Kcur-15,kernel_gemv_noshuffle_q4_0_f32,0.030700,512x4x1,64x4x1,1024x1x1x1
Kcur_normed-15,kernel_rms_norm_mul,0.003800,1024x1x1,128x1x1,128x8x1x1
Kcur-15,kernel_rope_neox_f32,0.002400,512x1x1,64x1x1,128x8x1x1
cache_k_l15 (view),kernel_set_rows_f16_i64,0.002900,1024x1x1,1024x1x1,1024x40192x1x1
cache_v_l15 (view),kernel_set_rows_f16_i64,0.002800,1024x1x1,1024x1x1,1024x40192x1x1
node_550,flash_attn_f32_f16_q1_vec,0.089400,256x16x0,256x1x0,128x16x1x1
node_552,kernel_gemv_noshuffle_q4_0_f32,0.041900,1024x4x1,64x4x1,2048x1x1x1
ffn_inp-15,kernel_add_row,0.002000,512x0x0,64x0x0,2048x1x1x1
ffn_norm-15,kernel_rms_norm_mul,0.005400,1024x1x1,1024x1x1,2048x1x1x1
ffn_gate-15,kernel_gemv_noshuffle_q4_0_f32,0.107500,3072x4x1,64x4x1,6144x1x1x1
ffn_up-15,kernel_gemv_noshuffle_q4_0_f32,0.107600,3072x4x1,64x4x1,6144x1x1x1
ffn_swiglu-15,kernel_swiglu,0.006200,512x1x1,512x1x1,6144x1x1x1
ffn_out-15,kernel_gemv_noshuffle_q4_0_f32,0.117600,1024x4x1,64x4x1,2048x1x1x1
l_out-15,kernel_add_row,0.002000,512x0x0,64x0x0,2048x1x1x1
attn_norm-16,kernel_rms_norm_mul,0.005700,1024x1x1,1024x1x1,2048x1x1x1
Qcur-16,kernel_gemv_noshuffle_q4_0_f32,0.041800,1024x4x1,64x4x1,2048x1x1x1
Qcur_normed-16,kernel_rms_norm_mul,0.004000,2048x1x1,128x1x1,128x16x1x1
Qcur-16,kernel_rope_neox_f32,0.002900,1024x1x1,64x1x1,128x16x1x1
Vcur-16,kernel_gemv_noshuffle_q4_0_f32,0.031100,512x4x1,64x4x1,1024x1x1x1
Kcur-16,kernel_gemv_noshuffle_q4_0_f32,0.031600,512x4x1,64x4x1,1024x1x1x1
Kcur_normed-16,kernel_rms_norm_mul,0.003600,1024x1x1,128x1x1,128x8x1x1
Kcur-16,kernel_rope_neox_f32,0.002600,512x1x1,64x1x1,128x8x1x1
cache_k_l16 (view),kernel_set_rows_f16_i64,0.003400,1024x1x1,1024x1x1,1024x40192x1x1
cache_v_l16 (view),kernel_set_rows_f16_i64,0.002800,1024x1x1,1024x1x1,1024x40192x1x1
node_585,flash_attn_f32_f16_q1_vec,0.091700,256x16x0,256x1x0,128x16x1x1
node_587,kernel_gemv_noshuffle_q4_0_f32,0.041300,1024x4x1,64x4x1,2048x1x1x1
ffn_inp-16,kernel_add_row,0.002100,512x0x0,64x0x0,2048x1x1x1
ffn_norm-16,kernel_rms_norm_mul,0.005300,1024x1x1,1024x1x1,2048x1x1x1
ffn_gate-16,kernel_gemv_noshuffle_q4_0_f32,0.107700,3072x4x1,64x4x1,6144x1x1x1
ffn_up-16,kernel_gemv_noshuffle_q4_0_f32,0.108200,3072x4x1,64x4x1,6144x1x1x1
ffn_swiglu-16,kernel_swiglu,0.006000,512x1x1,512x1x1,6144x1x1x1
ffn_out-16,kernel_gemv_noshuffle_q4_0_f32,0.119200,1024x4x1,64x4x1,2048x1x1x1
l_out-16,kernel_add_row,0.002100,512x0x0,64x0x0,2048x1x1x1
attn_norm-17,kernel_rms_norm_mul,0.005300,1024x1x1,1024x1x1,2048x1x1x1
Qcur-17,kernel_gemv_noshuffle_q4_0_f32,0.040500,1024x4x1,64x4x1,2048x1x1x1
Qcur_normed-17,kernel_rms_norm_mul,0.004200,2048x1x1,128x1x1,128x16x1x1
Qcur-17,kernel_rope_neox_f32,0.003000,1024x1x1,64x1x1,128x16x1x1
Vcur-17,kernel_gemv_noshuffle_q4_0_f32,0.030900,512x4x1,64x4x1,1024x1x1x1
Kcur-17,kernel_gemv_noshuffle_q4_0_f32,0.031400,512x4x1,64x4x1,1024x1x1x1
Kcur_normed-17,kernel_rms_norm_mul,0.003600,1024x1x1,128x1x1,128x8x1x1
Kcur-17,kernel_rope_neox_f32,0.002700,512x1x1,64x1x1,128x8x1x1
cache_k_l17 (view),kernel_set_rows_f16_i64,0.002800,1024x1x1,1024x1x1,1024x40192x1x1
cache_v_l17 (view),kernel_set_rows_f16_i64,0.002900,1024x1x1,1024x1x1,1024x40192x1x1
node_620,flash_attn_f32_f16_q1_vec,0.091000,256x16x0,256x1x0,128x16x1x1
node_622,kernel_gemv_noshuffle_q4_0_f32,0.041900,1024x4x1,64x4x1,2048x1x1x1
ffn_inp-17,kernel_add_row,0.002100,512x0x0,64x0x0,2048x1x1x1
ffn_norm-17,kernel_rms_norm_mul,0.005800,1024x1x1,1024x1x1,2048x1x1x1
ffn_gate-17,kernel_gemv_noshuffle_q4_0_f32,0.109700,3072x4x1,64x4x1,6144x1x1x1
ffn_up-17,kernel_gemv_noshuffle_q4_0_f32,0.108500,3072x4x1,64x4x1,6144x1x1x1
ffn_swiglu-17,kernel_swiglu,0.006100,512x1x1,512x1x1,6144x1x1x1
ffn_out-17,kernel_gemv_noshuffle_q4_0_f32,0.120700,1024x4x1,64x4x1,2048x1x1x1
l_out-17,kernel_add_row,0.002400,512x0x0,64x0x0,2048x1x1x1
attn_norm-18,kernel_rms_norm_mul,0.005100,1024x1x1,1024x1x1,2048x1x1x1
Qcur-18,kernel_gemv_noshuffle_q4_0_f32,0.041400,1024x4x1,64x4x1,2048x1x1x1
Qcur_normed-18,kernel_rms_norm_mul,0.004600,2048x1x1,128x1x1,128x16x1x1
Qcur-18,kernel_rope_neox_f32,0.002800,1024x1x1,64x1x1,128x16x1x1
Vcur-18,kernel_gemv_noshuffle_q4_0_f32,0.031600,512x4x1,64x4x1,1024x1x1x1
Kcur-18,kernel_gemv_noshuffle_q4_0_f32,0.030300,512x4x1,64x4x1,1024x1x1x1
Kcur_normed-18,kernel_rms_norm_mul,0.003500,1024x1x1,128x1x1,128x8x1x1
Kcur-18,kernel_rope_neox_f32,0.002400,512x1x1,64x1x1,128x8x1x1
cache_k_l18 (view),kernel_set_rows_f16_i64,0.003200,1024x1x1,1024x1x1,1024x40192x1x1
cache_v_l18 (view),kernel_set_rows_f16_i64,0.002800,1024x1x1,1024x1x1,1024x40192x1x1
node_655,flash_attn_f32_f16_q1_vec,0.090300,256x16x0,256x1x0,128x16x1x1
node_657,kernel_gemv_noshuffle_q4_0_f32,0.040700,1024x4x1,64x4x1,2048x1x1x1
ffn_inp-18,kernel_add_row,0.002100,512x0x0,64x0x0,2048x1x1x1
ffn_norm-18,kernel_rms_norm_mul,0.005300,1024x1x1,1024x1x1,2048x1x1x1
ffn_gate-18,kernel_gemv_noshuffle_q4_0_f32,0.105300,3072x4x1,64x4x1,6144x1x1x1
ffn_up-18,kernel_gemv_noshuffle_q4_0_f32,0.108600,3072x4x1,64x4x1,6144x1x1x1
ffn_swiglu-18,kernel_swiglu,0.006200,512x1x1,512x1x1,6144x1x1x1
ffn_out-18,kernel_gemv_noshuffle_q4_0_f32,0.117000,1024x4x1,64x4x1,2048x1x1x1
l_out-18,kernel_add_row,0.002500,512x0x0,64x0x0,2048x1x1x1
attn_norm-19,kernel_rms_norm_mul,0.005300,1024x1x1,1024x1x1,2048x1x1x1
Qcur-19,kernel_gemv_noshuffle_q4_0_f32,0.041000,1024x4x1,64x4x1,2048x1x1x1
Qcur_normed-19,kernel_rms_norm_mul,0.004100,2048x1x1,128x1x1,128x16x1x1
Qcur-19,kernel_rope_neox_f32,0.002800,1024x1x1,64x1x1,128x16x1x1
Vcur-19,kernel_gemv_noshuffle_q4_0_f32,0.030800,512x4x1,64x4x1,1024x1x1x1
Kcur-19,kernel_gemv_noshuffle_q4_0_f32,0.031000,512x4x1,64x4x1,1024x1x1x1
Kcur_normed-19,kernel_rms_norm_mul,0.003600,1024x1x1,128x1x1,128x8x1x1
Kcur-19,kernel_rope_neox_f32,0.002900,512x1x1,64x1x1,128x8x1x1
cache_k_l19 (view),kernel_set_rows_f16_i64,0.002800,1024x1x1,1024x1x1,1024x40192x1x1
cache_v_l19 (view),kernel_set_rows_f16_i64,0.002900,1024x1x1,1024x1x1,1024x40192x1x1
node_690,flash_attn_f32_f16_q1_vec,0.090700,256x16x0,256x1x0,128x16x1x1
node_692,kernel_gemv_noshuffle_q4_0_f32,0.040900,1024x4x1,64x4x1,2048x1x1x1
ffn_inp-19,kernel_add_row,0.002200,512x0x0,64x0x0,2048x1x1x1
ffn_norm-19,kernel_rms_norm_mul,0.005300,1024x1x1,1024x1x1,2048x1x1x1
ffn_gate-19,kernel_gemv_noshuffle_q4_0_f32,0.106500,3072x4x1,64x4x1,6144x1x1x1
ffn_up-19,kernel_gemv_noshuffle_q4_0_f32,0.107200,3072x4x1,64x4x1,6144x1x1x1
ffn_swiglu-19,kernel_swiglu,0.005900,512x1x1,512x1x1,6144x1x1x1
ffn_out-19,kernel_gemv_noshuffle_q4_0_f32,0.116700,1024x4x1,64x4x1,2048x1x1x1
l_out-19,kernel_add_row,0.002200,512x0x0,64x0x0,2048x1x1x1
attn_norm-20,kernel_rms_norm_mul,0.005300,1024x1x1,1024x1x1,2048x1x1x1
Qcur-20,kernel_gemv_noshuffle_q4_0_f32,0.041200,1024x4x1,64x4x1,2048x1x1x1
Qcur_normed-20,kernel_rms_norm_mul,0.004000,2048x1x1,128x1x1,128x16x1x1
Qcur-20,kernel_rope_neox_f32,0.002800,1024x1x1,64x1x1,128x16x1x1
Vcur-20,kernel_gemv_noshuffle_q4_0_f32,0.032700,512x4x1,64x4x1,1024x1x1x1
Kcur-20,kernel_gemv_noshuffle_q4_0_f32,0.030200,512x4x1,64x4x1,1024x1x1x1
Kcur_normed-20,kernel_rms_norm_mul,0.003700,1024x1x1,128x1x1,128x8x1x1
Kcur-20,kernel_rope_neox_f32,0.002700,512x1x1,64x1x1,128x8x1x1
cache_k_l20 (view),kernel_set_rows_f16_i64,0.002800,1024x1x1,1024x1x1,1024x40192x1x1
cache_v_l20 (view),kernel_set_rows_f16_i64,0.002800,1024x1x1,1024x1x1,1024x40192x1x1
node_725,flash_attn_f32_f16_q1_vec,0.090400,256x16x0,256x1x0,128x16x1x1
node_727,kernel_gemv_noshuffle_q4_0_f32,0.040700,1024x4x1,64x4x1,2048x1x1x1
ffn_inp-20,kernel_add_row,0.002300,512x0x0,64x0x0,2048x1x1x1
ffn_norm-20,kernel_rms_norm_mul,0.005400,1024x1x1,1024x1x1,2048x1x1x1
ffn_gate-20,kernel_gemv_noshuffle_q4_0_f32,0.108800,3072x4x1,64x4x1,6144x1x1x1
ffn_up-20,kernel_gemv_noshuffle_q4_0_f32,0.108700,3072x4x1,64x4x1,6144x1x1x1
ffn_swiglu-20,kernel_swiglu,0.005800,512x1x1,512x1x1,6144x1x1x1
ffn_out-20,kernel_gemv_noshuffle_q4_0_f32,0.116600,1024x4x1,64x4x1,2048x1x1x1
l_out-20,kernel_add_row,0.002000,512x0x0,64x0x0,2048x1x1x1
attn_norm-21,kernel_rms_norm_mul,0.005100,1024x1x1,1024x1x1,2048x1x1x1
Qcur-21,kernel_gemv_noshuffle_q4_0_f32,0.041300,1024x4x1,64x4x1,2048x1x1x1
Qcur_normed-21,kernel_rms_norm_mul,0.004300,2048x1x1,128x1x1,128x16x1x1
Qcur-21,kernel_rope_neox_f32,0.003000,1024x1x1,64x1x1,128x16x1x1
Vcur-21,kernel_gemv_noshuffle_q4_0_f32,0.031100,512x4x1,64x4x1,1024x1x1x1
Kcur-21,kernel_gemv_noshuffle_q4_0_f32,0.030300,512x4x1,64x4x1,1024x1x1x1
Kcur_normed-21,kernel_rms_norm_mul,0.003500,1024x1x1,128x1x1,128x8x1x1
Kcur-21,kernel_rope_neox_f32,0.002500,512x1x1,64x1x1,128x8x1x1
cache_k_l21 (view),kernel_set_rows_f16_i64,0.003000,1024x1x1,1024x1x1,1024x40192x1x1
cache_v_l21 (view),kernel_set_rows_f16_i64,0.003400,1024x1x1,1024x1x1,1024x40192x1x1
node_760,flash_attn_f32_f16_q1_vec,0.090600,256x16x0,256x1x0,128x16x1x1
node_762,kernel_gemv_noshuffle_q4_0_f32,0.040800,1024x4x1,64x4x1,2048x1x1x1
ffn_inp-21,kernel_add_row,0.002000,512x0x0,64x0x0,2048x1x1x1
ffn_norm-21,kernel_rms_norm_mul,0.005400,1024x1x1,1024x1x1,2048x1x1x1
ffn_gate-21,kernel_gemv_noshuffle_q4_0_f32,0.104000,3072x4x1,64x4x1,6144x1x1x1
ffn_up-21,kernel_gemv_noshuffle_q4_0_f32,0.110500,3072x4x1,64x4x1,6144x1x1x1
ffn_swiglu-21,kernel_swiglu,0.005900,512x1x1,512x1x1,6144x1x1x1
ffn_out-21,kernel_gemv_noshuffle_q4_0_f32,0.117200,1024x4x1,64x4x1,2048x1x1x1
l_out-21,kernel_add_row,0.002200,512x0x0,64x0x0,2048x1x1x1
attn_norm-22,kernel_rms_norm_mul,0.005400,1024x1x1,1024x1x1,2048x1x1x1
Qcur-22,kernel_gemv_noshuffle_q4_0_f32,0.042100,1024x4x1,64x4x1,2048x1x1x1
Qcur_normed-22,kernel_rms_norm_mul,0.003800,2048x1x1,128x1x1,128x16x1x1
Qcur-22,kernel_rope_neox_f32,0.002900,1024x1x1,64x1x1,128x16x1x1
Vcur-22,kernel_gemv_noshuffle_q4_0_f32,0.032000,512x4x1,64x4x1,1024x1x1x1
Kcur-22,kernel_gemv_noshuffle_q4_0_f32,0.030600,512x4x1,64x4x1,1024x1x1x1
Kcur_normed-22,kernel_rms_norm_mul,0.004000,1024x1x1,128x1x1,128x8x1x1
Kcur-22,kernel_rope_neox_f32,0.002800,512x1x1,64x1x1,128x8x1x1
cache_k_l22 (view),kernel_set_rows_f16_i64,0.002800,1024x1x1,1024x1x1,1024x40192x1x1
cache_v_l22 (view),kernel_set_rows_f16_i64,0.002800,1024x1x1,1024x1x1,1024x40192x1x1
node_795,flash_attn_f32_f16_q1_vec,0.089900,256x16x0,256x1x0,128x16x1x1
node_797,kernel_gemv_noshuffle_q4_0_f32,0.042400,1024x4x1,64x4x1,2048x1x1x1
ffn_inp-22,kernel_add_row,0.002100,512x0x0,64x0x0,2048x1x1x1
ffn_norm-22,kernel_rms_norm_mul,0.005200,1024x1x1,1024x1x1,2048x1x1x1
ffn_gate-22,kernel_gemv_noshuffle_q4_0_f32,0.109400,3072x4x1,64x4x1,6144x1x1x1
ffn_up-22,kernel_gemv_noshuffle_q4_0_f32,0.112100,3072x4x1,64x4x1,6144x1x1x1
ffn_swiglu-22,kernel_swiglu,0.005900,512x1x1,512x1x1,6144x1x1x1
ffn_out-22,kernel_gemv_noshuffle_q4_0_f32,0.118300,1024x4x1,64x4x1,2048x1x1x1
l_out-22,kernel_add_row,0.002100,512x0x0,64x0x0,2048x1x1x1
attn_norm-23,kernel_rms_norm_mul,0.005500,1024x1x1,1024x1x1,2048x1x1x1
Qcur-23,kernel_gemv_noshuffle_q4_0_f32,0.042200,1024x4x1,64x4x1,2048x1x1x1
Qcur_normed-23,kernel_rms_norm_mul,0.004000,2048x1x1,128x1x1,128x16x1x1
Qcur-23,kernel_rope_neox_f32,0.003000,1024x1x1,64x1x1,128x16x1x1
Vcur-23,kernel_gemv_noshuffle_q4_0_f32,0.031400,512x4x1,64x4x1,1024x1x1x1
Kcur-23,kernel_gemv_noshuffle_q4_0_f32,0.030700,512x4x1,64x4x1,1024x1x1x1
Kcur_normed-23,kernel_rms_norm_mul,0.003700,1024x1x1,128x1x1,128x8x1x1
Kcur-23,kernel_rope_neox_f32,0.002400,512x1x1,64x1x1,128x8x1x1
cache_k_l23 (view),kernel_set_rows_f16_i64,0.002800,1024x1x1,1024x1x1,1024x40192x1x1
cache_v_l23 (view),kernel_set_rows_f16_i64,0.003100,1024x1x1,1024x1x1,1024x40192x1x1
node_830,flash_attn_f32_f16_q1_vec,0.091400,256x16x0,256x1x0,128x16x1x1
node_832,kernel_gemv_noshuffle_q4_0_f32,0.042600,1024x4x1,64x4x1,2048x1x1x1
ffn_inp-23,kernel_add_row,0.002100,512x0x0,64x0x0,2048x1x1x1
ffn_norm-23,kernel_rms_norm_mul,0.005300,1024x1x1,1024x1x1,2048x1x1x1
ffn_gate-23,kernel_gemv_noshuffle_q4_0_f32,0.109500,3072x4x1,64x4x1,6144x1x1x1
ffn_up-23,kernel_gemv_noshuffle_q4_0_f32,0.110700,3072x4x1,64x4x1,6144x1x1x1
ffn_swiglu-23,kernel_swiglu,0.005900,512x1x1,512x1x1,6144x1x1x1
ffn_out-23,kernel_gemv_noshuffle_q4_0_f32,0.118400,1024x4x1,64x4x1,2048x1x1x1
l_out-23,kernel_add_row,0.002200,512x0x0,64x0x0,2048x1x1x1
attn_norm-24,kernel_rms_norm_mul,0.005600,1024x1x1,1024x1x1,2048x1x1x1
Qcur-24,kernel_gemv_noshuffle_q4_0_f32,0.042400,1024x4x1,64x4x1,2048x1x1x1
Qcur_normed-24,kernel_rms_norm_mul,0.003600,2048x1x1,128x1x1,128x16x1x1
Qcur-24,kernel_rope_neox_f32,0.003100,1024x1x1,64x1x1,128x16x1x1
Vcur-24,kernel_gemv_noshuffle_q4_0_f32,0.031100,512x4x1,64x4x1,1024x1x1x1
Kcur-24,kernel_gemv_noshuffle_q4_0_f32,0.030900,512x4x1,64x4x1,1024x1x1x1
Kcur_normed-24,kernel_rms_norm_mul,0.003600,1024x1x1,128x1x1,128x8x1x1
Kcur-24,kernel_rope_neox_f32,0.002500,512x1x1,64x1x1,128x8x1x1
cache_k_l24 (view),kernel_set_rows_f16_i64,0.003300,1024x1x1,1024x1x1,1024x40192x1x1
cache_v_l24 (view),kernel_set_rows_f16_i64,0.002800,1024x1x1,1024x1x1,1024x40192x1x1
node_865,flash_attn_f32_f16_q1_vec,0.090300,256x16x0,256x1x0,128x16x1x1
node_867,kernel_gemv_noshuffle_q4_0_f32,0.041500,1024x4x1,64x4x1,2048x1x1x1
ffn_inp-24,kernel_add_row,0.002000,512x0x0,64x0x0,2048x1x1x1
ffn_norm-24,kernel_rms_norm_mul,0.005300,1024x1x1,1024x1x1,2048x1x1x1
ffn_gate-24,kernel_gemv_noshuffle_q4_0_f32,0.110300,3072x4x1,64x4x1,6144x1x1x1
ffn_up-24,kernel_gemv_noshuffle_q4_0_f32,0.109000,3072x4x1,64x4x1,6144x1x1x1
ffn_swiglu-24,kernel_swiglu,0.006000,512x1x1,512x1x1,6144x1x1x1
ffn_out-24,kernel_gemv_noshuffle_q4_0_f32,0.119700,1024x4x1,64x4x1,2048x1x1x1
l_out-24,kernel_add_row,0.002100,512x0x0,64x0x0,2048x1x1x1
attn_norm-25,kernel_rms_norm_mul,0.005400,1024x1x1,1024x1x1,2048x1x1x1
Qcur-25,kernel_gemv_noshuffle_q4_0_f32,0.041500,1024x4x1,64x4x1,2048x1x1x1
Qcur_normed-25,kernel_rms_norm_mul,0.004000,2048x1x1,128x1x1,128x16x1x1
Qcur-25,kernel_rope_neox_f32,0.003000,1024x1x1,64x1x1,128x16x1x1
Vcur-25,kernel_gemv_noshuffle_q4_0_f32,0.031300,512x4x1,64x4x1,1024x1x1x1
Kcur-25,kernel_gemv_noshuffle_q4_0_f32,0.031400,512x4x1,64x4x1,1024x1x1x1
Kcur_normed-25,kernel_rms_norm_mul,0.003700,1024x1x1,128x1x1,128x8x1x1
Kcur-25,kernel_rope_neox_f32,0.002800,512x1x1,64x1x1,128x8x1x1
cache_k_l25 (view),kernel_set_rows_f16_i64,0.002900,1024x1x1,1024x1x1,1024x40192x1x1
cache_v_l25 (view),kernel_set_rows_f16_i64,0.002800,1024x1x1,1024x1x1,1024x40192x1x1
node_900,flash_attn_f32_f16_q1_vec,0.090400,256x16x0,256x1x0,128x16x1x1
node_902,kernel_gemv_noshuffle_q4_0_f32,0.043400,1024x4x1,64x4x1,2048x1x1x1
ffn_inp-25,kernel_add_row,0.002000,512x0x0,64x0x0,2048x1x1x1
ffn_norm-25,kernel_rms_norm_mul,0.007500,1024x1x1,1024x1x1,2048x1x1x1
ffn_gate-25,kernel_gemv_noshuffle_q4_0_f32,0.110100,3072x4x1,64x4x1,6144x1x1x1
ffn_up-25,kernel_gemv_noshuffle_q4_0_f32,0.110100,3072x4x1,64x4x1,6144x1x1x1
ffn_swiglu-25,kernel_swiglu,0.005900,512x1x1,512x1x1,6144x1x1x1
ffn_out-25,kernel_gemv_noshuffle_q4_0_f32,0.121900,1024x4x1,64x4x1,2048x1x1x1
l_out-25,kernel_add_row,0.002200,512x0x0,64x0x0,2048x1x1x1
attn_norm-26,kernel_rms_norm_mul,0.005200,1024x1x1,1024x1x1,2048x1x1x1
Qcur-26,kernel_gemv_noshuffle_q4_0_f32,0.042500,1024x4x1,64x4x1,2048x1x1x1
Qcur_normed-26,kernel_rms_norm_mul,0.004700,2048x1x1,128x1x1,128x16x1x1
Qcur-26,kernel_rope_neox_f32,0.002800,1024x1x1,64x1x1,128x16x1x1
Vcur-26,kernel_gemv_noshuffle_q4_0_f32,0.031400,512x4x1,64x4x1,1024x1x1x1
Kcur-26,kernel_gemv_noshuffle_q4_0_f32,0.030800,512x4x1,64x4x1,1024x1x1x1
Kcur_normed-26,kernel_rms_norm_mul,0.003500,1024x1x1,128x1x1,128x8x1x1
Kcur-26,kernel_rope_neox_f32,0.002500,512x1x1,64x1x1,128x8x1x1
cache_k_l26 (view),kernel_set_rows_f16_i64,0.002800,1024x1x1,1024x1x1,1024x40192x1x1
cache_v_l26 (view),kernel_set_rows_f16_i64,0.002800,1024x1x1,1024x1x1,1024x40192x1x1
node_935,flash_attn_f32_f16_q1_vec,0.090700,256x16x0,256x1x0,128x16x1x1
node_937,kernel_gemv_noshuffle_q4_0_f32,0.042100,1024x4x1,64x4x1,2048x1x1x1
ffn_inp-26,kernel_add_row,0.002100,512x0x0,64x0x0,2048x1x1x1
ffn_norm-26,kernel_rms_norm_mul,0.005400,1024x1x1,1024x1x1,2048x1x1x1
ffn_gate-26,kernel_gemv_noshuffle_q4_0_f32,0.110100,3072x4x1,64x4x1,6144x1x1x1
ffn_up-26,kernel_gemv_noshuffle_q4_0_f32,0.108100,3072x4x1,64x4x1,6144x1x1x1
ffn_swiglu-26,kernel_swiglu,0.006100,512x1x1,512x1x1,6144x1x1x1
ffn_out-26,kernel_gemv_noshuffle_q4_0_f32,0.119000,1024x4x1,64x4x1,2048x1x1x1
l_out-26,kernel_add_row,0.002400,512x0x0,64x0x0,2048x1x1x1
attn_norm-27,kernel_rms_norm_mul,0.005500,1024x1x1,1024x1x1,2048x1x1x1
Qcur-27,kernel_gemv_noshuffle_q4_0_f32,0.043000,1024x4x1,64x4x1,2048x1x1x1
Qcur_normed-27,kernel_rms_norm_mul,0.003900,2048x1x1,128x1x1,128x16x1x1
Qcur-27,kernel_rope_neox_f32,0.002800,1024x1x1,64x1x1,128x16x1x1
Vcur-27,kernel_gemv_noshuffle_q4_0_f32,0.030600,512x4x1,64x4x1,1024x1x1x1
Kcur-27,kernel_gemv_noshuffle_q4_0_f32,0.030700,512x4x1,64x4x1,1024x1x1x1
Kcur_normed-27,kernel_rms_norm_mul,0.003500,1024x1x1,128x1x1,128x8x1x1
Kcur-27,kernel_rope_neox_f32,0.003000,512x1x1,64x1x1,128x8x1x1
cache_k_l27 (view),kernel_set_rows_f16_i64,0.002800,1024x1x1,1024x1x1,1024x40192x1x1
cache_v_l27 (view),kernel_set_rows_f16_i64,0.002900,1024x1x1,1024x1x1,1024x40192x1x1
node_970,flash_attn_f32_f16_q1_vec,0.090100,256x16x0,256x1x0,128x16x1x1
node_972,kernel_gemv_noshuffle_q4_0_f32,0.042700,1024x4x1,64x4x1,2048x1x1x1
node_973,kernel_get_rows_f32,0.004100,1024x1x1,1024x1x1,2048x1x1x1
node_974,kernel_get_rows_f32,0.004000,1024x1x1,1024x1x1,2048x1x1x1
ffn_inp-27,kernel_add_row,0.002100,512x0x0,64x0x0,2048x1x1x1
ffn_norm-27,kernel_rms_norm_mul,0.005800,1024x1x1,1024x1x1,2048x1x1x1
ffn_gate-27,kernel_gemv_noshuffle_q4_0_f32,0.107700,3072x4x1,64x4x1,6144x1x1x1
ffn_up-27,kernel_gemv_noshuffle_q4_0_f32,0.108400,3072x4x1,64x4x1,6144x1x1x1
ffn_swiglu-27,kernel_swiglu,0.006100,512x1x1,512x1x1,6144x1x1x1
ffn_out-27,kernel_gemv_noshuffle_q4_0_f32,0.120500,1024x4x1,64x4x1,2048x1x1x1
l_out-27,kernel_add_row,0.002200,512x0x0,64x0x0,2048x1x1x1
result_norm,kernel_rms_norm_mul,0.005600,1024x1x1,1024x1x1,2048x1x1x1
result_output,kernel_mul_mv_q6_K_f32_flat,6.552900,303872x2x1,64x2x1,151936x1x1x1
attn_norm-0,kernel_rms_norm_mul,0.007900,1024x1x1,1024x1x1,2048x1x1x1
Qcur-0,kernel_gemv_noshuffle_q4_0_f32,0.045800,1024x4x1,64x4x1,2048x1x1x1
Qcur_normed-0,kernel_rms_norm_mul,0.004000,2048x1x1,128x1x1,128x16x1x1
Qcur-0,kernel_rope_neox_f32,0.002900,1024x1x1,64x1x1,128x16x1x1
Vcur-0,kernel_gemv_noshuffle_q4_0_f32,0.031300,512x4x1,64x4x1,1024x1x1x1
Kcur-0,kernel_gemv_noshuffle_q4_0_f32,0.030800,512x4x1,64x4x1,1024x1x1x1
Kcur_normed-0,kernel_rms_norm_mul,0.003500,1024x1x1,128x1x1,128x8x1x1
Kcur-0,kernel_rope_neox_f32,0.002600,512x1x1,64x1x1,128x8x1x1
cache_k_l0 (view),kernel_set_rows_f16_i64,0.003300,1024x1x1,1024x1x1,1024x40192x1x1
cache_v_l0 (view),kernel_set_rows_f16_i64,0.002800,1024x1x1,1024x1x1,1024x40192x1x1
node_25,flash_attn_f32_f16_q1_vec,0.089700,256x16x0,256x1x0,128x16x1x1
node_27,kernel_gemv_noshuffle_q4_0_f32,0.042000,1024x4x1,64x4x1,2048x1x1x1
ffn_inp-0,kernel_add_row,0.002200,512x0x0,64x0x0,2048x1x1x1
ffn_norm-0,kernel_rms_norm_mul,0.005400,1024x1x1,1024x1x1,2048x1x1x1
ffn_gate-0,kernel_gemv_noshuffle_q4_0_f32,0.108600,3072x4x1,64x4x1,6144x1x1x1
ffn_up-0,kernel_gemv_noshuffle_q4_0_f32,0.110300,3072x4x1,64x4x1,6144x1x1x1
ffn_swiglu-0,kernel_swiglu,0.006100,512x1x1,512x1x1,6144x1x1x1
ffn_out-0,kernel_gemv_noshuffle_q4_1_f32,0.129200,1024x4x1,64x4x1,2048x1x1x1
l_out-0,kernel_add_row,0.002200,512x0x0,64x0x0,2048x1x1x1
attn_norm-1,kernel_rms_norm_mul,0.005400,1024x1x1,1024x1x1,2048x1x1x1
Qcur-1,kernel_gemv_noshuffle_q4_0_f32,0.042900,1024x4x1,64x4x1,2048x1x1x1
Qcur_normed-1,kernel_rms_norm_mul,0.004200,2048x1x1,128x1x1,128x16x1x1
Qcur-1,kernel_rope_neox_f32,0.003000,1024x1x1,64x1x1,128x16x1x1
Vcur-1,kernel_gemv_noshuffle_q4_0_f32,0.031500,512x4x1,64x4x1,1024x1x1x1
Kcur-1,kernel_gemv_noshuffle_q4_0_f32,0.031000,512x4x1,64x4x1,1024x1x1x1
Kcur_normed-1,kernel_rms_norm_mul,0.003700,1024x1x1,128x1x1,128x8x1x1
Kcur-1,kernel_rope_neox_f32,0.002700,512x1x1,64x1x1,128x8x1x1
cache_k_l1 (view),kernel_set_rows_f16_i64,0.003000,1024x1x1,1024x1x1,1024x40192x1x1
cache_v_l1 (view),kernel_set_rows_f16_i64,0.002900,1024x1x1,1024x1x1,1024x40192x1x1
node_60,flash_attn_f32_f16_q1_vec,0.090600,256x16x0,256x1x0,128x16x1x1
node_62,kernel_gemv_noshuffle_q4_0_f32,0.041300,1024x4x1,64x4x1,2048x1x1x1
ffn_inp-1,kernel_add_row,0.002100,512x0x0,64x0x0,2048x1x1x1
ffn_norm-1,kernel_rms_norm_mul,0.005900,1024x1x1,1024x1x1,2048x1x1x1
ffn_gate-1,kernel_gemv_noshuffle_q4_0_f32,0.110400,3072x4x1,64x4x1,6144x1x1x1
ffn_up-1,kernel_gemv_noshuffle_q4_0_f32,0.111600,3072x4x1,64x4x1,6144x1x1x1
ffn_swiglu-1,kernel_swiglu,0.005900,512x1x1,512x1x1,6144x1x1x1
ffn_out-1,kernel_gemv_noshuffle_q4_1_f32,0.128800,1024x4x1,64x4x1,2048x1x1x1
l_out-1,kernel_add_row,0.002100,512x0x0,64x0x0,2048x1x1x1
attn_norm-2,kernel_rms_norm_mul,0.005300,1024x1x1,1024x1x1,2048x1x1x1
Qcur-2,kernel_gemv_noshuffle_q4_0_f32,0.042600,1024x4x1,64x4x1,2048x1x1x1
Qcur_normed-2,kernel_rms_norm_mul,0.004100,2048x1x1,128x1x1,128x16x1x1
Qcur-2,kernel_rope_neox_f32,0.002900,1024x1x1,64x1x1,128x16x1x1
Vcur-2,kernel_gemv_noshuffle_q4_0_f32,0.031400,512x4x1,64x4x1,1024x1x1x1
Kcur-2,kernel_gemv_noshuffle_q4_0_f32,0.030400,512x4x1,64x4x1,1024x1x1x1
Kcur_normed-2,kernel_rms_norm_mul,0.003500,1024x1x1,128x1x1,128x8x1x1
Kcur-2,kernel_rope_neox_f32,0.002600,512x1x1,64x1x1,128x8x1x1
cache_k_l2 (view),kernel_set_rows_f16_i64,0.003000,1024x1x1,1024x1x1,1024x40192x1x1
cache_v_l2 (view),kernel_set_rows_f16_i64,0.002800,1024x1x1,1024x1x1,1024x40192x1x1
node_95,flash_attn_f32_f16_q1_vec,0.090300,256x16x0,256x1x0,128x16x1x1
node_97,kernel_gemv_noshuffle_q4_0_f32,0.042100,1024x4x1,64x4x1,2048x1x1x1
ffn_inp-2,kernel_add_row,0.002100,512x0x0,64x0x0,2048x1x1x1
ffn_norm-2,kernel_rms_norm_mul,0.005500,1024x1x1,1024x1x1,2048x1x1x1
ffn_gate-2,kernel_gemv_noshuffle_q4_0_f32,0.111600,3072x4x1,64x4x1,6144x1x1x1
ffn_up-2,kernel_gemv_noshuffle_q4_0_f32,0.109200,3072x4x1,64x4x1,6144x1x1x1
ffn_swiglu-2,kernel_swiglu,0.006300,512x1x1,512x1x1,6144x1x1x1
ffn_out-2,kernel_gemv_noshuffle_q4_1_f32,0.127500,1024x4x1,64x4x1,2048x1x1x1
l_out-2,kernel_add_row,0.002600,512x0x0,64x0x0,2048x1x1x1
attn_norm-3,kernel_rms_norm_mul,0.005400,1024x1x1,1024x1x1,2048x1x1x1
Qcur-3,kernel_gemv_noshuffle_q4_0_f32,0.043700,1024x4x1,64x4x1,2048x1x1x1
Qcur_normed-3,kernel_rms_norm_mul,0.003900,2048x1x1,128x1x1,128x16x1x1
Qcur-3,kernel_rope_neox_f32,0.002800,1024x1x1,64x1x1,128x16x1x1
Vcur-3,kernel_gemv_noshuffle_q4_0_f32,0.031000,512x4x1,64x4x1,1024x1x1x1
Kcur-3,kernel_gemv_noshuffle_q4_0_f32,0.030700,512x4x1,64x4x1,1024x1x1x1
Kcur_normed-3,kernel_rms_norm_mul,0.003600,1024x1x1,128x1x1,128x8x1x1
Kcur-3,kernel_rope_neox_f32,0.002900,512x1x1,64x1x1,128x8x1x1
cache_k_l3 (view),kernel_set_rows_f16_i64,0.002900,1024x1x1,1024x1x1,1024x40192x1x1
cache_v_l3 (view),kernel_set_rows_f16_i64,0.002800,1024x1x1,1024x1x1,1024x40192x1x1
node_130,flash_attn_f32_f16_q1_vec,0.090300,256x16x0,256x1x0,128x16x1x1
node_132,kernel_gemv_noshuffle_q4_0_f32,0.042900,1024x4x1,64x4x1,2048x1x1x1
ffn_inp-3,kernel_add_row,0.002100,512x0x0,64x0x0,2048x1x1x1
ffn_norm-3,kernel_rms_norm_mul,0.005300,1024x1x1,1024x1x1,2048x1x1x1
ffn_gate-3,kernel_gemv_noshuffle_q4_0_f32,0.110300,3072x4x1,64x4x1,6144x1x1x1
ffn_up-3,kernel_gemv_noshuffle_q4_0_f32,0.112100,3072x4x1,64x4x1,6144x1x1x1
ffn_swiglu-3,kernel_swiglu,0.006300,512x1x1,512x1x1,6144x1x1x1
ffn_out-3,kernel_gemv_noshuffle_q4_0_f32,0.122300,1024x4x1,64x4x1,2048x1x1x1
l_out-3,kernel_add_row,0.002100,512x0x0,64x0x0,2048x1x1x1
attn_norm-4,kernel_rms_norm_mul,0.005400,1024x1x1,1024x1x1,2048x1x1x1
Qcur-4,kernel_gemv_noshuffle_q4_0_f32,0.042200,1024x4x1,64x4x1,2048x1x1x1
Qcur_normed-4,kernel_rms_norm_mul,0.004400,2048x1x1,128x1x1,128x16x1x1
Qcur-4,kernel_rope_neox_f32,0.003000,1024x1x1,64x1x1,128x16x1x1
Vcur-4,kernel_gemv_noshuffle_q4_0_f32,0.032100,512x4x1,64x4x1,1024x1x1x1
Kcur-4,kernel_gemv_noshuffle_q4_0_f32,0.030700,512x4x1,64x4x1,1024x1x1x1
Kcur_normed-4,kernel_rms_norm_mul,0.003800,1024x1x1,128x1x1,128x8x1x1
Kcur-4,kernel_rope_neox_f32,0.002700,512x1x1,64x1x1,128x8x1x1
cache_k_l4 (view),kernel_set_rows_f16_i64,0.002900,1024x1x1,1024x1x1,1024x40192x1x1
cache_v_l4 (view),kernel_set_rows_f16_i64,0.002900,1024x1x1,1024x1x1,1024x40192x1x1
node_165,flash_attn_f32_f16_q1_vec,0.090900,256x16x0,256x1x0,128x16x1x1
node_167,kernel_gemv_noshuffle_q4_0_f32,0.043200,1024x4x1,64x4x1,2048x1x1x1
ffn_inp-4,kernel_add_row,0.002300,512x0x0,64x0x0,2048x1x1x1
ffn_norm-4,kernel_rms_norm_mul,0.005400,1024x1x1,1024x1x1,2048x1x1x1
ffn_gate-4,kernel_gemv_noshuffle_q4_0_f32,0.109500,3072x4x1,64x4x1,6144x1x1x1
ffn_up-4,kernel_gemv_noshuffle_q4_0_f32,0.109200,3072x4x1,64x4x1,6144x1x1x1
ffn_swiglu-4,kernel_swiglu,0.006000,512x1x1,512x1x1,6144x1x1x1
ffn_out-4,kernel_gemv_noshuffle_q4_0_f32,0.118400,1024x4x1,64x4x1,2048x1x1x1
l_out-4,kernel_add_row,0.002200,512x0x0,64x0x0,2048x1x1x1
attn_norm-5,kernel_rms_norm_mul,0.005200,1024x1x1,1024x1x1,2048x1x1x1
Qcur-5,kernel_gemv_noshuffle_q4_0_f32,0.043500,1024x4x1,64x4x1,2048x1x1x1
Qcur_normed-5,kernel_rms_norm_mul,0.004400,2048x1x1,128x1x1,128x16x1x1
Qcur-5,kernel_rope_neox_f32,0.003000,1024x1x1,64x1x1,128x16x1x1
Vcur-5,kernel_gemv_noshuffle_q4_0_f32,0.031100,512x4x1,64x4x1,1024x1x1x1
Kcur-5,kernel_gemv_noshuffle_q4_0_f32,0.030700,512x4x1,64x4x1,1024x1x1x1
Kcur_normed-5,kernel_rms_norm_mul,0.003600,1024x1x1,128x1x1,128x8x1x1
Kcur-5,kernel_rope_neox_f32,0.002500,512x1x1,64x1x1,128x8x1x1
cache_k_l5 (view),kernel_set_rows_f16_i64,0.002900,1024x1x1,1024x1x1,1024x40192x1x1
cache_v_l5 (view),kernel_set_rows_f16_i64,0.003300,1024x1x1,1024x1x1,1024x40192x1x1
node_200,flash_attn_f32_f16_q1_vec,0.090700,256x16x0,256x1x0,128x16x1x1
node_202,kernel_gemv_noshuffle_q4_0_f32,0.042500,1024x4x1,64x4x1,2048x1x1x1
ffn_inp-5,kernel_add_row,0.002100,512x0x0,64x0x0,2048x1x1x1
ffn_norm-5,kernel_rms_norm_mul,0.005500,1024x1x1,1024x1x1,2048x1x1x1
ffn_gate-5,kernel_gemv_noshuffle_q4_0_f32,0.109000,3072x4x1,64x4x1,6144x1x1x1
ffn_up-5,kernel_gemv_noshuffle_q4_0_f32,0.109000,3072x4x1,64x4x1,6144x1x1x1
ffn_swiglu-5,kernel_swiglu,0.005900,512x1x1,512x1x1,6144x1x1x1
ffn_out-5,kernel_gemv_noshuffle_q4_0_f32,0.121100,1024x4x1,64x4x1,2048x1x1x1
l_out-5,kernel_add_row,0.002100,512x0x0,64x0x0,2048x1x1x1
attn_norm-6,kernel_rms_norm_mul,0.005400,1024x1x1,1024x1x1,2048x1x1x1
Qcur-6,kernel_gemv_noshuffle_q4_0_f32,0.041600,1024x4x1,64x4x1,2048x1x1x1
Qcur_normed-6,kernel_rms_norm_mul,0.003500,2048x1x1,128x1x1,128x16x1x1
Qcur-6,kernel_rope_neox_f32,0.002900,1024x1x1,64x1x1,128x16x1x1
Vcur-6,kernel_gemv_noshuffle_q4_0_f32,0.031200,512x4x1,64x4x1,1024x1x1x1
Kcur-6,kernel_gemv_noshuffle_q4_0_f32,0.030700,512x4x1,64x4x1,1024x1x1x1
Kcur_normed-6,kernel_rms_norm_mul,0.003900,1024x1x1,128x1x1,128x8x1x1
Kcur-6,kernel_rope_neox_f32,0.002700,512x1x1,64x1x1,128x8x1x1
cache_k_l6 (view),kernel_set_rows_f16_i64,0.002900,1024x1x1,1024x1x1,1024x40192x1x1
cache_v_l6 (view),kernel_set_rows_f16_i64,0.002800,1024x1x1,1024x1x1,1024x40192x1x1
node_235,flash_attn_f32_f16_q1_vec,0.090300,256x16x0,256x1x0,128x16x1x1
node_237,kernel_gemv_noshuffle_q4_0_f32,0.042300,1024x4x1,64x4x1,2048x1x1x1
ffn_inp-6,kernel_add_row,0.002000,512x0x0,64x0x0,2048x1x1x1
ffn_norm-6,kernel_rms_norm_mul,0.005100,1024x1x1,1024x1x1,2048x1x1x1
ffn_gate-6,kernel_gemv_noshuffle_q4_0_f32,0.109700,3072x4x1,64x4x1,6144x1x1x1
ffn_up-6,kernel_gemv_noshuffle_q4_0_f32,0.111700,3072x4x1,64x4x1,6144x1x1x1
ffn_swiglu-6,kernel_swiglu,0.006000,512x1x1,512x1x1,6144x1x1x1
ffn_out-6,kernel_gemv_noshuffle_q4_0_f32,0.118800,1024x4x1,64x4x1,2048x1x1x1
l_out-6,kernel_add_row,0.002100,512x0x0,64x0x0,2048x1x1x1
attn_norm-7,kernel_rms_norm_mul,0.005300,1024x1x1,1024x1x1,2048x1x1x1
Qcur-7,kernel_gemv_noshuffle_q4_0_f32,0.042800,1024x4x1,64x4x1,2048x1x1x1
Qcur_normed-7,kernel_rms_norm_mul,0.004100,2048x1x1,128x1x1,128x16x1x1
Qcur-7,kernel_rope_neox_f32,0.003000,1024x1x1,64x1x1,128x16x1x1
Vcur-7,kernel_gemv_noshuffle_q4_0_f32,0.030600,512x4x1,64x4x1,1024x1x1x1
Kcur-7,kernel_gemv_noshuffle_q4_0_f32,0.031600,512x4x1,64x4x1,1024x1x1x1
Kcur_normed-7,kernel_rms_norm_mul,0.003700,1024x1x1,128x1x1,128x8x1x1
Kcur-7,kernel_rope_neox_f32,0.002500,512x1x1,64x1x1,128x8x1x1
cache_k_l7 (view),kernel_set_rows_f16_i64,0.002800,1024x1x1,1024x1x1,1024x40192x1x1
cache_v_l7 (view),kernel_set_rows_f16_i64,0.002700,1024x1x1,1024x1x1,1024x40192x1x1
node_270,flash_attn_f32_f16_q1_vec,0.090400,256x16x0,256x1x0,128x16x1x1
node_272,kernel_gemv_noshuffle_q4_0_f32,0.043800,1024x4x1,64x4x1,2048x1x1x1
ffn_inp-7,kernel_add_row,0.002100,512x0x0,64x0x0,2048x1x1x1
ffn_norm-7,kernel_rms_norm_mul,0.005400,1024x1x1,1024x1x1,2048x1x1x1
ffn_gate-7,kernel_gemv_noshuffle_q4_0_f32,0.108100,3072x4x1,64x4x1,6144x1x1x1
ffn_up-7,kernel_gemv_noshuffle_q4_0_f32,0.109100,3072x4x1,64x4x1,6144x1x1x1
ffn_swiglu-7,kernel_swiglu,0.006000,512x1x1,512x1x1,6144x1x1x1
ffn_out-7,kernel_gemv_noshuffle_q4_0_f32,0.119500,1024x4x1,64x4x1,2048x1x1x1
l_out-7,kernel_add_row,0.002300,512x0x0,64x0x0,2048x1x1x1
attn_norm-8,kernel_rms_norm_mul,0.005600,1024x1x1,1024x1x1,2048x1x1x1
Qcur-8,kernel_gemv_noshuffle_q4_0_f32,0.043900,1024x4x1,64x4x1,2048x1x1x1
Qcur_normed-8,kernel_rms_norm_mul,0.004100,2048x1x1,128x1x1,128x16x1x1
Qcur-8,kernel_rope_neox_f32,0.002800,1024x1x1,64x1x1,128x16x1x1
Vcur-8,kernel_gemv_noshuffle_q4_0_f32,0.031300,512x4x1,64x4x1,1024x1x1x1
Kcur-8,kernel_gemv_noshuffle_q4_0_f32,0.030700,512x4x1,64x4x1,1024x1x1x1
Kcur_normed-8,kernel_rms_norm_mul,0.003600,1024x1x1,128x1x1,128x8x1x1
Kcur-8,kernel_rope_neox_f32,0.002600,512x1x1,64x1x1,128x8x1x1
cache_k_l8 (view),kernel_set_rows_f16_i64,0.003300,1024x1x1,1024x1x1,1024x40192x1x1
cache_v_l8 (view),kernel_set_rows_f16_i64,0.002700,1024x1x1,1024x1x1,1024x40192x1x1
node_305,flash_attn_f32_f16_q1_vec,0.090300,256x16x0,256x1x0,128x16x1x1
node_307,kernel_gemv_noshuffle_q4_0_f32,0.042000,1024x4x1,64x4x1,2048x1x1x1
ffn_inp-8,kernel_add_row,0.002000,512x0x0,64x0x0,2048x1x1x1
ffn_norm-8,kernel_rms_norm_mul,0.005400,1024x1x1,1024x1x1,2048x1x1x1
ffn_gate-8,kernel_gemv_noshuffle_q4_0_f32,0.108700,3072x4x1,64x4x1,6144x1x1x1
ffn_up-8,kernel_gemv_noshuffle_q4_0_f32,0.111000,3072x4x1,64x4x1,6144x1x1x1
ffn_swiglu-8,kernel_swiglu,0.006100,512x1x1,512x1x1,6144x1x1x1
ffn_out-8,kernel_gemv_noshuffle_q4_0_f32,0.118500,1024x4x1,64x4x1,2048x1x1x1
l_out-8,kernel_add_row,0.002100,512x0x0,64x0x0,2048x1x1x1
attn_norm-9,kernel_rms_norm_mul,0.005400,1024x1x1,1024x1x1,2048x1x1x1
Qcur-9,kernel_gemv_noshuffle_q4_0_f32,0.041300,1024x4x1,64x4x1,2048x1x1x1
Qcur_normed-9,kernel_rms_norm_mul,0.004200,2048x1x1,128x1x1,128x16x1x1
Qcur-9,kernel_rope_neox_f32,0.002900,1024x1x1,64x1x1,128x16x1x1
Vcur-9,kernel_gemv_noshuffle_q4_0_f32,0.031000,512x4x1,64x4x1,1024x1x1x1
Kcur-9,kernel_gemv_noshuffle_q4_0_f32,0.031000,512x4x1,64x4x1,1024x1x1x1
Kcur_normed-9,kernel_rms_norm_mul,0.003800,1024x1x1,128x1x1,128x8x1x1
Kcur-9,kernel_rope_neox_f32,0.002700,512x1x1,64x1x1,128x8x1x1
cache_k_l9 (view),kernel_set_rows_f16_i64,0.002700,1024x1x1,1024x1x1,1024x40192x1x1
cache_v_l9 (view),kernel_set_rows_f16_i64,0.002900,1024x1x1,1024x1x1,1024x40192x1x1
node_340,flash_attn_f32_f16_q1_vec,0.089800,256x16x0,256x1x0,128x16x1x1
node_342,kernel_gemv_noshuffle_q4_0_f32,0.042400,1024x4x1,64x4x1,2048x1x1x1
ffn_inp-9,kernel_add_row,0.002100,512x0x0,64x0x0,2048x1x1x1
ffn_norm-9,kernel_rms_norm_mul,0.005700,1024x1x1,1024x1x1,2048x1x1x1
ffn_gate-9,kernel_gemv_noshuffle_q4_0_f32,0.108200,3072x4x1,64x4x1,6144x1x1x1
ffn_up-9,kernel_gemv_noshuffle_q4_0_f32,0.111300,3072x4x1,64x4x1,6144x1x1x1
ffn_swiglu-9,kernel_swiglu,0.006100,512x1x1,512x1x1,6144x1x1x1
ffn_out-9,kernel_gemv_noshuffle_q4_0_f32,0.119300,1024x4x1,64x4x1,2048x1x1x1
l_out-9,kernel_add_row,0.002000,512x0x0,64x0x0,2048x1x1x1
attn_norm-10,kernel_rms_norm_mul,0.005100,1024x1x1,1024x1x1,2048x1x1x1
Qcur-10,kernel_gemv_noshuffle_q4_0_f32,0.042800,1024x4x1,64x4x1,2048x1x1x1
Qcur_normed-10,kernel_rms_norm_mul,0.004000,2048x1x1,128x1x1,128x16x1x1
Qcur-10,kernel_rope_neox_f32,0.002800,1024x1x1,64x1x1,128x16x1x1
Vcur-10,kernel_gemv_noshuffle_q4_0_f32,0.031100,512x4x1,64x4x1,1024x1x1x1
Kcur-10,kernel_gemv_noshuffle_q4_0_f32,0.031400,512x4x1,64x4x1,1024x1x1x1
Kcur_normed-10,kernel_rms_norm_mul,0.003600,1024x1x1,128x1x1,128x8x1x1
Kcur-10,kernel_rope_neox_f32,0.002600,512x1x1,64x1x1,128x8x1x1
cache_k_l10 (view),kernel_set_rows_f16_i64,0.002800,1024x1x1,1024x1x1,1024x40192x1x1
cache_v_l10 (view),kernel_set_rows_f16_i64,0.002800,1024x1x1,1024x1x1,1024x40192x1x1
node_375,flash_attn_f32_f16_q1_vec,0.090200,256x16x0,256x1x0,128x16x1x1
node_377,kernel_gemv_noshuffle_q4_0_f32,0.041600,1024x4x1,64x4x1,2048x1x1x1
ffn_inp-10,kernel_add_row,0.002100,512x0x0,64x0x0,2048x1x1x1
ffn_norm-10,kernel_rms_norm_mul,0.005400,1024x1x1,1024x1x1,2048x1x1x1
ffn_gate-10,kernel_gemv_noshuffle_q4_0_f32,0.111000,3072x4x1,64x4x1,6144x1x1x1
ffn_up-10,kernel_gemv_noshuffle_q4_0_f32,0.110100,3072x4x1,64x4x1,6144x1x1x1
ffn_swiglu-10,kernel_swiglu,0.005700,512x1x1,512x1x1,6144x1x1x1
ffn_out-10,kernel_gemv_noshuffle_q4_0_f32,0.119600,1024x4x1,64x4x1,2048x1x1x1
l_out-10,kernel_add_row,0.002400,512x0x0,64x0x0,2048x1x1x1
attn_norm-11,kernel_rms_norm_mul,0.005300,1024x1x1,1024x1x1,2048x1x1x1
Qcur-11,kernel_gemv_noshuffle_q4_0_f32,0.043600,1024x4x1,64x4x1,2048x1x1x1
Qcur_normed-11,kernel_rms_norm_mul,0.004200,2048x1x1,128x1x1,128x16x1x1
Qcur-11,kernel_rope_neox_f32,0.002900,1024x1x1,64x1x1,128x16x1x1
Vcur-11,kernel_gemv_noshuffle_q4_0_f32,0.031100,512x4x1,64x4x1,1024x1x1x1
Kcur-11,kernel_gemv_noshuffle_q4_0_f32,0.031200,512x4x1,64x4x1,1024x1x1x1
Kcur_normed-11,kernel_rms_norm_mul,0.003600,1024x1x1,128x1x1,128x8x1x1
Kcur-11,kernel_rope_neox_f32,0.003000,512x1x1,64x1x1,128x8x1x1
cache_k_l11 (view),kernel_set_rows_f16_i64,0.002700,1024x1x1,1024x1x1,1024x40192x1x1
cache_v_l11 (view),kernel_set_rows_f16_i64,0.002800,1024x1x1,1024x1x1,1024x40192x1x1
node_410,flash_attn_f32_f16_q1_vec,0.090700,256x16x0,256x1x0,128x16x1x1
node_412,kernel_gemv_noshuffle_q4_0_f32,0.044500,1024x4x1,64x4x1,2048x1x1x1
ffn_inp-11,kernel_add_row,0.002100,512x0x0,64x0x0,2048x1x1x1
ffn_norm-11,kernel_rms_norm_mul,0.005300,1024x1x1,1024x1x1,2048x1x1x1
ffn_gate-11,kernel_gemv_noshuffle_q4_0_f32,0.110400,3072x4x1,64x4x1,6144x1x1x1
ffn_up-11,kernel_gemv_noshuffle_q4_0_f32,0.108600,3072x4x1,64x4x1,6144x1x1x1
ffn_swiglu-11,kernel_swiglu,0.006100,512x1x1,512x1x1,6144x1x1x1
ffn_out-11,kernel_gemv_noshuffle_q4_0_f32,0.122800,1024x4x1,64x4x1,2048x1x1x1
l_out-11,kernel_add_row,0.002100,512x0x0,64x0x0,2048x1x1x1
attn_norm-12,kernel_rms_norm_mul,0.005400,1024x1x1,1024x1x1,2048x1x1x1
Qcur-12,kernel_gemv_noshuffle_q4_0_f32,0.042600,1024x4x1,64x4x1,2048x1x1x1
Qcur_normed-12,kernel_rms_norm_mul,0.004100,2048x1x1,128x1x1,128x16x1x1
Qcur-12,kernel_rope_neox_f32,0.003000,1024x1x1,64x1x1,128x16x1x1
Vcur-12,kernel_gemv_noshuffle_q4_0_f32,0.031000,512x4x1,64x4x1,1024x1x1x1
Kcur-12,kernel_gemv_noshuffle_q4_0_f32,0.030300,512x4x1,64x4x1,1024x1x1x1
Kcur_normed-12,kernel_rms_norm_mul,0.003700,1024x1x1,128x1x1,128x8x1x1
Kcur-12,kernel_rope_neox_f32,0.002800,512x1x1,64x1x1,128x8x1x1
cache_k_l12 (view),kernel_set_rows_f16_i64,0.002800,1024x1x1,1024x1x1,1024x40192x1x1
cache_v_l12 (view),kernel_set_rows_f16_i64,0.002900,1024x1x1,1024x1x1,1024x40192x1x1
node_445,flash_attn_f32_f16_q1_vec,0.090800,256x16x0,256x1x0,128x16x1x1
node_447,kernel_gemv_noshuffle_q4_0_f32,0.042000,1024x4x1,64x4x1,2048x1x1x1
ffn_inp-12,kernel_add_row,0.002400,512x0x0,64x0x0,2048x1x1x1
ffn_norm-12,kernel_rms_norm_mul,0.005300,1024x1x1,1024x1x1,2048x1x1x1
ffn_gate-12,kernel_gemv_noshuffle_q4_0_f32,0.107500,3072x4x1,64x4x1,6144x1x1x1
ffn_up-12,kernel_gemv_noshuffle_q4_0_f32,0.105900,3072x4x1,64x4x1,6144x1x1x1
ffn_swiglu-12,kernel_swiglu,0.006000,512x1x1,512x1x1,6144x1x1x1
ffn_out-12,kernel_gemv_noshuffle_q4_0_f32,0.118800,1024x4x1,64x4x1,2048x1x1x1
l_out-12,kernel_add_row,0.002000,512x0x0,64x0x0,2048x1x1x1
attn_norm-13,kernel_rms_norm_mul,0.005300,1024x1x1,1024x1x1,2048x1x1x1
Qcur-13,kernel_gemv_noshuffle_q4_0_f32,0.042600,1024x4x1,64x4x1,2048x1x1x1
Qcur_normed-13,kernel_rms_norm_mul,0.003800,2048x1x1,128x1x1,128x16x1x1
Qcur-13,kernel_rope_neox_f32,0.003000,1024x1x1,64x1x1,128x16x1x1
Vcur-13,kernel_gemv_noshuffle_q4_0_f32,0.032000,512x4x1,64x4x1,1024x1x1x1
Kcur-13,kernel_gemv_noshuffle_q4_0_f32,0.030400,512x4x1,64x4x1,1024x1x1x1
Kcur_normed-13,kernel_rms_norm_mul,0.003500,1024x1x1,128x1x1,128x8x1x1
Kcur-13,kernel_rope_neox_f32,0.002600,512x1x1,64x1x1,128x8x1x1
cache_k_l13 (view),kernel_set_rows_f16_i64,0.002900,1024x1x1,1024x1x1,1024x40192x1x1
cache_v_l13 (view),kernel_set_rows_f16_i64,0.003300,1024x1x1,1024x1x1,1024x40192x1x1
node_480,flash_attn_f32_f16_q1_vec,0.090000,256x16x0,256x1x0,128x16x1x1
node_482,kernel_gemv_noshuffle_q4_0_f32,0.041500,1024x4x1,64x4x1,2048x1x1x1
ffn_inp-13,kernel_add_row,0.002000,512x0x0,64x0x0,2048x1x1x1
ffn_norm-13,kernel_rms_norm_mul,0.005300,1024x1x1,1024x1x1,2048x1x1x1
ffn_gate-13,kernel_gemv_noshuffle_q4_0_f32,0.107000,3072x4x1,64x4x1,6144x1x1x1
ffn_up-13,kernel_gemv_noshuffle_q4_0_f32,0.106000,3072x4x1,64x4x1,6144x1x1x1
ffn_swiglu-13,kernel_swiglu,0.006000,512x1x1,512x1x1,6144x1x1x1
ffn_out-13,kernel_gemv_noshuffle_q4_0_f32,0.119700,1024x4x1,64x4x1,2048x1x1x1
l_out-13,kernel_add_row,0.002100,512x0x0,64x0x0,2048x1x1x1
attn_norm-14,kernel_rms_norm_mul,0.005300,1024x1x1,1024x1x1,2048x1x1x1
Qcur-14,kernel_gemv_noshuffle_q4_0_f32,0.041100,1024x4x1,64x4x1,2048x1x1x1
Qcur_normed-14,kernel_rms_norm_mul,0.004600,2048x1x1,128x1x1,128x16x1x1
Qcur-14,kernel_rope_neox_f32,0.002800,1024x1x1,64x1x1,128x16x1x1
Vcur-14,kernel_gemv_noshuffle_q4_0_f32,0.031600,512x4x1,64x4x1,1024x1x1x1
Kcur-14,kernel_gemv_noshuffle_q4_0_f32,0.030700,512x4x1,64x4x1,1024x1x1x1
Kcur_normed-14,kernel_rms_norm_mul,0.003800,1024x1x1,128x1x1,128x8x1x1
Kcur-14,kernel_rope_neox_f32,0.002900,512x1x1,64x1x1,128x8x1x1
cache_k_l14 (view),kernel_set_rows_f16_i64,0.002800,1024x1x1,1024x1x1,1024x40192x1x1
cache_v_l14 (view),kernel_set_rows_f16_i64,0.002800,1024x1x1,1024x1x1,1024x40192x1x1
node_515,flash_attn_f32_f16_q1_vec,0.091600,256x16x0,256x1x0,128x16x1x1
node_517,kernel_gemv_noshuffle_q4_0_f32,0.040900,1024x4x1,64x4x1,2048x1x1x1
ffn_inp-14,kernel_add_row,0.002100,512x0x0,64x0x0,2048x1x1x1
ffn_norm-14,kernel_rms_norm_mul,0.005200,1024x1x1,1024x1x1,2048x1x1x1
ffn_gate-14,kernel_gemv_noshuffle_q4_0_f32,0.107100,3072x4x1,64x4x1,6144x1x1x1
ffn_up-14,kernel_gemv_noshuffle_q4_0_f32,0.107300,3072x4x1,64x4x1,6144x1x1x1
ffn_swiglu-14,kernel_swiglu,0.006100,512x1x1,512x1x1,6144x1x1x1
ffn_out-14,kernel_gemv_noshuffle_q4_0_f32,0.116700,1024x4x1,64x4x1,2048x1x1x1
l_out-14,kernel_add_row,0.002100,512x0x0,64x0x0,2048x1x1x1
attn_norm-15,kernel_rms_norm_mul,0.005300,1024x1x1,1024x1x1,2048x1x1x1
Qcur-15,kernel_gemv_noshuffle_q4_0_f32,0.040600,1024x4x1,64x4x1,2048x1x1x1
Qcur_normed-15,kernel_rms_norm_mul,0.003700,2048x1x1,128x1x1,128x16x1x1
Qcur-15,kernel_rope_neox_f32,0.003100,1024x1x1,64x1x1,128x16x1x1
Vcur-15,kernel_gemv_noshuffle_q4_0_f32,0.031300,512x4x1,64x4x1,1024x1x1x1
Kcur-15,kernel_gemv_noshuffle_q4_0_f32,0.030400,512x4x1,64x4x1,1024x1x1x1
Kcur_normed-15,kernel_rms_norm_mul,0.003700,1024x1x1,128x1x1,128x8x1x1
Kcur-15,kernel_rope_neox_f32,0.002500,512x1x1,64x1x1,128x8x1x1
cache_k_l15 (view),kernel_set_rows_f16_i64,0.002900,1024x1x1,1024x1x1,1024x40192x1x1
cache_v_l15 (view),kernel_set_rows_f16_i64,0.002800,1024x1x1,1024x1x1,1024x40192x1x1
node_550,flash_attn_f32_f16_q1_vec,0.090000,256x16x0,256x1x0,128x16x1x1
node_552,kernel_gemv_noshuffle_q4_0_f32,0.041100,1024x4x1,64x4x1,2048x1x1x1
ffn_inp-15,kernel_add_row,0.002100,512x0x0,64x0x0,2048x1x1x1
ffn_norm-15,kernel_rms_norm_mul,0.005400,1024x1x1,1024x1x1,2048x1x1x1
ffn_gate-15,kernel_gemv_noshuffle_q4_0_f32,0.106800,3072x4x1,64x4x1,6144x1x1x1
ffn_up-15,kernel_gemv_noshuffle_q4_0_f32,0.107200,3072x4x1,64x4x1,6144x1x1x1
ffn_swiglu-15,kernel_swiglu,0.006100,512x1x1,512x1x1,6144x1x1x1
ffn_out-15,kernel_gemv_noshuffle_q4_0_f32,0.117900,1024x4x1,64x4x1,2048x1x1x1
l_out-15,kernel_add_row,0.002200,512x0x0,64x0x0,2048x1x1x1
attn_norm-16,kernel_rms_norm_mul,0.005900,1024x1x1,1024x1x1,2048x1x1x1
Qcur-16,kernel_gemv_noshuffle_q4_0_f32,0.042300,1024x4x1,64x4x1,2048x1x1x1
Qcur_normed-16,kernel_rms_norm_mul,0.003900,2048x1x1,128x1x1,128x16x1x1
Qcur-16,kernel_rope_neox_f32,0.003000,1024x1x1,64x1x1,128x16x1x1
Vcur-16,kernel_gemv_noshuffle_q4_0_f32,0.031400,512x4x1,64x4x1,1024x1x1x1
Kcur-16,kernel_gemv_noshuffle_q4_0_f32,0.030700,512x4x1,64x4x1,1024x1x1x1
Kcur_normed-16,kernel_rms_norm_mul,0.003600,1024x1x1,128x1x1,128x8x1x1
Kcur-16,kernel_rope_neox_f32,0.002500,512x1x1,64x1x1,128x8x1x1
cache_k_l16 (view),kernel_set_rows_f16_i64,0.003200,1024x1x1,1024x1x1,1024x40192x1x1
cache_v_l16 (view),kernel_set_rows_f16_i64,0.002700,1024x1x1,1024x1x1,1024x40192x1x1
node_585,flash_attn_f32_f16_q1_vec,0.090800,256x16x0,256x1x0,128x16x1x1
node_587,kernel_gemv_noshuffle_q4_0_f32,0.041300,1024x4x1,64x4x1,2048x1x1x1
ffn_inp-16,kernel_add_row,0.002000,512x0x0,64x0x0,2048x1x1x1
ffn_norm-16,kernel_rms_norm_mul,0.005400,1024x1x1,1024x1x1,2048x1x1x1
ffn_gate-16,kernel_gemv_noshuffle_q4_0_f32,0.107400,3072x4x1,64x4x1,6144x1x1x1
ffn_up-16,kernel_gemv_noshuffle_q4_0_f32,0.107100,3072x4x1,64x4x1,6144x1x1x1
ffn_swiglu-16,kernel_swiglu,0.005900,512x1x1,512x1x1,6144x1x1x1
ffn_out-16,kernel_gemv_noshuffle_q4_0_f32,0.118400,1024x4x1,64x4x1,2048x1x1x1
l_out-16,kernel_add_row,0.002100,512x0x0,64x0x0,2048x1x1x1
attn_norm-17,kernel_rms_norm_mul,0.005400,1024x1x1,1024x1x1,2048x1x1x1
Qcur-17,kernel_gemv_noshuffle_q4_0_f32,0.040600,1024x4x1,64x4x1,2048x1x1x1
Qcur_normed-17,kernel_rms_norm_mul,0.003600,2048x1x1,128x1x1,128x16x1x1
Qcur-17,kernel_rope_neox_f32,0.002900,1024x1x1,64x1x1,128x16x1x1
Vcur-17,kernel_gemv_noshuffle_q4_0_f32,0.031100,512x4x1,64x4x1,1024x1x1x1
Kcur-17,kernel_gemv_noshuffle_q4_0_f32,0.031300,512x4x1,64x4x1,1024x1x1x1
Kcur_normed-17,kernel_rms_norm_mul,0.003800,1024x1x1,128x1x1,128x8x1x1
Kcur-17,kernel_rope_neox_f32,0.002700,512x1x1,64x1x1,128x8x1x1
cache_k_l17 (view),kernel_set_rows_f16_i64,0.002800,1024x1x1,1024x1x1,1024x40192x1x1
cache_v_l17 (view),kernel_set_rows_f16_i64,0.002900,1024x1x1,1024x1x1,1024x40192x1x1
node_620,flash_attn_f32_f16_q1_vec,0.091200,256x16x0,256x1x0,128x16x1x1
node_622,kernel_gemv_noshuffle_q4_0_f32,0.041500,1024x4x1,64x4x1,2048x1x1x1
ffn_inp-17,kernel_add_row,0.002100,512x0x0,64x0x0,2048x1x1x1
ffn_norm-17,kernel_rms_norm_mul,0.005900,1024x1x1,1024x1x1,2048x1x1x1
ffn_gate-17,kernel_gemv_noshuffle_q4_0_f32,0.107100,3072x4x1,64x4x1,6144x1x1x1
ffn_up-17,kernel_gemv_noshuffle_q4_0_f32,0.107000,3072x4x1,64x4x1,6144x1x1x1
ffn_swiglu-17,kernel_swiglu,0.006000,512x1x1,512x1x1,6144x1x1x1
ffn_out-17,kernel_gemv_noshuffle_q4_0_f32,0.119800,1024x4x1,64x4x1,2048x1x1x1
l_out-17,kernel_add_row,0.002300,512x0x0,64x0x0,2048x1x1x1
attn_norm-18,kernel_rms_norm_mul,0.005200,1024x1x1,1024x1x1,2048x1x1x1
Qcur-18,kernel_gemv_noshuffle_q4_0_f32,0.040800,1024x4x1,64x4x1,2048x1x1x1
Qcur_normed-18,kernel_rms_norm_mul,0.004500,2048x1x1,128x1x1,128x16x1x1
Qcur-18,kernel_rope_neox_f32,0.002900,1024x1x1,64x1x1,128x16x1x1
Vcur-18,kernel_gemv_noshuffle_q4_0_f32,0.031100,512x4x1,64x4x1,1024x1x1x1
Kcur-18,kernel_gemv_noshuffle_q4_0_f32,0.030600,512x4x1,64x4x1,1024x1x1x1
Kcur_normed-18,kernel_rms_norm_mul,0.003500,1024x1x1,128x1x1,128x8x1x1
Kcur-18,kernel_rope_neox_f32,0.002600,512x1x1,64x1x1,128x8x1x1
cache_k_l18 (view),kernel_set_rows_f16_i64,0.002800,1024x1x1,1024x1x1,1024x40192x1x1
cache_v_l18 (view),kernel_set_rows_f16_i64,0.002800,1024x1x1,1024x1x1,1024x40192x1x1
node_655,flash_attn_f32_f16_q1_vec,0.089800,256x16x0,256x1x0,128x16x1x1
node_657,kernel_gemv_noshuffle_q4_0_f32,0.041100,1024x4x1,64x4x1,2048x1x1x1
ffn_inp-18,kernel_add_row,0.002200,512x0x0,64x0x0,2048x1x1x1
ffn_norm-18,kernel_rms_norm_mul,0.005500,1024x1x1,1024x1x1,2048x1x1x1
ffn_gate-18,kernel_gemv_noshuffle_q4_0_f32,0.105800,3072x4x1,64x4x1,6144x1x1x1
ffn_up-18,kernel_gemv_noshuffle_q4_0_f32,0.107400,3072x4x1,64x4x1,6144x1x1x1
ffn_swiglu-18,kernel_swiglu,0.006100,512x1x1,512x1x1,6144x1x1x1
ffn_out-18,kernel_gemv_noshuffle_q4_0_f32,0.117000,1024x4x1,64x4x1,2048x1x1x1
l_out-18,kernel_add_row,0.002300,512x0x0,64x0x0,2048x1x1x1
attn_norm-19,kernel_rms_norm_mul,0.005400,1024x1x1,1024x1x1,2048x1x1x1
Qcur-19,kernel_gemv_noshuffle_q4_0_f32,0.041100,1024x4x1,64x4x1,2048x1x1x1
Qcur_normed-19,kernel_rms_norm_mul,0.003700,2048x1x1,128x1x1,128x16x1x1
Qcur-19,kernel_rope_neox_f32,0.002900,1024x1x1,64x1x1,128x16x1x1
Vcur-19,kernel_gemv_noshuffle_q4_0_f32,0.031000,512x4x1,64x4x1,1024x1x1x1
Kcur-19,kernel_gemv_noshuffle_q4_0_f32,0.030700,512x4x1,64x4x1,1024x1x1x1
Kcur_normed-19,kernel_rms_norm_mul,0.003600,1024x1x1,128x1x1,128x8x1x1
Kcur-19,kernel_rope_neox_f32,0.003100,512x1x1,64x1x1,128x8x1x1
cache_k_l19 (view),kernel_set_rows_f16_i64,0.002800,1024x1x1,1024x1x1,1024x40192x1x1
cache_v_l19 (view),kernel_set_rows_f16_i64,0.002900,1024x1x1,1024x1x1,1024x40192x1x1
node_690,flash_attn_f32_f16_q1_vec,0.090500,256x16x0,256x1x0,128x16x1x1
node_692,kernel_gemv_noshuffle_q4_0_f32,0.040900,1024x4x1,64x4x1,2048x1x1x1
ffn_inp-19,kernel_add_row,0.002000,512x0x0,64x0x0,2048x1x1x1
ffn_norm-19,kernel_rms_norm_mul,0.005300,1024x1x1,1024x1x1,2048x1x1x1
ffn_gate-19,kernel_gemv_noshuffle_q4_0_f32,0.108800,3072x4x1,64x4x1,6144x1x1x1
ffn_up-19,kernel_gemv_noshuffle_q4_0_f32,0.107700,3072x4x1,64x4x1,6144x1x1x1
ffn_swiglu-19,kernel_swiglu,0.005800,512x1x1,512x1x1,6144x1x1x1
ffn_out-19,kernel_gemv_noshuffle_q4_0_f32,0.116500,1024x4x1,64x4x1,2048x1x1x1
l_out-19,kernel_add_row,0.002000,512x0x0,64x0x0,2048x1x1x1
attn_norm-20,kernel_rms_norm_mul,0.005500,1024x1x1,1024x1x1,2048x1x1x1
Qcur-20,kernel_gemv_noshuffle_q4_0_f32,0.041500,1024x4x1,64x4x1,2048x1x1x1
Qcur_normed-20,kernel_rms_norm_mul,0.004100,2048x1x1,128x1x1,128x16x1x1
Qcur-20,kernel_rope_neox_f32,0.003300,1024x1x1,64x1x1,128x16x1x1
Vcur-20,kernel_gemv_noshuffle_q4_0_f32,0.032000,512x4x1,64x4x1,1024x1x1x1
Kcur-20,kernel_gemv_noshuffle_q4_0_f32,0.030600,512x4x1,64x4x1,1024x1x1x1
Kcur_normed-20,kernel_rms_norm_mul,0.003700,1024x1x1,128x1x1,128x8x1x1
Kcur-20,kernel_rope_neox_f32,0.002800,512x1x1,64x1x1,128x8x1x1
cache_k_l20 (view),kernel_set_rows_f16_i64,0.002900,1024x1x1,1024x1x1,1024x40192x1x1
cache_v_l20 (view),kernel_set_rows_f16_i64,0.002800,1024x1x1,1024x1x1,1024x40192x1x1
node_725,flash_attn_f32_f16_q1_vec,0.090500,256x16x0,256x1x0,128x16x1x1
node_727,kernel_gemv_noshuffle_q4_0_f32,0.040300,1024x4x1,64x4x1,2048x1x1x1
ffn_inp-20,kernel_add_row,0.002400,512x0x0,64x0x0,2048x1x1x1
ffn_norm-20,kernel_rms_norm_mul,0.005300,1024x1x1,1024x1x1,2048x1x1x1
ffn_gate-20,kernel_gemv_noshuffle_q4_0_f32,0.107000,3072x4x1,64x4x1,6144x1x1x1
ffn_up-20,kernel_gemv_noshuffle_q4_0_f32,0.106700,3072x4x1,64x4x1,6144x1x1x1
ffn_swiglu-20,kernel_swiglu,0.005800,512x1x1,512x1x1,6144x1x1x1
ffn_out-20,kernel_gemv_noshuffle_q4_0_f32,0.120100,1024x4x1,64x4x1,2048x1x1x1
l_out-20,kernel_add_row,0.002100,512x0x0,64x0x0,2048x1x1x1
attn_norm-21,kernel_rms_norm_mul,0.005200,1024x1x1,1024x1x1,2048x1x1x1
Qcur-21,kernel_gemv_noshuffle_q4_0_f32,0.041300,1024x4x1,64x4x1,2048x1x1x1
Qcur_normed-21,kernel_rms_norm_mul,0.004200,2048x1x1,128x1x1,128x16x1x1
Qcur-21,kernel_rope_neox_f32,0.002900,1024x1x1,64x1x1,128x16x1x1
Vcur-21,kernel_gemv_noshuffle_q4_0_f32,0.030700,512x4x1,64x4x1,1024x1x1x1
Kcur-21,kernel_gemv_noshuffle_q4_0_f32,0.030900,512x4x1,64x4x1,1024x1x1x1
Kcur_normed-21,kernel_rms_norm_mul,0.003700,1024x1x1,128x1x1,128x8x1x1
Kcur-21,kernel_rope_neox_f32,0.002400,512x1x1,64x1x1,128x8x1x1
cache_k_l21 (view),kernel_set_rows_f16_i64,0.002900,1024x1x1,1024x1x1,1024x40192x1x1
cache_v_l21 (view),kernel_set_rows_f16_i64,0.003200,1024x1x1,1024x1x1,1024x40192x1x1
node_760,flash_attn_f32_f16_q1_vec,0.089100,256x16x0,256x1x0,128x16x1x1
node_762,kernel_gemv_noshuffle_q4_0_f32,0.041600,1024x4x1,64x4x1,2048x1x1x1
ffn_inp-21,kernel_add_row,0.002000,512x0x0,64x0x0,2048x1x1x1
ffn_norm-21,kernel_rms_norm_mul,0.005400,1024x1x1,1024x1x1,2048x1x1x1
ffn_gate-21,kernel_gemv_noshuffle_q4_0_f32,0.106800,3072x4x1,64x4x1,6144x1x1x1
ffn_up-21,kernel_gemv_noshuffle_q4_0_f32,0.108900,3072x4x1,64x4x1,6144x1x1x1
ffn_swiglu-21,kernel_swiglu,0.006000,512x1x1,512x1x1,6144x1x1x1
ffn_out-21,kernel_gemv_noshuffle_q4_0_f32,0.118500,1024x4x1,64x4x1,2048x1x1x1
l_out-21,kernel_add_row,0.002100,512x0x0,64x0x0,2048x1x1x1
attn_norm-22,kernel_rms_norm_mul,0.005400,1024x1x1,1024x1x1,2048x1x1x1
Qcur-22,kernel_gemv_noshuffle_q4_0_f32,0.043700,1024x4x1,64x4x1,2048x1x1x1
Qcur_normed-22,kernel_rms_norm_mul,0.003600,2048x1x1,128x1x1,128x16x1x1
Qcur-22,kernel_rope_neox_f32,0.003000,1024x1x1,64x1x1,128x16x1x1
Vcur-22,kernel_gemv_noshuffle_q4_0_f32,0.031300,512x4x1,64x4x1,1024x1x1x1
Kcur-22,kernel_gemv_noshuffle_q4_0_f32,0.030800,512x4x1,64x4x1,1024x1x1x1
Kcur_normed-22,kernel_rms_norm_mul,0.004100,1024x1x1,128x1x1,128x8x1x1
Kcur-22,kernel_rope_neox_f32,0.002700,512x1x1,64x1x1,128x8x1x1
cache_k_l22 (view),kernel_set_rows_f16_i64,0.002800,1024x1x1,1024x1x1,1024x40192x1x1
cache_v_l22 (view),kernel_set_rows_f16_i64,0.002800,1024x1x1,1024x1x1,1024x40192x1x1
node_795,flash_attn_f32_f16_q1_vec,0.090100,256x16x0,256x1x0,128x16x1x1
node_797,kernel_gemv_noshuffle_q4_0_f32,0.041800,1024x4x1,64x4x1,2048x1x1x1
ffn_inp-22,kernel_add_row,0.002100,512x0x0,64x0x0,2048x1x1x1
ffn_norm-22,kernel_rms_norm_mul,0.005200,1024x1x1,1024x1x1,2048x1x1x1
ffn_gate-22,kernel_gemv_noshuffle_q4_0_f32,0.110100,3072x4x1,64x4x1,6144x1x1x1
ffn_up-22,kernel_gemv_noshuffle_q4_0_f32,0.111700,3072x4x1,64x4x1,6144x1x1x1
ffn_swiglu-22,kernel_swiglu,0.005900,512x1x1,512x1x1,6144x1x1x1
ffn_out-22,kernel_gemv_noshuffle_q4_0_f32,0.118200,1024x4x1,64x4x1,2048x1x1x1
l_out-22,kernel_add_row,0.002100,512x0x0,64x0x0,2048x1x1x1
attn_norm-23,kernel_rms_norm_mul,0.005500,1024x1x1,1024x1x1,2048x1x1x1
Qcur-23,kernel_gemv_noshuffle_q4_0_f32,0.042700,1024x4x1,64x4x1,2048x1x1x1
Qcur_normed-23,kernel_rms_norm_mul,0.003900,2048x1x1,128x1x1,128x16x1x1
Qcur-23,kernel_rope_neox_f32,0.003000,1024x1x1,64x1x1,128x16x1x1
Vcur-23,kernel_gemv_noshuffle_q4_0_f32,0.031600,512x4x1,64x4x1,1024x1x1x1
Kcur-23,kernel_gemv_noshuffle_q4_0_f32,0.030600,512x4x1,64x4x1,1024x1x1x1
Kcur_normed-23,kernel_rms_norm_mul,0.003800,1024x1x1,128x1x1,128x8x1x1
Kcur-23,kernel_rope_neox_f32,0.002500,512x1x1,64x1x1,128x8x1x1
cache_k_l23 (view),kernel_set_rows_f16_i64,0.002800,1024x1x1,1024x1x1,1024x40192x1x1
cache_v_l23 (view),kernel_set_rows_f16_i64,0.002800,1024x1x1,1024x1x1,1024x40192x1x1
node_830,flash_attn_f32_f16_q1_vec,0.090400,256x16x0,256x1x0,128x16x1x1
node_832,kernel_gemv_noshuffle_q4_0_f32,0.043300,1024x4x1,64x4x1,2048x1x1x1
ffn_inp-23,kernel_add_row,0.002100,512x0x0,64x0x0,2048x1x1x1
ffn_norm-23,kernel_rms_norm_mul,0.005500,1024x1x1,1024x1x1,2048x1x1x1
ffn_gate-23,kernel_gemv_noshuffle_q4_0_f32,0.108800,3072x4x1,64x4x1,6144x1x1x1
ffn_up-23,kernel_gemv_noshuffle_q4_0_f32,0.110800,3072x4x1,64x4x1,6144x1x1x1
ffn_swiglu-23,kernel_swiglu,0.006100,512x1x1,512x1x1,6144x1x1x1
ffn_out-23,kernel_gemv_noshuffle_q4_0_f32,0.121600,1024x4x1,64x4x1,2048x1x1x1
l_out-23,kernel_add_row,0.002400,512x0x0,64x0x0,2048x1x1x1
attn_norm-24,kernel_rms_norm_mul,0.005600,1024x1x1,1024x1x1,2048x1x1x1
Qcur-24,kernel_gemv_noshuffle_q4_0_f32,0.043500,1024x4x1,64x4x1,2048x1x1x1
Qcur_normed-24,kernel_rms_norm_mul,0.003500,2048x1x1,128x1x1,128x16x1x1
Qcur-24,kernel_rope_neox_f32,0.002800,1024x1x1,64x1x1,128x16x1x1
Vcur-24,kernel_gemv_noshuffle_q4_0_f32,0.031000,512x4x1,64x4x1,1024x1x1x1
Kcur-24,kernel_gemv_noshuffle_q4_0_f32,0.030900,512x4x1,64x4x1,1024x1x1x1
Kcur_normed-24,kernel_rms_norm_mul,0.003500,1024x1x1,128x1x1,128x8x1x1
Kcur-24,kernel_rope_neox_f32,0.002600,512x1x1,64x1x1,128x8x1x1
cache_k_l24 (view),kernel_set_rows_f16_i64,0.003300,1024x1x1,1024x1x1,1024x40192x1x1
cache_v_l24 (view),kernel_set_rows_f16_i64,0.002800,1024x1x1,1024x1x1,1024x40192x1x1
node_865,flash_attn_f32_f16_q1_vec,0.090500,256x16x0,256x1x0,128x16x1x1
node_867,kernel_gemv_noshuffle_q4_0_f32,0.041500,1024x4x1,64x4x1,2048x1x1x1
ffn_inp-24,kernel_add_row,0.002100,512x0x0,64x0x0,2048x1x1x1
ffn_norm-24,kernel_rms_norm_mul,0.005400,1024x1x1,1024x1x1,2048x1x1x1
ffn_gate-24,kernel_gemv_noshuffle_q4_0_f32,0.110300,3072x4x1,64x4x1,6144x1x1x1
ffn_up-24,kernel_gemv_noshuffle_q4_0_f32,0.110200,3072x4x1,64x4x1,6144x1x1x1
ffn_swiglu-24,kernel_swiglu,0.006100,512x1x1,512x1x1,6144x1x1x1
ffn_out-24,kernel_gemv_noshuffle_q4_0_f32,0.120000,1024x4x1,64x4x1,2048x1x1x1
l_out-24,kernel_add_row,0.002000,512x0x0,64x0x0,2048x1x1x1
attn_norm-25,kernel_rms_norm_mul,0.005400,1024x1x1,1024x1x1,2048x1x1x1
Qcur-25,kernel_gemv_noshuffle_q4_0_f32,0.041500,1024x4x1,64x4x1,2048x1x1x1
Qcur_normed-25,kernel_rms_norm_mul,0.004000,2048x1x1,128x1x1,128x16x1x1
Qcur-25,kernel_rope_neox_f32,0.002900,1024x1x1,64x1x1,128x16x1x1
Vcur-25,kernel_gemv_noshuffle_q4_0_f32,0.031300,512x4x1,64x4x1,1024x1x1x1
Kcur-25,kernel_gemv_noshuffle_q4_0_f32,0.031200,512x4x1,64x4x1,1024x1x1x1
Kcur_normed-25,kernel_rms_norm_mul,0.003800,1024x1x1,128x1x1,128x8x1x1
Kcur-25,kernel_rope_neox_f32,0.002700,512x1x1,64x1x1,128x8x1x1
cache_k_l25 (view),kernel_set_rows_f16_i64,0.002900,1024x1x1,1024x1x1,1024x40192x1x1
cache_v_l25 (view),kernel_set_rows_f16_i64,0.002900,1024x1x1,1024x1x1,1024x40192x1x1
node_900,flash_attn_f32_f16_q1_vec,0.090000,256x16x0,256x1x0,128x16x1x1
node_902,kernel_gemv_noshuffle_q4_0_f32,0.042900,1024x4x1,64x4x1,2048x1x1x1
ffn_inp-25,kernel_add_row,0.002100,512x0x0,64x0x0,2048x1x1x1
ffn_norm-25,kernel_rms_norm_mul,0.005800,1024x1x1,1024x1x1,2048x1x1x1
ffn_gate-25,kernel_gemv_noshuffle_q4_0_f32,0.109400,3072x4x1,64x4x1,6144x1x1x1
ffn_up-25,kernel_gemv_noshuffle_q4_0_f32,0.108700,3072x4x1,64x4x1,6144x1x1x1
ffn_swiglu-25,kernel_swiglu,0.005900,512x1x1,512x1x1,6144x1x1x1
ffn_out-25,kernel_gemv_noshuffle_q4_0_f32,0.119800,1024x4x1,64x4x1,2048x1x1x1
l_out-25,kernel_add_row,0.002200,512x0x0,64x0x0,2048x1x1x1
attn_norm-26,kernel_rms_norm_mul,0.005100,1024x1x1,1024x1x1,2048x1x1x1
Qcur-26,kernel_gemv_noshuffle_q4_0_f32,0.042500,1024x4x1,64x4x1,2048x1x1x1
Qcur_normed-26,kernel_rms_norm_mul,0.004500,2048x1x1,128x1x1,128x16x1x1
Qcur-26,kernel_rope_neox_f32,0.002800,1024x1x1,64x1x1,128x16x1x1
Vcur-26,kernel_gemv_noshuffle_q4_0_f32,0.031500,512x4x1,64x4x1,1024x1x1x1
Kcur-26,kernel_gemv_noshuffle_q4_0_f32,0.030700,512x4x1,64x4x1,1024x1x1x1
Kcur_normed-26,kernel_rms_norm_mul,0.003500,1024x1x1,128x1x1,128x8x1x1
Kcur-26,kernel_rope_neox_f32,0.002500,512x1x1,64x1x1,128x8x1x1
cache_k_l26 (view),kernel_set_rows_f16_i64,0.003200,1024x1x1,1024x1x1,1024x40192x1x1
cache_v_l26 (view),kernel_set_rows_f16_i64,0.002900,1024x1x1,1024x1x1,1024x40192x1x1
node_935,flash_attn_f32_f16_q1_vec,0.091000,256x16x0,256x1x0,128x16x1x1
node_937,kernel_gemv_noshuffle_q4_0_f32,0.042300,1024x4x1,64x4x1,2048x1x1x1
ffn_inp-26,kernel_add_row,0.002000,512x0x0,64x0x0,2048x1x1x1
ffn_norm-26,kernel_rms_norm_mul,0.005300,1024x1x1,1024x1x1,2048x1x1x1
ffn_gate-26,kernel_gemv_noshuffle_q4_0_f32,0.110100,3072x4x1,64x4x1,6144x1x1x1
ffn_up-26,kernel_gemv_noshuffle_q4_0_f32,0.108900,3072x4x1,64x4x1,6144x1x1x1
ffn_swiglu-26,kernel_swiglu,0.005700,512x1x1,512x1x1,6144x1x1x1
ffn_out-26,kernel_gemv_noshuffle_q4_0_f32,0.118900,1024x4x1,64x4x1,2048x1x1x1
l_out-26,kernel_add_row,0.002400,512x0x0,64x0x0,2048x1x1x1
attn_norm-27,kernel_rms_norm_mul,0.005300,1024x1x1,1024x1x1,2048x1x1x1
Qcur-27,kernel_gemv_noshuffle_q4_0_f32,0.042300,1024x4x1,64x4x1,2048x1x1x1
Qcur_normed-27,kernel_rms_norm_mul,0.003500,2048x1x1,128x1x1,128x16x1x1
Qcur-27,kernel_rope_neox_f32,0.002900,1024x1x1,64x1x1,128x16x1x1
Vcur-27,kernel_gemv_noshuffle_q4_0_f32,0.030900,512x4x1,64x4x1,1024x1x1x1
Kcur-27,kernel_gemv_noshuffle_q4_0_f32,0.031000,512x4x1,64x4x1,1024x1x1x1
Kcur_normed-27,kernel_rms_norm_mul,0.003600,1024x1x1,128x1x1,128x8x1x1
Kcur-27,kernel_rope_neox_f32,0.002900,512x1x1,64x1x1,128x8x1x1
cache_k_l27 (view),kernel_set_rows_f16_i64,0.002800,1024x1x1,1024x1x1,1024x40192x1x1
cache_v_l27 (view),kernel_set_rows_f16_i64,0.002800,1024x1x1,1024x1x1,1024x40192x1x1
node_970,flash_attn_f32_f16_q1_vec,0.090700,256x16x0,256x1x0,128x16x1x1
node_972,kernel_gemv_noshuffle_q4_0_f32,0.043500,1024x4x1,64x4x1,2048x1x1x1
node_973,kernel_get_rows_f32,0.004200,1024x1x1,1024x1x1,2048x1x1x1
node_974,kernel_get_rows_f32,0.003900,1024x1x1,1024x1x1,2048x1x1x1
ffn_inp-27,kernel_add_row,0.002000,512x0x0,64x0x0,2048x1x1x1
ffn_norm-27,kernel_rms_norm_mul,0.005800,1024x1x1,1024x1x1,2048x1x1x1
ffn_gate-27,kernel_gemv_noshuffle_q4_0_f32,0.109600,3072x4x1,64x4x1,6144x1x1x1
ffn_up-27,kernel_gemv_noshuffle_q4_0_f32,0.107200,3072x4x1,64x4x1,6144x1x1x1
ffn_swiglu-27,kernel_swiglu,0.005800,512x1x1,512x1x1,6144x1x1x1
ffn_out-27,kernel_gemv_noshuffle_q4_0_f32,0.120900,1024x4x1,64x4x1,2048x1x1x1
l_out-27,kernel_add_row,0.002200,512x0x0,64x0x0,2048x1x1x1
result_norm,kernel_rms_norm_mul,0.005500,1024x1x1,1024x1x1,2048x1x1x1
result_output,kernel_mul_mv_q6_K_f32_flat,6.546700,303872x2x1,64x2x1,151936x1x1x1
attn_norm-0,kernel_rms_norm_mul,0.008300,1024x1x1,1024x1x1,2048x1x1x1
Qcur-0,kernel_gemv_noshuffle_q4_0_f32,0.043200,1024x4x1,64x4x1,2048x1x1x1
Qcur_normed-0,kernel_rms_norm_mul,0.003600,2048x1x1,128x1x1,128x16x1x1
Qcur-0,kernel_rope_neox_f32,0.002900,1024x1x1,64x1x1,128x16x1x1
Vcur-0,kernel_gemv_noshuffle_q4_0_f32,0.031300,512x4x1,64x4x1,1024x1x1x1
Kcur-0,kernel_gemv_noshuffle_q4_0_f32,0.030300,512x4x1,64x4x1,1024x1x1x1
Kcur_normed-0,kernel_rms_norm_mul,0.003500,1024x1x1,128x1x1,128x8x1x1
Kcur-0,kernel_rope_neox_f32,0.002500,512x1x1,64x1x1,128x8x1x1
cache_k_l0 (view),kernel_set_rows_f16_i64,0.003200,1024x1x1,1024x1x1,1024x40192x1x1
cache_v_l0 (view),kernel_set_rows_f16_i64,0.002800,1024x1x1,1024x1x1,1024x40192x1x1
node_25,flash_attn_f32_f16_q1_vec,0.089900,256x16x0,256x1x0,128x16x1x1
node_27,kernel_gemv_noshuffle_q4_0_f32,0.042400,1024x4x1,64x4x1,2048x1x1x1
ffn_inp-0,kernel_add_row,0.002000,512x0x0,64x0x0,2048x1x1x1
ffn_norm-0,kernel_rms_norm_mul,0.005400,1024x1x1,1024x1x1,2048x1x1x1
ffn_gate-0,kernel_gemv_noshuffle_q4_0_f32,0.111500,3072x4x1,64x4x1,6144x1x1x1
ffn_up-0,kernel_gemv_noshuffle_q4_0_f32,0.114700,3072x4x1,64x4x1,6144x1x1x1
ffn_swiglu-0,kernel_swiglu,0.006000,512x1x1,512x1x1,6144x1x1x1
ffn_out-0,kernel_gemv_noshuffle_q4_1_f32,0.126000,1024x4x1,64x4x1,2048x1x1x1
l_out-0,kernel_add_row,0.002300,512x0x0,64x0x0,2048x1x1x1
attn_norm-1,kernel_rms_norm_mul,0.005400,1024x1x1,1024x1x1,2048x1x1x1
Qcur-1,kernel_gemv_noshuffle_q4_0_f32,0.042000,1024x4x1,64x4x1,2048x1x1x1
Qcur_normed-1,kernel_rms_norm_mul,0.003400,2048x1x1,128x1x1,128x16x1x1
Qcur-1,kernel_rope_neox_f32,0.002900,1024x1x1,64x1x1,128x16x1x1
Vcur-1,kernel_gemv_noshuffle_q4_0_f32,0.031100,512x4x1,64x4x1,1024x1x1x1
Kcur-1,kernel_gemv_noshuffle_q4_0_f32,0.031400,512x4x1,64x4x1,1024x1x1x1
Kcur_normed-1,kernel_rms_norm_mul,0.003700,1024x1x1,128x1x1,128x8x1x1
Kcur-1,kernel_rope_neox_f32,0.002600,512x1x1,64x1x1,128x8x1x1
cache_k_l1 (view),kernel_set_rows_f16_i64,0.002800,1024x1x1,1024x1x1,1024x40192x1x1
cache_v_l1 (view),kernel_set_rows_f16_i64,0.002800,1024x1x1,1024x1x1,1024x40192x1x1
node_60,flash_attn_f32_f16_q1_vec,0.090300,256x16x0,256x1x0,128x16x1x1
node_62,kernel_gemv_noshuffle_q4_0_f32,0.042100,1024x4x1,64x4x1,2048x1x1x1
ffn_inp-1,kernel_add_row,0.002100,512x0x0,64x0x0,2048x1x1x1
ffn_norm-1,kernel_rms_norm_mul,0.005900,1024x1x1,1024x1x1,2048x1x1x1
ffn_gate-1,kernel_gemv_noshuffle_q4_0_f32,0.108100,3072x4x1,64x4x1,6144x1x1x1
ffn_up-1,kernel_gemv_noshuffle_q4_0_f32,0.111800,3072x4x1,64x4x1,6144x1x1x1
ffn_swiglu-1,kernel_swiglu,0.006400,512x1x1,512x1x1,6144x1x1x1
ffn_out-1,kernel_gemv_noshuffle_q4_1_f32,0.128500,1024x4x1,64x4x1,2048x1x1x1
l_out-1,kernel_add_row,0.002100,512x0x0,64x0x0,2048x1x1x1
attn_norm-2,kernel_rms_norm_mul,0.005200,1024x1x1,1024x1x1,2048x1x1x1
Qcur-2,kernel_gemv_noshuffle_q4_0_f32,0.042400,1024x4x1,64x4x1,2048x1x1x1
Qcur_normed-2,kernel_rms_norm_mul,0.004300,2048x1x1,128x1x1,128x16x1x1
Qcur-2,kernel_rope_neox_f32,0.003000,1024x1x1,64x1x1,128x16x1x1
Vcur-2,kernel_gemv_noshuffle_q4_0_f32,0.031900,512x4x1,64x4x1,1024x1x1x1
Kcur-2,kernel_gemv_noshuffle_q4_0_f32,0.030900,512x4x1,64x4x1,1024x1x1x1
Kcur_normed-2,kernel_rms_norm_mul,0.003500,1024x1x1,128x1x1,128x8x1x1
Kcur-2,kernel_rope_neox_f32,0.002700,512x1x1,64x1x1,128x8x1x1
cache_k_l2 (view),kernel_set_rows_f16_i64,0.002800,1024x1x1,1024x1x1,1024x40192x1x1
cache_v_l2 (view),kernel_set_rows_f16_i64,0.002800,1024x1x1,1024x1x1,1024x40192x1x1
node_95,flash_attn_f32_f16_q1_vec,0.089800,256x16x0,256x1x0,128x16x1x1
node_97,kernel_gemv_noshuffle_q4_0_f32,0.042000,1024x4x1,64x4x1,2048x1x1x1
ffn_inp-2,kernel_add_row,0.002000,512x0x0,64x0x0,2048x1x1x1
ffn_norm-2,kernel_rms_norm_mul,0.005200,1024x1x1,1024x1x1,2048x1x1x1
ffn_gate-2,kernel_gemv_noshuffle_q4_0_f32,0.109100,3072x4x1,64x4x1,6144x1x1x1
ffn_up-2,kernel_gemv_noshuffle_q4_0_f32,0.111900,3072x4x1,64x4x1,6144x1x1x1
ffn_swiglu-2,kernel_swiglu,0.006100,512x1x1,512x1x1,6144x1x1x1
ffn_out-2,kernel_gemv_noshuffle_q4_1_f32,0.126100,1024x4x1,64x4x1,2048x1x1x1
l_out-2,kernel_add_row,0.002600,512x0x0,64x0x0,2048x1x1x1
attn_norm-3,kernel_rms_norm_mul,0.005400,1024x1x1,1024x1x1,2048x1x1x1
Qcur-3,kernel_gemv_noshuffle_q4_0_f32,0.042600,1024x4x1,64x4x1,2048x1x1x1
Qcur_normed-3,kernel_rms_norm_mul,0.004100,2048x1x1,128x1x1,128x16x1x1
Qcur-3,kernel_rope_neox_f32,0.002900,1024x1x1,64x1x1,128x16x1x1
Vcur-3,kernel_gemv_noshuffle_q4_0_f32,0.031400,512x4x1,64x4x1,1024x1x1x1
Kcur-3,kernel_gemv_noshuffle_q4_0_f32,0.030900,512x4x1,64x4x1,1024x1x1x1
Kcur_normed-3,kernel_rms_norm_mul,0.003600,1024x1x1,128x1x1,128x8x1x1
Kcur-3,kernel_rope_neox_f32,0.003000,512x1x1,64x1x1,128x8x1x1
cache_k_l3 (view),kernel_set_rows_f16_i64,0.002800,1024x1x1,1024x1x1,1024x40192x1x1
cache_v_l3 (view),kernel_set_rows_f16_i64,0.002800,1024x1x1,1024x1x1,1024x40192x1x1
node_130,flash_attn_f32_f16_q1_vec,0.090300,256x16x0,256x1x0,128x16x1x1
node_132,kernel_gemv_noshuffle_q4_0_f32,0.042200,1024x4x1,64x4x1,2048x1x1x1
ffn_inp-3,kernel_add_row,0.002000,512x0x0,64x0x0,2048x1x1x1
ffn_norm-3,kernel_rms_norm_mul,0.005300,1024x1x1,1024x1x1,2048x1x1x1
ffn_gate-3,kernel_gemv_noshuffle_q4_0_f32,0.112100,3072x4x1,64x4x1,6144x1x1x1
ffn_up-3,kernel_gemv_noshuffle_q4_0_f32,0.110800,3072x4x1,64x4x1,6144x1x1x1
ffn_swiglu-3,kernel_swiglu,0.006300,512x1x1,512x1x1,6144x1x1x1
ffn_out-3,kernel_gemv_noshuffle_q4_0_f32,0.121900,1024x4x1,64x4x1,2048x1x1x1
l_out-3,kernel_add_row,0.002100,512x0x0,64x0x0,2048x1x1x1
attn_norm-4,kernel_rms_norm_mul,0.005600,1024x1x1,1024x1x1,2048x1x1x1
Qcur-4,kernel_gemv_noshuffle_q4_0_f32,0.044700,1024x4x1,64x4x1,2048x1x1x1
Qcur_normed-4,kernel_rms_norm_mul,0.004200,2048x1x1,128x1x1,128x16x1x1
Qcur-4,kernel_rope_neox_f32,0.003300,1024x1x1,64x1x1,128x16x1x1
Vcur-4,kernel_gemv_noshuffle_q4_0_f32,0.031400,512x4x1,64x4x1,1024x1x1x1
Kcur-4,kernel_gemv_noshuffle_q4_0_f32,0.030800,512x4x1,64x4x1,1024x1x1x1
Kcur_normed-4,kernel_rms_norm_mul,0.003800,1024x1x1,128x1x1,128x8x1x1
Kcur-4,kernel_rope_neox_f32,0.002800,512x1x1,64x1x1,128x8x1x1
cache_k_l4 (view),kernel_set_rows_f16_i64,0.002800,1024x1x1,1024x1x1,1024x40192x1x1
cache_v_l4 (view),kernel_set_rows_f16_i64,0.002800,1024x1x1,1024x1x1,1024x40192x1x1
node_165,flash_attn_f32_f16_q1_vec,0.089700,256x16x0,256x1x0,128x16x1x1
node_167,kernel_gemv_noshuffle_q4_0_f32,0.041800,1024x4x1,64x4x1,2048x1x1x1
ffn_inp-4,kernel_add_row,0.004200,512x0x0,64x0x0,2048x1x1x1
ffn_norm-4,kernel_rms_norm_mul,0.005300,1024x1x1,1024x1x1,2048x1x1x1
ffn_gate-4,kernel_gemv_noshuffle_q4_0_f32,0.111600,3072x4x1,64x4x1,6144x1x1x1
ffn_up-4,kernel_gemv_noshuffle_q4_0_f32,0.110000,3072x4x1,64x4x1,6144x1x1x1
ffn_swiglu-4,kernel_swiglu,0.006300,512x1x1,512x1x1,6144x1x1x1
ffn_out-4,kernel_gemv_noshuffle_q4_0_f32,0.122600,1024x4x1,64x4x1,2048x1x1x1
l_out-4,kernel_add_row,0.002300,512x0x0,64x0x0,2048x1x1x1
attn_norm-5,kernel_rms_norm_mul,0.005200,1024x1x1,1024x1x1,2048x1x1x1
Qcur-5,kernel_gemv_noshuffle_q4_0_f32,0.041700,1024x4x1,64x4x1,2048x1x1x1
Qcur_normed-5,kernel_rms_norm_mul,0.003700,2048x1x1,128x1x1,128x16x1x1
Qcur-5,kernel_rope_neox_f32,0.002800,1024x1x1,64x1x1,128x16x1x1
Vcur-5,kernel_gemv_noshuffle_q4_0_f32,0.031500,512x4x1,64x4x1,1024x1x1x1
Kcur-5,kernel_gemv_noshuffle_q4_0_f32,0.030200,512x4x1,64x4x1,1024x1x1x1
Kcur_normed-5,kernel_rms_norm_mul,0.003600,1024x1x1,128x1x1,128x8x1x1
Kcur-5,kernel_rope_neox_f32,0.002400,512x1x1,64x1x1,128x8x1x1
cache_k_l5 (view),kernel_set_rows_f16_i64,0.002700,1024x1x1,1024x1x1,1024x40192x1x1
cache_v_l5 (view),kernel_set_rows_f16_i64,0.003700,1024x1x1,1024x1x1,1024x40192x1x1
node_200,flash_attn_f32_f16_q1_vec,0.090300,256x16x0,256x1x0,128x16x1x1
node_202,kernel_gemv_noshuffle_q4_0_f32,0.042500,1024x4x1,64x4x1,2048x1x1x1
ffn_inp-5,kernel_add_row,0.002100,512x0x0,64x0x0,2048x1x1x1
ffn_norm-5,kernel_rms_norm_mul,0.005600,1024x1x1,1024x1x1,2048x1x1x1
ffn_gate-5,kernel_gemv_noshuffle_q4_0_f32,0.112400,3072x4x1,64x4x1,6144x1x1x1
ffn_up-5,kernel_gemv_noshuffle_q4_0_f32,0.112400,3072x4x1,64x4x1,6144x1x1x1
ffn_swiglu-5,kernel_swiglu,0.005800,512x1x1,512x1x1,6144x1x1x1
ffn_out-5,kernel_gemv_noshuffle_q4_0_f32,0.120900,1024x4x1,64x4x1,2048x1x1x1
l_out-5,kernel_add_row,0.002100,512x0x0,64x0x0,2048x1x1x1
attn_norm-6,kernel_rms_norm_mul,0.005400,1024x1x1,1024x1x1,2048x1x1x1
Qcur-6,kernel_gemv_noshuffle_q4_0_f32,0.042700,1024x4x1,64x4x1,2048x1x1x1
Qcur_normed-6,kernel_rms_norm_mul,0.003900,2048x1x1,128x1x1,128x16x1x1
Qcur-6,kernel_rope_neox_f32,0.002900,1024x1x1,64x1x1,128x16x1x1
Vcur-6,kernel_gemv_noshuffle_q4_0_f32,0.030800,512x4x1,64x4x1,1024x1x1x1
Kcur-6,kernel_gemv_noshuffle_q4_0_f32,0.030300,512x4x1,64x4x1,1024x1x1x1
Kcur_normed-6,kernel_rms_norm_mul,0.005700,1024x1x1,128x1x1,128x8x1x1
Kcur-6,kernel_rope_neox_f32,0.002700,512x1x1,64x1x1,128x8x1x1
cache_k_l6 (view),kernel_set_rows_f16_i64,0.002800,1024x1x1,1024x1x1,1024x40192x1x1
cache_v_l6 (view),kernel_set_rows_f16_i64,0.002800,1024x1x1,1024x1x1,1024x40192x1x1
node_235,flash_attn_f32_f16_q1_vec,0.091000,256x16x0,256x1x0,128x16x1x1
node_237,kernel_gemv_noshuffle_q4_0_f32,0.041000,1024x4x1,64x4x1,2048x1x1x1
ffn_inp-6,kernel_add_row,0.002200,512x0x0,64x0x0,2048x1x1x1
ffn_norm-6,kernel_rms_norm_mul,0.005200,1024x1x1,1024x1x1,2048x1x1x1
ffn_gate-6,kernel_gemv_noshuffle_q4_0_f32,0.112500,3072x4x1,64x4x1,6144x1x1x1
ffn_up-6,kernel_gemv_noshuffle_q4_0_f32,0.111300,3072x4x1,64x4x1,6144x1x1x1
ffn_swiglu-6,kernel_swiglu,0.005900,512x1x1,512x1x1,6144x1x1x1
ffn_out-6,kernel_gemv_noshuffle_q4_0_f32,0.120800,1024x4x1,64x4x1,2048x1x1x1
l_out-6,kernel_add_row,0.002100,512x0x0,64x0x0,2048x1x1x1
attn_norm-7,kernel_rms_norm_mul,0.005400,1024x1x1,1024x1x1,2048x1x1x1
Qcur-7,kernel_gemv_noshuffle_q4_0_f32,0.042700,1024x4x1,64x4x1,2048x1x1x1
Qcur_normed-7,kernel_rms_norm_mul,0.003600,2048x1x1,128x1x1,128x16x1x1
Qcur-7,kernel_rope_neox_f32,0.003000,1024x1x1,64x1x1,128x16x1x1
Vcur-7,kernel_gemv_noshuffle_q4_0_f32,0.030800,512x4x1,64x4x1,1024x1x1x1
Kcur-7,kernel_gemv_noshuffle_q4_0_f32,0.030800,512x4x1,64x4x1,1024x1x1x1
Kcur_normed-7,kernel_rms_norm_mul,0.003700,1024x1x1,128x1x1,128x8x1x1
Kcur-7,kernel_rope_neox_f32,0.002500,512x1x1,64x1x1,128x8x1x1
cache_k_l7 (view),kernel_set_rows_f16_i64,0.002800,1024x1x1,1024x1x1,1024x40192x1x1
cache_v_l7 (view),kernel_set_rows_f16_i64,0.002800,1024x1x1,1024x1x1,1024x40192x1x1
node_270,flash_attn_f32_f16_q1_vec,0.091100,256x16x0,256x1x0,128x16x1x1
node_272,kernel_gemv_noshuffle_q4_0_f32,0.043500,1024x4x1,64x4x1,2048x1x1x1
ffn_inp-7,kernel_add_row,0.002100,512x0x0,64x0x0,2048x1x1x1
ffn_norm-7,kernel_rms_norm_mul,0.005400,1024x1x1,1024x1x1,2048x1x1x1
ffn_gate-7,kernel_gemv_noshuffle_q4_0_f32,0.110600,3072x4x1,64x4x1,6144x1x1x1
ffn_up-7,kernel_gemv_noshuffle_q4_0_f32,0.111100,3072x4x1,64x4x1,6144x1x1x1
ffn_swiglu-7,kernel_swiglu,0.005900,512x1x1,512x1x1,6144x1x1x1
ffn_out-7,kernel_gemv_noshuffle_q4_0_f32,0.122800,1024x4x1,64x4x1,2048x1x1x1
l_out-7,kernel_add_row,0.002100,512x0x0,64x0x0,2048x1x1x1
attn_norm-8,kernel_rms_norm_mul,0.005700,1024x1x1,1024x1x1,2048x1x1x1
Qcur-8,kernel_gemv_noshuffle_q4_0_f32,0.042400,1024x4x1,64x4x1,2048x1x1x1
Qcur_normed-8,kernel_rms_norm_mul,0.004300,2048x1x1,128x1x1,128x16x1x1
Qcur-8,kernel_rope_neox_f32,0.002900,1024x1x1,64x1x1,128x16x1x1
Vcur-8,kernel_gemv_noshuffle_q4_0_f32,0.031000,512x4x1,64x4x1,1024x1x1x1
Kcur-8,kernel_gemv_noshuffle_q4_0_f32,0.030500,512x4x1,64x4x1,1024x1x1x1
Kcur_normed-8,kernel_rms_norm_mul,0.003600,1024x1x1,128x1x1,128x8x1x1
Kcur-8,kernel_rope_neox_f32,0.002500,512x1x1,64x1x1,128x8x1x1
cache_k_l8 (view),kernel_set_rows_f16_i64,0.003300,1024x1x1,1024x1x1,1024x40192x1x1
cache_v_l8 (view),kernel_set_rows_f16_i64,0.002800,1024x1x1,1024x1x1,1024x40192x1x1
node_305,flash_attn_f32_f16_q1_vec,0.090000,256x16x0,256x1x0,128x16x1x1
node_307,kernel_gemv_noshuffle_q4_0_f32,0.042100,1024x4x1,64x4x1,2048x1x1x1
ffn_inp-8,kernel_add_row,0.002000,512x0x0,64x0x0,2048x1x1x1
ffn_norm-8,kernel_rms_norm_mul,0.005400,1024x1x1,1024x1x1,2048x1x1x1
ffn_gate-8,kernel_gemv_noshuffle_q4_0_f32,0.113600,3072x4x1,64x4x1,6144x1x1x1
ffn_up-8,kernel_gemv_noshuffle_q4_0_f32,0.109200,3072x4x1,64x4x1,6144x1x1x1
ffn_swiglu-8,kernel_swiglu,0.006100,512x1x1,512x1x1,6144x1x1x1
ffn_out-8,kernel_gemv_noshuffle_q4_0_f32,0.119100,1024x4x1,64x4x1,2048x1x1x1
l_out-8,kernel_add_row,0.002100,512x0x0,64x0x0,2048x1x1x1
attn_norm-9,kernel_rms_norm_mul,0.005300,1024x1x1,1024x1x1,2048x1x1x1
Qcur-9,kernel_gemv_noshuffle_q4_0_f32,0.041900,1024x4x1,64x4x1,2048x1x1x1
Qcur_normed-9,kernel_rms_norm_mul,0.003600,2048x1x1,128x1x1,128x16x1x1
Qcur-9,kernel_rope_neox_f32,0.003000,1024x1x1,64x1x1,128x16x1x1
Vcur-9,kernel_gemv_noshuffle_q4_0_f32,0.031200,512x4x1,64x4x1,1024x1x1x1
Kcur-9,kernel_gemv_noshuffle_q4_0_f32,0.031200,512x4x1,64x4x1,1024x1x1x1
Kcur_normed-9,kernel_rms_norm_mul,0.003600,1024x1x1,128x1x1,128x8x1x1
Kcur-9,kernel_rope_neox_f32,0.002700,512x1x1,64x1x1,128x8x1x1
cache_k_l9 (view),kernel_set_rows_f16_i64,0.002900,1024x1x1,1024x1x1,1024x40192x1x1
cache_v_l9 (view),kernel_set_rows_f16_i64,0.003000,1024x1x1,1024x1x1,1024x40192x1x1
node_340,flash_attn_f32_f16_q1_vec,0.090200,256x16x0,256x1x0,128x16x1x1
node_342,kernel_gemv_noshuffle_q4_0_f32,0.043700,1024x4x1,64x4x1,2048x1x1x1
ffn_inp-9,kernel_add_row,0.002100,512x0x0,64x0x0,2048x1x1x1
ffn_norm-9,kernel_rms_norm_mul,0.005600,1024x1x1,1024x1x1,2048x1x1x1
ffn_gate-9,kernel_gemv_noshuffle_q4_0_f32,0.108100,3072x4x1,64x4x1,6144x1x1x1
ffn_up-9,kernel_gemv_noshuffle_q4_0_f32,0.112300,3072x4x1,64x4x1,6144x1x1x1
ffn_swiglu-9,kernel_swiglu,0.005800,512x1x1,512x1x1,6144x1x1x1
ffn_out-9,kernel_gemv_noshuffle_q4_0_f32,0.120900,1024x4x1,64x4x1,2048x1x1x1
l_out-9,kernel_add_row,0.002000,512x0x0,64x0x0,2048x1x1x1
attn_norm-10,kernel_rms_norm_mul,0.005300,1024x1x1,1024x1x1,2048x1x1x1
Qcur-10,kernel_gemv_noshuffle_q4_0_f32,0.041600,1024x4x1,64x4x1,2048x1x1x1
Qcur_normed-10,kernel_rms_norm_mul,0.004000,2048x1x1,128x1x1,128x16x1x1
Qcur-10,kernel_rope_neox_f32,0.002800,1024x1x1,64x1x1,128x16x1x1
Vcur-10,kernel_gemv_noshuffle_q4_0_f32,0.031900,512x4x1,64x4x1,1024x1x1x1
Kcur-10,kernel_gemv_noshuffle_q4_0_f32,0.030800,512x4x1,64x4x1,1024x1x1x1
Kcur_normed-10,kernel_rms_norm_mul,0.003500,1024x1x1,128x1x1,128x8x1x1
Kcur-10,kernel_rope_neox_f32,0.002500,512x1x1,64x1x1,128x8x1x1
cache_k_l10 (view),kernel_set_rows_f16_i64,0.002800,1024x1x1,1024x1x1,1024x40192x1x1
cache_v_l10 (view),kernel_set_rows_f16_i64,0.002900,1024x1x1,1024x1x1,1024x40192x1x1
node_375,flash_attn_f32_f16_q1_vec,0.089900,256x16x0,256x1x0,128x16x1x1
node_377,kernel_gemv_noshuffle_q4_0_f32,0.042000,1024x4x1,64x4x1,2048x1x1x1
ffn_inp-10,kernel_add_row,0.002100,512x0x0,64x0x0,2048x1x1x1
ffn_norm-10,kernel_rms_norm_mul,0.005300,1024x1x1,1024x1x1,2048x1x1x1
ffn_gate-10,kernel_gemv_noshuffle_q4_0_f32,0.109000,3072x4x1,64x4x1,6144x1x1x1
ffn_up-10,kernel_gemv_noshuffle_q4_0_f32,0.111100,3072x4x1,64x4x1,6144x1x1x1
ffn_swiglu-10,kernel_swiglu,0.005800,512x1x1,512x1x1,6144x1x1x1
ffn_out-10,kernel_gemv_noshuffle_q4_0_f32,0.121800,1024x4x1,64x4x1,2048x1x1x1
l_out-10,kernel_add_row,0.002500,512x0x0,64x0x0,2048x1x1x1
attn_norm-11,kernel_rms_norm_mul,0.005400,1024x1x1,1024x1x1,2048x1x1x1
Qcur-11,kernel_gemv_noshuffle_q4_0_f32,0.042600,1024x4x1,64x4x1,2048x1x1x1
Qcur_normed-11,kernel_rms_norm_mul,0.004300,2048x1x1,128x1x1,128x16x1x1
Qcur-11,kernel_rope_neox_f32,0.002900,1024x1x1,64x1x1,128x16x1x1
Vcur-11,kernel_gemv_noshuffle_q4_0_f32,0.031200,512x4x1,64x4x1,1024x1x1x1
Kcur-11,kernel_gemv_noshuffle_q4_0_f32,0.031500,512x4x1,64x4x1,1024x1x1x1
Kcur_normed-11,kernel_rms_norm_mul,0.003500,1024x1x1,128x1x1,128x8x1x1
Kcur-11,kernel_rope_neox_f32,0.003000,512x1x1,64x1x1,128x8x1x1
cache_k_l11 (view),kernel_set_rows_f16_i64,0.002800,1024x1x1,1024x1x1,1024x40192x1x1
cache_v_l11 (view),kernel_set_rows_f16_i64,0.002900,1024x1x1,1024x1x1,1024x40192x1x1
node_410,flash_attn_f32_f16_q1_vec,0.090700,256x16x0,256x1x0,128x16x1x1
node_412,kernel_gemv_noshuffle_q4_0_f32,0.043300,1024x4x1,64x4x1,2048x1x1x1
ffn_inp-11,kernel_add_row,0.002100,512x0x0,64x0x0,2048x1x1x1
ffn_norm-11,kernel_rms_norm_mul,0.005300,1024x1x1,1024x1x1,2048x1x1x1
ffn_gate-11,kernel_gemv_noshuffle_q4_0_f32,0.110600,3072x4x1,64x4x1,6144x1x1x1
ffn_up-11,kernel_gemv_noshuffle_q4_0_f32,0.111300,3072x4x1,64x4x1,6144x1x1x1
ffn_swiglu-11,kernel_swiglu,0.006000,512x1x1,512x1x1,6144x1x1x1
ffn_out-11,kernel_gemv_noshuffle_q4_0_f32,0.122000,1024x4x1,64x4x1,2048x1x1x1
l_out-11,kernel_add_row,0.002100,512x0x0,64x0x0,2048x1x1x1
attn_norm-12,kernel_rms_norm_mul,0.005300,1024x1x1,1024x1x1,2048x1x1x1
Qcur-12,kernel_gemv_noshuffle_q4_0_f32,0.044700,1024x4x1,64x4x1,2048x1x1x1
Qcur_normed-12,kernel_rms_norm_mul,0.004100,2048x1x1,128x1x1,128x16x1x1
Qcur-12,kernel_rope_neox_f32,0.002900,1024x1x1,64x1x1,128x16x1x1
Vcur-12,kernel_gemv_noshuffle_q4_0_f32,0.031400,512x4x1,64x4x1,1024x1x1x1
Kcur-12,kernel_gemv_noshuffle_q4_0_f32,0.030800,512x4x1,64x4x1,1024x1x1x1
Kcur_normed-12,kernel_rms_norm_mul,0.003700,1024x1x1,128x1x1,128x8x1x1
Kcur-12,kernel_rope_neox_f32,0.002700,512x1x1,64x1x1,128x8x1x1
cache_k_l12 (view),kernel_set_rows_f16_i64,0.002900,1024x1x1,1024x1x1,1024x40192x1x1
cache_v_l12 (view),kernel_set_rows_f16_i64,0.002800,1024x1x1,1024x1x1,1024x40192x1x1
node_445,flash_attn_f32_f16_q1_vec,0.090700,256x16x0,256x1x0,128x16x1x1
node_447,kernel_gemv_noshuffle_q4_0_f32,0.042600,1024x4x1,64x4x1,2048x1x1x1
ffn_inp-12,kernel_add_row,0.002300,512x0x0,64x0x0,2048x1x1x1
ffn_norm-12,kernel_rms_norm_mul,0.005500,1024x1x1,1024x1x1,2048x1x1x1
ffn_gate-12,kernel_gemv_noshuffle_q4_0_f32,0.106900,3072x4x1,64x4x1,6144x1x1x1
ffn_up-12,kernel_gemv_noshuffle_q4_0_f32,0.106600,3072x4x1,64x4x1,6144x1x1x1
ffn_swiglu-12,kernel_swiglu,0.005800,512x1x1,512x1x1,6144x1x1x1
ffn_out-12,kernel_gemv_noshuffle_q4_0_f32,0.116800,1024x4x1,64x4x1,2048x1x1x1
l_out-12,kernel_add_row,0.002100,512x0x0,64x0x0,2048x1x1x1
attn_norm-13,kernel_rms_norm_mul,0.005300,1024x1x1,1024x1x1,2048x1x1x1
Qcur-13,kernel_gemv_noshuffle_q4_0_f32,0.042600,1024x4x1,64x4x1,2048x1x1x1
Qcur_normed-13,kernel_rms_norm_mul,0.003700,2048x1x1,128x1x1,128x16x1x1
Qcur-13,kernel_rope_neox_f32,0.003000,1024x1x1,64x1x1,128x16x1x1
Vcur-13,kernel_gemv_noshuffle_q4_0_f32,0.031600,512x4x1,64x4x1,1024x1x1x1
Kcur-13,kernel_gemv_noshuffle_q4_0_f32,0.030700,512x4x1,64x4x1,1024x1x1x1
Kcur_normed-13,kernel_rms_norm_mul,0.003600,1024x1x1,128x1x1,128x8x1x1
Kcur-13,kernel_rope_neox_f32,0.002600,512x1x1,64x1x1,128x8x1x1
cache_k_l13 (view),kernel_set_rows_f16_i64,0.002900,1024x1x1,1024x1x1,1024x40192x1x1
cache_v_l13 (view),kernel_set_rows_f16_i64,0.003200,1024x1x1,1024x1x1,1024x40192x1x1
node_480,flash_attn_f32_f16_q1_vec,0.089800,256x16x0,256x1x0,128x16x1x1
node_482,kernel_gemv_noshuffle_q4_0_f32,0.041100,1024x4x1,64x4x1,2048x1x1x1
ffn_inp-13,kernel_add_row,0.002100,512x0x0,64x0x0,2048x1x1x1
ffn_norm-13,kernel_rms_norm_mul,0.005500,1024x1x1,1024x1x1,2048x1x1x1
ffn_gate-13,kernel_gemv_noshuffle_q4_0_f32,0.106500,3072x4x1,64x4x1,6144x1x1x1
ffn_up-13,kernel_gemv_noshuffle_q4_0_f32,0.107200,3072x4x1,64x4x1,6144x1x1x1
ffn_swiglu-13,kernel_swiglu,0.006100,512x1x1,512x1x1,6144x1x1x1
ffn_out-13,kernel_gemv_noshuffle_q4_0_f32,0.120000,1024x4x1,64x4x1,2048x1x1x1
l_out-13,kernel_add_row,0.002000,512x0x0,64x0x0,2048x1x1x1
attn_norm-14,kernel_rms_norm_mul,0.005300,1024x1x1,1024x1x1,2048x1x1x1
Qcur-14,kernel_gemv_noshuffle_q4_0_f32,0.041300,1024x4x1,64x4x1,2048x1x1x1
Qcur_normed-14,kernel_rms_norm_mul,0.004200,2048x1x1,128x1x1,128x16x1x1
Qcur-14,kernel_rope_neox_f32,0.002900,1024x1x1,64x1x1,128x16x1x1
Vcur-14,kernel_gemv_noshuffle_q4_0_f32,0.031300,512x4x1,64x4x1,1024x1x1x1
Kcur-14,kernel_gemv_noshuffle_q4_0_f32,0.031200,512x4x1,64x4x1,1024x1x1x1
Kcur_normed-14,kernel_rms_norm_mul,0.004200,1024x1x1,128x1x1,128x8x1x1
Kcur-14,kernel_rope_neox_f32,0.002700,512x1x1,64x1x1,128x8x1x1
cache_k_l14 (view),kernel_set_rows_f16_i64,0.002900,1024x1x1,1024x1x1,1024x40192x1x1
cache_v_l14 (view),kernel_set_rows_f16_i64,0.002700,1024x1x1,1024x1x1,1024x40192x1x1
node_515,flash_attn_f32_f16_q1_vec,0.090200,256x16x0,256x1x0,128x16x1x1
node_517,kernel_gemv_noshuffle_q4_0_f32,0.040500,1024x4x1,64x4x1,2048x1x1x1
ffn_inp-14,kernel_add_row,0.002000,512x0x0,64x0x0,2048x1x1x1
ffn_norm-14,kernel_rms_norm_mul,0.005200,1024x1x1,1024x1x1,2048x1x1x1
ffn_gate-14,kernel_gemv_noshuffle_q4_0_f32,0.105500,3072x4x1,64x4x1,6144x1x1x1
ffn_up-14,kernel_gemv_noshuffle_q4_0_f32,0.107300,3072x4x1,64x4x1,6144x1x1x1
ffn_swiglu-14,kernel_swiglu,0.006100,512x1x1,512x1x1,6144x1x1x1
ffn_out-14,kernel_gemv_noshuffle_q4_0_f32,0.117100,1024x4x1,64x4x1,2048x1x1x1
l_out-14,kernel_add_row,0.002200,512x0x0,64x0x0,2048x1x1x1
attn_norm-15,kernel_rms_norm_mul,0.005600,1024x1x1,1024x1x1,2048x1x1x1
Qcur-15,kernel_gemv_noshuffle_q4_0_f32,0.041100,1024x4x1,64x4x1,2048x1x1x1
Qcur_normed-15,kernel_rms_norm_mul,0.004100,2048x1x1,128x1x1,128x16x1x1
Qcur-15,kernel_rope_neox_f32,0.003000,1024x1x1,64x1x1,128x16x1x1
Vcur-15,kernel_gemv_noshuffle_q4_0_f32,0.031100,512x4x1,64x4x1,1024x1x1x1
Kcur-15,kernel_gemv_noshuffle_q4_0_f32,0.031000,512x4x1,64x4x1,1024x1x1x1
Kcur_normed-15,kernel_rms_norm_mul,0.003700,1024x1x1,128x1x1,128x8x1x1
Kcur-15,kernel_rope_neox_f32,0.002500,512x1x1,64x1x1,128x8x1x1
cache_k_l15 (view),kernel_set_rows_f16_i64,0.003000,1024x1x1,1024x1x1,1024x40192x1x1
cache_v_l15 (view),kernel_set_rows_f16_i64,0.002800,1024x1x1,1024x1x1,1024x40192x1x1
node_550,flash_attn_f32_f16_q1_vec,0.090700,256x16x0,256x1x0,128x16x1x1
node_552,kernel_gemv_noshuffle_q4_0_f32,0.042000,1024x4x1,64x4x1,2048x1x1x1
ffn_inp-15,kernel_add_row,0.002000,512x0x0,64x0x0,2048x1x1x1
ffn_norm-15,kernel_rms_norm_mul,0.005400,1024x1x1,1024x1x1,2048x1x1x1
ffn_gate-15,kernel_gemv_noshuffle_q4_0_f32,0.103900,3072x4x1,64x4x1,6144x1x1x1
ffn_up-15,kernel_gemv_noshuffle_q4_0_f32,0.108400,3072x4x1,64x4x1,6144x1x1x1
ffn_swiglu-15,kernel_swiglu,0.005800,512x1x1,512x1x1,6144x1x1x1
ffn_out-15,kernel_gemv_noshuffle_q4_0_f32,0.118300,1024x4x1,64x4x1,2048x1x1x1
l_out-15,kernel_add_row,0.002100,512x0x0,64x0x0,2048x1x1x1
attn_norm-16,kernel_rms_norm_mul,0.005800,1024x1x1,1024x1x1,2048x1x1x1
Qcur-16,kernel_gemv_noshuffle_q4_0_f32,0.041100,1024x4x1,64x4x1,2048x1x1x1
Qcur_normed-16,kernel_rms_norm_mul,0.003900,2048x1x1,128x1x1,128x16x1x1
Qcur-16,kernel_rope_neox_f32,0.002900,1024x1x1,64x1x1,128x16x1x1
Vcur-16,kernel_gemv_noshuffle_q4_0_f32,0.031100,512x4x1,64x4x1,1024x1x1x1
Kcur-16,kernel_gemv_noshuffle_q4_0_f32,0.030800,512x4x1,64x4x1,1024x1x1x1
Kcur_normed-16,kernel_rms_norm_mul,0.003600,1024x1x1,128x1x1,128x8x1x1
Kcur-16,kernel_rope_neox_f32,0.002700,512x1x1,64x1x1,128x8x1x1
cache_k_l16 (view),kernel_set_rows_f16_i64,0.003200,1024x1x1,1024x1x1,1024x40192x1x1
cache_v_l16 (view),kernel_set_rows_f16_i64,0.002800,1024x1x1,1024x1x1,1024x40192x1x1
node_585,flash_attn_f32_f16_q1_vec,0.090800,256x16x0,256x1x0,128x16x1x1
node_587,kernel_gemv_noshuffle_q4_0_f32,0.041800,1024x4x1,64x4x1,2048x1x1x1
ffn_inp-16,kernel_add_row,0.002200,512x0x0,64x0x0,2048x1x1x1
ffn_norm-16,kernel_rms_norm_mul,0.005300,1024x1x1,1024x1x1,2048x1x1x1
ffn_gate-16,kernel_gemv_noshuffle_q4_0_f32,0.107800,3072x4x1,64x4x1,6144x1x1x1
ffn_up-16,kernel_gemv_noshuffle_q4_0_f32,0.109000,3072x4x1,64x4x1,6144x1x1x1
ffn_swiglu-16,kernel_swiglu,0.006100,512x1x1,512x1x1,6144x1x1x1
ffn_out-16,kernel_gemv_noshuffle_q4_0_f32,0.117500,1024x4x1,64x4x1,2048x1x1x1
l_out-16,kernel_add_row,0.002000,512x0x0,64x0x0,2048x1x1x1
attn_norm-17,kernel_rms_norm_mul,0.005300,1024x1x1,1024x1x1,2048x1x1x1
Qcur-17,kernel_gemv_noshuffle_q4_0_f32,0.041100,1024x4x1,64x4x1,2048x1x1x1
Qcur_normed-17,kernel_rms_norm_mul,0.004400,2048x1x1,128x1x1,128x16x1x1
Qcur-17,kernel_rope_neox_f32,0.003000,1024x1x1,64x1x1,128x16x1x1
Vcur-17,kernel_gemv_noshuffle_q4_0_f32,0.031000,512x4x1,64x4x1,1024x1x1x1
Kcur-17,kernel_gemv_noshuffle_q4_0_f32,0.031500,512x4x1,64x4x1,1024x1x1x1
Kcur_normed-17,kernel_rms_norm_mul,0.003700,1024x1x1,128x1x1,128x8x1x1
Kcur-17,kernel_rope_neox_f32,0.002600,512x1x1,64x1x1,128x8x1x1
cache_k_l17 (view),kernel_set_rows_f16_i64,0.002800,1024x1x1,1024x1x1,1024x40192x1x1
cache_v_l17 (view),kernel_set_rows_f16_i64,0.002800,1024x1x1,1024x1x1,1024x40192x1x1
node_620,flash_attn_f32_f16_q1_vec,0.091300,256x16x0,256x1x0,128x16x1x1
node_622,kernel_gemv_noshuffle_q4_0_f32,0.041300,1024x4x1,64x4x1,2048x1x1x1
ffn_inp-17,kernel_add_row,0.002100,512x0x0,64x0x0,2048x1x1x1
ffn_norm-17,kernel_rms_norm_mul,0.005700,1024x1x1,1024x1x1,2048x1x1x1
ffn_gate-17,kernel_gemv_noshuffle_q4_0_f32,0.106800,3072x4x1,64x4x1,6144x1x1x1
ffn_up-17,kernel_gemv_noshuffle_q4_0_f32,0.106900,3072x4x1,64x4x1,6144x1x1x1
ffn_swiglu-17,kernel_swiglu,0.006100,512x1x1,512x1x1,6144x1x1x1
ffn_out-17,kernel_gemv_noshuffle_q4_0_f32,0.118900,1024x4x1,64x4x1,2048x1x1x1
l_out-17,kernel_add_row,0.002200,512x0x0,64x0x0,2048x1x1x1
attn_norm-18,kernel_rms_norm_mul,0.005300,1024x1x1,1024x1x1,2048x1x1x1
Qcur-18,kernel_gemv_noshuffle_q4_0_f32,0.041500,1024x4x1,64x4x1,2048x1x1x1
Qcur_normed-18,kernel_rms_norm_mul,0.004500,2048x1x1,128x1x1,128x16x1x1
Qcur-18,kernel_rope_neox_f32,0.002900,1024x1x1,64x1x1,128x16x1x1
Vcur-18,kernel_gemv_noshuffle_q4_0_f32,0.031300,512x4x1,64x4x1,1024x1x1x1
Kcur-18,kernel_gemv_noshuffle_q4_0_f32,0.031200,512x4x1,64x4x1,1024x1x1x1
Kcur_normed-18,kernel_rms_norm_mul,0.003500,1024x1x1,128x1x1,128x8x1x1
Kcur-18,kernel_rope_neox_f32,0.002500,512x1x1,64x1x1,128x8x1x1
cache_k_l18 (view),kernel_set_rows_f16_i64,0.003000,1024x1x1,1024x1x1,1024x40192x1x1
cache_v_l18 (view),kernel_set_rows_f16_i64,0.003000,1024x1x1,1024x1x1,1024x40192x1x1
node_655,flash_attn_f32_f16_q1_vec,0.090100,256x16x0,256x1x0,128x16x1x1
node_657,kernel_gemv_noshuffle_q4_0_f32,0.041200,1024x4x1,64x4x1,2048x1x1x1
ffn_inp-18,kernel_add_row,0.001900,512x0x0,64x0x0,2048x1x1x1
ffn_norm-18,kernel_rms_norm_mul,0.005300,1024x1x1,1024x1x1,2048x1x1x1
ffn_gate-18,kernel_gemv_noshuffle_q4_0_f32,0.105400,3072x4x1,64x4x1,6144x1x1x1
ffn_up-18,kernel_gemv_noshuffle_q4_0_f32,0.107300,3072x4x1,64x4x1,6144x1x1x1
ffn_swiglu-18,kernel_swiglu,0.005800,512x1x1,512x1x1,6144x1x1x1
ffn_out-18,kernel_gemv_noshuffle_q4_0_f32,0.118300,1024x4x1,64x4x1,2048x1x1x1
l_out-18,kernel_add_row,0.002400,512x0x0,64x0x0,2048x1x1x1
attn_norm-19,kernel_rms_norm_mul,0.005600,1024x1x1,1024x1x1,2048x1x1x1
Qcur-19,kernel_gemv_noshuffle_q4_0_f32,0.041400,1024x4x1,64x4x1,2048x1x1x1
Qcur_normed-19,kernel_rms_norm_mul,0.003500,2048x1x1,128x1x1,128x16x1x1
Qcur-19,kernel_rope_neox_f32,0.003000,1024x1x1,64x1x1,128x16x1x1
Vcur-19,kernel_gemv_noshuffle_q4_0_f32,0.030800,512x4x1,64x4x1,1024x1x1x1
Kcur-19,kernel_gemv_noshuffle_q4_0_f32,0.031200,512x4x1,64x4x1,1024x1x1x1
Kcur_normed-19,kernel_rms_norm_mul,0.003600,1024x1x1,128x1x1,128x8x1x1
Kcur-19,kernel_rope_neox_f32,0.003000,512x1x1,64x1x1,128x8x1x1
cache_k_l19 (view),kernel_set_rows_f16_i64,0.002900,1024x1x1,1024x1x1,1024x40192x1x1
cache_v_l19 (view),kernel_set_rows_f16_i64,0.002800,1024x1x1,1024x1x1,1024x40192x1x1
node_690,flash_attn_f32_f16_q1_vec,0.090500,256x16x0,256x1x0,128x16x1x1
node_692,kernel_gemv_noshuffle_q4_0_f32,0.040300,1024x4x1,64x4x1,2048x1x1x1
ffn_inp-19,kernel_add_row,0.002100,512x0x0,64x0x0,2048x1x1x1
ffn_norm-19,kernel_rms_norm_mul,0.005400,1024x1x1,1024x1x1,2048x1x1x1
ffn_gate-19,kernel_gemv_noshuffle_q4_0_f32,0.108400,3072x4x1,64x4x1,6144x1x1x1
ffn_up-19,kernel_gemv_noshuffle_q4_0_f32,0.108200,3072x4x1,64x4x1,6144x1x1x1
ffn_swiglu-19,kernel_swiglu,0.005900,512x1x1,512x1x1,6144x1x1x1
ffn_out-19,kernel_gemv_noshuffle_q4_0_f32,0.117000,1024x4x1,64x4x1,2048x1x1x1
l_out-19,kernel_add_row,0.002100,512x0x0,64x0x0,2048x1x1x1
attn_norm-20,kernel_rms_norm_mul,0.005400,1024x1x1,1024x1x1,2048x1x1x1
Qcur-20,kernel_gemv_noshuffle_q4_0_f32,0.041400,1024x4x1,64x4x1,2048x1x1x1
Qcur_normed-20,kernel_rms_norm_mul,0.004100,2048x1x1,128x1x1,128x16x1x1
Qcur-20,kernel_rope_neox_f32,0.003000,1024x1x1,64x1x1,128x16x1x1
Vcur-20,kernel_gemv_noshuffle_q4_0_f32,0.031200,512x4x1,64x4x1,1024x1x1x1
Kcur-20,kernel_gemv_noshuffle_q4_0_f32,0.030200,512x4x1,64x4x1,1024x1x1x1
Kcur_normed-20,kernel_rms_norm_mul,0.003900,1024x1x1,128x1x1,128x8x1x1
Kcur-20,kernel_rope_neox_f32,0.002700,512x1x1,64x1x1,128x8x1x1
cache_k_l20 (view),kernel_set_rows_f16_i64,0.002800,1024x1x1,1024x1x1,1024x40192x1x1
cache_v_l20 (view),kernel_set_rows_f16_i64,0.002800,1024x1x1,1024x1x1,1024x40192x1x1
node_725,flash_attn_f32_f16_q1_vec,0.090800,256x16x0,256x1x0,128x16x1x1
node_727,kernel_gemv_noshuffle_q4_0_f32,0.041500,1024x4x1,64x4x1,2048x1x1x1
ffn_inp-20,kernel_add_row,0.002400,512x0x0,64x0x0,2048x1x1x1
ffn_norm-20,kernel_rms_norm_mul,0.005500,1024x1x1,1024x1x1,2048x1x1x1
ffn_gate-20,kernel_gemv_noshuffle_q4_0_f32,0.106600,3072x4x1,64x4x1,6144x1x1x1
ffn_up-20,kernel_gemv_noshuffle_q4_0_f32,0.108000,3072x4x1,64x4x1,6144x1x1x1
ffn_swiglu-20,kernel_swiglu,0.006200,512x1x1,512x1x1,6144x1x1x1
ffn_out-20,kernel_gemv_noshuffle_q4_0_f32,0.117800,1024x4x1,64x4x1,2048x1x1x1
l_out-20,kernel_add_row,0.002000,512x0x0,64x0x0,2048x1x1x1
attn_norm-21,kernel_rms_norm_mul,0.005300,1024x1x1,1024x1x1,2048x1x1x1
Qcur-21,kernel_gemv_noshuffle_q4_0_f32,0.041000,1024x4x1,64x4x1,2048x1x1x1
Qcur_normed-21,kernel_rms_norm_mul,0.004400,2048x1x1,128x1x1,128x16x1x1
Qcur-21,kernel_rope_neox_f32,0.002900,1024x1x1,64x1x1,128x16x1x1
Vcur-21,kernel_gemv_noshuffle_q4_0_f32,0.030900,512x4x1,64x4x1,1024x1x1x1
Kcur-21,kernel_gemv_noshuffle_q4_0_f32,0.030600,512x4x1,64x4x1,1024x1x1x1
Kcur_normed-21,kernel_rms_norm_mul,0.003500,1024x1x1,128x1x1,128x8x1x1
Kcur-21,kernel_rope_neox_f32,0.002500,512x1x1,64x1x1,128x8x1x1
cache_k_l21 (view),kernel_set_rows_f16_i64,0.003200,1024x1x1,1024x1x1,1024x40192x1x1
cache_v_l21 (view),kernel_set_rows_f16_i64,0.003300,1024x1x1,1024x1x1,1024x40192x1x1
node_760,flash_attn_f32_f16_q1_vec,0.090500,256x16x0,256x1x0,128x16x1x1
node_762,kernel_gemv_noshuffle_q4_0_f32,0.040000,1024x4x1,64x4x1,2048x1x1x1
ffn_inp-21,kernel_add_row,0.002000,512x0x0,64x0x0,2048x1x1x1
ffn_norm-21,kernel_rms_norm_mul,0.005300,1024x1x1,1024x1x1,2048x1x1x1
ffn_gate-21,kernel_gemv_noshuffle_q4_0_f32,0.105200,3072x4x1,64x4x1,6144x1x1x1
ffn_up-21,kernel_gemv_noshuffle_q4_0_f32,0.107200,3072x4x1,64x4x1,6144x1x1x1
ffn_swiglu-21,kernel_swiglu,0.005900,512x1x1,512x1x1,6144x1x1x1
ffn_out-21,kernel_gemv_noshuffle_q4_0_f32,0.119900,1024x4x1,64x4x1,2048x1x1x1
l_out-21,kernel_add_row,0.002100,512x0x0,64x0x0,2048x1x1x1
attn_norm-22,kernel_rms_norm_mul,0.005400,1024x1x1,1024x1x1,2048x1x1x1
Qcur-22,kernel_gemv_noshuffle_q4_0_f32,0.042300,1024x4x1,64x4x1,2048x1x1x1
Qcur_normed-22,kernel_rms_norm_mul,0.004000,2048x1x1,128x1x1,128x16x1x1
Qcur-22,kernel_rope_neox_f32,0.003100,1024x1x1,64x1x1,128x16x1x1
Vcur-22,kernel_gemv_noshuffle_q4_0_f32,0.031000,512x4x1,64x4x1,1024x1x1x1
Kcur-22,kernel_gemv_noshuffle_q4_0_f32,0.030400,512x4x1,64x4x1,1024x1x1x1
Kcur_normed-22,kernel_rms_norm_mul,0.003900,1024x1x1,128x1x1,128x8x1x1
Kcur-22,kernel_rope_neox_f32,0.002600,512x1x1,64x1x1,128x8x1x1
cache_k_l22 (view),kernel_set_rows_f16_i64,0.002900,1024x1x1,1024x1x1,1024x40192x1x1
cache_v_l22 (view),kernel_set_rows_f16_i64,0.002900,1024x1x1,1024x1x1,1024x40192x1x1
node_795,flash_attn_f32_f16_q1_vec,0.090400,256x16x0,256x1x0,128x16x1x1
node_797,kernel_gemv_noshuffle_q4_0_f32,0.041700,1024x4x1,64x4x1,2048x1x1x1
ffn_inp-22,kernel_add_row,0.002200,512x0x0,64x0x0,2048x1x1x1
ffn_norm-22,kernel_rms_norm_mul,0.005300,1024x1x1,1024x1x1,2048x1x1x1
ffn_gate-22,kernel_gemv_noshuffle_q4_0_f32,0.108700,3072x4x1,64x4x1,6144x1x1x1
ffn_up-22,kernel_gemv_noshuffle_q4_0_f32,0.109600,3072x4x1,64x4x1,6144x1x1x1
ffn_swiglu-22,kernel_swiglu,0.006000,512x1x1,512x1x1,6144x1x1x1
ffn_out-22,kernel_gemv_noshuffle_q4_0_f32,0.120300,1024x4x1,64x4x1,2048x1x1x1
l_out-22,kernel_add_row,0.002100,512x0x0,64x0x0,2048x1x1x1
attn_norm-23,kernel_rms_norm_mul,0.005300,1024x1x1,1024x1x1,2048x1x1x1
Qcur-23,kernel_gemv_noshuffle_q4_0_f32,0.042400,1024x4x1,64x4x1,2048x1x1x1
Qcur_normed-23,kernel_rms_norm_mul,0.003900,2048x1x1,128x1x1,128x16x1x1
Qcur-23,kernel_rope_neox_f32,0.003000,1024x1x1,64x1x1,128x16x1x1
Vcur-23,kernel_gemv_noshuffle_q4_0_f32,0.031400,512x4x1,64x4x1,1024x1x1x1
Kcur-23,kernel_gemv_noshuffle_q4_0_f32,0.030500,512x4x1,64x4x1,1024x1x1x1
Kcur_normed-23,kernel_rms_norm_mul,0.003700,1024x1x1,128x1x1,128x8x1x1
Kcur-23,kernel_rope_neox_f32,0.002500,512x1x1,64x1x1,128x8x1x1
cache_k_l23 (view),kernel_set_rows_f16_i64,0.002900,1024x1x1,1024x1x1,1024x40192x1x1
cache_v_l23 (view),kernel_set_rows_f16_i64,0.002800,1024x1x1,1024x1x1,1024x40192x1x1
node_830,flash_attn_f32_f16_q1_vec,0.090400,256x16x0,256x1x0,128x16x1x1
node_832,kernel_gemv_noshuffle_q4_0_f32,0.043700,1024x4x1,64x4x1,2048x1x1x1
ffn_inp-23,kernel_add_row,0.002000,512x0x0,64x0x0,2048x1x1x1
ffn_norm-23,kernel_rms_norm_mul,0.005400,1024x1x1,1024x1x1,2048x1x1x1
ffn_gate-23,kernel_gemv_noshuffle_q4_0_f32,0.108300,3072x4x1,64x4x1,6144x1x1x1
ffn_up-23,kernel_gemv_noshuffle_q4_0_f32,0.112500,3072x4x1,64x4x1,6144x1x1x1
ffn_swiglu-23,kernel_swiglu,0.005900,512x1x1,512x1x1,6144x1x1x1
ffn_out-23,kernel_gemv_noshuffle_q4_0_f32,0.119200,1024x4x1,64x4x1,2048x1x1x1
l_out-23,kernel_add_row,0.002300,512x0x0,64x0x0,2048x1x1x1
attn_norm-24,kernel_rms_norm_mul,0.005600,1024x1x1,1024x1x1,2048x1x1x1
Qcur-24,kernel_gemv_noshuffle_q4_0_f32,0.042700,1024x4x1,64x4x1,2048x1x1x1
Qcur_normed-24,kernel_rms_norm_mul,0.004000,2048x1x1,128x1x1,128x16x1x1
Qcur-24,kernel_rope_neox_f32,0.002800,1024x1x1,64x1x1,128x16x1x1
Vcur-24,kernel_gemv_noshuffle_q4_0_f32,0.031400,512x4x1,64x4x1,1024x1x1x1
Kcur-24,kernel_gemv_noshuffle_q4_0_f32,0.031000,512x4x1,64x4x1,1024x1x1x1
Kcur_normed-24,kernel_rms_norm_mul,0.003500,1024x1x1,128x1x1,128x8x1x1
Kcur-24,kernel_rope_neox_f32,0.002400,512x1x1,64x1x1,128x8x1x1
cache_k_l24 (view),kernel_set_rows_f16_i64,0.003300,1024x1x1,1024x1x1,1024x40192x1x1
cache_v_l24 (view),kernel_set_rows_f16_i64,0.002900,1024x1x1,1024x1x1,1024x40192x1x1
node_865,flash_attn_f32_f16_q1_vec,0.090000,256x16x0,256x1x0,128x16x1x1
node_867,kernel_gemv_noshuffle_q4_0_f32,0.041900,1024x4x1,64x4x1,2048x1x1x1
ffn_inp-24,kernel_add_row,0.002000,512x0x0,64x0x0,2048x1x1x1
ffn_norm-24,kernel_rms_norm_mul,0.005300,1024x1x1,1024x1x1,2048x1x1x1
ffn_gate-24,kernel_gemv_noshuffle_q4_0_f32,0.108900,3072x4x1,64x4x1,6144x1x1x1
ffn_up-24,kernel_gemv_noshuffle_q4_0_f32,0.110700,3072x4x1,64x4x1,6144x1x1x1
ffn_swiglu-24,kernel_swiglu,0.006200,512x1x1,512x1x1,6144x1x1x1
ffn_out-24,kernel_gemv_noshuffle_q4_0_f32,0.119300,1024x4x1,64x4x1,2048x1x1x1
l_out-24,kernel_add_row,0.002400,512x0x0,64x0x0,2048x1x1x1
attn_norm-25,kernel_rms_norm_mul,0.005300,1024x1x1,1024x1x1,2048x1x1x1
Qcur-25,kernel_gemv_noshuffle_q4_0_f32,0.041100,1024x4x1,64x4x1,2048x1x1x1
Qcur_normed-25,kernel_rms_norm_mul,0.004000,2048x1x1,128x1x1,128x16x1x1
Qcur-25,kernel_rope_neox_f32,0.003000,1024x1x1,64x1x1,128x16x1x1
Vcur-25,kernel_gemv_noshuffle_q4_0_f32,0.030600,512x4x1,64x4x1,1024x1x1x1
Kcur-25,kernel_gemv_noshuffle_q4_0_f32,0.031500,512x4x1,64x4x1,1024x1x1x1
Kcur_normed-25,kernel_rms_norm_mul,0.003800,1024x1x1,128x1x1,128x8x1x1
Kcur-25,kernel_rope_neox_f32,0.002700,512x1x1,64x1x1,128x8x1x1
cache_k_l25 (view),kernel_set_rows_f16_i64,0.002800,1024x1x1,1024x1x1,1024x40192x1x1
cache_v_l25 (view),kernel_set_rows_f16_i64,0.002800,1024x1x1,1024x1x1,1024x40192x1x1
node_900,flash_attn_f32_f16_q1_vec,0.089800,256x16x0,256x1x0,128x16x1x1
node_902,kernel_gemv_noshuffle_q4_0_f32,0.042200,1024x4x1,64x4x1,2048x1x1x1
ffn_inp-25,kernel_add_row,0.002100,512x0x0,64x0x0,2048x1x1x1
ffn_norm-25,kernel_rms_norm_mul,0.005600,1024x1x1,1024x1x1,2048x1x1x1
ffn_gate-25,kernel_gemv_noshuffle_q4_0_f32,0.109400,3072x4x1,64x4x1,6144x1x1x1
ffn_up-25,kernel_gemv_noshuffle_q4_0_f32,0.109800,3072x4x1,64x4x1,6144x1x1x1
ffn_swiglu-25,kernel_swiglu,0.005900,512x1x1,512x1x1,6144x1x1x1
ffn_out-25,kernel_gemv_noshuffle_q4_0_f32,0.120300,1024x4x1,64x4x1,2048x1x1x1
l_out-25,kernel_add_row,0.002100,512x0x0,64x0x0,2048x1x1x1
attn_norm-26,kernel_rms_norm_mul,0.005300,1024x1x1,1024x1x1,2048x1x1x1
Qcur-26,kernel_gemv_noshuffle_q4_0_f32,0.042500,1024x4x1,64x4x1,2048x1x1x1
Qcur_normed-26,kernel_rms_norm_mul,0.004400,2048x1x1,128x1x1,128x16x1x1
Qcur-26,kernel_rope_neox_f32,0.003200,1024x1x1,64x1x1,128x16x1x1
Vcur-26,kernel_gemv_noshuffle_q4_0_f32,0.031400,512x4x1,64x4x1,1024x1x1x1
Kcur-26,kernel_gemv_noshuffle_q4_0_f32,0.030600,512x4x1,64x4x1,1024x1x1x1
Kcur_normed-26,kernel_rms_norm_mul,0.003600,1024x1x1,128x1x1,128x8x1x1
Kcur-26,kernel_rope_neox_f32,0.002500,512x1x1,64x1x1,128x8x1x1
cache_k_l26 (view),kernel_set_rows_f16_i64,0.002800,1024x1x1,1024x1x1,1024x40192x1x1
cache_v_l26 (view),kernel_set_rows_f16_i64,0.002900,1024x1x1,1024x1x1,1024x40192x1x1
node_935,flash_attn_f32_f16_q1_vec,0.090200,256x16x0,256x1x0,128x16x1x1
node_937,kernel_gemv_noshuffle_q4_0_f32,0.041500,1024x4x1,64x4x1,2048x1x1x1
ffn_inp-26,kernel_add_row,0.002200,512x0x0,64x0x0,2048x1x1x1
ffn_norm-26,kernel_rms_norm_mul,0.005300,1024x1x1,1024x1x1,2048x1x1x1
ffn_gate-26,kernel_gemv_noshuffle_q4_0_f32,0.108600,3072x4x1,64x4x1,6144x1x1x1
ffn_up-26,kernel_gemv_noshuffle_q4_0_f32,0.109400,3072x4x1,64x4x1,6144x1x1x1
ffn_swiglu-26,kernel_swiglu,0.005800,512x1x1,512x1x1,6144x1x1x1
ffn_out-26,kernel_gemv_noshuffle_q4_0_f32,0.119200,1024x4x1,64x4x1,2048x1x1x1
l_out-26,kernel_add_row,0.002700,512x0x0,64x0x0,2048x1x1x1
attn_norm-27,kernel_rms_norm_mul,0.005400,1024x1x1,1024x1x1,2048x1x1x1
Qcur-27,kernel_gemv_noshuffle_q4_0_f32,0.041800,1024x4x1,64x4x1,2048x1x1x1
Qcur_normed-27,kernel_rms_norm_mul,0.003500,2048x1x1,128x1x1,128x16x1x1
Qcur-27,kernel_rope_neox_f32,0.002900,1024x1x1,64x1x1,128x16x1x1
Vcur-27,kernel_gemv_noshuffle_q4_0_f32,0.030600,512x4x1,64x4x1,1024x1x1x1
Kcur-27,kernel_gemv_noshuffle_q4_0_f32,0.029900,512x4x1,64x4x1,1024x1x1x1
Kcur_normed-27,kernel_rms_norm_mul,0.003600,1024x1x1,128x1x1,128x8x1x1
Kcur-27,kernel_rope_neox_f32,0.002900,512x1x1,64x1x1,128x8x1x1
cache_k_l27 (view),kernel_set_rows_f16_i64,0.002800,1024x1x1,1024x1x1,1024x40192x1x1
cache_v_l27 (view),kernel_set_rows_f16_i64,0.002800,1024x1x1,1024x1x1,1024x40192x1x1
node_970,flash_attn_f32_f16_q1_vec,0.091200,256x16x0,256x1x0,128x16x1x1
node_972,kernel_gemv_noshuffle_q4_0_f32,0.043100,1024x4x1,64x4x1,2048x1x1x1
node_973,kernel_get_rows_f32,0.004200,1024x1x1,1024x1x1,2048x1x1x1
node_974,kernel_get_rows_f32,0.004000,1024x1x1,1024x1x1,2048x1x1x1
ffn_inp-27,kernel_add_row,0.002100,512x0x0,64x0x0,2048x1x1x1
ffn_norm-27,kernel_rms_norm_mul,0.005900,1024x1x1,1024x1x1,2048x1x1x1
ffn_gate-27,kernel_gemv_noshuffle_q4_0_f32,0.108100,3072x4x1,64x4x1,6144x1x1x1
ffn_up-27,kernel_gemv_noshuffle_q4_0_f32,0.108900,3072x4x1,64x4x1,6144x1x1x1
ffn_swiglu-27,kernel_swiglu,0.006000,512x1x1,512x1x1,6144x1x1x1
ffn_out-27,kernel_gemv_noshuffle_q4_0_f32,0.118400,1024x4x1,64x4x1,2048x1x1x1
l_out-27,kernel_add_row,0.002100,512x0x0,64x0x0,2048x1x1x1
result_norm,kernel_rms_norm_mul,0.005400,1024x1x1,1024x1x1,2048x1x1x1
result_output,kernel_mul_mv_q6_K_f32_flat,6.557700,303872x2x1,64x2x1,151936x1x1x1
