op name, kernel name, exec duration (ms), t_since_start_ms, tensor_bytes, rss_kb, global size, local size, output size
embd,GET_ROWS,0.023385,-0.078281,16384,5693492,2048x2x1x1,0x0x0,2048x2x1x1
norm-0,RMS_NORM,16.561510,16.589375,16384,5693492,2048x2x1x1,0x0x0,2048x2x1x1
attn_norm-0,MUL,3.972812,20.570469,16384,5693492,2048x2x1x1,0x0x0,2048x2x1x1
Qcur-0,MUL_MAT,8.008490,28.584167,16384,5693492,2048x2x1x1,0x0x0,2048x2x1x1
Qcur-0,RESHAPE,0.000573,28.590573,16384,5693492,128x16x2x1,0x0x0,128x16x2x1
norm-0,RMS_NORM,3.982240,32.577188,16384,5693492,128x16x2x1,0x0x0,128x16x2x1
Qcur_normed-0,MUL,3.993021,36.575313,16384,5693492,128x16x2x1,0x0x0,128x16x2x1
Qcur-0,ROPE,4.005261,40.585157,16384,5693492,128x16x2x1,0x0x0,128x16x2x1
Vcur-0,MUL_MAT,7.992135,48.582552,8192,5693492,1024x2x1x1,0x0x0,1024x2x1x1
Vcur-0,RESHAPE,0.000365,48.587709,8192,5693492,128x8x2x1,0x0x0,128x8x2x1
Kcur-0,MUL_MAT,7.988386,56.580313,8192,5693492,1024x2x1x1,0x0x0,1024x2x1x1
Kcur-0,RESHAPE,0.000365,56.586042,8192,5693492,128x8x2x1,0x0x0,128x8x2x1
norm-0,RMS_NORM,3.984375,60.574427,8192,5693492,128x8x2x1,0x0x0,128x8x2x1
Kcur_normed-0,MUL,4.014531,64.593802,8192,5693492,128x8x2x1,0x0x0,128x8x2x1
Kcur-0,ROPE,3.980052,68.578698,8192,5693492,128x8x2x1,0x0x0,128x8x2x1
Kcur-0 (view),VIEW,0.000469,68.584011,8192,5693492,1024x2x1x1,0x0x0,1024x2x1x1
cache_k_l0 (view),SET_ROWS,0.049583,68.637917,83886080,5693668,1024x40960x1x1,0x0x0,1024x40960x1x1
Vcur-0 (view),VIEW,0.031094,68.674532,8192,5693668,1024x2x1x1,0x0x0,1024x2x1x1
cache_v_l0 (view),SET_ROWS,0.002500,68.681823,83886080,5693668,1024x40960x1x1,0x0x0,1024x40960x1x1
Qcur-0 (view),VIEW,0.019479,68.705677,16384,5693668,128x16x2x1,0x0x0,128x16x2x1
Qcur-0 (view) (permuted),PERMUTE,0.000365,68.710469,16384,5693668,128x2x16x1,0x0x0,128x2x16x1
cache_k_l0 (view),VIEW,0.028385,68.743073,524288,5693668,128x8x256x1,0x0x0,128x8x256x1
cache_k_l0 (view) (permuted),PERMUTE,0.000365,68.747917,524288,5693668,128x256x8x1,0x0x0,128x256x8x1
cache_v_l0 (view),VIEW,0.045417,68.797396,524288,5693668,128x8x256x1,0x0x0,128x8x256x1
cache_v_l0 (view) (permuted),PERMUTE,0.000365,68.802657,524288,5693668,128x256x8x1,0x0x0,128x256x8x1
node_25,FLASH_ATTN_EXT,7.767761,76.574532,16384,5693668,128x16x2x1,0x0x0,128x16x2x1
kqv_out-0,RESHAPE,0.000365,76.581615,16384,5693668,2048x2x1x1,0x0x0,2048x2x1x1
node_27,MUL_MAT,7.999427,84.585052,16384,5693668,2048x2x1x1,0x0x0,2048x2x1x1
ffn_inp-0,ADD,3.981823,88.572448,16384,5693668,2048x2x1x1,0x0x0,2048x2x1x1
norm-0,RMS_NORM,3.994635,92.572604,16384,5693668,2048x2x1x1,0x0x0,2048x2x1x1
ffn_norm-0,MUL,3.999218,96.576927,16384,5693668,2048x2x1x1,0x0x0,2048x2x1x1
ffn_gate-0,MUL_MAT,7.998542,104.580209,49152,5693796,6144x2x1x1,0x0x0,6144x2x1x1
ffn_up-0,MUL_MAT,8.020625,112.605886,49152,5693796,6144x2x1x1,0x0x0,6144x2x1x1
ffn_swiglu-0,GLU,3.961927,116.573438,49152,5693796,6144x2x1x1,0x0x0,6144x2x1x1
ffn_out-0,MUL_MAT,8.016406,124.594792,16384,5693796,2048x2x1x1,0x0x0,2048x2x1x1
l_out-0,ADD,3.974635,128.574219,16384,5693796,2048x2x1x1,0x0x0,2048x2x1x1
norm-1,RMS_NORM,0.274635,128.853542,16384,5693796,2048x2x1x1,0x0x0,2048x2x1x1
attn_norm-1,MUL,0.003542,128.861459,16384,5693796,2048x2x1x1,0x0x0,2048x2x1x1
Qcur-1,MUL_MAT,0.129115,128.994584,16384,5693796,2048x2x1x1,0x0x0,2048x2x1x1
Qcur-1,RESHAPE,0.000469,128.999844,16384,5693796,128x16x2x1,0x0x0,128x16x2x1
norm-1,RMS_NORM,0.061562,129.065573,16384,5693796,128x16x2x1,0x0x0,128x16x2x1
Qcur_normed-1,MUL,0.003125,129.073282,16384,5693796,128x16x2x1,0x0x0,128x16x2x1
Qcur-1,ROPE,0.004375,129.081459,16384,5693796,128x16x2x1,0x0x0,128x16x2x1
Vcur-1,MUL_MAT,0.070468,129.155625,8192,5693796,1024x2x1x1,0x0x0,1024x2x1x1
Vcur-1,RESHAPE,0.000469,129.160834,8192,5693796,128x8x2x1,0x0x0,128x8x2x1
Kcur-1,MUL_MAT,0.185677,129.350521,8192,5693796,1024x2x1x1,0x0x0,1024x2x1x1
Kcur-1,RESHAPE,0.000417,129.355834,8192,5693796,128x8x2x1,0x0x0,128x8x2x1
norm-1,RMS_NORM,0.094688,129.454584,8192,5693796,128x8x2x1,0x0x0,128x8x2x1
Kcur_normed-1,MUL,0.002135,129.461302,8192,5693796,128x8x2x1,0x0x0,128x8x2x1
Kcur-1,ROPE,0.002448,129.467552,8192,5693796,128x8x2x1,0x0x0,128x8x2x1
Kcur-1 (view),VIEW,0.000572,129.471979,8192,5693796,1024x2x1x1,0x0x0,1024x2x1x1
cache_k_l1 (view),SET_ROWS,0.056666,129.555625,83886080,5693796,1024x40960x1x1,0x0x0,1024x40960x1x1
Vcur-1 (view),VIEW,0.000469,129.561042,8192,5693796,1024x2x1x1,0x0x0,1024x2x1x1
cache_v_l1 (view),SET_ROWS,0.033021,129.597865,83886080,5693796,1024x40960x1x1,0x0x0,1024x40960x1x1
Qcur-1 (view),VIEW,0.009844,129.612344,16384,5693796,128x16x2x1,0x0x0,128x16x2x1
Qcur-1 (view) (permuted),PERMUTE,0.026094,129.643021,16384,5693796,128x2x16x1,0x0x0,128x2x16x1
cache_k_l1 (view),VIEW,0.000313,129.647917,524288,5693796,128x8x256x1,0x0x0,128x8x256x1
cache_k_l1 (view) (permuted),PERMUTE,0.029791,129.681927,524288,5693796,128x256x8x1,0x0x0,128x256x8x1
cache_v_l1 (view),VIEW,0.000364,129.686823,524288,5693796,128x8x256x1,0x0x0,128x8x256x1
cache_v_l1 (view) (permuted),PERMUTE,0.030781,129.721719,524288,5693796,128x256x8x1,0x0x0,128x256x8x1
node_60,FLASH_ATTN_EXT,0.802813,130.529063,16384,5693796,128x16x2x1,0x0x0,128x16x2x1
kqv_out-1,RESHAPE,0.000677,130.534115,16384,5693796,2048x2x1x1,0x0x0,2048x2x1x1
node_62,MUL_MAT,0.310104,130.848125,16384,5693796,2048x2x1x1,0x0x0,2048x2x1x1
ffn_inp-1,ADD,0.004166,130.857552,16384,5693796,2048x2x1x1,0x0x0,2048x2x1x1
norm-1,RMS_NORM,0.005416,130.866979,16384,5693796,2048x2x1x1,0x0x0,2048x2x1x1
ffn_norm-1,MUL,0.003645,130.874479,16384,5693796,2048x2x1x1,0x0x0,2048x2x1x1
ffn_gate-1,MUL_MAT,0.364218,131.242604,49152,5693796,6144x2x1x1,0x0x0,6144x2x1x1
ffn_up-1,MUL_MAT,0.418542,131.665834,49152,5693796,6144x2x1x1,0x0x0,6144x2x1x1
ffn_swiglu-1,GLU,0.022448,131.693542,49152,5693796,6144x2x1x1,0x0x0,6144x2x1x1
ffn_out-1,MUL_MAT,0.372188,132.070261,16384,5693796,2048x2x1x1,0x0x0,2048x2x1x1
l_out-1,ADD,0.004166,132.079323,16384,5693796,2048x2x1x1,0x0x0,2048x2x1x1
norm-2,RMS_NORM,0.006667,132.089844,16384,5693796,2048x2x1x1,0x0x0,2048x2x1x1
attn_norm-2,MUL,0.003073,132.096771,16384,5693796,2048x2x1x1,0x0x0,2048x2x1x1
Qcur-2,MUL_MAT,0.126407,132.227084,16384,5693796,2048x2x1x1,0x0x0,2048x2x1x1
Qcur-2,RESHAPE,0.000782,132.232657,16384,5693796,128x16x2x1,0x0x0,128x16x2x1
norm-2,RMS_NORM,0.112187,132.349323,16384,5693796,128x16x2x1,0x0x0,128x16x2x1
Qcur_normed-2,MUL,0.003073,132.357136,16384,5693796,128x16x2x1,0x0x0,128x16x2x1
Qcur-2,ROPE,0.003698,132.364636,16384,5693796,128x16x2x1,0x0x0,128x16x2x1
Vcur-2,MUL_MAT,0.065573,132.434115,8192,5693796,1024x2x1x1,0x0x0,1024x2x1x1
Vcur-2,RESHAPE,0.000417,132.438907,8192,5693796,128x8x2x1,0x0x0,128x8x2x1
Kcur-2,MUL_MAT,0.201563,132.644532,8192,5693796,1024x2x1x1,0x0x0,1024x2x1x1
Kcur-2,RESHAPE,0.000469,132.650261,8192,5693796,128x8x2x1,0x0x0,128x8x2x1
norm-2,RMS_NORM,0.153281,132.807604,8192,5693796,128x8x2x1,0x0x0,128x8x2x1
Kcur_normed-2,MUL,0.001927,132.814323,8192,5693796,128x8x2x1,0x0x0,128x8x2x1
Kcur-2,ROPE,0.002448,132.820573,8192,5693796,128x8x2x1,0x0x0,128x8x2x1
Kcur-2 (view),VIEW,0.000469,132.824792,8192,5693796,1024x2x1x1,0x0x0,1024x2x1x1
cache_k_l2 (view),SET_ROWS,0.046719,132.875521,83886080,5693796,1024x40960x1x1,0x0x0,1024x40960x1x1
Vcur-2 (view),VIEW,0.000468,132.880729,8192,5693796,1024x2x1x1,0x0x0,1024x2x1x1
cache_v_l2 (view),SET_ROWS,0.040104,132.924636,83886080,5693796,1024x40960x1x1,0x0x0,1024x40960x1x1
Qcur-2 (view),VIEW,0.000782,132.930157,16384,5693796,128x16x2x1,0x0x0,128x16x2x1
Qcur-2 (view) (permuted),PERMUTE,0.015364,132.949427,16384,5693796,128x2x16x1,0x0x0,128x2x16x1
cache_k_l2 (view),VIEW,0.000417,132.954219,524288,5693796,128x8x256x1,0x0x0,128x8x256x1
cache_k_l2 (view) (permuted),PERMUTE,0.021770,132.980052,524288,5693796,128x256x8x1,0x0x0,128x256x8x1
cache_v_l2 (view),VIEW,0.000312,132.985104,524288,5693796,128x8x256x1,0x0x0,128x8x256x1
cache_v_l2 (view) (permuted),PERMUTE,0.021980,133.011407,524288,5693796,128x256x8x1,0x0x0,128x256x8x1
node_95,FLASH_ATTN_EXT,0.022396,133.038386,16384,5693796,128x16x2x1,0x0x0,128x16x2x1
kqv_out-2,RESHAPE,0.000469,133.042917,16384,5693796,2048x2x1x1,0x0x0,2048x2x1x1
node_97,MUL_MAT,0.231511,133.278438,16384,5693796,2048x2x1x1,0x0x0,2048x2x1x1
ffn_inp-2,ADD,0.003906,133.287813,16384,5693796,2048x2x1x1,0x0x0,2048x2x1x1
norm-2,RMS_NORM,0.005209,133.297032,16384,5693796,2048x2x1x1,0x0x0,2048x2x1x1
ffn_norm-2,MUL,0.002916,133.318698,16384,5693796,2048x2x1x1,0x0x0,2048x2x1x1
ffn_gate-2,MUL_MAT,0.360833,133.683854,49152,5693796,6144x2x1x1,0x0x0,6144x2x1x1
ffn_up-2,MUL_MAT,0.359948,134.049115,49152,5693796,6144x2x1x1,0x0x0,6144x2x1x1
ffn_swiglu-2,GLU,0.010105,134.063907,49152,5693796,6144x2x1x1,0x0x0,6144x2x1x1
ffn_out-2,MUL_MAT,0.388073,134.456198,16384,5693796,2048x2x1x1,0x0x0,2048x2x1x1
l_out-2,ADD,0.004844,134.465990,16384,5693796,2048x2x1x1,0x0x0,2048x2x1x1
norm-3,RMS_NORM,0.006667,134.476563,16384,5693796,2048x2x1x1,0x0x0,2048x2x1x1
attn_norm-3,MUL,0.003802,134.484167,16384,5693796,2048x2x1x1,0x0x0,2048x2x1x1
Qcur-3,MUL_MAT,0.144740,134.632709,16384,5693796,2048x2x1x1,0x0x0,2048x2x1x1
Qcur-3,RESHAPE,0.000364,134.637552,16384,5693796,128x16x2x1,0x0x0,128x16x2x1
norm-3,RMS_NORM,0.073802,134.715417,16384,5693796,128x16x2x1,0x0x0,128x16x2x1
Qcur_normed-3,MUL,0.002448,134.722448,16384,5693796,128x16x2x1,0x0x0,128x16x2x1
Qcur-3,ROPE,0.002656,134.728802,16384,5693796,128x16x2x1,0x0x0,128x16x2x1
Vcur-3,MUL_MAT,0.054740,134.787240,8192,5693796,1024x2x1x1,0x0x0,1024x2x1x1
Vcur-3,RESHAPE,0.000364,134.791927,8192,5693796,128x8x2x1,0x0x0,128x8x2x1
Kcur-3,MUL_MAT,0.125833,134.921667,8192,5693796,1024x2x1x1,0x0x0,1024x2x1x1
Kcur-3,RESHAPE,0.000313,134.926511,8192,5693796,128x8x2x1,0x0x0,128x8x2x1
norm-3,RMS_NORM,0.082292,135.012709,8192,5693796,128x8x2x1,0x0x0,128x8x2x1
Kcur_normed-3,MUL,0.001614,135.018698,8192,5693796,128x8x2x1,0x0x0,128x8x2x1
Kcur-3,ROPE,0.001979,135.024479,8192,5693796,128x8x2x1,0x0x0,128x8x2x1
Kcur-3 (view),VIEW,0.000417,135.028594,8192,5693796,1024x2x1x1,0x0x0,1024x2x1x1
cache_k_l3 (view),SET_ROWS,0.040157,135.072657,83886080,5693796,1024x40960x1x1,0x0x0,1024x40960x1x1
Vcur-3 (view),VIEW,0.000364,135.077552,8192,5693796,1024x2x1x1,0x0x0,1024x2x1x1
cache_v_l3 (view),SET_ROWS,0.012657,135.093907,83886080,5693796,1024x40960x1x1,0x0x0,1024x40960x1x1
Qcur-3 (view),VIEW,0.000521,135.098698,16384,5693796,128x16x2x1,0x0x0,128x16x2x1
Qcur-3 (view) (permuted),PERMUTE,0.015781,135.118229,16384,5693796,128x2x16x1,0x0x0,128x2x16x1
cache_k_l3 (view),VIEW,0.000313,135.122917,524288,5693796,128x8x256x1,0x0x0,128x8x256x1
cache_k_l3 (view) (permuted),PERMUTE,0.012553,135.139532,524288,5693796,128x256x8x1,0x0x0,128x256x8x1
cache_v_l3 (view),VIEW,0.000364,135.144271,524288,5693796,128x8x256x1,0x0x0,128x8x256x1
cache_v_l3 (view) (permuted),PERMUTE,0.023855,135.172032,524288,5693796,128x256x8x1,0x0x0,128x256x8x1
node_130,FLASH_ATTN_EXT,0.044687,135.221250,16384,5693796,128x16x2x1,0x0x0,128x16x2x1
kqv_out-3,RESHAPE,0.000365,135.225782,16384,5693796,2048x2x1x1,0x0x0,2048x2x1x1
node_132,MUL_MAT,0.209895,135.439427,16384,5693796,2048x2x1x1,0x0x0,2048x2x1x1
ffn_inp-3,ADD,0.002604,135.446823,16384,5693796,2048x2x1x1,0x0x0,2048x2x1x1
norm-3,RMS_NORM,0.004532,135.455157,16384,5693796,2048x2x1x1,0x0x0,2048x2x1x1
ffn_norm-3,MUL,0.002761,135.461615,16384,5693796,2048x2x1x1,0x0x0,2048x2x1x1
ffn_gate-3,MUL_MAT,0.348229,135.813594,49152,5693796,6144x2x1x1,0x0x0,6144x2x1x1
ffn_up-3,MUL_MAT,0.298281,136.116302,49152,5693796,6144x2x1x1,0x0x0,6144x2x1x1
ffn_swiglu-3,GLU,0.008385,136.129323,49152,5693796,6144x2x1x1,0x0x0,6144x2x1x1
ffn_out-3,MUL_MAT,0.285885,136.419323,16384,5693796,2048x2x1x1,0x0x0,2048x2x1x1
l_out-3,ADD,0.003177,136.427084,16384,5693796,2048x2x1x1,0x0x0,2048x2x1x1
norm-4,RMS_NORM,0.005260,136.436042,16384,5693796,2048x2x1x1,0x0x0,2048x2x1x1
attn_norm-4,MUL,0.002656,136.442396,16384,5693796,2048x2x1x1,0x0x0,2048x2x1x1
Qcur-4,MUL_MAT,0.101354,136.547344,16384,5693796,2048x2x1x1,0x0x0,2048x2x1x1
Qcur-4,RESHAPE,0.000417,136.572344,16384,5693796,128x16x2x1,0x0x0,128x16x2x1
norm-4,RMS_NORM,0.048282,136.625157,16384,5693796,128x16x2x1,0x0x0,128x16x2x1
Qcur_normed-4,MUL,0.002291,136.631875,16384,5693796,128x16x2x1,0x0x0,128x16x2x1
Qcur-4,ROPE,0.002552,136.638125,16384,5693796,128x16x2x1,0x0x0,128x16x2x1
Vcur-4,MUL_MAT,0.053073,136.694792,8192,5693796,1024x2x1x1,0x0x0,1024x2x1x1
Vcur-4,RESHAPE,0.000364,136.699479,8192,5693796,128x8x2x1,0x0x0,128x8x2x1
Kcur-4,MUL_MAT,0.124948,136.828073,8192,5693796,1024x2x1x1,0x0x0,1024x2x1x1
Kcur-4,RESHAPE,0.000365,136.840313,8192,5693796,128x8x2x1,0x0x0,128x8x2x1
norm-4,RMS_NORM,0.066719,136.911146,8192,5693796,128x8x2x1,0x0x0,128x8x2x1
Kcur_normed-4,MUL,0.001406,136.916979,8192,5693796,128x8x2x1,0x0x0,128x8x2x1
Kcur-4,ROPE,0.001875,136.922604,8192,5693796,128x8x2x1,0x0x0,128x8x2x1
Kcur-4 (view),VIEW,0.000313,136.926511,8192,5693796,1024x2x1x1,0x0x0,1024x2x1x1
cache_k_l4 (view),SET_ROWS,0.034687,136.964896,83886080,5693796,1024x40960x1x1,0x0x0,1024x40960x1x1
Vcur-4 (view),VIEW,0.000313,136.969584,8192,5693796,1024x2x1x1,0x0x0,1024x2x1x1
cache_v_l4 (view),SET_ROWS,0.011770,136.985052,83886080,5693796,1024x40960x1x1,0x0x0,1024x40960x1x1
Qcur-4 (view),VIEW,0.000521,136.989948,16384,5693796,128x16x2x1,0x0x0,128x16x2x1
Qcur-4 (view) (permuted),PERMUTE,0.017552,137.011146,16384,5693796,128x2x16x1,0x0x0,128x2x16x1
cache_k_l4 (view),VIEW,0.012500,137.028073,524288,5693796,128x8x256x1,0x0x0,128x8x256x1
cache_k_l4 (view) (permuted),PERMUTE,0.018594,137.050990,524288,5693796,128x256x8x1,0x0x0,128x256x8x1
cache_v_l4 (view),VIEW,0.000521,137.055886,524288,5693796,128x8x256x1,0x0x0,128x8x256x1
cache_v_l4 (view) (permuted),PERMUTE,0.014427,137.074167,524288,5693796,128x256x8x1,0x0x0,128x256x8x1
node_165,FLASH_ATTN_EXT,0.042500,137.120990,16384,5693796,128x16x2x1,0x0x0,128x16x2x1
kqv_out-4,RESHAPE,0.000365,137.125365,16384,5693796,2048x2x1x1,0x0x0,2048x2x1x1
node_167,MUL_MAT,0.169687,137.298802,16384,5693796,2048x2x1x1,0x0x0,2048x2x1x1
ffn_inp-4,ADD,0.002604,137.305990,16384,5693796,2048x2x1x1,0x0x0,2048x2x1x1
norm-4,RMS_NORM,0.004479,137.314219,16384,5693796,2048x2x1x1,0x0x0,2048x2x1x1
ffn_norm-4,MUL,0.002500,137.320469,16384,5693796,2048x2x1x1,0x0x0,2048x2x1x1
ffn_gate-4,MUL_MAT,0.297708,137.621823,49152,5693796,6144x2x1x1,0x0x0,6144x2x1x1
ffn_up-4,MUL_MAT,0.297395,137.923854,49152,5693796,6144x2x1x1,0x0x0,6144x2x1x1
ffn_swiglu-4,GLU,0.008646,137.936823,49152,5693796,6144x2x1x1,0x0x0,6144x2x1x1
ffn_out-4,MUL_MAT,0.286666,138.227500,16384,5693796,2048x2x1x1,0x0x0,2048x2x1x1
l_out-4,ADD,0.002917,138.234792,16384,5693796,2048x2x1x1,0x0x0,2048x2x1x1
norm-5,RMS_NORM,0.004948,138.243490,16384,5693796,2048x2x1x1,0x0x0,2048x2x1x1
attn_norm-5,MUL,0.002500,138.249636,16384,5693796,2048x2x1x1,0x0x0,2048x2x1x1
Qcur-5,MUL_MAT,0.101927,138.355209,16384,5693796,2048x2x1x1,0x0x0,2048x2x1x1
Qcur-5,RESHAPE,0.000364,138.359896,16384,5693796,128x16x2x1,0x0x0,128x16x2x1
norm-5,RMS_NORM,0.069167,138.432917,16384,5693796,128x16x2x1,0x0x0,128x16x2x1
Qcur_normed-5,MUL,0.002396,138.439688,16384,5693796,128x16x2x1,0x0x0,128x16x2x1
Qcur-5,ROPE,0.002396,138.445782,16384,5693796,128x16x2x1,0x0x0,128x16x2x1
Vcur-5,MUL_MAT,0.053073,138.502500,8192,5693796,1024x2x1x1,0x0x0,1024x2x1x1
Vcur-5,RESHAPE,0.000365,138.507188,8192,5693796,128x8x2x1,0x0x0,128x8x2x1
Kcur-5,MUL_MAT,0.122291,138.633125,8192,5693796,1024x2x1x1,0x0x0,1024x2x1x1
Kcur-5,RESHAPE,0.000365,138.637969,8192,5693796,128x8x2x1,0x0x0,128x8x2x1
norm-5,RMS_NORM,0.075000,138.716719,8192,5693796,128x8x2x1,0x0x0,128x8x2x1
Kcur_normed-5,MUL,0.001511,138.722865,8192,5693796,128x8x2x1,0x0x0,128x8x2x1
Kcur-5,ROPE,0.001875,138.728386,8192,5693796,128x8x2x1,0x0x0,128x8x2x1
Kcur-5 (view),VIEW,0.000364,138.732396,8192,5693796,1024x2x1x1,0x0x0,1024x2x1x1
cache_k_l5 (view),SET_ROWS,0.029271,138.765417,83886080,5693796,1024x40960x1x1,0x0x0,1024x40960x1x1
Vcur-5 (view),VIEW,0.000261,138.770313,8192,5693796,1024x2x1x1,0x0x0,1024x2x1x1
cache_v_l5 (view),SET_ROWS,0.024479,138.798802,83886080,5693796,1024x40960x1x1,0x0x0,1024x40960x1x1
Qcur-5 (view),VIEW,0.000364,138.803646,16384,5693796,128x16x2x1,0x0x0,128x16x2x1
Qcur-5 (view) (permuted),PERMUTE,0.018282,138.825834,16384,5693796,128x2x16x1,0x0x0,128x2x16x1
cache_k_l5 (view),VIEW,0.000677,138.830729,524288,5693796,128x8x256x1,0x0x0,128x8x256x1
cache_k_l5 (view) (permuted),PERMUTE,0.015052,138.849636,524288,5693796,128x256x8x1,0x0x0,128x256x8x1
cache_v_l5 (view),VIEW,0.000468,138.854375,524288,5693796,128x8x256x1,0x0x0,128x8x256x1
cache_v_l5 (view) (permuted),PERMUTE,0.015573,138.873698,524288,5693796,128x256x8x1,0x0x0,128x256x8x1
node_200,FLASH_ATTN_EXT,0.077344,138.960313,16384,5693796,128x16x2x1,0x0x0,128x16x2x1
kqv_out-5,RESHAPE,0.000313,138.964792,16384,5693796,2048x2x1x1,0x0x0,2048x2x1x1
node_202,MUL_MAT,0.132917,139.101511,16384,5693796,2048x2x1x1,0x0x0,2048x2x1x1
ffn_inp-5,ADD,0.002708,139.108802,16384,5693796,2048x2x1x1,0x0x0,2048x2x1x1
norm-5,RMS_NORM,0.004219,139.116771,16384,5693796,2048x2x1x1,0x0x0,2048x2x1x1
ffn_norm-5,MUL,0.002396,139.122917,16384,5693796,2048x2x1x1,0x0x0,2048x2x1x1
ffn_gate-5,MUL_MAT,0.316146,139.442657,49152,5693796,6144x2x1x1,0x0x0,6144x2x1x1
ffn_up-5,MUL_MAT,0.303281,139.750313,49152,5693796,6144x2x1x1,0x0x0,6144x2x1x1
ffn_swiglu-5,GLU,0.008386,139.763334,49152,5693796,6144x2x1x1,0x0x0,6144x2x1x1
ffn_out-5,MUL_MAT,0.280000,140.047344,16384,5693796,2048x2x1x1,0x0x0,2048x2x1x1
l_out-5,ADD,0.002708,140.054792,16384,5693796,2048x2x1x1,0x0x0,2048x2x1x1
norm-6,RMS_NORM,0.004948,140.063386,16384,5693796,2048x2x1x1,0x0x0,2048x2x1x1
attn_norm-6,MUL,0.002605,140.069584,16384,5693796,2048x2x1x1,0x0x0,2048x2x1x1
Qcur-6,MUL_MAT,0.101980,140.175209,16384,5693796,2048x2x1x1,0x0x0,2048x2x1x1
Qcur-6,RESHAPE,0.000312,140.179844,16384,5693796,128x16x2x1,0x0x0,128x16x2x1
norm-6,RMS_NORM,0.076875,140.260677,16384,5693796,128x16x2x1,0x0x0,128x16x2x1
Qcur_normed-6,MUL,0.002604,140.267604,16384,5693796,128x16x2x1,0x0x0,128x16x2x1
Qcur-6,ROPE,0.002396,140.273594,16384,5693796,128x16x2x1,0x0x0,128x16x2x1
Vcur-6,MUL_MAT,0.051406,140.328698,8192,5693796,1024x2x1x1,0x0x0,1024x2x1x1
Vcur-6,RESHAPE,0.000312,140.333229,8192,5693796,128x8x2x1,0x0x0,128x8x2x1
Kcur-6,MUL_MAT,0.123855,140.460782,8192,5693796,1024x2x1x1,0x0x0,1024x2x1x1
Kcur-6,RESHAPE,0.000365,140.465782,8192,5693796,128x8x2x1,0x0x0,128x8x2x1
norm-6,RMS_NORM,0.072500,140.541823,8192,5693796,128x8x2x1,0x0x0,128x8x2x1
Kcur_normed-6,MUL,0.001354,140.547552,8192,5693796,128x8x2x1,0x0x0,128x8x2x1
Kcur-6,ROPE,0.043490,140.594584,8192,5693796,128x8x2x1,0x0x0,128x8x2x1
Kcur-6 (view),VIEW,0.000313,140.599740,8192,5693796,1024x2x1x1,0x0x0,1024x2x1x1
cache_k_l6 (view),SET_ROWS,0.030000,140.633646,83886080,5693796,1024x40960x1x1,0x0x0,1024x40960x1x1
Vcur-6 (view),VIEW,0.000313,140.638386,8192,5693796,1024x2x1x1,0x0x0,1024x2x1x1
cache_v_l6 (view),SET_ROWS,0.011302,140.653490,83886080,5693796,1024x40960x1x1,0x0x0,1024x40960x1x1
Qcur-6 (view),VIEW,0.000313,140.658334,16384,5693796,128x16x2x1,0x0x0,128x16x2x1
Qcur-6 (view) (permuted),PERMUTE,0.015730,140.677709,16384,5693796,128x2x16x1,0x0x0,128x2x16x1
cache_k_l6 (view),VIEW,0.000469,140.682448,524288,5693796,128x8x256x1,0x0x0,128x8x256x1
cache_k_l6 (view) (permuted),PERMUTE,0.020781,140.706979,524288,5693796,128x256x8x1,0x0x0,128x256x8x1
cache_v_l6 (view),VIEW,0.000469,140.711823,524288,5693796,128x8x256x1,0x0x0,128x8x256x1
cache_v_l6 (view) (permuted),PERMUTE,0.021042,140.736719,524288,5693796,128x256x8x1,0x0x0,128x256x8x1
node_235,FLASH_ATTN_EXT,0.045573,140.786511,16384,5693796,128x16x2x1,0x0x0,128x16x2x1
kqv_out-6,RESHAPE,0.000313,140.790782,16384,5693796,2048x2x1x1,0x0x0,2048x2x1x1
node_237,MUL_MAT,0.172605,140.967032,16384,5693796,2048x2x1x1,0x0x0,2048x2x1x1
ffn_inp-6,ADD,0.002916,140.974479,16384,5693796,2048x2x1x1,0x0x0,2048x2x1x1
norm-6,RMS_NORM,0.004375,140.982448,16384,5693796,2048x2x1x1,0x0x0,2048x2x1x1
ffn_norm-6,MUL,0.002604,140.988698,16384,5693796,2048x2x1x1,0x0x0,2048x2x1x1
ffn_gate-6,MUL_MAT,0.293698,141.285990,49152,5693796,6144x2x1x1,0x0x0,6144x2x1x1
ffn_up-6,MUL_MAT,0.294635,141.585625,49152,5693796,6144x2x1x1,0x0x0,6144x2x1x1
ffn_swiglu-6,GLU,0.008489,141.598698,49152,5693796,6144x2x1x1,0x0x0,6144x2x1x1
ffn_out-6,MUL_MAT,0.282291,141.885052,16384,5693796,2048x2x1x1,0x0x0,2048x2x1x1
l_out-6,ADD,0.002552,141.892084,16384,5693796,2048x2x1x1,0x0x0,2048x2x1x1
norm-7,RMS_NORM,0.004948,141.900677,16384,5693796,2048x2x1x1,0x0x0,2048x2x1x1
attn_norm-7,MUL,0.002344,141.906615,16384,5693796,2048x2x1x1,0x0x0,2048x2x1x1
Qcur-7,MUL_MAT,0.099375,142.009532,16384,5693796,2048x2x1x1,0x0x0,2048x2x1x1
Qcur-7,RESHAPE,0.000313,142.014167,16384,5693796,128x16x2x1,0x0x0,128x16x2x1
norm-7,RMS_NORM,0.099167,142.117240,16384,5693796,128x16x2x1,0x0x0,128x16x2x1
Qcur_normed-7,MUL,0.002344,142.129740,16384,5693796,128x16x2x1,0x0x0,128x16x2x1
Qcur-7,ROPE,0.002344,142.136094,16384,5693796,128x16x2x1,0x0x0,128x16x2x1
Vcur-7,MUL_MAT,0.050729,142.190469,8192,5693796,1024x2x1x1,0x0x0,1024x2x1x1
Vcur-7,RESHAPE,0.000365,142.195261,8192,5693796,128x8x2x1,0x0x0,128x8x2x1
Kcur-7,MUL_MAT,0.138177,142.337136,8192,5693796,1024x2x1x1,0x0x0,1024x2x1x1
Kcur-7,RESHAPE,0.000313,142.342084,8192,5693796,128x8x2x1,0x0x0,128x8x2x1
norm-7,RMS_NORM,0.079270,142.425104,8192,5693796,128x8x2x1,0x0x0,128x8x2x1
Kcur_normed-7,MUL,0.001562,142.431146,8192,5693796,128x8x2x1,0x0x0,128x8x2x1
Kcur-7,ROPE,0.001719,142.436511,8192,5693796,128x8x2x1,0x0x0,128x8x2x1
Kcur-7 (view),VIEW,0.000313,142.440417,8192,5693796,1024x2x1x1,0x0x0,1024x2x1x1
cache_k_l7 (view),SET_ROWS,0.033593,142.477604,83886080,5693796,1024x40960x1x1,0x0x0,1024x40960x1x1
Vcur-7 (view),VIEW,0.000312,142.482448,8192,5693796,1024x2x1x1,0x0x0,1024x2x1x1
cache_v_l7 (view),SET_ROWS,0.018490,142.504584,83886080,5693796,1024x40960x1x1,0x0x0,1024x40960x1x1
Qcur-7 (view),VIEW,0.000313,142.509167,16384,5693796,128x16x2x1,0x0x0,128x16x2x1
Qcur-7 (view) (permuted),PERMUTE,0.017448,142.530313,16384,5693796,128x2x16x1,0x0x0,128x2x16x1
cache_k_l7 (view),VIEW,0.000625,142.535104,524288,5693796,128x8x256x1,0x0x0,128x8x256x1
cache_k_l7 (view) (permuted),PERMUTE,0.013907,142.552761,524288,5693796,128x256x8x1,0x0x0,128x256x8x1
cache_v_l7 (view),VIEW,0.000521,142.557500,524288,5693796,128x8x256x1,0x0x0,128x8x256x1
cache_v_l7 (view) (permuted),PERMUTE,0.016823,142.578177,524288,5693796,128x256x8x1,0x0x0,128x256x8x1
node_270,FLASH_ATTN_EXT,0.035104,142.617552,16384,5693796,128x16x2x1,0x0x0,128x16x2x1
kqv_out-7,RESHAPE,0.000313,142.622188,16384,5693796,2048x2x1x1,0x0x0,2048x2x1x1
node_272,MUL_MAT,0.182708,142.808594,16384,5693796,2048x2x1x1,0x0x0,2048x2x1x1
ffn_inp-7,ADD,0.002604,142.815677,16384,5693796,2048x2x1x1,0x0x0,2048x2x1x1
norm-7,RMS_NORM,0.004271,142.823698,16384,5693796,2048x2x1x1,0x0x0,2048x2x1x1
ffn_norm-7,MUL,0.002448,142.829792,16384,5693796,2048x2x1x1,0x0x0,2048x2x1x1
ffn_gate-7,MUL_MAT,0.293489,143.126875,49152,5693796,6144x2x1x1,0x0x0,6144x2x1x1
ffn_up-7,MUL_MAT,0.290468,143.421875,49152,5693796,6144x2x1x1,0x0x0,6144x2x1x1
ffn_swiglu-7,GLU,0.008281,143.434479,49152,5693796,6144x2x1x1,0x0x0,6144x2x1x1
ffn_out-7,MUL_MAT,0.280677,143.719375,16384,5693796,2048x2x1x1,0x0x0,2048x2x1x1
l_out-7,ADD,0.003438,143.727240,16384,5693796,2048x2x1x1,0x0x0,2048x2x1x1
norm-8,RMS_NORM,0.004896,143.735834,16384,5693796,2048x2x1x1,0x0x0,2048x2x1x1
attn_norm-8,MUL,0.002344,143.741823,16384,5693796,2048x2x1x1,0x0x0,2048x2x1x1
Qcur-8,MUL_MAT,0.098385,143.843698,16384,5693796,2048x2x1x1,0x0x0,2048x2x1x1
Qcur-8,RESHAPE,0.000312,143.848229,16384,5693796,128x16x2x1,0x0x0,128x16x2x1
norm-8,RMS_NORM,0.086666,143.938802,16384,5693796,128x16x2x1,0x0x0,128x16x2x1
Qcur_normed-8,MUL,0.002396,143.945782,16384,5693796,128x16x2x1,0x0x0,128x16x2x1
Qcur-8,ROPE,0.002605,143.952032,16384,5693796,128x16x2x1,0x0x0,128x16x2x1
Vcur-8,MUL_MAT,0.051355,144.007032,8192,5693796,1024x2x1x1,0x0x0,1024x2x1x1
Vcur-8,RESHAPE,0.000313,144.011615,8192,5693796,128x8x2x1,0x0x0,128x8x2x1
Kcur-8,MUL_MAT,0.130312,144.145625,8192,5693796,1024x2x1x1,0x0x0,1024x2x1x1
Kcur-8,RESHAPE,0.000364,144.150521,8192,5693796,128x8x2x1,0x0x0,128x8x2x1
norm-8,RMS_NORM,0.082292,144.236563,8192,5693796,128x8x2x1,0x0x0,128x8x2x1
Kcur_normed-8,MUL,0.001458,144.242500,8192,5693796,128x8x2x1,0x0x0,128x8x2x1
Kcur-8,ROPE,0.001615,144.247761,8192,5693796,128x8x2x1,0x0x0,128x8x2x1
Kcur-8 (view),VIEW,0.000313,144.251667,8192,5693796,1024x2x1x1,0x0x0,1024x2x1x1
cache_k_l8 (view),SET_ROWS,0.042604,144.297969,83886080,5693796,1024x40960x1x1,0x0x0,1024x40960x1x1
Vcur-8 (view),VIEW,0.000469,144.302917,8192,5693796,1024x2x1x1,0x0x0,1024x2x1x1
cache_v_l8 (view),SET_ROWS,0.015312,144.321979,83886080,5693796,1024x40960x1x1,0x0x0,1024x40960x1x1
Qcur-8 (view),VIEW,0.000260,144.326771,16384,5693796,128x16x2x1,0x0x0,128x16x2x1
Qcur-8 (view) (permuted),PERMUTE,0.014375,144.345000,16384,5693796,128x2x16x1,0x0x0,128x2x16x1
cache_k_l8 (view),VIEW,0.000469,144.349688,524288,5693796,128x8x256x1,0x0x0,128x8x256x1
cache_k_l8 (view) (permuted),PERMUTE,0.014375,144.372240,524288,5693796,128x256x8x1,0x0x0,128x256x8x1
cache_v_l8 (view),VIEW,0.000312,144.376979,524288,5693796,128x8x256x1,0x0x0,128x8x256x1
cache_v_l8 (view) (permuted),PERMUTE,0.010729,144.391615,524288,5693796,128x256x8x1,0x0x0,128x256x8x1
node_305,FLASH_ATTN_EXT,0.042187,144.438073,16384,5693796,128x16x2x1,0x0x0,128x16x2x1
kqv_out-8,RESHAPE,0.000312,144.442552,16384,5693796,2048x2x1x1,0x0x0,2048x2x1x1
node_307,MUL_MAT,0.198490,144.644636,16384,5693796,2048x2x1x1,0x0x0,2048x2x1x1
ffn_inp-8,ADD,0.002916,144.652448,16384,5693796,2048x2x1x1,0x0x0,2048x2x1x1
norm-8,RMS_NORM,0.004323,144.660469,16384,5693796,2048x2x1x1,0x0x0,2048x2x1x1
ffn_norm-8,MUL,0.002448,144.666459,16384,5693796,2048x2x1x1,0x0x0,2048x2x1x1
ffn_gate-8,MUL_MAT,0.292396,144.962396,49152,5693796,6144x2x1x1,0x0x0,6144x2x1x1
ffn_up-8,MUL_MAT,0.294011,145.260782,49152,5693796,6144x2x1x1,0x0x0,6144x2x1x1
ffn_swiglu-8,GLU,0.008489,145.273646,49152,5693796,6144x2x1x1,0x0x0,6144x2x1x1
ffn_out-8,MUL_MAT,0.280365,145.557969,16384,5693796,2048x2x1x1,0x0x0,2048x2x1x1
l_out-8,ADD,0.003125,145.565573,16384,5693796,2048x2x1x1,0x0x0,2048x2x1x1
norm-9,RMS_NORM,0.003646,145.572917,16384,5693796,2048x2x1x1,0x0x0,2048x2x1x1
attn_norm-9,MUL,0.002552,145.579219,16384,5693796,2048x2x1x1,0x0x0,2048x2x1x1
Qcur-9,MUL_MAT,0.100052,145.683073,16384,5693796,2048x2x1x1,0x0x0,2048x2x1x1
Qcur-9,RESHAPE,0.000313,145.687865,16384,5693796,128x16x2x1,0x0x0,128x16x2x1
norm-9,RMS_NORM,0.079063,145.770938,16384,5693796,128x16x2x1,0x0x0,128x16x2x1
Qcur_normed-9,MUL,0.002448,145.777865,16384,5693796,128x16x2x1,0x0x0,128x16x2x1
Qcur-9,ROPE,0.002135,145.783542,16384,5693796,128x16x2x1,0x0x0,128x16x2x1
Vcur-9,MUL_MAT,0.051875,145.839011,8192,5693796,1024x2x1x1,0x0x0,1024x2x1x1
Vcur-9,RESHAPE,0.000312,145.843594,8192,5693796,128x8x2x1,0x0x0,128x8x2x1
Kcur-9,MUL_MAT,0.135208,145.982552,8192,5693796,1024x2x1x1,0x0x0,1024x2x1x1
Kcur-9,RESHAPE,0.000312,145.987500,8192,5693796,128x8x2x1,0x0x0,128x8x2x1
norm-9,RMS_NORM,0.079740,146.070990,8192,5693796,128x8x2x1,0x0x0,128x8x2x1
Kcur_normed-9,MUL,0.001406,146.076875,8192,5693796,128x8x2x1,0x0x0,128x8x2x1
Kcur-9,ROPE,0.001875,146.082396,8192,5693796,128x8x2x1,0x0x0,128x8x2x1
Kcur-9 (view),VIEW,0.000312,146.086302,8192,5693796,1024x2x1x1,0x0x0,1024x2x1x1
cache_k_l9 (view),SET_ROWS,0.034063,146.124011,83886080,5693796,1024x40960x1x1,0x0x0,1024x40960x1x1
Vcur-9 (view),VIEW,0.000312,146.128802,8192,5693796,1024x2x1x1,0x0x0,1024x2x1x1
cache_v_l9 (view),SET_ROWS,0.017605,146.150209,83886080,5693796,1024x40960x1x1,0x0x0,1024x40960x1x1
Qcur-9 (view),VIEW,0.000364,146.155052,16384,5693796,128x16x2x1,0x0x0,128x16x2x1
Qcur-9 (view) (permuted),PERMUTE,0.013854,146.172604,16384,5693796,128x2x16x1,0x0x0,128x2x16x1
cache_k_l9 (view),VIEW,0.000521,146.177344,524288,5693796,128x8x256x1,0x0x0,128x8x256x1
cache_k_l9 (view) (permuted),PERMUTE,0.016302,146.197344,524288,5693796,128x256x8x1,0x0x0,128x256x8x1
cache_v_l9 (view),VIEW,0.000312,146.201927,524288,5693796,128x8x256x1,0x0x0,128x8x256x1
cache_v_l9 (view) (permuted),PERMUTE,0.014010,146.219792,524288,5693796,128x256x8x1,0x0x0,128x256x8x1
node_340,FLASH_ATTN_EXT,0.045104,146.269219,16384,5693796,128x16x2x1,0x0x0,128x16x2x1
kqv_out-9,RESHAPE,0.000313,146.273438,16384,5693796,2048x2x1x1,0x0x0,2048x2x1x1
node_342,MUL_MAT,0.178854,146.455990,16384,5693796,2048x2x1x1,0x0x0,2048x2x1x1
ffn_inp-9,ADD,0.003178,146.463907,16384,5693796,2048x2x1x1,0x0x0,2048x2x1x1
norm-9,RMS_NORM,0.004218,146.471875,16384,5693796,2048x2x1x1,0x0x0,2048x2x1x1
ffn_norm-9,MUL,0.002500,146.478021,16384,5693796,2048x2x1x1,0x0x0,2048x2x1x1
ffn_gate-9,MUL_MAT,0.293281,146.774948,49152,5693796,6144x2x1x1,0x0x0,6144x2x1x1
ffn_up-9,MUL_MAT,0.293854,147.073125,49152,5693796,6144x2x1x1,0x0x0,6144x2x1x1
ffn_swiglu-9,GLU,0.008646,147.086198,49152,5693796,6144x2x1x1,0x0x0,6144x2x1x1
ffn_out-9,MUL_MAT,0.283489,147.373802,16384,5693796,2048x2x1x1,0x0x0,2048x2x1x1
l_out-9,ADD,0.002500,147.380573,16384,5693796,2048x2x1x1,0x0x0,2048x2x1x1
norm-10,RMS_NORM,0.004427,147.388646,16384,5693796,2048x2x1x1,0x0x0,2048x2x1x1
attn_norm-10,MUL,0.002813,147.399740,16384,5693796,2048x2x1x1,0x0x0,2048x2x1x1
Qcur-10,MUL_MAT,0.101198,147.504844,16384,5693796,2048x2x1x1,0x0x0,2048x2x1x1
Qcur-10,RESHAPE,0.000312,147.509427,16384,5693796,128x16x2x1,0x0x0,128x16x2x1
norm-10,RMS_NORM,0.081510,147.594948,16384,5693796,128x16x2x1,0x0x0,128x16x2x1
Qcur_normed-10,MUL,0.002343,147.601979,16384,5693796,128x16x2x1,0x0x0,128x16x2x1
Qcur-10,ROPE,0.002292,147.607917,16384,5693796,128x16x2x1,0x0x0,128x16x2x1
Vcur-10,MUL_MAT,0.051406,147.662969,8192,5693796,1024x2x1x1,0x0x0,1024x2x1x1
Vcur-10,RESHAPE,0.000312,147.667552,8192,5693796,128x8x2x1,0x0x0,128x8x2x1
Kcur-10,MUL_MAT,0.134271,147.805625,8192,5693796,1024x2x1x1,0x0x0,1024x2x1x1
Kcur-10,RESHAPE,0.000312,147.810625,8192,5693796,128x8x2x1,0x0x0,128x8x2x1
norm-10,RMS_NORM,0.079427,147.893750,8192,5693796,128x8x2x1,0x0x0,128x8x2x1
Kcur_normed-10,MUL,0.001563,147.899792,8192,5693796,128x8x2x1,0x0x0,128x8x2x1
Kcur-10,ROPE,0.001823,147.905157,8192,5693796,128x8x2x1,0x0x0,128x8x2x1
Kcur-10 (view),VIEW,0.000313,147.908907,8192,5693796,1024x2x1x1,0x0x0,1024x2x1x1
cache_k_l10 (view),SET_ROWS,0.033854,147.946354,83886080,5693796,1024x40960x1x1,0x0x0,1024x40960x1x1
Vcur-10 (view),VIEW,0.000312,147.951198,8192,5693796,1024x2x1x1,0x0x0,1024x2x1x1
cache_v_l10 (view),SET_ROWS,0.015260,147.970417,83886080,5693796,1024x40960x1x1,0x0x0,1024x40960x1x1
Qcur-10 (view),VIEW,0.000313,147.975157,16384,5693796,128x16x2x1,0x0x0,128x16x2x1
Qcur-10 (view) (permuted),PERMUTE,0.013489,147.992448,16384,5693796,128x2x16x1,0x0x0,128x2x16x1
cache_k_l10 (view),VIEW,0.000469,147.997240,524288,5693796,128x8x256x1,0x0x0,128x8x256x1
cache_k_l10 (view) (permuted),PERMUTE,0.010521,148.011563,524288,5693796,128x256x8x1,0x0x0,128x256x8x1
cache_v_l10 (view),VIEW,0.000261,148.015886,524288,5693796,128x8x256x1,0x0x0,128x8x256x1
cache_v_l10 (view) (permuted),PERMUTE,0.018750,148.038594,524288,5693796,128x256x8x1,0x0x0,128x256x8x1
node_375,FLASH_ATTN_EXT,0.013854,148.056771,16384,5693796,128x16x2x1,0x0x0,128x16x2x1
kqv_out-10,RESHAPE,0.000312,148.061250,16384,5693796,2048x2x1x1,0x0x0,2048x2x1x1
node_377,MUL_MAT,0.184219,148.249115,16384,5693796,2048x2x1x1,0x0x0,2048x2x1x1
ffn_inp-10,ADD,0.003490,148.257344,16384,5693796,2048x2x1x1,0x0x0,2048x2x1x1
norm-10,RMS_NORM,0.004479,148.265677,16384,5693796,2048x2x1x1,0x0x0,2048x2x1x1
ffn_norm-10,MUL,0.002552,148.271823,16384,5693796,2048x2x1x1,0x0x0,2048x2x1x1
ffn_gate-10,MUL_MAT,0.312031,148.587500,49152,5693796,6144x2x1x1,0x0x0,6144x2x1x1
ffn_up-10,MUL_MAT,0.292812,148.884948,49152,5693796,6144x2x1x1,0x0x0,6144x2x1x1
ffn_swiglu-10,GLU,0.008281,148.897604,49152,5693796,6144x2x1x1,0x0x0,6144x2x1x1
ffn_out-10,MUL_MAT,0.281198,149.182761,16384,5693796,2048x2x1x1,0x0x0,2048x2x1x1
l_out-10,ADD,0.002656,149.189948,16384,5693796,2048x2x1x1,0x0x0,2048x2x1x1
norm-11,RMS_NORM,0.005104,149.198802,16384,5693796,2048x2x1x1,0x0x0,2048x2x1x1
attn_norm-11,MUL,0.002552,149.205000,16384,5693796,2048x2x1x1,0x0x0,2048x2x1x1
Qcur-11,MUL_MAT,0.099375,149.308021,16384,5693796,2048x2x1x1,0x0x0,2048x2x1x1
Qcur-11,RESHAPE,0.000313,149.312657,16384,5693796,128x16x2x1,0x0x0,128x16x2x1
norm-11,RMS_NORM,0.095052,149.411615,16384,5693796,128x16x2x1,0x0x0,128x16x2x1
Qcur_normed-11,MUL,0.002396,149.418542,16384,5693796,128x16x2x1,0x0x0,128x16x2x1
Qcur-11,ROPE,0.001979,149.424167,16384,5693796,128x16x2x1,0x0x0,128x16x2x1
Vcur-11,MUL_MAT,0.051406,149.479219,8192,5693796,1024x2x1x1,0x0x0,1024x2x1x1
Vcur-11,RESHAPE,0.000365,149.484011,8192,5693796,128x8x2x1,0x0x0,128x8x2x1
Kcur-11,MUL_MAT,0.134062,149.621771,8192,5693796,1024x2x1x1,0x0x0,1024x2x1x1
Kcur-11,RESHAPE,0.000365,149.626667,8192,5693796,128x8x2x1,0x0x0,128x8x2x1
norm-11,RMS_NORM,0.077396,149.707761,8192,5693796,128x8x2x1,0x0x0,128x8x2x1
Kcur_normed-11,MUL,0.001458,149.713594,8192,5693796,128x8x2x1,0x0x0,128x8x2x1
Kcur-11,ROPE,0.001771,149.718959,8192,5693796,128x8x2x1,0x0x0,128x8x2x1
Kcur-11 (view),VIEW,0.000313,149.722865,8192,5693796,1024x2x1x1,0x0x0,1024x2x1x1
cache_k_l11 (view),SET_ROWS,0.044323,149.770886,83886080,5693796,1024x40960x1x1,0x0x0,1024x40960x1x1
Vcur-11 (view),VIEW,0.000417,149.779740,8192,5693796,1024x2x1x1,0x0x0,1024x2x1x1
cache_v_l11 (view),SET_ROWS,0.012188,149.796042,83886080,5693796,1024x40960x1x1,0x0x0,1024x40960x1x1
Qcur-11 (view),VIEW,0.000885,149.801198,16384,5693796,128x16x2x1,0x0x0,128x16x2x1
Qcur-11 (view) (permuted),PERMUTE,0.017292,149.822292,16384,5693796,128x2x16x1,0x0x0,128x2x16x1
cache_k_l11 (view),VIEW,0.000833,149.827396,524288,5693796,128x8x256x1,0x0x0,128x8x256x1
cache_k_l11 (view) (permuted),PERMUTE,0.018073,149.849063,524288,5693796,128x256x8x1,0x0x0,128x256x8x1
cache_v_l11 (view),VIEW,0.000468,149.853802,524288,5693796,128x8x256x1,0x0x0,128x8x256x1
cache_v_l11 (view) (permuted),PERMUTE,0.010834,149.868438,524288,5693796,128x256x8x1,0x0x0,128x256x8x1
node_410,FLASH_ATTN_EXT,0.043021,149.915625,16384,5693796,128x16x2x1,0x0x0,128x16x2x1
kqv_out-11,RESHAPE,0.000312,149.919896,16384,5693796,2048x2x1x1,0x0x0,2048x2x1x1
node_412,MUL_MAT,0.181406,150.105000,16384,5693796,2048x2x1x1,0x0x0,2048x2x1x1
ffn_inp-11,ADD,0.003021,150.112865,16384,5693796,2048x2x1x1,0x0x0,2048x2x1x1
norm-11,RMS_NORM,0.004323,150.120938,16384,5693796,2048x2x1x1,0x0x0,2048x2x1x1
ffn_norm-11,MUL,0.002605,150.127084,16384,5693796,2048x2x1x1,0x0x0,2048x2x1x1
ffn_gate-11,MUL_MAT,0.291928,150.422657,49152,5693796,6144x2x1x1,0x0x0,6144x2x1x1
ffn_up-11,MUL_MAT,0.292084,150.718959,49152,5693796,6144x2x1x1,0x0x0,6144x2x1x1
ffn_swiglu-11,GLU,0.008490,150.732084,49152,5693796,6144x2x1x1,0x0x0,6144x2x1x1
ffn_out-11,MUL_MAT,0.283021,151.019167,16384,5693796,2048x2x1x1,0x0x0,2048x2x1x1
l_out-11,ADD,0.002500,151.025990,16384,5693796,2048x2x1x1,0x0x0,2048x2x1x1
norm-12,RMS_NORM,0.005000,151.034584,16384,5693796,2048x2x1x1,0x0x0,2048x2x1x1
attn_norm-12,MUL,0.002656,151.040990,16384,5693796,2048x2x1x1,0x0x0,2048x2x1x1
Qcur-12,MUL_MAT,0.099114,151.143802,16384,5693796,2048x2x1x1,0x0x0,2048x2x1x1
Qcur-12,RESHAPE,0.000365,151.148438,16384,5693796,128x16x2x1,0x0x0,128x16x2x1
norm-12,RMS_NORM,0.078386,151.230782,16384,5693796,128x16x2x1,0x0x0,128x16x2x1
Qcur_normed-12,MUL,0.002135,151.237448,16384,5693796,128x16x2x1,0x0x0,128x16x2x1
Qcur-12,ROPE,0.002500,151.243542,16384,5693796,128x16x2x1,0x0x0,128x16x2x1
Vcur-12,MUL_MAT,0.051562,151.298646,8192,5693796,1024x2x1x1,0x0x0,1024x2x1x1
Vcur-12,RESHAPE,0.000365,151.303334,8192,5693796,128x8x2x1,0x0x0,128x8x2x1
Kcur-12,MUL_MAT,0.138333,151.445365,8192,5693796,1024x2x1x1,0x0x0,1024x2x1x1
Kcur-12,RESHAPE,0.000313,151.450365,8192,5693796,128x8x2x1,0x0x0,128x8x2x1
norm-12,RMS_NORM,0.078177,151.532240,8192,5693796,128x8x2x1,0x0x0,128x8x2x1
Kcur_normed-12,MUL,0.001250,151.538021,8192,5693796,128x8x2x1,0x0x0,128x8x2x1
Kcur-12,ROPE,0.001667,151.543386,8192,5693796,128x8x2x1,0x0x0,128x8x2x1
Kcur-12 (view),VIEW,0.000312,151.547396,8192,5693796,1024x2x1x1,0x0x0,1024x2x1x1
cache_k_l12 (view),SET_ROWS,0.040781,151.591927,83886080,5693796,1024x40960x1x1,0x0x0,1024x40960x1x1
Vcur-12 (view),VIEW,0.000260,151.596719,8192,5693796,1024x2x1x1,0x0x0,1024x2x1x1
cache_v_l12 (view),SET_ROWS,0.015365,151.615886,83886080,5693796,1024x40960x1x1,0x0x0,1024x40960x1x1
Qcur-12 (view),VIEW,0.000312,151.620625,16384,5693796,128x16x2x1,0x0x0,128x16x2x1
Qcur-12 (view) (permuted),PERMUTE,0.014166,151.638750,16384,5693796,128x2x16x1,0x0x0,128x2x16x1
cache_k_l12 (view),VIEW,0.000469,151.643438,524288,5693796,128x8x256x1,0x0x0,128x8x256x1
cache_k_l12 (view) (permuted),PERMUTE,0.013906,151.661094,524288,5693796,128x256x8x1,0x0x0,128x256x8x1
cache_v_l12 (view),VIEW,0.000417,151.665834,524288,5693796,128x8x256x1,0x0x0,128x8x256x1
cache_v_l12 (view) (permuted),PERMUTE,0.015677,151.685261,524288,5693796,128x256x8x1,0x0x0,128x256x8x1
node_445,FLASH_ATTN_EXT,0.043386,151.732813,16384,5693796,128x16x2x1,0x0x0,128x16x2x1
kqv_out-12,RESHAPE,0.000365,151.737240,16384,5693796,2048x2x1x1,0x0x0,2048x2x1x1
node_447,MUL_MAT,0.182448,151.923386,16384,5693796,2048x2x1x1,0x0x0,2048x2x1x1
ffn_inp-12,ADD,0.002500,151.930365,16384,5693796,2048x2x1x1,0x0x0,2048x2x1x1
norm-12,RMS_NORM,0.004167,151.938282,16384,5693796,2048x2x1x1,0x0x0,2048x2x1x1
ffn_norm-12,MUL,0.002396,151.944323,16384,5693796,2048x2x1x1,0x0x0,2048x2x1x1
ffn_gate-12,MUL_MAT,0.293437,152.244896,49152,5693796,6144x2x1x1,0x0x0,6144x2x1x1
ffn_up-12,MUL_MAT,0.291145,152.540729,49152,5693796,6144x2x1x1,0x0x0,6144x2x1x1
ffn_swiglu-12,GLU,0.022917,152.567969,49152,5693796,6144x2x1x1,0x0x0,6144x2x1x1
ffn_out-12,MUL_MAT,0.282188,152.854740,16384,5693796,2048x2x1x1,0x0x0,2048x2x1x1
l_out-12,ADD,0.002761,152.862032,16384,5693796,2048x2x1x1,0x0x0,2048x2x1x1
norm-13,RMS_NORM,0.005105,152.870782,16384,5693796,2048x2x1x1,0x0x0,2048x2x1x1
attn_norm-13,MUL,0.002344,152.876771,16384,5693796,2048x2x1x1,0x0x0,2048x2x1x1
Qcur-13,MUL_MAT,0.099219,152.979584,16384,5693796,2048x2x1x1,0x0x0,2048x2x1x1
Qcur-13,RESHAPE,0.000260,152.984427,16384,5693796,128x16x2x1,0x0x0,128x16x2x1
norm-13,RMS_NORM,0.085156,153.073438,16384,5693796,128x16x2x1,0x0x0,128x16x2x1
Qcur_normed-13,MUL,0.002448,153.080469,16384,5693796,128x16x2x1,0x0x0,128x16x2x1
Qcur-13,ROPE,0.002500,153.086667,16384,5693796,128x16x2x1,0x0x0,128x16x2x1
Vcur-13,MUL_MAT,0.051250,153.141563,8192,5693796,1024x2x1x1,0x0x0,1024x2x1x1
Vcur-13,RESHAPE,0.000312,153.146250,8192,5693796,128x8x2x1,0x0x0,128x8x2x1
Kcur-13,MUL_MAT,0.135000,153.285052,8192,5693796,1024x2x1x1,0x0x0,1024x2x1x1
Kcur-13,RESHAPE,0.000312,153.290000,8192,5693796,128x8x2x1,0x0x0,128x8x2x1
norm-13,RMS_NORM,0.082032,153.375886,8192,5693796,128x8x2x1,0x0x0,128x8x2x1
Kcur_normed-13,MUL,0.001302,153.381615,8192,5693796,128x8x2x1,0x0x0,128x8x2x1
Kcur-13,ROPE,0.001927,153.387188,8192,5693796,128x8x2x1,0x0x0,128x8x2x1
Kcur-13 (view),VIEW,0.000364,153.391146,8192,5693796,1024x2x1x1,0x0x0,1024x2x1x1
cache_k_l13 (view),SET_ROWS,0.034115,153.428907,83886080,5693796,1024x40960x1x1,0x0x0,1024x40960x1x1
Vcur-13 (view),VIEW,0.000364,153.433854,8192,5693796,1024x2x1x1,0x0x0,1024x2x1x1
cache_v_l13 (view),SET_ROWS,0.018021,153.455625,83886080,5693796,1024x40960x1x1,0x0x0,1024x40960x1x1
Qcur-13 (view),VIEW,0.000313,153.460365,16384,5693796,128x16x2x1,0x0x0,128x16x2x1
Qcur-13 (view) (permuted),PERMUTE,0.010833,153.474844,16384,5693796,128x2x16x1,0x0x0,128x2x16x1
cache_k_l13 (view),VIEW,0.000312,153.479427,524288,5693796,128x8x256x1,0x0x0,128x8x256x1
cache_k_l13 (view) (permuted),PERMUTE,0.014011,153.497084,524288,5693796,128x256x8x1,0x0x0,128x256x8x1
cache_v_l13 (view),VIEW,0.000469,153.501771,524288,5693796,128x8x256x1,0x0x0,128x8x256x1
cache_v_l13 (view) (permuted),PERMUTE,0.014063,153.519688,524288,5693796,128x256x8x1,0x0x0,128x256x8x1
node_480,FLASH_ATTN_EXT,0.049114,153.573125,16384,5693796,128x16x2x1,0x0x0,128x16x2x1
kqv_out-13,RESHAPE,0.000364,153.577552,16384,5693796,2048x2x1x1,0x0x0,2048x2x1x1
node_482,MUL_MAT,0.175834,153.757084,16384,5693796,2048x2x1x1,0x0x0,2048x2x1x1
ffn_inp-13,ADD,0.002552,153.764219,16384,5693796,2048x2x1x1,0x0x0,2048x2x1x1
norm-13,RMS_NORM,0.004531,153.772448,16384,5693796,2048x2x1x1,0x0x0,2048x2x1x1
ffn_norm-13,MUL,0.002396,153.778490,16384,5693796,2048x2x1x1,0x0x0,2048x2x1x1
ffn_gate-13,MUL_MAT,0.288437,154.070573,49152,5693796,6144x2x1x1,0x0x0,6144x2x1x1
ffn_up-13,MUL_MAT,0.288646,154.363594,49152,5693796,6144x2x1x1,0x0x0,6144x2x1x1
ffn_swiglu-13,GLU,0.008334,154.376511,49152,5693796,6144x2x1x1,0x0x0,6144x2x1x1
ffn_out-13,MUL_MAT,0.279375,154.659844,16384,5693796,2048x2x1x1,0x0x0,2048x2x1x1
l_out-13,ADD,0.002761,154.667084,16384,5693796,2048x2x1x1,0x0x0,2048x2x1x1
norm-14,RMS_NORM,0.004948,154.675677,16384,5693796,2048x2x1x1,0x0x0,2048x2x1x1
attn_norm-14,MUL,0.002865,154.682240,16384,5693796,2048x2x1x1,0x0x0,2048x2x1x1
Qcur-14,MUL_MAT,0.098437,154.784323,16384,5693796,2048x2x1x1,0x0x0,2048x2x1x1
Qcur-14,RESHAPE,0.000313,154.789167,16384,5693796,128x16x2x1,0x0x0,128x16x2x1
norm-14,RMS_NORM,0.084271,154.877657,16384,5693796,128x16x2x1,0x0x0,128x16x2x1
Qcur_normed-14,MUL,0.002292,154.884532,16384,5693796,128x16x2x1,0x0x0,128x16x2x1
Qcur-14,ROPE,0.002084,154.890261,16384,5693796,128x16x2x1,0x0x0,128x16x2x1
Vcur-14,MUL_MAT,0.050781,154.944740,8192,5693796,1024x2x1x1,0x0x0,1024x2x1x1
Vcur-14,RESHAPE,0.000364,154.949479,8192,5693796,128x8x2x1,0x0x0,128x8x2x1
Kcur-14,MUL_MAT,0.127500,155.080782,8192,5693796,1024x2x1x1,0x0x0,1024x2x1x1
Kcur-14,RESHAPE,0.000365,155.089844,8192,5693796,128x8x2x1,0x0x0,128x8x2x1
norm-14,RMS_NORM,0.081459,155.175313,8192,5693796,128x8x2x1,0x0x0,128x8x2x1
Kcur_normed-14,MUL,0.001719,155.181459,8192,5693796,128x8x2x1,0x0x0,128x8x2x1
Kcur-14,ROPE,0.002032,155.187084,8192,5693796,128x8x2x1,0x0x0,128x8x2x1
Kcur-14 (view),VIEW,0.000313,155.190938,8192,5693796,1024x2x1x1,0x0x0,1024x2x1x1
cache_k_l14 (view),SET_ROWS,0.042656,155.237240,83886080,5693796,1024x40960x1x1,0x0x0,1024x40960x1x1
Vcur-14 (view),VIEW,0.000261,155.242240,8192,5693796,1024x2x1x1,0x0x0,1024x2x1x1
cache_v_l14 (view),SET_ROWS,0.015417,155.261459,83886080,5693796,1024x40960x1x1,0x0x0,1024x40960x1x1
Qcur-14 (view),VIEW,0.000364,155.266146,16384,5693796,128x16x2x1,0x0x0,128x16x2x1
Qcur-14 (view) (permuted),PERMUTE,0.016667,155.286615,16384,5693796,128x2x16x1,0x0x0,128x2x16x1
cache_k_l14 (view),VIEW,0.000520,155.291354,524288,5693796,128x8x256x1,0x0x0,128x8x256x1
cache_k_l14 (view) (permuted),PERMUTE,0.016875,155.312188,524288,5693796,128x256x8x1,0x0x0,128x256x8x1
cache_v_l14 (view),VIEW,0.000468,155.316875,524288,5693796,128x8x256x1,0x0x0,128x8x256x1
cache_v_l14 (view) (permuted),PERMUTE,0.013593,155.334375,524288,5693796,128x256x8x1,0x0x0,128x256x8x1
node_515,FLASH_ATTN_EXT,0.045052,155.383646,16384,5693796,128x16x2x1,0x0x0,128x16x2x1
kqv_out-14,RESHAPE,0.000365,155.387917,16384,5693796,2048x2x1x1,0x0x0,2048x2x1x1
node_517,MUL_MAT,0.182968,155.574479,16384,5693796,2048x2x1x1,0x0x0,2048x2x1x1
ffn_inp-14,ADD,0.002708,155.581979,16384,5693796,2048x2x1x1,0x0x0,2048x2x1x1
norm-14,RMS_NORM,0.004166,155.589948,16384,5693796,2048x2x1x1,0x0x0,2048x2x1x1
ffn_norm-14,MUL,0.002448,155.595990,16384,5693796,2048x2x1x1,0x0x0,2048x2x1x1
ffn_gate-14,MUL_MAT,0.290364,155.889948,49152,5693796,6144x2x1x1,0x0x0,6144x2x1x1
ffn_up-14,MUL_MAT,0.290677,156.184844,49152,5693796,6144x2x1x1,0x0x0,6144x2x1x1
ffn_swiglu-14,GLU,0.008386,156.197813,49152,5693796,6144x2x1x1,0x0x0,6144x2x1x1
ffn_out-14,MUL_MAT,0.278906,156.480677,16384,5693796,2048x2x1x1,0x0x0,2048x2x1x1
l_out-14,ADD,0.002813,156.487917,16384,5693796,2048x2x1x1,0x0x0,2048x2x1x1
norm-15,RMS_NORM,0.005000,156.496615,16384,5693796,2048x2x1x1,0x0x0,2048x2x1x1
attn_norm-15,MUL,0.003385,156.503542,16384,5693796,2048x2x1x1,0x0x0,2048x2x1x1
Qcur-15,MUL_MAT,0.117552,156.624688,16384,5693796,2048x2x1x1,0x0x0,2048x2x1x1
Qcur-15,RESHAPE,0.000364,156.629479,16384,5693796,128x16x2x1,0x0x0,128x16x2x1
norm-15,RMS_NORM,0.082031,156.715313,16384,5693796,128x16x2x1,0x0x0,128x16x2x1
Qcur_normed-15,MUL,0.001979,156.721771,16384,5693796,128x16x2x1,0x0x0,128x16x2x1
Qcur-15,ROPE,0.002344,156.727813,16384,5693796,128x16x2x1,0x0x0,128x16x2x1
Vcur-15,MUL_MAT,0.051510,156.782917,8192,5693796,1024x2x1x1,0x0x0,1024x2x1x1
Vcur-15,RESHAPE,0.000313,156.787761,8192,5693796,128x8x2x1,0x0x0,128x8x2x1
Kcur-15,MUL_MAT,0.125885,156.917396,8192,5693796,1024x2x1x1,0x0x0,1024x2x1x1
Kcur-15,RESHAPE,0.000365,156.922292,8192,5693796,128x8x2x1,0x0x0,128x8x2x1
norm-15,RMS_NORM,0.079375,157.005469,8192,5693796,128x8x2x1,0x0x0,128x8x2x1
Kcur_normed-15,MUL,0.001511,157.011511,8192,5693796,128x8x2x1,0x0x0,128x8x2x1
Kcur-15,ROPE,0.001822,157.016979,8192,5693796,128x8x2x1,0x0x0,128x8x2x1
Kcur-15 (view),VIEW,0.000313,157.020886,8192,5693796,1024x2x1x1,0x0x0,1024x2x1x1
cache_k_l15 (view),SET_ROWS,0.047760,157.072292,83886080,5693796,1024x40960x1x1,0x0x0,1024x40960x1x1
Vcur-15 (view),VIEW,0.000313,157.077084,8192,5693796,1024x2x1x1,0x0x0,1024x2x1x1
cache_v_l15 (view),SET_ROWS,0.015104,157.095886,83886080,5693796,1024x40960x1x1,0x0x0,1024x40960x1x1
Qcur-15 (view),VIEW,0.000364,157.100521,16384,5693796,128x16x2x1,0x0x0,128x16x2x1
Qcur-15 (view) (permuted),PERMUTE,0.014115,157.118438,16384,5693796,128x2x16x1,0x0x0,128x2x16x1
cache_k_l15 (view),VIEW,0.000417,157.123021,524288,5693796,128x8x256x1,0x0x0,128x8x256x1
cache_k_l15 (view) (permuted),PERMUTE,0.014584,157.141459,524288,5693796,128x256x8x1,0x0x0,128x256x8x1
cache_v_l15 (view),VIEW,0.005521,157.151094,524288,5693796,128x8x256x1,0x0x0,128x8x256x1
cache_v_l15 (view) (permuted),PERMUTE,0.017083,157.172448,524288,5693796,128x256x8x1,0x0x0,128x256x8x1
node_550,FLASH_ATTN_EXT,0.039479,157.220677,16384,5693796,128x16x2x1,0x0x0,128x16x2x1
kqv_out-15,RESHAPE,0.000312,157.225104,16384,5693796,2048x2x1x1,0x0x0,2048x2x1x1
node_552,MUL_MAT,0.175313,157.404063,16384,5693796,2048x2x1x1,0x0x0,2048x2x1x1
ffn_inp-15,ADD,0.003021,157.411563,16384,5693796,2048x2x1x1,0x0x0,2048x2x1x1
norm-15,RMS_NORM,0.004271,157.419532,16384,5693796,2048x2x1x1,0x0x0,2048x2x1x1
ffn_norm-15,MUL,0.002552,157.425677,16384,5693796,2048x2x1x1,0x0x0,2048x2x1x1
ffn_gate-15,MUL_MAT,0.287188,157.716563,49152,5693796,6144x2x1x1,0x0x0,6144x2x1x1
ffn_up-15,MUL_MAT,0.293646,158.014792,49152,5693796,6144x2x1x1,0x0x0,6144x2x1x1
ffn_swiglu-15,GLU,0.008386,158.027657,49152,5693796,6144x2x1x1,0x0x0,6144x2x1x1
ffn_out-15,MUL_MAT,0.281927,158.313698,16384,5693796,2048x2x1x1,0x0x0,2048x2x1x1
l_out-15,ADD,0.003125,158.321146,16384,5693796,2048x2x1x1,0x0x0,2048x2x1x1
norm-16,RMS_NORM,0.004896,158.329740,16384,5693796,2048x2x1x1,0x0x0,2048x2x1x1
attn_norm-16,MUL,0.003177,158.336615,16384,5693796,2048x2x1x1,0x0x0,2048x2x1x1
Qcur-16,MUL_MAT,0.101145,158.441354,16384,5693796,2048x2x1x1,0x0x0,2048x2x1x1
Qcur-16,RESHAPE,0.000313,158.445938,16384,5693796,128x16x2x1,0x0x0,128x16x2x1
norm-16,RMS_NORM,0.097813,158.547657,16384,5693796,128x16x2x1,0x0x0,128x16x2x1
Qcur_normed-16,MUL,0.002187,158.554375,16384,5693796,128x16x2x1,0x0x0,128x16x2x1
Qcur-16,ROPE,0.002240,158.560209,16384,5693796,128x16x2x1,0x0x0,128x16x2x1
Vcur-16,MUL_MAT,0.051510,158.615417,8192,5693796,1024x2x1x1,0x0x0,1024x2x1x1
Vcur-16,RESHAPE,0.000312,158.620104,8192,5693796,128x8x2x1,0x0x0,128x8x2x1
Kcur-16,MUL_MAT,0.146406,158.770313,8192,5693796,1024x2x1x1,0x0x0,1024x2x1x1
Kcur-16,RESHAPE,0.000313,158.775261,8192,5693796,128x8x2x1,0x0x0,128x8x2x1
norm-16,RMS_NORM,0.081927,158.860886,8192,5693796,128x8x2x1,0x0x0,128x8x2x1
Kcur_normed-16,MUL,0.001302,158.866615,8192,5693796,128x8x2x1,0x0x0,128x8x2x1
Kcur-16,ROPE,0.001666,158.871979,8192,5693796,128x8x2x1,0x0x0,128x8x2x1
Kcur-16 (view),VIEW,0.000313,158.875938,8192,5693796,1024x2x1x1,0x0x0,1024x2x1x1
cache_k_l16 (view),SET_ROWS,0.040677,158.920261,83886080,5693796,1024x40960x1x1,0x0x0,1024x40960x1x1
Vcur-16 (view),VIEW,0.000312,158.925000,8192,5693796,1024x2x1x1,0x0x0,1024x2x1x1
cache_v_l16 (view),SET_ROWS,0.015260,158.944167,83886080,5693796,1024x40960x1x1,0x0x0,1024x40960x1x1
Qcur-16 (view),VIEW,0.000312,158.948698,16384,5693796,128x16x2x1,0x0x0,128x16x2x1
Qcur-16 (view) (permuted),PERMUTE,0.014375,158.966875,16384,5693796,128x2x16x1,0x0x0,128x2x16x1
cache_k_l16 (view),VIEW,0.000469,158.971667,524288,5693796,128x8x256x1,0x0x0,128x8x256x1
cache_k_l16 (view) (permuted),PERMUTE,0.013750,158.989219,524288,5693796,128x256x8x1,0x0x0,128x256x8x1
cache_v_l16 (view),VIEW,0.000417,158.994063,524288,5693796,128x8x256x1,0x0x0,128x8x256x1
cache_v_l16 (view) (permuted),PERMUTE,0.016615,159.014532,524288,5693796,128x256x8x1,0x0x0,128x256x8x1
node_585,FLASH_ATTN_EXT,0.047813,159.066563,16384,5693796,128x16x2x1,0x0x0,128x16x2x1
kqv_out-16,RESHAPE,0.000313,159.070938,16384,5693796,2048x2x1x1,0x0x0,2048x2x1x1
node_587,MUL_MAT,0.179375,159.254011,16384,5693796,2048x2x1x1,0x0x0,2048x2x1x1
ffn_inp-16,ADD,0.002865,159.261511,16384,5693796,2048x2x1x1,0x0x0,2048x2x1x1
norm-16,RMS_NORM,0.004427,159.269688,16384,5693796,2048x2x1x1,0x0x0,2048x2x1x1
ffn_norm-16,MUL,0.002500,159.275834,16384,5693796,2048x2x1x1,0x0x0,2048x2x1x1
ffn_gate-16,MUL_MAT,0.293073,159.572448,49152,5693796,6144x2x1x1,0x0x0,6144x2x1x1
ffn_up-16,MUL_MAT,0.293073,159.869792,49152,5693796,6144x2x1x1,0x0x0,6144x2x1x1
ffn_swiglu-16,GLU,0.008490,159.882917,49152,5693796,6144x2x1x1,0x0x0,6144x2x1x1
ffn_out-16,MUL_MAT,0.281615,160.168542,16384,5693796,2048x2x1x1,0x0x0,2048x2x1x1
l_out-16,ADD,0.003282,160.176511,16384,5693796,2048x2x1x1,0x0x0,2048x2x1x1
norm-17,RMS_NORM,0.005000,160.185209,16384,5693796,2048x2x1x1,0x0x0,2048x2x1x1
attn_norm-17,MUL,0.002500,160.191302,16384,5693796,2048x2x1x1,0x0x0,2048x2x1x1
Qcur-17,MUL_MAT,0.098854,160.293750,16384,5693796,2048x2x1x1,0x0x0,2048x2x1x1
Qcur-17,RESHAPE,0.000313,160.298334,16384,5693796,128x16x2x1,0x0x0,128x16x2x1
norm-17,RMS_NORM,0.086875,160.393959,16384,5693796,128x16x2x1,0x0x0,128x16x2x1
Qcur_normed-17,MUL,0.002396,160.401042,16384,5693796,128x16x2x1,0x0x0,128x16x2x1
Qcur-17,ROPE,0.001979,160.406667,16384,5693796,128x16x2x1,0x0x0,128x16x2x1
Vcur-17,MUL_MAT,0.051354,160.461719,8192,5693796,1024x2x1x1,0x0x0,1024x2x1x1
Vcur-17,RESHAPE,0.000312,160.466250,8192,5693796,128x8x2x1,0x0x0,128x8x2x1
Kcur-17,MUL_MAT,0.144740,160.614688,8192,5693796,1024x2x1x1,0x0x0,1024x2x1x1
Kcur-17,RESHAPE,0.000365,160.619740,8192,5693796,128x8x2x1,0x0x0,128x8x2x1
norm-17,RMS_NORM,0.079271,160.702761,8192,5693796,128x8x2x1,0x0x0,128x8x2x1
Kcur_normed-17,MUL,0.001458,160.708594,8192,5693796,128x8x2x1,0x0x0,128x8x2x1
Kcur-17,ROPE,0.001927,160.714115,8192,5693796,128x8x2x1,0x0x0,128x8x2x1
Kcur-17 (view),VIEW,0.000364,160.718021,8192,5693796,1024x2x1x1,0x0x0,1024x2x1x1
cache_k_l17 (view),SET_ROWS,0.034219,160.755938,83886080,5693796,1024x40960x1x1,0x0x0,1024x40960x1x1
Vcur-17 (view),VIEW,0.000313,160.760834,8192,5693796,1024x2x1x1,0x0x0,1024x2x1x1
cache_v_l17 (view),SET_ROWS,0.015937,160.780625,83886080,5693796,1024x40960x1x1,0x0x0,1024x40960x1x1
Qcur-17 (view),VIEW,0.000313,160.785261,16384,5693796,128x16x2x1,0x0x0,128x16x2x1
Qcur-17 (view) (permuted),PERMUTE,0.013906,160.803021,16384,5693796,128x2x16x1,0x0x0,128x2x16x1
cache_k_l17 (view),VIEW,0.000573,160.807865,524288,5693796,128x8x256x1,0x0x0,128x8x256x1
cache_k_l17 (view) (permuted),PERMUTE,0.016510,160.828125,524288,5693796,128x256x8x1,0x0x0,128x256x8x1
cache_v_l17 (view),VIEW,0.000625,160.832969,524288,5693796,128x8x256x1,0x0x0,128x8x256x1
cache_v_l17 (view) (permuted),PERMUTE,0.013958,160.850729,524288,5693796,128x256x8x1,0x0x0,128x256x8x1
node_620,FLASH_ATTN_EXT,0.049480,160.904584,16384,5693796,128x16x2x1,0x0x0,128x16x2x1
kqv_out-17,RESHAPE,0.000365,160.908907,16384,5693796,2048x2x1x1,0x0x0,2048x2x1x1
node_622,MUL_MAT,0.182709,161.095261,16384,5693796,2048x2x1x1,0x0x0,2048x2x1x1
ffn_inp-17,ADD,0.001823,161.101823,16384,5693796,2048x2x1x1,0x0x0,2048x2x1x1
norm-17,RMS_NORM,0.004115,161.109636,16384,5693796,2048x2x1x1,0x0x0,2048x2x1x1
ffn_norm-17,MUL,0.001718,161.115052,16384,5693796,2048x2x1x1,0x0x0,2048x2x1x1
ffn_gate-17,MUL_MAT,0.289427,161.408125,49152,5693796,6144x2x1x1,0x0x0,6144x2x1x1
ffn_up-17,MUL_MAT,0.288646,161.701250,49152,5693796,6144x2x1x1,0x0x0,6144x2x1x1
ffn_swiglu-17,GLU,0.004739,161.710573,49152,5693796,6144x2x1x1,0x0x0,6144x2x1x1
ffn_out-17,MUL_MAT,0.280677,161.995313,16384,5693796,2048x2x1x1,0x0x0,2048x2x1x1
l_out-17,ADD,0.002552,162.002396,16384,5693796,2048x2x1x1,0x0x0,2048x2x1x1
norm-18,RMS_NORM,0.003906,162.010000,16384,5693796,2048x2x1x1,0x0x0,2048x2x1x1
attn_norm-18,MUL,0.001667,162.015365,16384,5693796,2048x2x1x1,0x0x0,2048x2x1x1
Qcur-18,MUL_MAT,0.098333,162.117240,16384,5693796,2048x2x1x1,0x0x0,2048x2x1x1
Qcur-18,RESHAPE,0.000312,162.121927,16384,5693796,128x16x2x1,0x0x0,128x16x2x1
norm-18,RMS_NORM,0.086666,162.212500,16384,5693796,128x16x2x1,0x0x0,128x16x2x1
Qcur_normed-18,MUL,0.002083,162.219219,16384,5693796,128x16x2x1,0x0x0,128x16x2x1
Qcur-18,ROPE,0.002187,162.225052,16384,5693796,128x16x2x1,0x0x0,128x16x2x1
Vcur-18,MUL_MAT,0.050886,162.279532,8192,5693796,1024x2x1x1,0x0x0,1024x2x1x1
Vcur-18,RESHAPE,0.000469,162.284167,8192,5693796,128x8x2x1,0x0x0,128x8x2x1
Kcur-18,MUL_MAT,0.142448,162.430313,8192,5693796,1024x2x1x1,0x0x0,1024x2x1x1
Kcur-18,RESHAPE,0.000313,162.435417,8192,5693796,128x8x2x1,0x0x0,128x8x2x1
norm-18,RMS_NORM,0.082708,162.521875,8192,5693796,128x8x2x1,0x0x0,128x8x2x1
Kcur_normed-18,MUL,0.001563,162.527813,8192,5693796,128x8x2x1,0x0x0,128x8x2x1
Kcur-18,ROPE,0.001666,162.533177,8192,5693796,128x8x2x1,0x0x0,128x8x2x1
Kcur-18 (view),VIEW,0.000365,162.537084,8192,5693796,1024x2x1x1,0x0x0,1024x2x1x1
cache_k_l18 (view),SET_ROWS,0.032500,162.573229,83886080,5693796,1024x40960x1x1,0x0x0,1024x40960x1x1
Vcur-18 (view),VIEW,0.000260,162.578125,8192,5693796,1024x2x1x1,0x0x0,1024x2x1x1
cache_v_l18 (view),SET_ROWS,0.015520,162.597604,83886080,5693796,1024x40960x1x1,0x0x0,1024x40960x1x1
Qcur-18 (view),VIEW,0.000260,162.602396,16384,5693796,128x16x2x1,0x0x0,128x16x2x1
Qcur-18 (view) (permuted),PERMUTE,0.013959,162.620157,16384,5693796,128x2x16x1,0x0x0,128x2x16x1
cache_k_l18 (view),VIEW,0.000312,162.628073,524288,5693796,128x8x256x1,0x0x0,128x8x256x1
cache_k_l18 (view) (permuted),PERMUTE,0.014010,162.646302,524288,5693796,128x256x8x1,0x0x0,128x256x8x1
cache_v_l18 (view),VIEW,0.000573,162.651094,524288,5693796,128x8x256x1,0x0x0,128x8x256x1
cache_v_l18 (view) (permuted),PERMUTE,0.013646,162.668490,524288,5693796,128x256x8x1,0x0x0,128x256x8x1
node_655,FLASH_ATTN_EXT,0.047604,162.720417,16384,5693796,128x16x2x1,0x0x0,128x16x2x1
kqv_out-18,RESHAPE,0.000313,162.724740,16384,5693796,2048x2x1x1,0x0x0,2048x2x1x1
node_657,MUL_MAT,0.177135,162.905625,16384,5693796,2048x2x1x1,0x0x0,2048x2x1x1
ffn_inp-18,ADD,0.003021,162.913542,16384,5693796,2048x2x1x1,0x0x0,2048x2x1x1
norm-18,RMS_NORM,0.004896,162.922136,16384,5693796,2048x2x1x1,0x0x0,2048x2x1x1
ffn_norm-18,MUL,0.002396,162.928125,16384,5693796,2048x2x1x1,0x0x0,2048x2x1x1
ffn_gate-18,MUL_MAT,0.288281,163.220104,49152,5693796,6144x2x1x1,0x0x0,6144x2x1x1
ffn_up-18,MUL_MAT,0.288490,163.513542,49152,5693796,6144x2x1x1,0x0x0,6144x2x1x1
ffn_swiglu-18,GLU,0.008438,163.526459,49152,5693796,6144x2x1x1,0x0x0,6144x2x1x1
ffn_out-18,MUL_MAT,0.279687,163.810052,16384,5693796,2048x2x1x1,0x0x0,2048x2x1x1
l_out-18,ADD,0.002448,163.816823,16384,5693796,2048x2x1x1,0x0x0,2048x2x1x1
norm-19,RMS_NORM,0.004531,163.825052,16384,5693796,2048x2x1x1,0x0x0,2048x2x1x1
attn_norm-19,MUL,0.002761,163.831459,16384,5693796,2048x2x1x1,0x0x0,2048x2x1x1
Qcur-19,MUL_MAT,0.098125,163.933177,16384,5693796,2048x2x1x1,0x0x0,2048x2x1x1
Qcur-19,RESHAPE,0.000313,163.937761,16384,5693796,128x16x2x1,0x0x0,128x16x2x1
norm-19,RMS_NORM,0.082083,164.023594,16384,5693796,128x16x2x1,0x0x0,128x16x2x1
Qcur_normed-19,MUL,0.002344,164.030365,16384,5693796,128x16x2x1,0x0x0,128x16x2x1
Qcur-19,ROPE,0.002239,164.036198,16384,5693796,128x16x2x1,0x0x0,128x16x2x1
Vcur-19,MUL_MAT,0.050990,164.090782,8192,5693796,1024x2x1x1,0x0x0,1024x2x1x1
Vcur-19,RESHAPE,0.000313,164.095417,8192,5693796,128x8x2x1,0x0x0,128x8x2x1
Kcur-19,MUL_MAT,0.138229,164.237344,8192,5693796,1024x2x1x1,0x0x0,1024x2x1x1
Kcur-19,RESHAPE,0.000313,164.242292,8192,5693796,128x8x2x1,0x0x0,128x8x2x1
norm-19,RMS_NORM,0.076927,164.322969,8192,5693796,128x8x2x1,0x0x0,128x8x2x1
Kcur_normed-19,MUL,0.001406,164.328854,8192,5693796,128x8x2x1,0x0x0,128x8x2x1
Kcur-19,ROPE,0.001667,164.334167,8192,5693796,128x8x2x1,0x0x0,128x8x2x1
Kcur-19 (view),VIEW,0.000312,164.338021,8192,5693796,1024x2x1x1,0x0x0,1024x2x1x1
cache_k_l19 (view),SET_ROWS,0.041614,164.383229,83886080,5693796,1024x40960x1x1,0x0x0,1024x40960x1x1
Vcur-19 (view),VIEW,0.000312,164.388125,8192,5693796,1024x2x1x1,0x0x0,1024x2x1x1
cache_v_l19 (view),SET_ROWS,0.014792,164.406719,83886080,5693796,1024x40960x1x1,0x0x0,1024x40960x1x1
Qcur-19 (view),VIEW,0.000260,164.411250,16384,5693796,128x16x2x1,0x0x0,128x16x2x1
Qcur-19 (view) (permuted),PERMUTE,0.014635,164.429792,16384,5693796,128x2x16x1,0x0x0,128x2x16x1
cache_k_l19 (view),VIEW,0.000416,164.434375,524288,5693796,128x8x256x1,0x0x0,128x8x256x1
cache_k_l19 (view) (permuted),PERMUTE,0.014323,164.452552,524288,5693796,128x256x8x1,0x0x0,128x256x8x1
cache_v_l19 (view),VIEW,0.000313,164.457032,524288,5693796,128x8x256x1,0x0x0,128x8x256x1
cache_v_l19 (view) (permuted),PERMUTE,0.014427,164.475261,524288,5693796,128x256x8x1,0x0x0,128x256x8x1
node_690,FLASH_ATTN_EXT,0.042500,164.521927,16384,5693796,128x16x2x1,0x0x0,128x16x2x1
kqv_out-19,RESHAPE,0.000312,164.526250,16384,5693796,2048x2x1x1,0x0x0,2048x2x1x1
node_692,MUL_MAT,0.196771,164.726771,16384,5693796,2048x2x1x1,0x0x0,2048x2x1x1
ffn_inp-19,ADD,0.002812,164.734479,16384,5693796,2048x2x1x1,0x0x0,2048x2x1x1
norm-19,RMS_NORM,0.004270,164.742552,16384,5693796,2048x2x1x1,0x0x0,2048x2x1x1
ffn_norm-19,MUL,0.002500,164.748698,16384,5693796,2048x2x1x1,0x0x0,2048x2x1x1
ffn_gate-19,MUL_MAT,0.293177,165.045573,49152,5693796,6144x2x1x1,0x0x0,6144x2x1x1
ffn_up-19,MUL_MAT,0.291875,165.342240,49152,5693796,6144x2x1x1,0x0x0,6144x2x1x1
ffn_swiglu-19,GLU,0.008125,165.354896,49152,5693796,6144x2x1x1,0x0x0,6144x2x1x1
ffn_out-19,MUL_MAT,0.281094,165.640157,16384,5693796,2048x2x1x1,0x0x0,2048x2x1x1
l_out-19,ADD,0.002500,165.664792,16384,5693796,2048x2x1x1,0x0x0,2048x2x1x1
norm-20,RMS_NORM,0.004219,165.673073,16384,5693796,2048x2x1x1,0x0x0,2048x2x1x1
attn_norm-20,MUL,0.002760,165.679479,16384,5693796,2048x2x1x1,0x0x0,2048x2x1x1
Qcur-20,MUL_MAT,0.100886,165.783959,16384,5693796,2048x2x1x1,0x0x0,2048x2x1x1
Qcur-20,RESHAPE,0.000313,165.788542,16384,5693796,128x16x2x1,0x0x0,128x16x2x1
norm-20,RMS_NORM,0.081771,165.874115,16384,5693796,128x16x2x1,0x0x0,128x16x2x1
Qcur_normed-20,MUL,0.002239,165.880729,16384,5693796,128x16x2x1,0x0x0,128x16x2x1
Qcur-20,ROPE,0.002188,165.886563,16384,5693796,128x16x2x1,0x0x0,128x16x2x1
Vcur-20,MUL_MAT,0.051666,165.941823,8192,5693796,1024x2x1x1,0x0x0,1024x2x1x1
Vcur-20,RESHAPE,0.000313,165.946459,8192,5693796,128x8x2x1,0x0x0,128x8x2x1
Kcur-20,MUL_MAT,0.140677,166.090938,8192,5693796,1024x2x1x1,0x0x0,1024x2x1x1
Kcur-20,RESHAPE,0.000312,166.095729,8192,5693796,128x8x2x1,0x0x0,128x8x2x1
norm-20,RMS_NORM,0.080834,166.180261,8192,5693796,128x8x2x1,0x0x0,128x8x2x1
Kcur_normed-20,MUL,0.001614,166.186302,8192,5693796,128x8x2x1,0x0x0,128x8x2x1
Kcur-20,ROPE,0.001823,166.191771,8192,5693796,128x8x2x1,0x0x0,128x8x2x1
Kcur-20 (view),VIEW,0.000312,166.195677,8192,5693796,1024x2x1x1,0x0x0,1024x2x1x1
cache_k_l20 (view),SET_ROWS,0.040573,166.239948,83886080,5693796,1024x40960x1x1,0x0x0,1024x40960x1x1
Vcur-20 (view),VIEW,0.000260,166.244792,8192,5693796,1024x2x1x1,0x0x0,1024x2x1x1
cache_v_l20 (view),SET_ROWS,0.015313,166.263959,83886080,5693796,1024x40960x1x1,0x0x0,1024x40960x1x1
Qcur-20 (view),VIEW,0.000468,166.268854,16384,5693796,128x16x2x1,0x0x0,128x16x2x1
Qcur-20 (view) (permuted),PERMUTE,0.013854,166.286615,16384,5693796,128x2x16x1,0x0x0,128x2x16x1
cache_k_l20 (view),VIEW,0.000468,166.291302,524288,5693796,128x8x256x1,0x0x0,128x8x256x1
cache_k_l20 (view) (permuted),PERMUTE,0.014010,166.309219,524288,5693796,128x256x8x1,0x0x0,128x256x8x1
cache_v_l20 (view),VIEW,0.000469,166.313907,524288,5693796,128x8x256x1,0x0x0,128x8x256x1
cache_v_l20 (view) (permuted),PERMUTE,0.010885,166.328698,524288,5693796,128x256x8x1,0x0x0,128x256x8x1
node_725,FLASH_ATTN_EXT,0.041875,166.374740,16384,5693796,128x16x2x1,0x0x0,128x16x2x1
kqv_out-20,RESHAPE,0.000313,166.378907,16384,5693796,2048x2x1x1,0x0x0,2048x2x1x1
node_727,MUL_MAT,0.321823,166.704375,16384,5693796,2048x2x1x1,0x0x0,2048x2x1x1
ffn_inp-20,ADD,0.007136,166.759688,16384,5693796,2048x2x1x1,0x0x0,2048x2x1x1
norm-20,RMS_NORM,0.005000,166.770261,16384,5693796,2048x2x1x1,0x0x0,2048x2x1x1
ffn_norm-20,MUL,0.002500,166.777709,16384,5693796,2048x2x1x1,0x0x0,2048x2x1x1
ffn_gate-20,MUL_MAT,0.290364,167.072604,49152,5693796,6144x2x1x1,0x0x0,6144x2x1x1
ffn_up-20,MUL_MAT,0.289583,167.367604,49152,5693796,6144x2x1x1,0x0x0,6144x2x1x1
ffn_swiglu-20,GLU,0.008230,167.380782,49152,5693796,6144x2x1x1,0x0x0,6144x2x1x1
ffn_out-20,MUL_MAT,0.275885,167.661094,16384,5693796,2048x2x1x1,0x0x0,2048x2x1x1
l_out-20,ADD,0.002553,167.668282,16384,5693796,2048x2x1x1,0x0x0,2048x2x1x1
norm-21,RMS_NORM,0.004114,167.676354,16384,5693796,2048x2x1x1,0x0x0,2048x2x1x1
attn_norm-21,MUL,0.002344,167.682709,16384,5693796,2048x2x1x1,0x0x0,2048x2x1x1
Qcur-21,MUL_MAT,0.101615,167.788282,16384,5693796,2048x2x1x1,0x0x0,2048x2x1x1
Qcur-21,RESHAPE,0.000573,167.793334,16384,5693796,128x16x2x1,0x0x0,128x16x2x1
norm-21,RMS_NORM,0.125104,167.923125,16384,5693796,128x16x2x1,0x0x0,128x16x2x1
Qcur_normed-21,MUL,0.003386,167.932188,16384,5693796,128x16x2x1,0x0x0,128x16x2x1
Qcur-21,ROPE,0.004063,167.940261,16384,5693796,128x16x2x1,0x0x0,128x16x2x1
Vcur-21,MUL_MAT,0.052136,167.996459,8192,5693796,1024x2x1x1,0x0x0,1024x2x1x1
Vcur-21,RESHAPE,0.000365,168.001407,8192,5693796,128x8x2x1,0x0x0,128x8x2x1
Kcur-21,MUL_MAT,0.643854,168.649115,8192,5693796,1024x2x1x1,0x0x0,1024x2x1x1
Kcur-21,RESHAPE,0.000521,168.655417,8192,5693796,128x8x2x1,0x0x0,128x8x2x1
norm-21,RMS_NORM,0.123646,168.782969,8192,5693796,128x8x2x1,0x0x0,128x8x2x1
Kcur_normed-21,MUL,0.001979,168.789896,8192,5693796,128x8x2x1,0x0x0,128x8x2x1
Kcur-21,ROPE,0.003438,168.797292,8192,5693796,128x8x2x1,0x0x0,128x8x2x1
Kcur-21 (view),VIEW,0.000729,168.828594,8192,5693796,1024x2x1x1,0x0x0,1024x2x1x1
cache_k_l21 (view),SET_ROWS,0.037188,168.870209,83886080,5693796,1024x40960x1x1,0x0x0,1024x40960x1x1
Vcur-21 (view),VIEW,0.000469,168.875886,8192,5693796,1024x2x1x1,0x0x0,1024x2x1x1
cache_v_l21 (view),SET_ROWS,0.020469,168.900313,83886080,5693796,1024x40960x1x1,0x0x0,1024x40960x1x1
Qcur-21 (view),VIEW,0.000313,168.905261,16384,5693796,128x16x2x1,0x0x0,128x16x2x1
Qcur-21 (view) (permuted),PERMUTE,0.018229,168.927396,16384,5693796,128x2x16x1,0x0x0,128x2x16x1
cache_k_l21 (view),VIEW,0.000313,168.932292,524288,5693796,128x8x256x1,0x0x0,128x8x256x1
cache_k_l21 (view) (permuted),PERMUTE,0.011771,168.947917,524288,5693796,128x256x8x1,0x0x0,128x256x8x1
cache_v_l21 (view),VIEW,0.000261,168.952657,524288,5693796,128x8x256x1,0x0x0,128x8x256x1
cache_v_l21 (view) (permuted),PERMUTE,0.010521,168.967084,524288,5693796,128x256x8x1,0x0x0,128x256x8x1
node_760,FLASH_ATTN_EXT,0.076510,169.048021,16384,5693796,128x16x2x1,0x0x0,128x16x2x1
kqv_out-21,RESHAPE,0.000677,169.053125,16384,5693796,2048x2x1x1,0x0x0,2048x2x1x1
node_762,MUL_MAT,0.241822,169.298854,16384,5693796,2048x2x1x1,0x0x0,2048x2x1x1
ffn_inp-21,ADD,0.002604,169.306250,16384,5693796,2048x2x1x1,0x0x0,2048x2x1x1
norm-21,RMS_NORM,0.004791,169.315052,16384,5693796,2048x2x1x1,0x0x0,2048x2x1x1
ffn_norm-21,MUL,0.002812,169.321823,16384,5693796,2048x2x1x1,0x0x0,2048x2x1x1
ffn_gate-21,MUL_MAT,0.301770,169.627552,49152,5693796,6144x2x1x1,0x0x0,6144x2x1x1
ffn_up-21,MUL_MAT,0.291458,169.923854,49152,5693796,6144x2x1x1,0x0x0,6144x2x1x1
ffn_swiglu-21,GLU,0.008229,169.936511,49152,5693796,6144x2x1x1,0x0x0,6144x2x1x1
ffn_out-21,MUL_MAT,0.281250,170.222136,16384,5693796,2048x2x1x1,0x0x0,2048x2x1x1
l_out-21,ADD,0.002552,170.229115,16384,5693796,2048x2x1x1,0x0x0,2048x2x1x1
norm-22,RMS_NORM,0.003750,170.236771,16384,5693796,2048x2x1x1,0x0x0,2048x2x1x1
attn_norm-22,MUL,0.002395,170.243177,16384,5693796,2048x2x1x1,0x0x0,2048x2x1x1
Qcur-22,MUL_MAT,0.098906,170.345990,16384,5693796,2048x2x1x1,0x0x0,2048x2x1x1
Qcur-22,RESHAPE,0.000312,170.350729,16384,5693796,128x16x2x1,0x0x0,128x16x2x1
norm-22,RMS_NORM,0.119063,170.473959,16384,5693796,128x16x2x1,0x0x0,128x16x2x1
Qcur_normed-22,MUL,0.045104,170.524896,16384,5693796,128x16x2x1,0x0x0,128x16x2x1
Qcur-22,ROPE,0.004271,170.533073,16384,5693796,128x16x2x1,0x0x0,128x16x2x1
Vcur-22,MUL_MAT,0.068281,170.605313,8192,5693796,1024x2x1x1,0x0x0,1024x2x1x1
Vcur-22,RESHAPE,0.000677,170.610365,8192,5693796,128x8x2x1,0x0x0,128x8x2x1
Kcur-22,MUL_MAT,0.195365,170.809844,8192,5693796,1024x2x1x1,0x0x0,1024x2x1x1
Kcur-22,RESHAPE,0.000573,170.815573,8192,5693796,128x8x2x1,0x0x0,128x8x2x1
norm-22,RMS_NORM,0.122500,170.954427,8192,5693796,128x8x2x1,0x0x0,128x8x2x1
Kcur_normed-22,MUL,0.002344,170.961615,8192,5693796,128x8x2x1,0x0x0,128x8x2x1
Kcur-22,ROPE,0.003334,170.968907,8192,5693796,128x8x2x1,0x0x0,128x8x2x1
Kcur-22 (view),VIEW,0.000677,170.973438,8192,5693796,1024x2x1x1,0x0x0,1024x2x1x1
cache_k_l22 (view),SET_ROWS,0.029792,171.007188,83886080,5693796,1024x40960x1x1,0x0x0,1024x40960x1x1
Vcur-22 (view),VIEW,0.000416,171.012448,8192,5693796,1024x2x1x1,0x0x0,1024x2x1x1
cache_v_l22 (view),SET_ROWS,0.030937,171.047344,83886080,5693796,1024x40960x1x1,0x0x0,1024x40960x1x1
Qcur-22 (view),VIEW,0.000520,171.052552,16384,5693796,128x16x2x1,0x0x0,128x16x2x1
Qcur-22 (view) (permuted),PERMUTE,0.003177,171.059584,16384,5693796,128x2x16x1,0x0x0,128x2x16x1
cache_k_l22 (view),VIEW,0.000521,171.064271,524288,5693796,128x8x256x1,0x0x0,128x8x256x1
cache_k_l22 (view) (permuted),PERMUTE,0.025677,171.093959,524288,5693796,128x256x8x1,0x0x0,128x256x8x1
cache_v_l22 (view),VIEW,0.005886,171.104532,524288,5693796,128x8x256x1,0x0x0,128x8x256x1
cache_v_l22 (view) (permuted),PERMUTE,0.010105,171.118959,524288,5693796,128x256x8x1,0x0x0,128x256x8x1
node_795,FLASH_ATTN_EXT,3.444479,174.568073,16384,5693796,128x16x2x1,0x0x0,128x16x2x1
kqv_out-22,RESHAPE,0.000417,174.573698,16384,5693796,2048x2x1x1,0x0x0,2048x2x1x1
node_797,MUL_MAT,0.236770,174.814531,16384,5693796,2048x2x1x1,0x0x0,2048x2x1x1
ffn_inp-22,ADD,0.002864,174.822552,16384,5693796,2048x2x1x1,0x0x0,2048x2x1x1
norm-22,RMS_NORM,0.003646,174.841615,16384,5693796,2048x2x1x1,0x0x0,2048x2x1x1
ffn_norm-22,MUL,0.002604,174.848490,16384,5693796,2048x2x1x1,0x0x0,2048x2x1x1
ffn_gate-22,MUL_MAT,0.291718,175.146927,49152,5693796,6144x2x1x1,0x0x0,6144x2x1x1
ffn_up-22,MUL_MAT,0.284427,175.435886,49152,5693796,6144x2x1x1,0x0x0,6144x2x1x1
ffn_swiglu-22,GLU,0.008281,175.448854,49152,5693796,6144x2x1x1,0x0x0,6144x2x1x1
ffn_out-22,MUL_MAT,0.274844,175.727969,16384,5693796,2048x2x1x1,0x0x0,2048x2x1x1
l_out-22,ADD,0.002500,175.735052,16384,5693796,2048x2x1x1,0x0x0,2048x2x1x1
norm-23,RMS_NORM,0.003437,175.742500,16384,5693796,2048x2x1x1,0x0x0,2048x2x1x1
attn_norm-23,MUL,0.002239,175.748698,16384,5693796,2048x2x1x1,0x0x0,2048x2x1x1
Qcur-23,MUL_MAT,0.097084,175.849688,16384,5693796,2048x2x1x1,0x0x0,2048x2x1x1
Qcur-23,RESHAPE,0.000521,175.854584,16384,5693796,128x16x2x1,0x0x0,128x16x2x1
norm-23,RMS_NORM,0.133750,175.992344,16384,5693796,128x16x2x1,0x0x0,128x16x2x1
Qcur_normed-23,MUL,0.003593,176.000677,16384,5693796,128x16x2x1,0x0x0,128x16x2x1
Qcur-23,ROPE,0.006041,176.010729,16384,5693796,128x16x2x1,0x0x0,128x16x2x1
Vcur-23,MUL_MAT,0.068229,176.082917,8192,5693796,1024x2x1x1,0x0x0,1024x2x1x1
Vcur-23,RESHAPE,0.000469,176.088386,8192,5693796,128x8x2x1,0x0x0,128x8x2x1
Kcur-23,MUL_MAT,0.161771,176.254167,8192,5693796,1024x2x1x1,0x0x0,1024x2x1x1
Kcur-23,RESHAPE,0.000469,176.259375,8192,5693796,128x8x2x1,0x0x0,128x8x2x1
norm-23,RMS_NORM,4.303334,180.566615,8192,5693796,128x8x2x1,0x0x0,128x8x2x1
Kcur_normed-23,MUL,1.308177,181.880000,8192,5693796,128x8x2x1,0x0x0,128x8x2x1
Kcur-23,ROPE,0.006511,181.891511,8192,5693796,128x8x2x1,0x0x0,128x8x2x1
Kcur-23 (view),VIEW,0.000365,181.895834,8192,5693796,1024x2x1x1,0x0x0,1024x2x1x1
cache_k_l23 (view),SET_ROWS,0.054375,181.954167,83886080,5693796,1024x40960x1x1,0x0x0,1024x40960x1x1
Vcur-23 (view),VIEW,0.000260,181.959323,8192,5693796,1024x2x1x1,0x0x0,1024x2x1x1
cache_v_l23 (view),SET_ROWS,0.009740,181.972969,83886080,5693796,1024x40960x1x1,0x0x0,1024x40960x1x1
Qcur-23 (view),VIEW,0.000261,181.977709,16384,5693796,128x16x2x1,0x0x0,128x16x2x1
Qcur-23 (view) (permuted),PERMUTE,0.024323,182.005938,16384,5693796,128x2x16x1,0x0x0,128x2x16x1
cache_k_l23 (view),VIEW,0.004010,182.014531,524288,5693796,128x8x256x1,0x0x0,128x8x256x1
cache_k_l23 (view) (permuted),PERMUTE,0.006354,182.025156,524288,5693796,128x256x8x1,0x0x0,128x256x8x1
cache_v_l23 (view),VIEW,0.057864,182.087448,524288,5693796,128x8x256x1,0x0x0,128x8x256x1
cache_v_l23 (view) (permuted),PERMUTE,0.006198,182.098490,524288,5693796,128x256x8x1,0x0x0,128x256x8x1
node_830,FLASH_ATTN_EXT,7.549062,189.651979,16384,5693796,128x16x2x1,0x0x0,128x16x2x1
kqv_out-23,RESHAPE,0.000521,189.657344,16384,5693796,2048x2x1x1,0x0x0,2048x2x1x1
node_832,MUL_MAT,0.250156,189.911354,16384,5693796,2048x2x1x1,0x0x0,2048x2x1x1
ffn_inp-23,ADD,0.002605,189.918959,16384,5693796,2048x2x1x1,0x0x0,2048x2x1x1
norm-23,RMS_NORM,0.003750,189.926719,16384,5693796,2048x2x1x1,0x0x0,2048x2x1x1
ffn_norm-23,MUL,0.002604,189.933229,16384,5693796,2048x2x1x1,0x0x0,2048x2x1x1
ffn_gate-23,MUL_MAT,0.304583,190.241719,49152,5693796,6144x2x1x1,0x0x0,6144x2x1x1
ffn_up-23,MUL_MAT,0.338282,190.584636,49152,5693796,6144x2x1x1,0x0x0,6144x2x1x1
ffn_swiglu-23,GLU,0.008385,190.599531,49152,5693796,6144x2x1x1,0x0x0,6144x2x1x1
ffn_out-23,MUL_MAT,0.293907,190.897709,16384,5693796,2048x2x1x1,0x0x0,2048x2x1x1
l_out-23,ADD,0.002656,190.905521,16384,5693796,2048x2x1x1,0x0x0,2048x2x1x1
norm-24,RMS_NORM,0.003802,190.913281,16384,5693796,2048x2x1x1,0x0x0,2048x2x1x1
attn_norm-24,MUL,0.002604,190.919896,16384,5693796,2048x2x1x1,0x0x0,2048x2x1x1
Qcur-24,MUL_MAT,0.103698,191.027604,16384,5693796,2048x2x1x1,0x0x0,2048x2x1x1
Qcur-24,RESHAPE,0.000364,191.032500,16384,5693796,128x16x2x1,0x0x0,128x16x2x1
norm-24,RMS_NORM,0.138855,191.175886,16384,5693796,128x16x2x1,0x0x0,128x16x2x1
Qcur_normed-24,MUL,0.003906,191.184844,16384,5693796,128x16x2x1,0x0x0,128x16x2x1
Qcur-24,ROPE,0.005469,191.194271,16384,5693796,128x16x2x1,0x0x0,128x16x2x1
Vcur-24,MUL_MAT,0.054219,191.252396,8192,5693796,1024x2x1x1,0x0x0,1024x2x1x1
Vcur-24,RESHAPE,0.000625,191.277448,8192,5693796,128x8x2x1,0x0x0,128x8x2x1
Kcur-24,MUL_MAT,0.145469,191.427240,8192,5693796,1024x2x1x1,0x0x0,1024x2x1x1
Kcur-24,RESHAPE,0.000729,191.432969,8192,5693796,128x8x2x1,0x0x0,128x8x2x1
norm-24,RMS_NORM,0.058490,191.495469,8192,5693796,128x8x2x1,0x0x0,128x8x2x1
Kcur_normed-24,MUL,0.001823,191.501927,8192,5693796,128x8x2x1,0x0x0,128x8x2x1
Kcur-24,ROPE,0.002187,191.508073,8192,5693796,128x8x2x1,0x0x0,128x8x2x1
Kcur-24 (view),VIEW,0.000365,191.512396,8192,5693796,1024x2x1x1,0x0x0,1024x2x1x1
cache_k_l24 (view),SET_ROWS,0.045469,191.561771,83886080,5693796,1024x40960x1x1,0x0x0,1024x40960x1x1
Vcur-24 (view),VIEW,0.000416,191.566927,8192,5693796,1024x2x1x1,0x0x0,1024x2x1x1
cache_v_l24 (view),SET_ROWS,0.016041,191.586927,83886080,5693796,1024x40960x1x1,0x0x0,1024x40960x1x1
Qcur-24 (view),VIEW,0.000261,191.591615,16384,5693796,128x16x2x1,0x0x0,128x16x2x1
Qcur-24 (view) (permuted),PERMUTE,0.018281,191.613854,16384,5693796,128x2x16x1,0x0x0,128x2x16x1
cache_k_l24 (view),VIEW,0.000260,191.618594,524288,5693796,128x8x256x1,0x0x0,128x8x256x1
cache_k_l24 (view) (permuted),PERMUTE,0.007813,191.630417,524288,5693796,128x256x8x1,0x0x0,128x256x8x1
cache_v_l24 (view),VIEW,0.000417,191.635469,524288,5693796,128x8x256x1,0x0x0,128x8x256x1
cache_v_l24 (view) (permuted),PERMUTE,0.018490,191.657865,524288,5693796,128x256x8x1,0x0x0,128x256x8x1
node_865,FLASH_ATTN_EXT,0.065312,191.727552,16384,5693796,128x16x2x1,0x0x0,128x16x2x1
kqv_out-24,RESHAPE,0.000625,191.732344,16384,5693796,2048x2x1x1,0x0x0,2048x2x1x1
node_867,MUL_MAT,0.158854,191.895156,16384,5693796,2048x2x1x1,0x0x0,2048x2x1x1
ffn_inp-24,ADD,0.002917,191.902761,16384,5693796,2048x2x1x1,0x0x0,2048x2x1x1
norm-24,RMS_NORM,0.003490,191.910209,16384,5693796,2048x2x1x1,0x0x0,2048x2x1x1
ffn_norm-24,MUL,0.002708,191.916979,16384,5693796,2048x2x1x1,0x0x0,2048x2x1x1
ffn_gate-24,MUL_MAT,0.298906,192.219896,49152,5693796,6144x2x1x1,0x0x0,6144x2x1x1
ffn_up-24,MUL_MAT,0.298385,192.522969,49152,5693796,6144x2x1x1,0x0x0,6144x2x1x1
ffn_swiglu-24,GLU,0.008333,192.535729,49152,5693796,6144x2x1x1,0x0x0,6144x2x1x1
ffn_out-24,MUL_MAT,0.309271,192.849271,16384,5693796,2048x2x1x1,0x0x0,2048x2x1x1
l_out-24,ADD,0.002865,192.857865,16384,5693796,2048x2x1x1,0x0x0,2048x2x1x1
norm-25,RMS_NORM,0.003698,192.865469,16384,5693796,2048x2x1x1,0x0x0,2048x2x1x1
attn_norm-25,MUL,0.002761,192.872292,16384,5693796,2048x2x1x1,0x0x0,2048x2x1x1
Qcur-25,MUL_MAT,0.104532,192.980834,16384,5693796,2048x2x1x1,0x0x0,2048x2x1x1
Qcur-25,RESHAPE,0.000573,192.986459,16384,5693796,128x16x2x1,0x0x0,128x16x2x1
norm-25,RMS_NORM,0.068698,193.059427,16384,5693796,128x16x2x1,0x0x0,128x16x2x1
Qcur_normed-25,MUL,0.002916,193.066927,16384,5693796,128x16x2x1,0x0x0,128x16x2x1
Qcur-25,ROPE,0.003333,193.074167,16384,5693796,128x16x2x1,0x0x0,128x16x2x1
Vcur-25,MUL_MAT,0.054219,193.132396,8192,5693796,1024x2x1x1,0x0x0,1024x2x1x1
Vcur-25,RESHAPE,0.000573,193.137500,8192,5693796,128x8x2x1,0x0x0,128x8x2x1
Kcur-25,MUL_MAT,0.123125,193.264584,8192,5693796,1024x2x1x1,0x0x0,1024x2x1x1
Kcur-25,RESHAPE,0.000573,193.270000,8192,5693796,128x8x2x1,0x0x0,128x8x2x1
norm-25,RMS_NORM,1.252239,194.526198,8192,5693796,128x8x2x1,0x0x0,128x8x2x1
Kcur_normed-25,MUL,6.036563,200.567709,8192,5693796,128x8x2x1,0x0x0,128x8x2x1
Kcur-25,ROPE,5.299011,205.871459,8192,5693796,128x8x2x1,0x0x0,128x8x2x1
Kcur-25 (view),VIEW,0.000989,205.877031,8192,5693796,1024x2x1x1,0x0x0,1024x2x1x1
cache_k_l25 (view),SET_ROWS,0.019844,205.900834,83886080,5693796,1024x40960x1x1,0x0x0,1024x40960x1x1
Vcur-25 (view),VIEW,0.000365,205.905886,8192,5693796,1024x2x1x1,0x0x0,1024x2x1x1
cache_v_l25 (view),SET_ROWS,0.019167,205.929063,83886080,5693796,1024x40960x1x1,0x0x0,1024x40960x1x1
Qcur-25 (view),VIEW,0.000365,205.934219,16384,5693796,128x16x2x1,0x0x0,128x16x2x1
Qcur-25 (view) (permuted),PERMUTE,0.022656,205.960781,16384,5693796,128x2x16x1,0x0x0,128x2x16x1
cache_k_l25 (view),VIEW,0.033802,205.999271,524288,5693796,128x8x256x1,0x0x0,128x8x256x1
cache_k_l25 (view) (permuted),PERMUTE,0.000261,206.004167,524288,5693796,128x256x8x1,0x0x0,128x256x8x1
cache_v_l25 (view),VIEW,0.008854,206.017031,524288,5693796,128x8x256x1,0x0x0,128x8x256x1
cache_v_l25 (view) (permuted),PERMUTE,0.000261,206.029063,524288,5693796,128x256x8x1,0x0x0,128x256x8x1
node_900,FLASH_ATTN_EXT,0.101146,206.134375,16384,5693796,128x16x2x1,0x0x0,128x16x2x1
kqv_out-25,RESHAPE,0.000730,206.139636,16384,5693796,2048x2x1x1,0x0x0,2048x2x1x1
node_902,MUL_MAT,14.434687,220.578229,16384,5693796,2048x2x1x1,0x0x0,2048x2x1x1
ffn_inp-25,ADD,3.988333,224.572344,16384,5693796,2048x2x1x1,0x0x0,2048x2x1x1
norm-25,RMS_NORM,3.994687,228.571875,16384,5693796,2048x2x1x1,0x0x0,2048x2x1x1
ffn_norm-25,MUL,0.191771,228.768646,16384,5693796,2048x2x1x1,0x0x0,2048x2x1x1
ffn_gate-25,MUL_MAT,0.335208,229.108698,49152,5693796,6144x2x1x1,0x0x0,6144x2x1x1
ffn_up-25,MUL_MAT,0.345989,229.459323,49152,5693796,6144x2x1x1,0x0x0,6144x2x1x1
ffn_swiglu-25,GLU,0.009114,229.473073,49152,5693796,6144x2x1x1,0x0x0,6144x2x1x1
ffn_out-25,MUL_MAT,0.325469,229.803021,16384,5693796,2048x2x1x1,0x0x0,2048x2x1x1
l_out-25,ADD,0.003020,229.811979,16384,5693796,2048x2x1x1,0x0x0,2048x2x1x1
norm-26,RMS_NORM,0.004063,229.820209,16384,5693796,2048x2x1x1,0x0x0,2048x2x1x1
attn_norm-26,MUL,0.002917,229.827240,16384,5693796,2048x2x1x1,0x0x0,2048x2x1x1
Qcur-26,MUL_MAT,0.124375,229.955729,16384,5693796,2048x2x1x1,0x0x0,2048x2x1x1
Qcur-26,RESHAPE,0.000573,229.961198,16384,5693796,128x16x2x1,0x0x0,128x16x2x1
norm-26,RMS_NORM,0.335209,230.301563,16384,5693796,128x16x2x1,0x0x0,128x16x2x1
Qcur_normed-26,MUL,0.003385,230.309948,16384,5693796,128x16x2x1,0x0x0,128x16x2x1
Qcur-26,ROPE,0.004062,230.318177,16384,5693796,128x16x2x1,0x0x0,128x16x2x1
Vcur-26,MUL_MAT,0.065208,230.387604,8192,5693796,1024x2x1x1,0x0x0,1024x2x1x1
Vcur-26,RESHAPE,0.000469,230.392917,8192,5693796,128x8x2x1,0x0x0,128x8x2x1
Kcur-26,MUL_MAT,0.351198,230.748542,8192,5693796,1024x2x1x1,0x0x0,1024x2x1x1
Kcur-26,RESHAPE,0.000469,230.754636,8192,5693796,128x8x2x1,0x0x0,128x8x2x1
norm-26,RMS_NORM,0.149583,230.908229,8192,5693796,128x8x2x1,0x0x0,128x8x2x1
Kcur_normed-26,MUL,0.002968,230.916302,8192,5693796,128x8x2x1,0x0x0,128x8x2x1
Kcur-26,ROPE,0.003333,230.923594,8192,5693796,128x8x2x1,0x0x0,128x8x2x1
Kcur-26 (view),VIEW,0.000521,230.928177,8192,5693796,1024x2x1x1,0x0x0,1024x2x1x1
cache_k_l26 (view),SET_ROWS,0.077343,231.009531,83886080,5693796,1024x40960x1x1,0x0x0,1024x40960x1x1
Vcur-26 (view),VIEW,0.000469,231.014896,8192,5693796,1024x2x1x1,0x0x0,1024x2x1x1
cache_v_l26 (view),SET_ROWS,0.014739,231.033750,83886080,5693796,1024x40960x1x1,0x0x0,1024x40960x1x1
Qcur-26 (view),VIEW,0.000469,231.039115,16384,5693796,128x16x2x1,0x0x0,128x16x2x1
Qcur-26 (view) (permuted),PERMUTE,0.025886,231.068959,16384,5693796,128x2x16x1,0x0x0,128x2x16x1
cache_k_l26 (view),VIEW,0.000260,231.073854,524288,5693796,128x8x256x1,0x0x0,128x8x256x1
cache_k_l26 (view) (permuted),PERMUTE,0.024323,231.102240,524288,5693796,128x256x8x1,0x0x0,128x256x8x1
cache_v_l26 (view),VIEW,0.000468,231.107552,524288,5693796,128x8x256x1,0x0x0,128x8x256x1
cache_v_l26 (view) (permuted),PERMUTE,0.029114,231.140729,524288,5693796,128x256x8x1,0x0x0,128x256x8x1
node_935,FLASH_ATTN_EXT,0.089063,231.234584,16384,5693796,128x16x2x1,0x0x0,128x16x2x1
kqv_out-26,RESHAPE,0.000730,231.239584,16384,5693796,2048x2x1x1,0x0x0,2048x2x1x1
node_937,MUL_MAT,0.291615,231.535209,16384,5693796,2048x2x1x1,0x0x0,2048x2x1x1
ffn_inp-26,ADD,0.002969,231.544271,16384,5693796,2048x2x1x1,0x0x0,2048x2x1x1
norm-26,RMS_NORM,0.003906,231.552344,16384,5693796,2048x2x1x1,0x0x0,2048x2x1x1
ffn_norm-26,MUL,0.002812,231.559271,16384,5693796,2048x2x1x1,0x0x0,2048x2x1x1
ffn_gate-26,MUL_MAT,0.359428,231.922709,49152,5693796,6144x2x1x1,0x0x0,6144x2x1x1
ffn_up-26,MUL_MAT,0.335313,232.263438,49152,5693796,6144x2x1x1,0x0x0,6144x2x1x1
ffn_swiglu-26,GLU,0.008906,232.277240,49152,5693796,6144x2x1x1,0x0x0,6144x2x1x1
ffn_out-26,MUL_MAT,0.336146,232.617709,16384,5693796,2048x2x1x1,0x0x0,2048x2x1x1
l_out-26,ADD,0.002709,232.625938,16384,5693796,2048x2x1x1,0x0x0,2048x2x1x1
norm-27,RMS_NORM,0.004167,232.634115,16384,5693796,2048x2x1x1,0x0x0,2048x2x1x1
attn_norm-27,MUL,0.003125,232.641250,16384,5693796,2048x2x1x1,0x0x0,2048x2x1x1
Qcur-27,MUL_MAT,0.117760,232.773281,16384,5693796,2048x2x1x1,0x0x0,2048x2x1x1
Qcur-27,RESHAPE,0.000521,232.778750,16384,5693796,128x16x2x1,0x0x0,128x16x2x1
norm-27,RMS_NORM,0.082969,232.866250,16384,5693796,128x16x2x1,0x0x0,128x16x2x1
Qcur_normed-27,MUL,0.003125,232.874063,16384,5693796,128x16x2x1,0x0x0,128x16x2x1
Qcur-27,ROPE,0.003646,232.881719,16384,5693796,128x16x2x1,0x0x0,128x16x2x1
Vcur-27,MUL_MAT,0.063646,232.949427,8192,5693796,1024x2x1x1,0x0x0,1024x2x1x1
Vcur-27,RESHAPE,0.000469,232.954844,8192,5693796,128x8x2x1,0x0x0,128x8x2x1
Kcur-27,MUL_MAT,0.090417,233.049219,8192,5693796,1024x2x1x1,0x0x0,1024x2x1x1
Kcur-27,RESHAPE,0.000468,233.054479,8192,5693796,128x8x2x1,0x0x0,128x8x2x1
norm-27,RMS_NORM,0.088750,233.147240,8192,5693796,128x8x2x1,0x0x0,128x8x2x1
Kcur_normed-27,MUL,0.002032,233.154011,8192,5693796,128x8x2x1,0x0x0,128x8x2x1
Kcur-27,ROPE,0.002344,233.160313,8192,5693796,128x8x2x1,0x0x0,128x8x2x1
Kcur-27 (view),VIEW,0.000677,233.165000,8192,5693796,1024x2x1x1,0x0x0,1024x2x1x1
cache_k_l27 (view),SET_ROWS,0.039479,233.208490,83886080,5693796,1024x40960x1x1,0x0x0,1024x40960x1x1
Vcur-27 (view),VIEW,0.000416,233.213750,8192,5693796,1024x2x1x1,0x0x0,1024x2x1x1
cache_v_l27 (view),SET_ROWS,0.022864,233.240729,83886080,5693796,1024x40960x1x1,0x0x0,1024x40960x1x1
Qcur-27 (view),VIEW,0.000677,233.246094,16384,5693796,128x16x2x1,0x0x0,128x16x2x1
Qcur-27 (view) (permuted),PERMUTE,0.021667,233.271771,16384,5693796,128x2x16x1,0x0x0,128x2x16x1
cache_k_l27 (view),VIEW,0.000417,233.277084,524288,5693796,128x8x256x1,0x0x0,128x8x256x1
cache_k_l27 (view) (permuted),PERMUTE,0.016042,233.297188,524288,5693796,128x256x8x1,0x0x0,128x256x8x1
cache_v_l27 (view),VIEW,0.000417,233.302344,524288,5693796,128x8x256x1,0x0x0,128x8x256x1
cache_v_l27 (view) (permuted),PERMUTE,0.016980,233.323386,524288,5693796,128x256x8x1,0x0x0,128x256x8x1
node_970,FLASH_ATTN_EXT,0.036563,233.364636,16384,5693796,128x16x2x1,0x0x0,128x16x2x1
kqv_out-27,RESHAPE,0.000417,233.369271,16384,5693796,2048x2x1x1,0x0x0,2048x2x1x1
node_972,MUL_MAT,0.221770,233.595156,16384,5693796,2048x2x1x1,0x0x0,2048x2x1x1
node_973,GET_ROWS,0.005833,233.606042,8192,5693796,2048x1x1x1,0x0x0,2048x1x1x1
node_974,GET_ROWS,0.023802,233.634427,8192,5693796,2048x1x1x1,0x0x0,2048x1x1x1
ffn_inp-27,ADD,0.039792,233.679063,8192,5693796,2048x1x1x1,0x0x0,2048x1x1x1
norm-27,RMS_NORM,0.003334,233.686615,8192,5693796,2048x1x1x1,0x0x0,2048x1x1x1
ffn_norm-27,MUL,0.002657,233.693334,8192,5693796,2048x1x1x1,0x0x0,2048x1x1x1
ffn_gate-27,MUL_MAT,0.291042,233.988386,24576,5693796,6144x1x1x1,0x0x0,6144x1x1x1
ffn_up-27,MUL_MAT,0.278802,234.272292,24576,5693796,6144x1x1x1,0x0x0,6144x1x1x1
ffn_swiglu-27,GLU,0.014323,234.292500,24576,5693796,6144x1x1x1,0x0x0,6144x1x1x1
ffn_out-27,MUL_MAT,0.288125,234.585104,8192,5693796,2048x1x1x1,0x0x0,2048x1x1x1
l_out-27,ADD,0.002500,234.593959,8192,5693796,2048x1x1x1,0x0x0,2048x1x1x1
norm,RMS_NORM,0.003177,234.601198,8192,5693796,2048x1x1x1,0x0x0,2048x1x1x1
result_norm,MUL,0.003854,234.609063,8192,5693796,2048x1x1x1,0x0x0,2048x1x1x1
result_output,MUL_MAT,5.563542,240.176667,607744,5694308,151936x1x1x1,0x0x0,151936x1x1x1
embd,GET_ROWS,0.099115,377.523334,16384,5694308,2048x2x1x1,0x0x0,2048x2x1x1
norm-0,RMS_NORM,3.121823,380.686042,16384,5694308,2048x2x1x1,0x0x0,2048x2x1x1
attn_norm-0,MUL,3.901302,384.593646,16384,5694308,2048x2x1x1,0x0x0,2048x2x1x1
Qcur-0,MUL_MAT,8.009896,392.608386,16384,5694308,2048x2x1x1,0x0x0,2048x2x1x1
Qcur-0,RESHAPE,0.000990,392.616094,16384,5694308,128x16x2x1,0x0x0,128x16x2x1
norm-0,RMS_NORM,7.988855,400.609011,16384,5694308,128x16x2x1,0x0x0,128x16x2x1
Qcur_normed-0,MUL,0.084844,400.700000,16384,5694308,128x16x2x1,0x0x0,128x16x2x1
Qcur-0,ROPE,0.006406,400.710625,16384,5694308,128x16x2x1,0x0x0,128x16x2x1
Vcur-0,MUL_MAT,0.060782,400.775261,8192,5694308,1024x2x1x1,0x0x0,1024x2x1x1
Vcur-0,RESHAPE,0.000416,400.780104,8192,5694308,128x8x2x1,0x0x0,128x8x2x1
Kcur-0,MUL_MAT,0.202343,400.986458,8192,5694308,1024x2x1x1,0x0x0,1024x2x1x1
Kcur-0,RESHAPE,0.000365,400.991771,8192,5694308,128x8x2x1,0x0x0,128x8x2x1
norm-0,RMS_NORM,0.138490,401.134115,8192,5694308,128x8x2x1,0x0x0,128x8x2x1
Kcur_normed-0,MUL,0.001927,401.168281,8192,5694308,128x8x2x1,0x0x0,128x8x2x1
Kcur-0,ROPE,0.002448,401.174948,8192,5694308,128x8x2x1,0x0x0,128x8x2x1
Kcur-0 (view),VIEW,0.000365,401.179115,8192,5694308,1024x2x1x1,0x0x0,1024x2x1x1
cache_k_l0 (view),SET_ROWS,0.043594,401.226615,83886080,5694308,1024x40960x1x1,0x0x0,1024x40960x1x1
Vcur-0 (view),VIEW,0.000364,401.231875,8192,5694308,1024x2x1x1,0x0x0,1024x2x1x1
cache_v_l0 (view),SET_ROWS,0.020573,401.256302,83886080,5694308,1024x40960x1x1,0x0x0,1024x40960x1x1
Qcur-0 (view),VIEW,0.000364,401.261250,16384,5694308,128x16x2x1,0x0x0,128x16x2x1
Qcur-0 (view) (permuted),PERMUTE,0.016615,401.281667,16384,5694308,128x2x16x1,0x0x0,128x2x16x1
cache_k_l0 (view),VIEW,0.005677,401.291875,524288,5694308,128x8x256x1,0x0x0,128x8x256x1
cache_k_l0 (view) (permuted),PERMUTE,0.030469,401.326563,524288,5694308,128x256x8x1,0x0x0,128x256x8x1
cache_v_l0 (view),VIEW,0.006146,401.337136,524288,5694308,128x8x256x1,0x0x0,128x8x256x1
cache_v_l0 (view) (permuted),PERMUTE,0.009115,401.350365,524288,5694308,128x256x8x1,0x0x0,128x256x8x1
node_25,FLASH_ATTN_EXT,0.081146,401.435729,16384,5694308,128x16x2x1,0x0x0,128x16x2x1
kqv_out-0,RESHAPE,0.000365,401.441094,16384,5694308,2048x2x1x1,0x0x0,2048x2x1x1
node_27,MUL_MAT,0.218542,401.663698,16384,5694308,2048x2x1x1,0x0x0,2048x2x1x1
ffn_inp-0,ADD,0.004688,401.673386,16384,5694308,2048x2x1x1,0x0x0,2048x2x1x1
norm-0,RMS_NORM,0.005573,401.682969,16384,5694308,2048x2x1x1,0x0x0,2048x2x1x1
ffn_norm-0,MUL,0.003229,401.689844,16384,5694308,2048x2x1x1,0x0x0,2048x2x1x1
ffn_gate-0,MUL_MAT,0.349635,402.043125,49152,5694308,6144x2x1x1,0x0x0,6144x2x1x1
ffn_up-0,MUL_MAT,0.350208,402.397708,49152,5694308,6144x2x1x1,0x0x0,6144x2x1x1
ffn_swiglu-0,GLU,0.012865,402.414896,49152,5694308,6144x2x1x1,0x0x0,6144x2x1x1
ffn_out-0,MUL_MAT,0.373750,402.792917,16384,5694308,2048x2x1x1,0x0x0,2048x2x1x1
l_out-0,ADD,0.003855,402.801563,16384,5694308,2048x2x1x1,0x0x0,2048x2x1x1
norm-1,RMS_NORM,0.004531,402.809844,16384,5694308,2048x2x1x1,0x0x0,2048x2x1x1
attn_norm-1,MUL,0.003854,402.817448,16384,5694308,2048x2x1x1,0x0x0,2048x2x1x1
Qcur-1,MUL_MAT,0.119792,402.940938,16384,5694308,2048x2x1x1,0x0x0,2048x2x1x1
Qcur-1,RESHAPE,0.000417,402.945625,16384,5694308,128x16x2x1,0x0x0,128x16x2x1
norm-1,RMS_NORM,0.112657,403.062188,16384,5694308,128x16x2x1,0x0x0,128x16x2x1
Qcur_normed-1,MUL,0.002552,403.069740,16384,5694308,128x16x2x1,0x0x0,128x16x2x1
Qcur-1,ROPE,0.003073,403.076667,16384,5694308,128x16x2x1,0x0x0,128x16x2x1
Vcur-1,MUL_MAT,0.058229,403.138594,8192,5694308,1024x2x1x1,0x0x0,1024x2x1x1
Vcur-1,RESHAPE,0.000364,403.143333,8192,5694308,128x8x2x1,0x0x0,128x8x2x1
Kcur-1,MUL_MAT,0.173073,403.320261,8192,5694308,1024x2x1x1,0x0x0,1024x2x1x1
Kcur-1,RESHAPE,0.000365,403.325365,8192,5694308,128x8x2x1,0x0x0,128x8x2x1
norm-1,RMS_NORM,0.116719,403.445938,8192,5694308,128x8x2x1,0x0x0,128x8x2x1
Kcur_normed-1,MUL,0.001667,403.452292,8192,5694308,128x8x2x1,0x0x0,128x8x2x1
Kcur-1,ROPE,0.002083,403.458125,8192,5694308,128x8x2x1,0x0x0,128x8x2x1
Kcur-1 (view),VIEW,0.000365,403.462188,8192,5694308,1024x2x1x1,0x0x0,1024x2x1x1
cache_k_l1 (view),SET_ROWS,0.043021,403.509063,83886080,5694308,1024x40960x1x1,0x0x0,1024x40960x1x1
Vcur-1 (view),VIEW,0.000364,403.514427,8192,5694308,1024x2x1x1,0x0x0,1024x2x1x1
cache_v_l1 (view),SET_ROWS,0.017500,403.535938,83886080,5694308,1024x40960x1x1,0x0x0,1024x40960x1x1
Qcur-1 (view),VIEW,0.000364,403.540833,16384,5694308,128x16x2x1,0x0x0,128x16x2x1
Qcur-1 (view) (permuted),PERMUTE,0.020989,403.565729,16384,5694308,128x2x16x1,0x0x0,128x2x16x1
cache_k_l1 (view),VIEW,0.000521,403.570677,524288,5694308,128x8x256x1,0x0x0,128x8x256x1
cache_k_l1 (view) (permuted),PERMUTE,0.030990,403.605521,524288,5694308,128x256x8x1,0x0x0,128x256x8x1
cache_v_l1 (view),VIEW,0.000313,403.610313,524288,5694308,128x8x256x1,0x0x0,128x8x256x1
cache_v_l1 (view) (permuted),PERMUTE,0.000521,403.614688,524288,5694308,128x256x8x1,0x0x0,128x256x8x1
node_60,FLASH_ATTN_EXT,0.094688,403.713021,16384,5694308,128x16x2x1,0x0x0,128x16x2x1
kqv_out-1,RESHAPE,0.000365,403.718073,16384,5694308,2048x2x1x1,0x0x0,2048x2x1x1
node_62,MUL_MAT,0.272605,404.005938,16384,5694308,2048x2x1x1,0x0x0,2048x2x1x1
ffn_inp-1,ADD,0.002917,404.014219,16384,5694308,2048x2x1x1,0x0x0,2048x2x1x1
norm-1,RMS_NORM,0.004635,404.022656,16384,5694308,2048x2x1x1,0x0x0,2048x2x1x1
ffn_norm-1,MUL,0.002552,404.028906,16384,5694308,2048x2x1x1,0x0x0,2048x2x1x1
ffn_gate-1,MUL_MAT,0.303750,404.336250,49152,5694308,6144x2x1x1,0x0x0,6144x2x1x1
ffn_up-1,MUL_MAT,0.325573,404.666354,49152,5694308,6144x2x1x1,0x0x0,6144x2x1x1
ffn_swiglu-1,GLU,0.008437,404.680052,49152,5694308,6144x2x1x1,0x0x0,6144x2x1x1
ffn_out-1,MUL_MAT,0.313906,404.998229,16384,5694308,2048x2x1x1,0x0x0,2048x2x1x1
l_out-1,ADD,0.003542,405.006615,16384,5694308,2048x2x1x1,0x0x0,2048x2x1x1
norm-2,RMS_NORM,0.005573,405.016094,16384,5694308,2048x2x1x1,0x0x0,2048x2x1x1
attn_norm-2,MUL,0.002500,405.022240,16384,5694308,2048x2x1x1,0x0x0,2048x2x1x1
Qcur-2,MUL_MAT,0.104427,405.130365,16384,5694308,2048x2x1x1,0x0x0,2048x2x1x1
Qcur-2,RESHAPE,0.000364,405.135052,16384,5694308,128x16x2x1,0x0x0,128x16x2x1
norm-2,RMS_NORM,0.090364,405.229531,16384,5694308,128x16x2x1,0x0x0,128x16x2x1
Qcur_normed-2,MUL,0.002708,405.236875,16384,5694308,128x16x2x1,0x0x0,128x16x2x1
Qcur-2,ROPE,0.002344,405.242969,16384,5694308,128x16x2x1,0x0x0,128x16x2x1
Vcur-2,MUL_MAT,0.055521,405.302188,8192,5694308,1024x2x1x1,0x0x0,1024x2x1x1
Vcur-2,RESHAPE,0.000364,405.306927,8192,5694308,128x8x2x1,0x0x0,128x8x2x1
Kcur-2,MUL_MAT,0.146615,405.457448,8192,5694308,1024x2x1x1,0x0x0,1024x2x1x1
Kcur-2,RESHAPE,0.000365,405.462396,8192,5694308,128x8x2x1,0x0x0,128x8x2x1
norm-2,RMS_NORM,0.088125,405.554323,8192,5694308,128x8x2x1,0x0x0,128x8x2x1
Kcur_normed-2,MUL,0.001615,405.560521,8192,5694308,128x8x2x1,0x0x0,128x8x2x1
Kcur-2,ROPE,0.002344,405.566615,8192,5694308,128x8x2x1,0x0x0,128x8x2x1
Kcur-2 (view),VIEW,0.000364,405.570677,8192,5694308,1024x2x1x1,0x0x0,1024x2x1x1
cache_k_l2 (view),SET_ROWS,0.046563,405.620990,83886080,5694308,1024x40960x1x1,0x0x0,1024x40960x1x1
Vcur-2 (view),VIEW,0.000312,405.625833,8192,5694308,1024x2x1x1,0x0x0,1024x2x1x1
cache_v_l2 (view),SET_ROWS,0.016719,405.646667,83886080,5694308,1024x40960x1x1,0x0x0,1024x40960x1x1
Qcur-2 (view),VIEW,0.000469,405.651667,16384,5694308,128x16x2x1,0x0x0,128x16x2x1
Qcur-2 (view) (permuted),PERMUTE,0.013333,405.668750,16384,5694308,128x2x16x1,0x0x0,128x2x16x1
cache_k_l2 (view),VIEW,0.000313,405.673386,524288,5694308,128x8x256x1,0x0x0,128x8x256x1
cache_k_l2 (view) (permuted),PERMUTE,0.009323,405.686511,524288,5694308,128x256x8x1,0x0x0,128x256x8x1
cache_v_l2 (view),VIEW,0.000365,405.691094,524288,5694308,128x8x256x1,0x0x0,128x8x256x1
cache_v_l2 (view) (permuted),PERMUTE,0.017240,405.712396,524288,5694308,128x256x8x1,0x0x0,128x256x8x1
node_95,FLASH_ATTN_EXT,0.091511,405.808386,16384,5694308,128x16x2x1,0x0x0,128x16x2x1
kqv_out-2,RESHAPE,0.000417,405.812865,16384,5694308,2048x2x1x1,0x0x0,2048x2x1x1
node_97,MUL_MAT,0.230208,406.046771,16384,5694308,2048x2x1x1,0x0x0,2048x2x1x1
ffn_inp-2,ADD,0.003907,406.055365,16384,5694308,2048x2x1x1,0x0x0,2048x2x1x1
norm-2,RMS_NORM,0.004479,406.063594,16384,5694308,2048x2x1x1,0x0x0,2048x2x1x1
ffn_norm-2,MUL,0.002760,406.070104,16384,5694308,2048x2x1x1,0x0x0,2048x2x1x1
ffn_gate-2,MUL_MAT,0.327292,406.401094,49152,5694308,6144x2x1x1,0x0x0,6144x2x1x1
ffn_up-2,MUL_MAT,0.334427,406.740052,49152,5694308,6144x2x1x1,0x0x0,6144x2x1x1
ffn_swiglu-2,GLU,0.009688,406.754688,49152,5694308,6144x2x1x1,0x0x0,6144x2x1x1
ffn_out-2,MUL_MAT,0.341667,407.100469,16384,5694308,2048x2x1x1,0x0x0,2048x2x1x1
l_out-2,ADD,0.003542,407.108646,16384,5694308,2048x2x1x1,0x0x0,2048x2x1x1
norm-3,RMS_NORM,0.005573,407.117969,16384,5694308,2048x2x1x1,0x0x0,2048x2x1x1
attn_norm-3,MUL,0.003489,407.125156,16384,5694308,2048x2x1x1,0x0x0,2048x2x1x1
Qcur-3,MUL_MAT,0.114375,407.243229,16384,5694308,2048x2x1x1,0x0x0,2048x2x1x1
Qcur-3,RESHAPE,0.000365,407.248073,16384,5694308,128x16x2x1,0x0x0,128x16x2x1
norm-3,RMS_NORM,0.119375,407.371823,16384,5694308,128x16x2x1,0x0x0,128x16x2x1
Qcur_normed-3,MUL,0.002968,407.379479,16384,5694308,128x16x2x1,0x0x0,128x16x2x1
Qcur-3,ROPE,0.002448,407.385625,16384,5694308,128x16x2x1,0x0x0,128x16x2x1
Vcur-3,MUL_MAT,0.059583,407.448906,8192,5694308,1024x2x1x1,0x0x0,1024x2x1x1
Vcur-3,RESHAPE,0.000364,407.463229,8192,5694308,128x8x2x1,0x0x0,128x8x2x1
Kcur-3,MUL_MAT,0.199531,407.666875,8192,5694308,1024x2x1x1,0x0x0,1024x2x1x1
Kcur-3,RESHAPE,0.000312,407.671875,8192,5694308,128x8x2x1,0x0x0,128x8x2x1
norm-3,RMS_NORM,0.105052,407.780990,8192,5694308,128x8x2x1,0x0x0,128x8x2x1
Kcur_normed-3,MUL,0.033490,407.819115,8192,5694308,128x8x2x1,0x0x0,128x8x2x1
Kcur-3,ROPE,0.004792,407.827761,8192,5694308,128x8x2x1,0x0x0,128x8x2x1
Kcur-3 (view),VIEW,0.000312,407.831927,8192,5694308,1024x2x1x1,0x0x0,1024x2x1x1
cache_k_l3 (view),SET_ROWS,0.058386,407.894063,83886080,5694308,1024x40960x1x1,0x0x0,1024x40960x1x1
Vcur-3 (view),VIEW,0.005521,407.904115,8192,5694308,1024x2x1x1,0x0x0,1024x2x1x1
cache_v_l3 (view),SET_ROWS,0.045417,407.953646,83886080,5694308,1024x40960x1x1,0x0x0,1024x40960x1x1
Qcur-3 (view),VIEW,0.024583,407.982604,16384,5694308,128x16x2x1,0x0x0,128x16x2x1
Qcur-3 (view) (permuted),PERMUTE,0.000938,407.987813,16384,5694308,128x2x16x1,0x0x0,128x2x16x1
cache_k_l3 (view),VIEW,0.026406,408.017969,524288,5694308,128x8x256x1,0x0x0,128x8x256x1
cache_k_l3 (view) (permuted),PERMUTE,0.005365,408.027813,524288,5694308,128x256x8x1,0x0x0,128x256x8x1
cache_v_l3 (view),VIEW,0.009427,408.041302,524288,5694308,128x8x256x1,0x0x0,128x8x256x1
cache_v_l3 (view) (permuted),PERMUTE,0.000469,408.046094,524288,5694308,128x256x8x1,0x0x0,128x256x8x1
node_130,FLASH_ATTN_EXT,0.105052,408.155104,16384,5694308,128x16x2x1,0x0x0,128x16x2x1
kqv_out-3,RESHAPE,0.000364,408.160052,16384,5694308,2048x2x1x1,0x0x0,2048x2x1x1
node_132,MUL_MAT,0.209011,408.372813,16384,5694308,2048x2x1x1,0x0x0,2048x2x1x1
ffn_inp-3,ADD,0.004271,408.381771,16384,5694308,2048x2x1x1,0x0x0,2048x2x1x1
norm-3,RMS_NORM,0.004688,408.390261,16384,5694308,2048x2x1x1,0x0x0,2048x2x1x1
ffn_norm-3,MUL,0.003541,408.397604,16384,5694308,2048x2x1x1,0x0x0,2048x2x1x1
ffn_gate-3,MUL_MAT,0.365313,408.766563,49152,5694308,6144x2x1x1,0x0x0,6144x2x1x1
ffn_up-3,MUL_MAT,0.344791,409.116354,49152,5694308,6144x2x1x1,0x0x0,6144x2x1x1
ffn_swiglu-3,GLU,0.011355,409.132136,49152,5694308,6144x2x1x1,0x0x0,6144x2x1x1
ffn_out-3,MUL_MAT,0.342448,409.478698,16384,5694308,2048x2x1x1,0x0x0,2048x2x1x1
l_out-3,ADD,0.003594,409.486875,16384,5694308,2048x2x1x1,0x0x0,2048x2x1x1
norm-4,RMS_NORM,0.004531,409.495104,16384,5694308,2048x2x1x1,0x0x0,2048x2x1x1
attn_norm-4,MUL,0.003750,409.502500,16384,5694308,2048x2x1x1,0x0x0,2048x2x1x1
Qcur-4,MUL_MAT,0.119635,409.625781,16384,5694308,2048x2x1x1,0x0x0,2048x2x1x1
Qcur-4,RESHAPE,0.000365,409.630365,16384,5694308,128x16x2x1,0x0x0,128x16x2x1
norm-4,RMS_NORM,0.099010,409.733229,16384,5694308,128x16x2x1,0x0x0,128x16x2x1
Qcur_normed-4,MUL,0.002396,409.740417,16384,5694308,128x16x2x1,0x0x0,128x16x2x1
Qcur-4,ROPE,0.003020,409.747083,16384,5694308,128x16x2x1,0x0x0,128x16x2x1
Vcur-4,MUL_MAT,0.065313,409.816042,8192,5694308,1024x2x1x1,0x0x0,1024x2x1x1
Vcur-4,RESHAPE,0.000312,409.820833,8192,5694308,128x8x2x1,0x0x0,128x8x2x1
Kcur-4,MUL_MAT,0.163854,409.988594,8192,5694308,1024x2x1x1,0x0x0,1024x2x1x1
Kcur-4,RESHAPE,0.000365,409.993542,8192,5694308,128x8x2x1,0x0x0,128x8x2x1
norm-4,RMS_NORM,0.092344,410.089688,8192,5694308,128x8x2x1,0x0x0,128x8x2x1
Kcur_normed-4,MUL,0.001719,410.095990,8192,5694308,128x8x2x1,0x0x0,128x8x2x1
Kcur-4,ROPE,0.002239,410.101927,8192,5694308,128x8x2x1,0x0x0,128x8x2x1
Kcur-4 (view),VIEW,0.000365,410.106094,8192,5694308,1024x2x1x1,0x0x0,1024x2x1x1
cache_k_l4 (view),SET_ROWS,0.045937,410.155729,83886080,5694308,1024x40960x1x1,0x0x0,1024x40960x1x1
Vcur-4 (view),VIEW,0.000521,410.160729,8192,5694308,1024x2x1x1,0x0x0,1024x2x1x1
cache_v_l4 (view),SET_ROWS,0.013489,410.178125,83886080,5694308,1024x40960x1x1,0x0x0,1024x40960x1x1
Qcur-4 (view),VIEW,0.000469,410.182917,16384,5694308,128x16x2x1,0x0x0,128x16x2x1
Qcur-4 (view) (permuted),PERMUTE,0.022604,410.209427,16384,5694308,128x2x16x1,0x0x0,128x2x16x1
cache_k_l4 (view),VIEW,0.000313,410.214063,524288,5694308,128x8x256x1,0x0x0,128x8x256x1
cache_k_l4 (view) (permuted),PERMUTE,0.018125,410.236146,524288,5694308,128x256x8x1,0x0x0,128x256x8x1
cache_v_l4 (view),VIEW,0.020938,410.267813,524288,5694308,128x8x256x1,0x0x0,128x8x256x1
cache_v_l4 (view) (permuted),PERMUTE,0.000312,410.272604,524288,5694308,128x256x8x1,0x0x0,128x256x8x1
node_165,FLASH_ATTN_EXT,0.091511,410.367865,16384,5694308,128x16x2x1,0x0x0,128x16x2x1
kqv_out-4,RESHAPE,0.000312,410.372708,16384,5694308,2048x2x1x1,0x0x0,2048x2x1x1
node_167,MUL_MAT,0.212813,410.589219,16384,5694308,2048x2x1x1,0x0x0,2048x2x1x1
ffn_inp-4,ADD,0.003802,410.597656,16384,5694308,2048x2x1x1,0x0x0,2048x2x1x1
norm-4,RMS_NORM,0.004688,410.606094,16384,5694308,2048x2x1x1,0x0x0,2048x2x1x1
ffn_norm-4,MUL,0.003437,410.613125,16384,5694308,2048x2x1x1,0x0x0,2048x2x1x1
ffn_gate-4,MUL_MAT,0.378125,410.994844,49152,5694308,6144x2x1x1,0x0x0,6144x2x1x1
ffn_up-4,MUL_MAT,0.341927,411.341302,49152,5694308,6144x2x1x1,0x0x0,6144x2x1x1
ffn_swiglu-4,GLU,0.011041,411.357031,49152,5694308,6144x2x1x1,0x0x0,6144x2x1x1
ffn_out-4,MUL_MAT,0.339062,411.700156,16384,5694308,2048x2x1x1,0x0x0,2048x2x1x1
l_out-4,ADD,0.003854,411.708229,16384,5694308,2048x2x1x1,0x0x0,2048x2x1x1
norm-5,RMS_NORM,0.004375,411.716198,16384,5694308,2048x2x1x1,0x0x0,2048x2x1x1
attn_norm-5,MUL,0.003125,411.722917,16384,5694308,2048x2x1x1,0x0x0,2048x2x1x1
Qcur-5,MUL_MAT,0.118750,411.845261,16384,5694308,2048x2x1x1,0x0x0,2048x2x1x1
Qcur-5,RESHAPE,0.000313,411.849844,16384,5694308,128x16x2x1,0x0x0,128x16x2x1
norm-5,RMS_NORM,0.091250,411.944896,16384,5694308,128x16x2x1,0x0x0,128x16x2x1
Qcur_normed-5,MUL,0.002344,411.951875,16384,5694308,128x16x2x1,0x0x0,128x16x2x1
Qcur-5,ROPE,0.002604,411.958125,16384,5694308,128x16x2x1,0x0x0,128x16x2x1
Vcur-5,MUL_MAT,0.065156,412.026823,8192,5694308,1024x2x1x1,0x0x0,1024x2x1x1
Vcur-5,RESHAPE,0.000312,412.031406,8192,5694308,128x8x2x1,0x0x0,128x8x2x1
Kcur-5,MUL_MAT,0.149688,412.184896,8192,5694308,1024x2x1x1,0x0x0,1024x2x1x1
Kcur-5,RESHAPE,0.000312,412.189948,8192,5694308,128x8x2x1,0x0x0,128x8x2x1
norm-5,RMS_NORM,0.087031,412.280729,8192,5694308,128x8x2x1,0x0x0,128x8x2x1
Kcur_normed-5,MUL,0.001511,412.286667,8192,5694308,128x8x2x1,0x0x0,128x8x2x1
Kcur-5,ROPE,0.001718,412.292031,8192,5694308,128x8x2x1,0x0x0,128x8x2x1
Kcur-5 (view),VIEW,0.000313,412.295938,8192,5694308,1024x2x1x1,0x0x0,1024x2x1x1
cache_k_l5 (view),SET_ROWS,0.043178,412.342761,83886080,5694308,1024x40960x1x1,0x0x0,1024x40960x1x1
Vcur-5 (view),VIEW,0.000312,412.347708,8192,5694308,1024x2x1x1,0x0x0,1024x2x1x1
cache_v_l5 (view),SET_ROWS,0.012239,412.363750,83886080,5694308,1024x40960x1x1,0x0x0,1024x40960x1x1
Qcur-5 (view),VIEW,0.000313,412.368438,16384,5694308,128x16x2x1,0x0x0,128x16x2x1
Qcur-5 (view) (permuted),PERMUTE,0.014583,412.386875,16384,5694308,128x2x16x1,0x0x0,128x2x16x1
cache_k_l5 (view),VIEW,0.000469,412.391615,524288,5694308,128x8x256x1,0x0x0,128x8x256x1
cache_k_l5 (view) (permuted),PERMUTE,0.017083,412.412448,524288,5694308,128x256x8x1,0x0x0,128x256x8x1
cache_v_l5 (view),VIEW,0.000521,412.417240,524288,5694308,128x8x256x1,0x0x0,128x8x256x1
cache_v_l5 (view) (permuted),PERMUTE,0.013385,412.434531,524288,5694308,128x256x8x1,0x0x0,128x256x8x1
node_200,FLASH_ATTN_EXT,0.044948,412.483802,16384,5694308,128x16x2x1,0x0x0,128x16x2x1
kqv_out-5,RESHAPE,0.000260,412.488073,16384,5694308,2048x2x1x1,0x0x0,2048x2x1x1
node_202,MUL_MAT,0.186771,412.678594,16384,5694308,2048x2x1x1,0x0x0,2048x2x1x1
ffn_inp-5,ADD,0.002448,412.685781,16384,5694308,2048x2x1x1,0x0x0,2048x2x1x1
norm-5,RMS_NORM,0.004219,412.693646,16384,5694308,2048x2x1x1,0x0x0,2048x2x1x1
ffn_norm-5,MUL,0.001510,412.698750,16384,5694308,2048x2x1x1,0x0x0,2048x2x1x1
ffn_gate-5,MUL_MAT,0.290156,412.992604,49152,5694308,6144x2x1x1,0x0x0,6144x2x1x1
ffn_up-5,MUL_MAT,0.291615,413.288698,49152,5694308,6144x2x1x1,0x0x0,6144x2x1x1
ffn_swiglu-5,GLU,0.004583,413.298333,49152,5694308,6144x2x1x1,0x0x0,6144x2x1x1
ffn_out-5,MUL_MAT,0.280000,413.582396,16384,5694308,2048x2x1x1,0x0x0,2048x2x1x1
l_out-5,ADD,0.001614,413.588906,16384,5694308,2048x2x1x1,0x0x0,2048x2x1x1
norm-6,RMS_NORM,0.003698,413.596250,16384,5694308,2048x2x1x1,0x0x0,2048x2x1x1
attn_norm-6,MUL,0.001667,413.601615,16384,5694308,2048x2x1x1,0x0x0,2048x2x1x1
Qcur-6,MUL_MAT,0.101146,413.706354,16384,5694308,2048x2x1x1,0x0x0,2048x2x1x1
Qcur-6,RESHAPE,0.000312,413.716406,16384,5694308,128x16x2x1,0x0x0,128x16x2x1
norm-6,RMS_NORM,0.099011,413.819740,16384,5694308,128x16x2x1,0x0x0,128x16x2x1
Qcur_normed-6,MUL,0.002396,413.826875,16384,5694308,128x16x2x1,0x0x0,128x16x2x1
Qcur-6,ROPE,0.002448,413.833125,16384,5694308,128x16x2x1,0x0x0,128x16x2x1
Vcur-6,MUL_MAT,0.051719,413.888490,8192,5694308,1024x2x1x1,0x0x0,1024x2x1x1
Vcur-6,RESHAPE,0.000312,413.893073,8192,5694308,128x8x2x1,0x0x0,128x8x2x1
Kcur-6,MUL_MAT,0.147917,414.044688,8192,5694308,1024x2x1x1,0x0x0,1024x2x1x1
Kcur-6,RESHAPE,0.000313,414.049792,8192,5694308,128x8x2x1,0x0x0,128x8x2x1
norm-6,RMS_NORM,0.079010,414.132656,8192,5694308,128x8x2x1,0x0x0,128x8x2x1
Kcur_normed-6,MUL,0.001458,414.138646,8192,5694308,128x8x2x1,0x0x0,128x8x2x1
Kcur-6,ROPE,0.001927,414.144219,8192,5694308,128x8x2x1,0x0x0,128x8x2x1
Kcur-6 (view),VIEW,0.000312,414.148229,8192,5694308,1024x2x1x1,0x0x0,1024x2x1x1
cache_k_l6 (view),SET_ROWS,0.033594,414.185417,83886080,5694308,1024x40960x1x1,0x0x0,1024x40960x1x1
Vcur-6 (view),VIEW,0.000312,414.190156,8192,5694308,1024x2x1x1,0x0x0,1024x2x1x1
cache_v_l6 (view),SET_ROWS,0.017605,414.211511,83886080,5694308,1024x40960x1x1,0x0x0,1024x40960x1x1
Qcur-6 (view),VIEW,0.000313,414.216146,16384,5694308,128x16x2x1,0x0x0,128x16x2x1
Qcur-6 (view) (permuted),PERMUTE,0.013646,414.233594,16384,5694308,128x2x16x1,0x0x0,128x2x16x1
cache_k_l6 (view),VIEW,0.000520,414.238281,524288,5694308,128x8x256x1,0x0x0,128x8x256x1
cache_k_l6 (view) (permuted),PERMUTE,0.016510,414.258698,524288,5694308,128x256x8x1,0x0x0,128x256x8x1
cache_v_l6 (view),VIEW,0.000521,414.263594,524288,5694308,128x8x256x1,0x0x0,128x8x256x1
cache_v_l6 (view) (permuted),PERMUTE,0.013906,414.281406,524288,5694308,128x256x8x1,0x0x0,128x256x8x1
node_235,FLASH_ATTN_EXT,0.044948,414.330521,16384,5694308,128x16x2x1,0x0x0,128x16x2x1
kqv_out-6,RESHAPE,0.000312,414.334948,16384,5694308,2048x2x1x1,0x0x0,2048x2x1x1
node_237,MUL_MAT,0.184583,414.523281,16384,5694308,2048x2x1x1,0x0x0,2048x2x1x1
ffn_inp-6,ADD,0.003125,414.531042,16384,5694308,2048x2x1x1,0x0x0,2048x2x1x1
norm-6,RMS_NORM,0.004896,414.539844,16384,5694308,2048x2x1x1,0x0x0,2048x2x1x1
ffn_norm-6,MUL,0.002448,414.545938,16384,5694308,2048x2x1x1,0x0x0,2048x2x1x1
ffn_gate-6,MUL_MAT,0.289584,414.839063,49152,5694308,6144x2x1x1,0x0x0,6144x2x1x1
ffn_up-6,MUL_MAT,0.291197,415.134583,49152,5694308,6144x2x1x1,0x0x0,6144x2x1x1
ffn_swiglu-6,GLU,0.008646,415.147865,49152,5694308,6144x2x1x1,0x0x0,6144x2x1x1
ffn_out-6,MUL_MAT,0.283542,415.435469,16384,5694308,2048x2x1x1,0x0x0,2048x2x1x1
l_out-6,ADD,0.002760,415.442708,16384,5694308,2048x2x1x1,0x0x0,2048x2x1x1
norm-7,RMS_NORM,0.005052,415.451406,16384,5694308,2048x2x1x1,0x0x0,2048x2x1x1
attn_norm-7,MUL,0.002448,415.457552,16384,5694308,2048x2x1x1,0x0x0,2048x2x1x1
Qcur-7,MUL_MAT,0.099635,415.560833,16384,5694308,2048x2x1x1,0x0x0,2048x2x1x1
Qcur-7,RESHAPE,0.000313,415.565365,16384,5694308,128x16x2x1,0x0x0,128x16x2x1
norm-7,RMS_NORM,0.091146,415.660521,16384,5694308,128x16x2x1,0x0x0,128x16x2x1
Qcur_normed-7,MUL,0.002240,415.667292,16384,5694308,128x16x2x1,0x0x0,128x16x2x1
Qcur-7,ROPE,0.002135,415.673177,16384,5694308,128x16x2x1,0x0x0,128x16x2x1
Vcur-7,MUL_MAT,0.050781,415.727552,8192,5694308,1024x2x1x1,0x0x0,1024x2x1x1
Vcur-7,RESHAPE,0.000313,415.732344,8192,5694308,128x8x2x1,0x0x0,128x8x2x1
Kcur-7,MUL_MAT,0.134479,415.870573,8192,5694308,1024x2x1x1,0x0x0,1024x2x1x1
Kcur-7,RESHAPE,0.000312,415.875573,8192,5694308,128x8x2x1,0x0x0,128x8x2x1
norm-7,RMS_NORM,0.081667,415.961042,8192,5694308,128x8x2x1,0x0x0,128x8x2x1
Kcur_normed-7,MUL,0.001354,415.966823,8192,5694308,128x8x2x1,0x0x0,128x8x2x1
Kcur-7,ROPE,0.001823,415.972344,8192,5694308,128x8x2x1,0x0x0,128x8x2x1
Kcur-7 (view),VIEW,0.000312,415.976302,8192,5694308,1024x2x1x1,0x0x0,1024x2x1x1
cache_k_l7 (view),SET_ROWS,0.040208,416.020156,83886080,5694308,1024x40960x1x1,0x0x0,1024x40960x1x1
Vcur-7 (view),VIEW,0.000312,416.025052,8192,5694308,1024x2x1x1,0x0x0,1024x2x1x1
cache_v_l7 (view),SET_ROWS,0.015417,416.044063,83886080,5694308,1024x40960x1x1,0x0x0,1024x40960x1x1
Qcur-7 (view),VIEW,0.000260,416.048802,16384,5694308,128x16x2x1,0x0x0,128x16x2x1
Qcur-7 (view) (permuted),PERMUTE,0.022083,416.078958,16384,5694308,128x2x16x1,0x0x0,128x2x16x1
cache_k_l7 (view),VIEW,0.000468,416.083854,524288,5694308,128x8x256x1,0x0x0,128x8x256x1
cache_k_l7 (view) (permuted),PERMUTE,0.014271,416.101979,524288,5694308,128x256x8x1,0x0x0,128x256x8x1
cache_v_l7 (view),VIEW,0.000573,416.106719,524288,5694308,128x8x256x1,0x0x0,128x8x256x1
cache_v_l7 (view) (permuted),PERMUTE,0.015417,416.126042,524288,5694308,128x256x8x1,0x0x0,128x256x8x1
node_270,FLASH_ATTN_EXT,0.042500,416.172865,16384,5694308,128x16x2x1,0x0x0,128x16x2x1
kqv_out-7,RESHAPE,0.000261,416.177136,16384,5694308,2048x2x1x1,0x0x0,2048x2x1x1
node_272,MUL_MAT,0.183333,416.364219,16384,5694308,2048x2x1x1,0x0x0,2048x2x1x1
ffn_inp-7,ADD,0.002552,416.371406,16384,5694308,2048x2x1x1,0x0x0,2048x2x1x1
norm-7,RMS_NORM,0.004271,416.379427,16384,5694308,2048x2x1x1,0x0x0,2048x2x1x1
ffn_norm-7,MUL,0.002344,416.385469,16384,5694308,2048x2x1x1,0x0x0,2048x2x1x1
ffn_gate-7,MUL_MAT,0.306614,416.695781,49152,5694308,6144x2x1x1,0x0x0,6144x2x1x1
ffn_up-7,MUL_MAT,0.290052,416.990625,49152,5694308,6144x2x1x1,0x0x0,6144x2x1x1
ffn_swiglu-7,GLU,0.008334,417.004063,49152,5694308,6144x2x1x1,0x0x0,6144x2x1x1
ffn_out-7,MUL_MAT,0.280104,417.288333,16384,5694308,2048x2x1x1,0x0x0,2048x2x1x1
l_out-7,ADD,0.003230,417.295938,16384,5694308,2048x2x1x1,0x0x0,2048x2x1x1
norm-8,RMS_NORM,0.004427,417.304167,16384,5694308,2048x2x1x1,0x0x0,2048x2x1x1
attn_norm-8,MUL,0.002448,417.310313,16384,5694308,2048x2x1x1,0x0x0,2048x2x1x1
Qcur-8,MUL_MAT,0.098542,417.412500,16384,5694308,2048x2x1x1,0x0x0,2048x2x1x1
Qcur-8,RESHAPE,0.000313,417.417188,16384,5694308,128x16x2x1,0x0x0,128x16x2x1
norm-8,RMS_NORM,0.081666,417.502656,16384,5694308,128x16x2x1,0x0x0,128x16x2x1
Qcur_normed-8,MUL,0.002291,417.509427,16384,5694308,128x16x2x1,0x0x0,128x16x2x1
Qcur-8,ROPE,0.002448,417.515573,16384,5694308,128x16x2x1,0x0x0,128x16x2x1
Vcur-8,MUL_MAT,0.050833,417.570052,8192,5694308,1024x2x1x1,0x0x0,1024x2x1x1
Vcur-8,RESHAPE,0.000313,417.574688,8192,5694308,128x8x2x1,0x0x0,128x8x2x1
Kcur-8,MUL_MAT,0.133020,417.711458,8192,5694308,1024x2x1x1,0x0x0,1024x2x1x1
Kcur-8,RESHAPE,0.000313,417.716511,8192,5694308,128x8x2x1,0x0x0,128x8x2x1
norm-8,RMS_NORM,0.097239,417.817656,8192,5694308,128x8x2x1,0x0x0,128x8x2x1
Kcur_normed-8,MUL,0.001510,417.823646,8192,5694308,128x8x2x1,0x0x0,128x8x2x1
Kcur-8,ROPE,0.001979,417.829375,8192,5694308,128x8x2x1,0x0x0,128x8x2x1
Kcur-8 (view),VIEW,0.000313,417.833386,8192,5694308,1024x2x1x1,0x0x0,1024x2x1x1
cache_k_l8 (view),SET_ROWS,0.042396,417.879479,83886080,5694308,1024x40960x1x1,0x0x0,1024x40960x1x1
Vcur-8 (view),VIEW,0.000312,417.884583,8192,5694308,1024x2x1x1,0x0x0,1024x2x1x1
cache_v_l8 (view),SET_ROWS,0.015157,417.903490,83886080,5694308,1024x40960x1x1,0x0x0,1024x40960x1x1
Qcur-8 (view),VIEW,0.000312,417.908177,16384,5694308,128x16x2x1,0x0x0,128x16x2x1
Qcur-8 (view) (permuted),PERMUTE,0.016511,417.928438,16384,5694308,128x2x16x1,0x0x0,128x2x16x1
cache_k_l8 (view),VIEW,0.000313,417.933021,524288,5694308,128x8x256x1,0x0x0,128x8x256x1
cache_k_l8 (view) (permuted),PERMUTE,0.014063,417.950938,524288,5694308,128x256x8x1,0x0x0,128x256x8x1
cache_v_l8 (view),VIEW,0.000573,417.955781,524288,5694308,128x8x256x1,0x0x0,128x8x256x1
cache_v_l8 (view) (permuted),PERMUTE,0.015730,417.975313,524288,5694308,128x256x8x1,0x0x0,128x256x8x1
node_305,FLASH_ATTN_EXT,0.043541,418.023177,16384,5694308,128x16x2x1,0x0x0,128x16x2x1
kqv_out-8,RESHAPE,0.000312,418.027604,16384,5694308,2048x2x1x1,0x0x0,2048x2x1x1
node_307,MUL_MAT,0.176250,418.207448,16384,5694308,2048x2x1x1,0x0x0,2048x2x1x1
ffn_inp-8,ADD,0.003282,418.215365,16384,5694308,2048x2x1x1,0x0x0,2048x2x1x1
norm-8,RMS_NORM,0.004323,418.223438,16384,5694308,2048x2x1x1,0x0x0,2048x2x1x1
ffn_norm-8,MUL,0.002448,418.229479,16384,5694308,2048x2x1x1,0x0x0,2048x2x1x1
ffn_gate-8,MUL_MAT,0.289636,418.522761,49152,5694308,6144x2x1x1,0x0x0,6144x2x1x1
ffn_up-8,MUL_MAT,0.292239,418.819531,49152,5694308,6144x2x1x1,0x0x0,6144x2x1x1
ffn_swiglu-8,GLU,0.008594,418.832448,49152,5694308,6144x2x1x1,0x0x0,6144x2x1x1
ffn_out-8,MUL_MAT,0.280052,419.122083,16384,5694308,2048x2x1x1,0x0x0,2048x2x1x1
l_out-8,ADD,0.002812,419.129583,16384,5694308,2048x2x1x1,0x0x0,2048x2x1x1
norm-9,RMS_NORM,0.004948,419.138177,16384,5694308,2048x2x1x1,0x0x0,2048x2x1x1
attn_norm-9,MUL,0.002344,419.144219,16384,5694308,2048x2x1x1,0x0x0,2048x2x1x1
Qcur-9,MUL_MAT,0.100677,419.248438,16384,5694308,2048x2x1x1,0x0x0,2048x2x1x1
Qcur-9,RESHAPE,0.000312,419.253125,16384,5694308,128x16x2x1,0x0x0,128x16x2x1
norm-9,RMS_NORM,0.081146,419.338229,16384,5694308,128x16x2x1,0x0x0,128x16x2x1
Qcur_normed-9,MUL,0.002083,419.344844,16384,5694308,128x16x2x1,0x0x0,128x16x2x1
Qcur-9,ROPE,0.002239,419.350677,16384,5694308,128x16x2x1,0x0x0,128x16x2x1
Vcur-9,MUL_MAT,0.051615,419.405938,8192,5694308,1024x2x1x1,0x0x0,1024x2x1x1
Vcur-9,RESHAPE,0.000312,419.410573,8192,5694308,128x8x2x1,0x0x0,128x8x2x1
Kcur-9,MUL_MAT,0.139219,419.553490,8192,5694308,1024x2x1x1,0x0x0,1024x2x1x1
Kcur-9,RESHAPE,0.000365,419.558386,8192,5694308,128x8x2x1,0x0x0,128x8x2x1
norm-9,RMS_NORM,0.083125,419.645156,8192,5694308,128x8x2x1,0x0x0,128x8x2x1
Kcur_normed-9,MUL,0.001719,419.651198,8192,5694308,128x8x2x1,0x0x0,128x8x2x1
Kcur-9,ROPE,0.001875,419.656719,8192,5694308,128x8x2x1,0x0x0,128x8x2x1
Kcur-9 (view),VIEW,0.000364,419.660625,8192,5694308,1024x2x1x1,0x0x0,1024x2x1x1
cache_k_l9 (view),SET_ROWS,0.041198,419.705521,83886080,5694308,1024x40960x1x1,0x0x0,1024x40960x1x1
Vcur-9 (view),VIEW,0.000261,419.710313,8192,5694308,1024x2x1x1,0x0x0,1024x2x1x1
cache_v_l9 (view),SET_ROWS,0.018645,419.732708,83886080,5694308,1024x40960x1x1,0x0x0,1024x40960x1x1
Qcur-9 (view),VIEW,0.000313,419.737344,16384,5694308,128x16x2x1,0x0x0,128x16x2x1
Qcur-9 (view) (permuted),PERMUTE,0.014114,419.755208,16384,5694308,128x2x16x1,0x0x0,128x2x16x1
cache_k_l9 (view),VIEW,0.000417,419.759896,524288,5694308,128x8x256x1,0x0x0,128x8x256x1
cache_k_l9 (view) (permuted),PERMUTE,0.016146,419.780000,524288,5694308,128x256x8x1,0x0x0,128x256x8x1
cache_v_l9 (view),VIEW,0.000417,419.784792,524288,5694308,128x8x256x1,0x0x0,128x8x256x1
cache_v_l9 (view) (permuted),PERMUTE,0.013646,419.802240,524288,5694308,128x256x8x1,0x0x0,128x256x8x1
node_340,FLASH_ATTN_EXT,0.043750,419.850261,16384,5694308,128x16x2x1,0x0x0,128x16x2x1
kqv_out-9,RESHAPE,0.000260,419.854583,16384,5694308,2048x2x1x1,0x0x0,2048x2x1x1
node_342,MUL_MAT,0.182292,420.040573,16384,5694308,2048x2x1x1,0x0x0,2048x2x1x1
ffn_inp-9,ADD,0.002760,420.048125,16384,5694308,2048x2x1x1,0x0x0,2048x2x1x1
norm-9,RMS_NORM,0.004375,420.056250,16384,5694308,2048x2x1x1,0x0x0,2048x2x1x1
ffn_norm-9,MUL,0.002500,420.062396,16384,5694308,2048x2x1x1,0x0x0,2048x2x1x1
ffn_gate-9,MUL_MAT,0.291927,420.358021,49152,5694308,6144x2x1x1,0x0x0,6144x2x1x1
ffn_up-9,MUL_MAT,0.314583,420.677396,49152,5694308,6144x2x1x1,0x0x0,6144x2x1x1
ffn_swiglu-9,GLU,0.008281,420.690521,49152,5694308,6144x2x1x1,0x0x0,6144x2x1x1
ffn_out-9,MUL_MAT,0.283750,420.978177,16384,5694308,2048x2x1x1,0x0x0,2048x2x1x1
l_out-9,ADD,0.002448,420.985313,16384,5694308,2048x2x1x1,0x0x0,2048x2x1x1
norm-10,RMS_NORM,0.004636,420.993594,16384,5694308,2048x2x1x1,0x0x0,2048x2x1x1
attn_norm-10,MUL,0.002708,420.999844,16384,5694308,2048x2x1x1,0x0x0,2048x2x1x1
Qcur-10,MUL_MAT,0.101145,421.104531,16384,5694308,2048x2x1x1,0x0x0,2048x2x1x1
Qcur-10,RESHAPE,0.000313,421.109219,16384,5694308,128x16x2x1,0x0x0,128x16x2x1
norm-10,RMS_NORM,0.085677,421.198698,16384,5694308,128x16x2x1,0x0x0,128x16x2x1
Qcur_normed-10,MUL,0.002396,421.205469,16384,5694308,128x16x2x1,0x0x0,128x16x2x1
Qcur-10,ROPE,0.002291,421.211406,16384,5694308,128x16x2x1,0x0x0,128x16x2x1
Vcur-10,MUL_MAT,0.051094,421.266094,8192,5694308,1024x2x1x1,0x0x0,1024x2x1x1
Vcur-10,RESHAPE,0.000312,421.270677,8192,5694308,128x8x2x1,0x0x0,128x8x2x1
Kcur-10,MUL_MAT,0.130052,421.404479,8192,5694308,1024x2x1x1,0x0x0,1024x2x1x1
Kcur-10,RESHAPE,0.000312,421.409323,8192,5694308,128x8x2x1,0x0x0,128x8x2x1
norm-10,RMS_NORM,0.080885,421.493906,8192,5694308,128x8x2x1,0x0x0,128x8x2x1
Kcur_normed-10,MUL,0.001614,421.500208,8192,5694308,128x8x2x1,0x0x0,128x8x2x1
Kcur-10,ROPE,0.001771,421.505677,8192,5694308,128x8x2x1,0x0x0,128x8x2x1
Kcur-10 (view),VIEW,0.000365,421.521771,8192,5694308,1024x2x1x1,0x0x0,1024x2x1x1
cache_k_l10 (view),SET_ROWS,0.041511,421.567240,83886080,5694308,1024x40960x1x1,0x0x0,1024x40960x1x1
Vcur-10 (view),VIEW,0.000312,421.571979,8192,5694308,1024x2x1x1,0x0x0,1024x2x1x1
cache_v_l10 (view),SET_ROWS,0.015209,421.590938,83886080,5694308,1024x40960x1x1,0x0x0,1024x40960x1x1
Qcur-10 (view),VIEW,0.000365,421.595573,16384,5694308,128x16x2x1,0x0x0,128x16x2x1
Qcur-10 (view) (permuted),PERMUTE,0.016615,421.616094,16384,5694308,128x2x16x1,0x0x0,128x2x16x1
cache_k_l10 (view),VIEW,0.000469,421.620677,524288,5694308,128x8x256x1,0x0x0,128x8x256x1
cache_k_l10 (view) (permuted),PERMUTE,0.013489,421.638125,524288,5694308,128x256x8x1,0x0x0,128x256x8x1
cache_v_l10 (view),VIEW,0.000469,421.642865,524288,5694308,128x8x256x1,0x0x0,128x8x256x1
cache_v_l10 (view) (permuted),PERMUTE,0.016406,421.663021,524288,5694308,128x256x8x1,0x0x0,128x256x8x1
node_375,FLASH_ATTN_EXT,0.043437,421.710729,16384,5694308,128x16x2x1,0x0x0,128x16x2x1
kqv_out-10,RESHAPE,0.000260,421.715000,16384,5694308,2048x2x1x1,0x0x0,2048x2x1x1
node_377,MUL_MAT,0.182292,421.901146,16384,5694308,2048x2x1x1,0x0x0,2048x2x1x1
ffn_inp-10,ADD,0.001719,421.907396,16384,5694308,2048x2x1x1,0x0x0,2048x2x1x1
norm-10,RMS_NORM,0.004167,421.915313,16384,5694308,2048x2x1x1,0x0x0,2048x2x1x1
ffn_norm-10,MUL,0.001667,421.920625,16384,5694308,2048x2x1x1,0x0x0,2048x2x1x1
ffn_gate-10,MUL_MAT,0.292292,422.216563,49152,5694308,6144x2x1x1,0x0x0,6144x2x1x1
ffn_up-10,MUL_MAT,0.290520,422.511458,49152,5694308,6144x2x1x1,0x0x0,6144x2x1x1
ffn_swiglu-10,GLU,0.004532,422.520313,49152,5694308,6144x2x1x1,0x0x0,6144x2x1x1
ffn_out-10,MUL_MAT,0.281250,422.805573,16384,5694308,2048x2x1x1,0x0x0,2048x2x1x1
l_out-10,ADD,0.002084,422.812188,16384,5694308,2048x2x1x1,0x0x0,2048x2x1x1
norm-11,RMS_NORM,0.003802,422.819740,16384,5694308,2048x2x1x1,0x0x0,2048x2x1x1
attn_norm-11,MUL,0.001666,422.825104,16384,5694308,2048x2x1x1,0x0x0,2048x2x1x1
Qcur-11,MUL_MAT,0.099063,422.927865,16384,5694308,2048x2x1x1,0x0x0,2048x2x1x1
Qcur-11,RESHAPE,0.000312,422.932552,16384,5694308,128x16x2x1,0x0x0,128x16x2x1
norm-11,RMS_NORM,0.086771,423.023177,16384,5694308,128x16x2x1,0x0x0,128x16x2x1
Qcur_normed-11,MUL,0.002239,423.030156,16384,5694308,128x16x2x1,0x0x0,128x16x2x1
Qcur-11,ROPE,0.002396,423.036250,16384,5694308,128x16x2x1,0x0x0,128x16x2x1
Vcur-11,MUL_MAT,0.052083,423.091979,8192,5694308,1024x2x1x1,0x0x0,1024x2x1x1
Vcur-11,RESHAPE,0.000364,423.096927,8192,5694308,128x8x2x1,0x0x0,128x8x2x1
Kcur-11,MUL_MAT,0.145886,423.246563,8192,5694308,1024x2x1x1,0x0x0,1024x2x1x1
Kcur-11,RESHAPE,0.000313,423.251667,8192,5694308,128x8x2x1,0x0x0,128x8x2x1
norm-11,RMS_NORM,0.084166,423.339531,8192,5694308,128x8x2x1,0x0x0,128x8x2x1
Kcur_normed-11,MUL,0.001562,423.345677,8192,5694308,128x8x2x1,0x0x0,128x8x2x1
Kcur-11,ROPE,0.001771,423.351146,8192,5694308,128x8x2x1,0x0x0,128x8x2x1
Kcur-11 (view),VIEW,0.000312,423.355052,8192,5694308,1024x2x1x1,0x0x0,1024x2x1x1
cache_k_l11 (view),SET_ROWS,0.042292,423.401146,83886080,5694308,1024x40960x1x1,0x0x0,1024x40960x1x1
Vcur-11 (view),VIEW,0.000313,423.406042,8192,5694308,1024x2x1x1,0x0x0,1024x2x1x1
cache_v_l11 (view),SET_ROWS,0.015208,423.425104,83886080,5694308,1024x40960x1x1,0x0x0,1024x40960x1x1
Qcur-11 (view),VIEW,0.000312,423.430000,16384,5694308,128x16x2x1,0x0x0,128x16x2x1
Qcur-11 (view) (permuted),PERMUTE,0.014896,423.448698,16384,5694308,128x2x16x1,0x0x0,128x2x16x1
cache_k_l11 (view),VIEW,0.000260,423.453125,524288,5694308,128x8x256x1,0x0x0,128x8x256x1
cache_k_l11 (view) (permuted),PERMUTE,0.012136,423.469219,524288,5694308,128x256x8x1,0x0x0,128x256x8x1
cache_v_l11 (view),VIEW,0.000260,423.473802,524288,5694308,128x8x256x1,0x0x0,128x8x256x1
cache_v_l11 (view) (permuted),PERMUTE,0.011302,423.488854,524288,5694308,128x256x8x1,0x0x0,128x256x8x1
node_410,FLASH_ATTN_EXT,0.037292,423.530313,16384,5694308,128x16x2x1,0x0x0,128x16x2x1
kqv_out-11,RESHAPE,0.000365,423.534896,16384,5694308,2048x2x1x1,0x0x0,2048x2x1x1
node_412,MUL_MAT,0.182656,423.721250,16384,5694308,2048x2x1x1,0x0x0,2048x2x1x1
ffn_inp-11,ADD,0.002969,423.728802,16384,5694308,2048x2x1x1,0x0x0,2048x2x1x1
norm-11,RMS_NORM,0.004948,423.741719,16384,5694308,2048x2x1x1,0x0x0,2048x2x1x1
ffn_norm-11,MUL,0.002604,423.748229,16384,5694308,2048x2x1x1,0x0x0,2048x2x1x1
ffn_gate-11,MUL_MAT,0.292031,424.043854,49152,5694308,6144x2x1x1,0x0x0,6144x2x1x1
ffn_up-11,MUL_MAT,0.290156,424.338281,49152,5694308,6144x2x1x1,0x0x0,6144x2x1x1
ffn_swiglu-11,GLU,0.008385,424.351146,49152,5694308,6144x2x1x1,0x0x0,6144x2x1x1
ffn_out-11,MUL_MAT,0.300938,424.656094,16384,5694308,2048x2x1x1,0x0x0,2048x2x1x1
l_out-11,ADD,0.002552,424.663125,16384,5694308,2048x2x1x1,0x0x0,2048x2x1x1
norm-12,RMS_NORM,0.005156,424.672031,16384,5694308,2048x2x1x1,0x0x0,2048x2x1x1
attn_norm-12,MUL,0.002552,424.678229,16384,5694308,2048x2x1x1,0x0x0,2048x2x1x1
Qcur-12,MUL_MAT,0.100104,424.781979,16384,5694308,2048x2x1x1,0x0x0,2048x2x1x1
Qcur-12,RESHAPE,0.000313,424.786667,16384,5694308,128x16x2x1,0x0x0,128x16x2x1
norm-12,RMS_NORM,0.090990,424.881511,16384,5694308,128x16x2x1,0x0x0,128x16x2x1
Qcur_normed-12,MUL,0.002344,424.888490,16384,5694308,128x16x2x1,0x0x0,128x16x2x1
Qcur-12,ROPE,0.002240,424.894323,16384,5694308,128x16x2x1,0x0x0,128x16x2x1
Vcur-12,MUL_MAT,0.051510,424.949583,8192,5694308,1024x2x1x1,0x0x0,1024x2x1x1
Vcur-12,RESHAPE,0.000312,424.954323,8192,5694308,128x8x2x1,0x0x0,128x8x2x1
Kcur-12,MUL_MAT,0.138906,425.096927,8192,5694308,1024x2x1x1,0x0x0,1024x2x1x1
Kcur-12,RESHAPE,0.000313,425.101719,8192,5694308,128x8x2x1,0x0x0,128x8x2x1
norm-12,RMS_NORM,0.079010,425.184427,8192,5694308,128x8x2x1,0x0x0,128x8x2x1
Kcur_normed-12,MUL,0.001407,425.190365,8192,5694308,128x8x2x1,0x0x0,128x8x2x1
Kcur-12,ROPE,0.001666,425.195677,8192,5694308,128x8x2x1,0x0x0,128x8x2x1
Kcur-12 (view),VIEW,0.000313,425.199636,8192,5694308,1024x2x1x1,0x0x0,1024x2x1x1
cache_k_l12 (view),SET_ROWS,0.033594,425.236823,83886080,5694308,1024x40960x1x1,0x0x0,1024x40960x1x1
Vcur-12 (view),VIEW,0.000312,425.241458,8192,5694308,1024x2x1x1,0x0x0,1024x2x1x1
cache_v_l12 (view),SET_ROWS,0.017552,425.262969,83886080,5694308,1024x40960x1x1,0x0x0,1024x40960x1x1
Qcur-12 (view),VIEW,0.000312,425.267708,16384,5694308,128x16x2x1,0x0x0,128x16x2x1
Qcur-12 (view) (permuted),PERMUTE,0.013645,425.285208,16384,5694308,128x2x16x1,0x0x0,128x2x16x1
cache_k_l12 (view),VIEW,0.000469,425.289948,524288,5694308,128x8x256x1,0x0x0,128x8x256x1
cache_k_l12 (view) (permuted),PERMUTE,0.010417,425.304167,524288,5694308,128x256x8x1,0x0x0,128x256x8x1
cache_v_l12 (view),VIEW,0.000468,425.308854,524288,5694308,128x8x256x1,0x0x0,128x8x256x1
cache_v_l12 (view) (permuted),PERMUTE,0.013333,425.325833,524288,5694308,128x256x8x1,0x0x0,128x256x8x1
node_445,FLASH_ATTN_EXT,0.045573,425.375625,16384,5694308,128x16x2x1,0x0x0,128x16x2x1
kqv_out-12,RESHAPE,0.000313,425.379896,16384,5694308,2048x2x1x1,0x0x0,2048x2x1x1
node_447,MUL_MAT,0.183906,425.567396,16384,5694308,2048x2x1x1,0x0x0,2048x2x1x1
ffn_inp-12,ADD,0.003125,425.575156,16384,5694308,2048x2x1x1,0x0x0,2048x2x1x1
norm-12,RMS_NORM,0.004323,425.583177,16384,5694308,2048x2x1x1,0x0x0,2048x2x1x1
ffn_norm-12,MUL,0.002500,425.589271,16384,5694308,2048x2x1x1,0x0x0,2048x2x1x1
ffn_gate-12,MUL_MAT,0.290468,425.883281,49152,5694308,6144x2x1x1,0x0x0,6144x2x1x1
ffn_up-12,MUL_MAT,0.291718,426.179479,49152,5694308,6144x2x1x1,0x0x0,6144x2x1x1
ffn_swiglu-12,GLU,0.008489,426.192552,49152,5694308,6144x2x1x1,0x0x0,6144x2x1x1
ffn_out-12,MUL_MAT,0.281354,426.478073,16384,5694308,2048x2x1x1,0x0x0,2048x2x1x1
l_out-12,ADD,0.002709,426.485313,16384,5694308,2048x2x1x1,0x0x0,2048x2x1x1
norm-13,RMS_NORM,0.004896,426.493802,16384,5694308,2048x2x1x1,0x0x0,2048x2x1x1
attn_norm-13,MUL,0.002500,426.499896,16384,5694308,2048x2x1x1,0x0x0,2048x2x1x1
Qcur-13,MUL_MAT,0.099479,426.602917,16384,5694308,2048x2x1x1,0x0x0,2048x2x1x1
Qcur-13,RESHAPE,0.000312,426.607604,16384,5694308,128x16x2x1,0x0x0,128x16x2x1
norm-13,RMS_NORM,0.097343,426.708906,16384,5694308,128x16x2x1,0x0x0,128x16x2x1
Qcur_normed-13,MUL,0.002083,426.715677,16384,5694308,128x16x2x1,0x0x0,128x16x2x1
Qcur-13,ROPE,0.002240,426.721615,16384,5694308,128x16x2x1,0x0x0,128x16x2x1
Vcur-13,MUL_MAT,0.050729,426.776042,8192,5694308,1024x2x1x1,0x0x0,1024x2x1x1
Vcur-13,RESHAPE,0.000364,426.785000,8192,5694308,128x8x2x1,0x0x0,128x8x2x1
Kcur-13,MUL_MAT,0.133750,426.922761,8192,5694308,1024x2x1x1,0x0x0,1024x2x1x1
Kcur-13,RESHAPE,0.000313,426.927761,8192,5694308,128x8x2x1,0x0x0,128x8x2x1
norm-13,RMS_NORM,0.091302,427.022813,8192,5694308,128x8x2x1,0x0x0,128x8x2x1
Kcur_normed-13,MUL,0.001302,427.028750,8192,5694308,128x8x2x1,0x0x0,128x8x2x1
Kcur-13,ROPE,0.001979,427.034375,8192,5694308,128x8x2x1,0x0x0,128x8x2x1
Kcur-13 (view),VIEW,0.000312,427.038281,8192,5694308,1024x2x1x1,0x0x0,1024x2x1x1
cache_k_l13 (view),SET_ROWS,0.034844,427.076823,83886080,5694308,1024x40960x1x1,0x0x0,1024x40960x1x1
Vcur-13 (view),VIEW,0.000313,427.081667,8192,5694308,1024x2x1x1,0x0x0,1024x2x1x1
cache_v_l13 (view),SET_ROWS,0.015677,427.101146,83886080,5694308,1024x40960x1x1,0x0x0,1024x40960x1x1
Qcur-13 (view),VIEW,0.000260,427.105781,16384,5694308,128x16x2x1,0x0x0,128x16x2x1
Qcur-13 (view) (permuted),PERMUTE,0.013907,427.123490,16384,5694308,128x2x16x1,0x0x0,128x2x16x1
cache_k_l13 (view),VIEW,0.000468,427.128229,524288,5694308,128x8x256x1,0x0x0,128x8x256x1
cache_k_l13 (view) (permuted),PERMUTE,0.016250,427.148229,524288,5694308,128x256x8x1,0x0x0,128x256x8x1
cache_v_l13 (view),VIEW,0.000469,427.153021,524288,5694308,128x8x256x1,0x0x0,128x8x256x1
cache_v_l13 (view) (permuted),PERMUTE,0.014219,427.170938,524288,5694308,128x256x8x1,0x0x0,128x256x8x1
node_480,FLASH_ATTN_EXT,0.044792,427.220000,16384,5694308,128x16x2x1,0x0x0,128x16x2x1
kqv_out-13,RESHAPE,0.000312,427.224479,16384,5694308,2048x2x1x1,0x0x0,2048x2x1x1
node_482,MUL_MAT,0.173490,427.401615,16384,5694308,2048x2x1x1,0x0x0,2048x2x1x1
ffn_inp-13,ADD,0.003333,427.409948,16384,5694308,2048x2x1x1,0x0x0,2048x2x1x1
norm-13,RMS_NORM,0.004688,427.418386,16384,5694308,2048x2x1x1,0x0x0,2048x2x1x1
ffn_norm-13,MUL,0.002448,427.424531,16384,5694308,2048x2x1x1,0x0x0,2048x2x1x1
ffn_gate-13,MUL_MAT,0.288646,427.716823,49152,5694308,6144x2x1x1,0x0x0,6144x2x1x1
ffn_up-13,MUL_MAT,0.289010,428.010677,49152,5694308,6144x2x1x1,0x0x0,6144x2x1x1
ffn_swiglu-13,GLU,0.008385,428.023698,49152,5694308,6144x2x1x1,0x0x0,6144x2x1x1
ffn_out-13,MUL_MAT,0.280417,428.308021,16384,5694308,2048x2x1x1,0x0x0,2048x2x1x1
l_out-13,ADD,0.002552,428.315104,16384,5694308,2048x2x1x1,0x0x0,2048x2x1x1
norm-14,RMS_NORM,0.004115,428.322969,16384,5694308,2048x2x1x1,0x0x0,2048x2x1x1
attn_norm-14,MUL,0.002708,428.329271,16384,5694308,2048x2x1x1,0x0x0,2048x2x1x1
Qcur-14,MUL_MAT,0.098281,428.431198,16384,5694308,2048x2x1x1,0x0x0,2048x2x1x1
Qcur-14,RESHAPE,0.000313,428.435938,16384,5694308,128x16x2x1,0x0x0,128x16x2x1
norm-14,RMS_NORM,0.083854,428.523698,16384,5694308,128x16x2x1,0x0x0,128x16x2x1
Qcur_normed-14,MUL,0.002344,428.530573,16384,5694308,128x16x2x1,0x0x0,128x16x2x1
Qcur-14,ROPE,0.002760,428.536927,16384,5694308,128x16x2x1,0x0x0,128x16x2x1
Vcur-14,MUL_MAT,0.070052,428.610469,8192,5694308,1024x2x1x1,0x0x0,1024x2x1x1
Vcur-14,RESHAPE,0.000313,428.615261,8192,5694308,128x8x2x1,0x0x0,128x8x2x1
Kcur-14,MUL_MAT,0.134843,428.753854,8192,5694308,1024x2x1x1,0x0x0,1024x2x1x1
Kcur-14,RESHAPE,0.000416,428.758958,8192,5694308,128x8x2x1,0x0x0,128x8x2x1
norm-14,RMS_NORM,0.086563,428.849219,8192,5694308,128x8x2x1,0x0x0,128x8x2x1
Kcur_normed-14,MUL,0.001302,428.854948,8192,5694308,128x8x2x1,0x0x0,128x8x2x1
Kcur-14,ROPE,0.001667,428.860313,8192,5694308,128x8x2x1,0x0x0,128x8x2x1
Kcur-14 (view),VIEW,0.000313,428.864271,8192,5694308,1024x2x1x1,0x0x0,1024x2x1x1
cache_k_l14 (view),SET_ROWS,0.042344,428.910313,83886080,5694308,1024x40960x1x1,0x0x0,1024x40960x1x1
Vcur-14 (view),VIEW,0.000313,428.915261,8192,5694308,1024x2x1x1,0x0x0,1024x2x1x1
cache_v_l14 (view),SET_ROWS,0.015625,428.934792,83886080,5694308,1024x40960x1x1,0x0x0,1024x40960x1x1
Qcur-14 (view),VIEW,0.000312,428.939479,16384,5694308,128x16x2x1,0x0x0,128x16x2x1
Qcur-14 (view) (permuted),PERMUTE,0.013959,428.957292,16384,5694308,128x2x16x1,0x0x0,128x2x16x1
cache_k_l14 (view),VIEW,0.000469,428.961927,524288,5694308,128x8x256x1,0x0x0,128x8x256x1
cache_k_l14 (view) (permuted),PERMUTE,0.010521,428.976250,524288,5694308,128x256x8x1,0x0x0,128x256x8x1
cache_v_l14 (view),VIEW,0.000469,428.980886,524288,5694308,128x8x256x1,0x0x0,128x8x256x1
cache_v_l14 (view) (permuted),PERMUTE,0.013593,429.002031,524288,5694308,128x256x8x1,0x0x0,128x256x8x1
node_515,FLASH_ATTN_EXT,0.044167,429.050625,16384,5694308,128x16x2x1,0x0x0,128x16x2x1
kqv_out-14,RESHAPE,0.000313,429.054896,16384,5694308,2048x2x1x1,0x0x0,2048x2x1x1
node_517,MUL_MAT,0.183073,429.241615,16384,5694308,2048x2x1x1,0x0x0,2048x2x1x1
ffn_inp-14,ADD,0.002761,429.249011,16384,5694308,2048x2x1x1,0x0x0,2048x2x1x1
norm-14,RMS_NORM,0.004322,429.257083,16384,5694308,2048x2x1x1,0x0x0,2048x2x1x1
ffn_norm-14,MUL,0.002500,429.263229,16384,5694308,2048x2x1x1,0x0x0,2048x2x1x1
ffn_gate-14,MUL_MAT,0.289271,429.556094,49152,5694308,6144x2x1x1,0x0x0,6144x2x1x1
ffn_up-14,MUL_MAT,0.287864,429.848750,49152,5694308,6144x2x1x1,0x0x0,6144x2x1x1
ffn_swiglu-14,GLU,0.008282,429.861563,49152,5694308,6144x2x1x1,0x0x0,6144x2x1x1
ffn_out-14,MUL_MAT,0.279167,430.144688,16384,5694308,2048x2x1x1,0x0x0,2048x2x1x1
l_out-14,ADD,0.002553,430.151511,16384,5694308,2048x2x1x1,0x0x0,2048x2x1x1
norm-15,RMS_NORM,0.005365,430.160521,16384,5694308,2048x2x1x1,0x0x0,2048x2x1x1
attn_norm-15,MUL,0.003437,430.167604,16384,5694308,2048x2x1x1,0x0x0,2048x2x1x1
Qcur-15,MUL_MAT,0.100313,430.271563,16384,5694308,2048x2x1x1,0x0x0,2048x2x1x1
Qcur-15,RESHAPE,0.000312,430.276302,16384,5694308,128x16x2x1,0x0x0,128x16x2x1
norm-15,RMS_NORM,0.094427,430.374792,16384,5694308,128x16x2x1,0x0x0,128x16x2x1
Qcur_normed-15,MUL,0.002292,430.381771,16384,5694308,128x16x2x1,0x0x0,128x16x2x1
Qcur-15,ROPE,0.002292,430.387761,16384,5694308,128x16x2x1,0x0x0,128x16x2x1
Vcur-15,MUL_MAT,0.049948,430.441354,8192,5694308,1024x2x1x1,0x0x0,1024x2x1x1
Vcur-15,RESHAPE,0.000365,430.445990,8192,5694308,128x8x2x1,0x0x0,128x8x2x1
Kcur-15,MUL_MAT,0.134166,430.583906,8192,5694308,1024x2x1x1,0x0x0,1024x2x1x1
Kcur-15,RESHAPE,0.000365,430.589011,8192,5694308,128x8x2x1,0x0x0,128x8x2x1
norm-15,RMS_NORM,0.087864,430.680625,8192,5694308,128x8x2x1,0x0x0,128x8x2x1
Kcur_normed-15,MUL,0.001198,430.686302,8192,5694308,128x8x2x1,0x0x0,128x8x2x1
Kcur-15,ROPE,0.001667,430.691667,8192,5694308,128x8x2x1,0x0x0,128x8x2x1
Kcur-15 (view),VIEW,0.000364,430.695625,8192,5694308,1024x2x1x1,0x0x0,1024x2x1x1
cache_k_l15 (view),SET_ROWS,0.043541,430.742656,83886080,5694308,1024x40960x1x1,0x0x0,1024x40960x1x1
Vcur-15 (view),VIEW,0.000313,430.747396,8192,5694308,1024x2x1x1,0x0x0,1024x2x1x1
cache_v_l15 (view),SET_ROWS,0.014375,430.765521,83886080,5694308,1024x40960x1x1,0x0x0,1024x40960x1x1
Qcur-15 (view),VIEW,0.000260,430.770156,16384,5694308,128x16x2x1,0x0x0,128x16x2x1
Qcur-15 (view) (permuted),PERMUTE,0.014688,430.788594,16384,5694308,128x2x16x1,0x0x0,128x2x16x1
cache_k_l15 (view),VIEW,0.000468,430.793229,524288,5694308,128x8x256x1,0x0x0,128x8x256x1
cache_k_l15 (view) (permuted),PERMUTE,0.013594,430.810573,524288,5694308,128x256x8x1,0x0x0,128x256x8x1
cache_v_l15 (view),VIEW,0.000469,430.815365,524288,5694308,128x8x256x1,0x0x0,128x8x256x1
cache_v_l15 (view) (permuted),PERMUTE,0.014948,430.834115,524288,5694308,128x256x8x1,0x0x0,128x256x8x1
node_550,FLASH_ATTN_EXT,0.043750,430.881979,16384,5694308,128x16x2x1,0x0x0,128x16x2x1
kqv_out-15,RESHAPE,0.000312,430.886406,16384,5694308,2048x2x1x1,0x0x0,2048x2x1x1
node_552,MUL_MAT,0.175677,431.065781,16384,5694308,2048x2x1x1,0x0x0,2048x2x1x1
ffn_inp-15,ADD,0.002656,431.073125,16384,5694308,2048x2x1x1,0x0x0,2048x2x1x1
norm-15,RMS_NORM,0.004271,431.081094,16384,5694308,2048x2x1x1,0x0x0,2048x2x1x1
ffn_norm-15,MUL,0.002552,431.087240,16384,5694308,2048x2x1x1,0x0x0,2048x2x1x1
ffn_gate-15,MUL_MAT,0.288177,431.378958,49152,5694308,6144x2x1x1,0x0x0,6144x2x1x1
ffn_up-15,MUL_MAT,0.291563,431.674896,49152,5694308,6144x2x1x1,0x0x0,6144x2x1x1
ffn_swiglu-15,GLU,0.008281,431.687552,49152,5694308,6144x2x1x1,0x0x0,6144x2x1x1
ffn_out-15,MUL_MAT,0.281927,431.973542,16384,5694308,2048x2x1x1,0x0x0,2048x2x1x1
l_out-15,ADD,0.002552,431.980521,16384,5694308,2048x2x1x1,0x0x0,2048x2x1x1
norm-16,RMS_NORM,0.003646,431.987813,16384,5694308,2048x2x1x1,0x0x0,2048x2x1x1
attn_norm-16,MUL,0.002553,431.994011,16384,5694308,2048x2x1x1,0x0x0,2048x2x1x1
Qcur-16,MUL_MAT,0.100938,432.098542,16384,5694308,2048x2x1x1,0x0x0,2048x2x1x1
Qcur-16,RESHAPE,0.000365,432.107240,16384,5694308,128x16x2x1,0x0x0,128x16x2x1
norm-16,RMS_NORM,0.084063,432.195469,16384,5694308,128x16x2x1,0x0x0,128x16x2x1
Qcur_normed-16,MUL,0.002188,432.202292,16384,5694308,128x16x2x1,0x0x0,128x16x2x1
Qcur-16,ROPE,0.002500,432.208386,16384,5694308,128x16x2x1,0x0x0,128x16x2x1
Vcur-16,MUL_MAT,0.051719,432.263750,8192,5694308,1024x2x1x1,0x0x0,1024x2x1x1
Vcur-16,RESHAPE,0.000312,432.268281,8192,5694308,128x8x2x1,0x0x0,128x8x2x1
Kcur-16,MUL_MAT,0.133073,432.405052,8192,5694308,1024x2x1x1,0x0x0,1024x2x1x1
Kcur-16,RESHAPE,0.000312,432.410156,8192,5694308,128x8x2x1,0x0x0,128x8x2x1
norm-16,RMS_NORM,0.077240,432.491146,8192,5694308,128x8x2x1,0x0x0,128x8x2x1
Kcur_normed-16,MUL,0.001406,432.497083,8192,5694308,128x8x2x1,0x0x0,128x8x2x1
Kcur-16,ROPE,0.001719,432.502396,8192,5694308,128x8x2x1,0x0x0,128x8x2x1
Kcur-16 (view),VIEW,0.000364,432.518333,8192,5694308,1024x2x1x1,0x0x0,1024x2x1x1
cache_k_l16 (view),SET_ROWS,0.052188,432.574219,83886080,5694308,1024x40960x1x1,0x0x0,1024x40960x1x1
Vcur-16 (view),VIEW,0.000313,432.579115,8192,5694308,1024x2x1x1,0x0x0,1024x2x1x1
cache_v_l16 (view),SET_ROWS,0.011562,432.594427,83886080,5694308,1024x40960x1x1,0x0x0,1024x40960x1x1
Qcur-16 (view),VIEW,0.000313,432.599063,16384,5694308,128x16x2x1,0x0x0,128x16x2x1
Qcur-16 (view) (permuted),PERMUTE,0.013489,432.616458,16384,5694308,128x2x16x1,0x0x0,128x2x16x1
cache_k_l16 (view),VIEW,0.000469,432.621198,524288,5694308,128x8x256x1,0x0x0,128x8x256x1
cache_k_l16 (view) (permuted),PERMUTE,0.010573,432.635625,524288,5694308,128x256x8x1,0x0x0,128x256x8x1
cache_v_l16 (view),VIEW,0.000469,432.640521,524288,5694308,128x8x256x1,0x0x0,128x8x256x1
cache_v_l16 (view) (permuted),PERMUTE,0.014167,432.658438,524288,5694308,128x256x8x1,0x0x0,128x256x8x1
node_585,FLASH_ATTN_EXT,0.044167,432.706771,16384,5694308,128x16x2x1,0x0x0,128x16x2x1
kqv_out-16,RESHAPE,0.000313,432.710990,16384,5694308,2048x2x1x1,0x0x0,2048x2x1x1
node_587,MUL_MAT,0.188593,432.903229,16384,5694308,2048x2x1x1,0x0x0,2048x2x1x1
ffn_inp-16,ADD,0.002552,432.910521,16384,5694308,2048x2x1x1,0x0x0,2048x2x1x1
norm-16,RMS_NORM,0.004219,432.918438,16384,5694308,2048x2x1x1,0x0x0,2048x2x1x1
ffn_norm-16,MUL,0.002448,432.924479,16384,5694308,2048x2x1x1,0x0x0,2048x2x1x1
ffn_gate-16,MUL_MAT,0.291875,433.219948,49152,5694308,6144x2x1x1,0x0x0,6144x2x1x1
ffn_up-16,MUL_MAT,0.290625,433.515313,49152,5694308,6144x2x1x1,0x0x0,6144x2x1x1
ffn_swiglu-16,GLU,0.008541,433.528333,49152,5694308,6144x2x1x1,0x0x0,6144x2x1x1
ffn_out-16,MUL_MAT,0.280521,433.812969,16384,5694308,2048x2x1x1,0x0x0,2048x2x1x1
l_out-16,ADD,0.002552,433.820052,16384,5694308,2048x2x1x1,0x0x0,2048x2x1x1
norm-17,RMS_NORM,0.004896,433.828490,16384,5694308,2048x2x1x1,0x0x0,2048x2x1x1
attn_norm-17,MUL,0.002708,433.834896,16384,5694308,2048x2x1x1,0x0x0,2048x2x1x1
Qcur-17,MUL_MAT,0.099062,433.937552,16384,5694308,2048x2x1x1,0x0x0,2048x2x1x1
Qcur-17,RESHAPE,0.000313,433.942136,16384,5694308,128x16x2x1,0x0x0,128x16x2x1
norm-17,RMS_NORM,0.082760,434.028906,16384,5694308,128x16x2x1,0x0x0,128x16x2x1
Qcur_normed-17,MUL,0.002343,434.035729,16384,5694308,128x16x2x1,0x0x0,128x16x2x1
Qcur-17,ROPE,0.002240,434.041563,16384,5694308,128x16x2x1,0x0x0,128x16x2x1
Vcur-17,MUL_MAT,0.051042,434.096146,8192,5694308,1024x2x1x1,0x0x0,1024x2x1x1
Vcur-17,RESHAPE,0.000313,434.100886,8192,5694308,128x8x2x1,0x0x0,128x8x2x1
Kcur-17,MUL_MAT,0.133802,434.238333,8192,5694308,1024x2x1x1,0x0x0,1024x2x1x1
Kcur-17,RESHAPE,0.000364,434.243281,8192,5694308,128x8x2x1,0x0x0,128x8x2x1
norm-17,RMS_NORM,0.083334,434.330417,8192,5694308,128x8x2x1,0x0x0,128x8x2x1
Kcur_normed-17,MUL,0.001354,434.336250,8192,5694308,128x8x2x1,0x0x0,128x8x2x1
Kcur-17,ROPE,0.001771,434.341667,8192,5694308,128x8x2x1,0x0x0,128x8x2x1
Kcur-17 (view),VIEW,0.000313,434.345521,8192,5694308,1024x2x1x1,0x0x0,1024x2x1x1
cache_k_l17 (view),SET_ROWS,0.042916,434.392083,83886080,5694308,1024x40960x1x1,0x0x0,1024x40960x1x1
Vcur-17 (view),VIEW,0.000312,434.396823,8192,5694308,1024x2x1x1,0x0x0,1024x2x1x1
cache_v_l17 (view),SET_ROWS,0.015000,434.416406,83886080,5694308,1024x40960x1x1,0x0x0,1024x40960x1x1
Qcur-17 (view),VIEW,0.000364,434.425156,16384,5694308,128x16x2x1,0x0x0,128x16x2x1
Qcur-17 (view) (permuted),PERMUTE,0.022552,434.451927,16384,5694308,128x2x16x1,0x0x0,128x2x16x1
cache_k_l17 (view),VIEW,0.000417,434.456667,524288,5694308,128x8x256x1,0x0x0,128x8x256x1
cache_k_l17 (view) (permuted),PERMUTE,0.010260,434.470677,524288,5694308,128x256x8x1,0x0x0,128x256x8x1
cache_v_l17 (view),VIEW,0.000469,434.475365,524288,5694308,128x8x256x1,0x0x0,128x8x256x1
cache_v_l17 (view) (permuted),PERMUTE,0.010833,434.490104,524288,5694308,128x256x8x1,0x0x0,128x256x8x1
node_620,FLASH_ATTN_EXT,0.041354,434.535677,16384,5694308,128x16x2x1,0x0x0,128x16x2x1
kqv_out-17,RESHAPE,0.000260,434.539948,16384,5694308,2048x2x1x1,0x0x0,2048x2x1x1
node_622,MUL_MAT,0.180156,434.723906,16384,5694308,2048x2x1x1,0x0x0,2048x2x1x1
ffn_inp-17,ADD,0.002552,434.731250,16384,5694308,2048x2x1x1,0x0x0,2048x2x1x1
norm-17,RMS_NORM,0.004635,434.739583,16384,5694308,2048x2x1x1,0x0x0,2048x2x1x1
ffn_norm-17,MUL,0.002552,434.745729,16384,5694308,2048x2x1x1,0x0x0,2048x2x1x1
ffn_gate-17,MUL_MAT,0.290469,435.039948,49152,5694308,6144x2x1x1,0x0x0,6144x2x1x1
ffn_up-17,MUL_MAT,0.290729,435.335156,49152,5694308,6144x2x1x1,0x0x0,6144x2x1x1
ffn_swiglu-17,GLU,0.008281,435.348125,49152,5694308,6144x2x1x1,0x0x0,6144x2x1x1
ffn_out-17,MUL_MAT,0.281666,435.633906,16384,5694308,2048x2x1x1,0x0x0,2048x2x1x1
l_out-17,ADD,0.002708,435.641146,16384,5694308,2048x2x1x1,0x0x0,2048x2x1x1
norm-18,RMS_NORM,0.005000,435.649896,16384,5694308,2048x2x1x1,0x0x0,2048x2x1x1
attn_norm-18,MUL,0.002604,435.656146,16384,5694308,2048x2x1x1,0x0x0,2048x2x1x1
Qcur-18,MUL_MAT,0.099219,435.759115,16384,5694308,2048x2x1x1,0x0x0,2048x2x1x1
Qcur-18,RESHAPE,0.000312,435.763698,16384,5694308,128x16x2x1,0x0x0,128x16x2x1
norm-18,RMS_NORM,0.084844,435.852448,16384,5694308,128x16x2x1,0x0x0,128x16x2x1
Qcur_normed-18,MUL,0.002344,435.859323,16384,5694308,128x16x2x1,0x0x0,128x16x2x1
Qcur-18,ROPE,0.002083,435.865052,16384,5694308,128x16x2x1,0x0x0,128x16x2x1
Vcur-18,MUL_MAT,0.051406,435.920052,8192,5694308,1024x2x1x1,0x0x0,1024x2x1x1
Vcur-18,RESHAPE,0.000365,435.924688,8192,5694308,128x8x2x1,0x0x0,128x8x2x1
Kcur-18,MUL_MAT,0.131458,436.059896,8192,5694308,1024x2x1x1,0x0x0,1024x2x1x1
Kcur-18,RESHAPE,0.000313,436.064740,8192,5694308,128x8x2x1,0x0x0,128x8x2x1
norm-18,RMS_NORM,0.081562,436.150104,8192,5694308,128x8x2x1,0x0x0,128x8x2x1
Kcur_normed-18,MUL,0.001407,436.155938,8192,5694308,128x8x2x1,0x0x0,128x8x2x1
Kcur-18,ROPE,0.001823,436.161354,8192,5694308,128x8x2x1,0x0x0,128x8x2x1
Kcur-18 (view),VIEW,0.000365,436.165261,8192,5694308,1024x2x1x1,0x0x0,1024x2x1x1
cache_k_l18 (view),SET_ROWS,0.042864,436.211875,83886080,5694308,1024x40960x1x1,0x0x0,1024x40960x1x1
Vcur-18 (view),VIEW,0.000313,436.216771,8192,5694308,1024x2x1x1,0x0x0,1024x2x1x1
cache_v_l18 (view),SET_ROWS,0.015989,436.236458,83886080,5694308,1024x40960x1x1,0x0x0,1024x40960x1x1
Qcur-18 (view),VIEW,0.000365,436.241146,16384,5694308,128x16x2x1,0x0x0,128x16x2x1
Qcur-18 (view) (permuted),PERMUTE,0.016458,436.261354,16384,5694308,128x2x16x1,0x0x0,128x2x16x1
cache_k_l18 (view),VIEW,0.009635,436.275208,524288,5694308,128x8x256x1,0x0x0,128x8x256x1
cache_k_l18 (view) (permuted),PERMUTE,0.020625,436.300208,524288,5694308,128x256x8x1,0x0x0,128x256x8x1
cache_v_l18 (view),VIEW,0.000469,436.304948,524288,5694308,128x8x256x1,0x0x0,128x8x256x1
cache_v_l18 (view) (permuted),PERMUTE,0.025052,436.333802,524288,5694308,128x256x8x1,0x0x0,128x256x8x1
node_655,FLASH_ATTN_EXT,0.046667,436.384844,16384,5694308,128x16x2x1,0x0x0,128x16x2x1
kqv_out-18,RESHAPE,0.000313,436.389063,16384,5694308,2048x2x1x1,0x0x0,2048x2x1x1
node_657,MUL_MAT,0.198385,436.591198,16384,5694308,2048x2x1x1,0x0x0,2048x2x1x1
ffn_inp-18,ADD,0.002500,436.598698,16384,5694308,2048x2x1x1,0x0x0,2048x2x1x1
norm-18,RMS_NORM,0.004479,436.606875,16384,5694308,2048x2x1x1,0x0x0,2048x2x1x1
ffn_norm-18,MUL,0.002500,436.613125,16384,5694308,2048x2x1x1,0x0x0,2048x2x1x1
ffn_gate-18,MUL_MAT,0.293489,436.910208,49152,5694308,6144x2x1x1,0x0x0,6144x2x1x1
ffn_up-18,MUL_MAT,0.287552,437.202552,49152,5694308,6144x2x1x1,0x0x0,6144x2x1x1
ffn_swiglu-18,GLU,0.008281,437.219271,49152,5694308,6144x2x1x1,0x0x0,6144x2x1x1
ffn_out-18,MUL_MAT,0.279687,437.503229,16384,5694308,2048x2x1x1,0x0x0,2048x2x1x1
l_out-18,ADD,0.002553,437.510261,16384,5694308,2048x2x1x1,0x0x0,2048x2x1x1
norm-19,RMS_NORM,0.005052,437.518958,16384,5694308,2048x2x1x1,0x0x0,2048x2x1x1
attn_norm-19,MUL,0.003073,437.525677,16384,5694308,2048x2x1x1,0x0x0,2048x2x1x1
Qcur-19,MUL_MAT,0.098333,437.627656,16384,5694308,2048x2x1x1,0x0x0,2048x2x1x1
Qcur-19,RESHAPE,0.000313,437.632292,16384,5694308,128x16x2x1,0x0x0,128x16x2x1
norm-19,RMS_NORM,0.083281,437.719479,16384,5694308,128x16x2x1,0x0x0,128x16x2x1
Qcur_normed-19,MUL,0.002292,437.726198,16384,5694308,128x16x2x1,0x0x0,128x16x2x1
Qcur-19,ROPE,0.002239,437.732031,16384,5694308,128x16x2x1,0x0x0,128x16x2x1
Vcur-19,MUL_MAT,0.051198,437.786823,8192,5694308,1024x2x1x1,0x0x0,1024x2x1x1
Vcur-19,RESHAPE,0.000312,437.791458,8192,5694308,128x8x2x1,0x0x0,128x8x2x1
Kcur-19,MUL_MAT,0.134375,437.929531,8192,5694308,1024x2x1x1,0x0x0,1024x2x1x1
Kcur-19,RESHAPE,0.000312,437.934531,8192,5694308,128x8x2x1,0x0x0,128x8x2x1
norm-19,RMS_NORM,0.077083,438.015469,8192,5694308,128x8x2x1,0x0x0,128x8x2x1
Kcur_normed-19,MUL,0.001458,438.021302,8192,5694308,128x8x2x1,0x0x0,128x8x2x1
Kcur-19,ROPE,0.001823,438.026823,8192,5694308,128x8x2x1,0x0x0,128x8x2x1
Kcur-19 (view),VIEW,0.000312,438.030677,8192,5694308,1024x2x1x1,0x0x0,1024x2x1x1
cache_k_l19 (view),SET_ROWS,0.045729,438.080000,83886080,5694308,1024x40960x1x1,0x0x0,1024x40960x1x1
Vcur-19 (view),VIEW,0.000313,438.084896,8192,5694308,1024x2x1x1,0x0x0,1024x2x1x1
cache_v_l19 (view),SET_ROWS,0.015261,438.104011,83886080,5694308,1024x40960x1x1,0x0x0,1024x40960x1x1
Qcur-19 (view),VIEW,0.000312,438.108802,16384,5694308,128x16x2x1,0x0x0,128x16x2x1
Qcur-19 (view) (permuted),PERMUTE,0.013854,438.126458,16384,5694308,128x2x16x1,0x0x0,128x2x16x1
cache_k_l19 (view),VIEW,0.000469,438.131146,524288,5694308,128x8x256x1,0x0x0,128x8x256x1
cache_k_l19 (view) (permuted),PERMUTE,0.010885,438.145625,524288,5694308,128x256x8x1,0x0x0,128x256x8x1
cache_v_l19 (view),VIEW,0.000469,438.150313,524288,5694308,128x8x256x1,0x0x0,128x8x256x1
cache_v_l19 (view) (permuted),PERMUTE,0.014063,438.168021,524288,5694308,128x256x8x1,0x0x0,128x256x8x1
node_690,FLASH_ATTN_EXT,0.045260,438.217500,16384,5694308,128x16x2x1,0x0x0,128x16x2x1
kqv_out-19,RESHAPE,0.000313,438.221771,16384,5694308,2048x2x1x1,0x0x0,2048x2x1x1
node_692,MUL_MAT,0.188177,438.413698,16384,5694308,2048x2x1x1,0x0x0,2048x2x1x1
ffn_inp-19,ADD,0.002500,438.420781,16384,5694308,2048x2x1x1,0x0x0,2048x2x1x1
norm-19,RMS_NORM,0.004167,438.428594,16384,5694308,2048x2x1x1,0x0x0,2048x2x1x1
ffn_norm-19,MUL,0.002500,438.434740,16384,5694308,2048x2x1x1,0x0x0,2048x2x1x1
ffn_gate-19,MUL_MAT,0.291146,438.729479,49152,5694308,6144x2x1x1,0x0x0,6144x2x1x1
ffn_up-19,MUL_MAT,0.291303,439.025261,49152,5694308,6144x2x1x1,0x0x0,6144x2x1x1
ffn_swiglu-19,GLU,0.008385,439.038177,49152,5694308,6144x2x1x1,0x0x0,6144x2x1x1
ffn_out-19,MUL_MAT,0.281927,439.324219,16384,5694308,2048x2x1x1,0x0x0,2048x2x1x1
l_out-19,ADD,0.002708,439.331302,16384,5694308,2048x2x1x1,0x0x0,2048x2x1x1
norm-20,RMS_NORM,0.004896,439.339896,16384,5694308,2048x2x1x1,0x0x0,2048x2x1x1
attn_norm-20,MUL,0.002500,439.345990,16384,5694308,2048x2x1x1,0x0x0,2048x2x1x1
Qcur-20,MUL_MAT,0.100105,439.449688,16384,5694308,2048x2x1x1,0x0x0,2048x2x1x1
Qcur-20,RESHAPE,0.000312,439.454531,16384,5694308,128x16x2x1,0x0x0,128x16x2x1
norm-20,RMS_NORM,0.083021,439.541511,16384,5694308,128x16x2x1,0x0x0,128x16x2x1
Qcur_normed-20,MUL,0.002448,439.548386,16384,5694308,128x16x2x1,0x0x0,128x16x2x1
Qcur-20,ROPE,0.002292,439.554271,16384,5694308,128x16x2x1,0x0x0,128x16x2x1
Vcur-20,MUL_MAT,0.050416,439.608281,8192,5694308,1024x2x1x1,0x0x0,1024x2x1x1
Vcur-20,RESHAPE,0.000469,439.612969,8192,5694308,128x8x2x1,0x0x0,128x8x2x1
Kcur-20,MUL_MAT,0.133490,439.750261,8192,5694308,1024x2x1x1,0x0x0,1024x2x1x1
Kcur-20,RESHAPE,0.000312,439.755208,8192,5694308,128x8x2x1,0x0x0,128x8x2x1
norm-20,RMS_NORM,0.084479,439.843490,8192,5694308,128x8x2x1,0x0x0,128x8x2x1
Kcur_normed-20,MUL,0.001458,439.853073,8192,5694308,128x8x2x1,0x0x0,128x8x2x1
Kcur-20,ROPE,0.001823,439.858802,8192,5694308,128x8x2x1,0x0x0,128x8x2x1
Kcur-20 (view),VIEW,0.000313,439.862761,8192,5694308,1024x2x1x1,0x0x0,1024x2x1x1
cache_k_l20 (view),SET_ROWS,0.042864,439.909375,83886080,5694308,1024x40960x1x1,0x0x0,1024x40960x1x1
Vcur-20 (view),VIEW,0.000313,439.914115,8192,5694308,1024x2x1x1,0x0x0,1024x2x1x1
cache_v_l20 (view),SET_ROWS,0.014531,439.932344,83886080,5694308,1024x40960x1x1,0x0x0,1024x40960x1x1
Qcur-20 (view),VIEW,0.000260,439.936979,16384,5694308,128x16x2x1,0x0x0,128x16x2x1
Qcur-20 (view) (permuted),PERMUTE,0.014688,439.955313,16384,5694308,128x2x16x1,0x0x0,128x2x16x1
cache_k_l20 (view),VIEW,0.005209,439.964792,524288,5694308,128x8x256x1,0x0x0,128x8x256x1
cache_k_l20 (view) (permuted),PERMUTE,0.015782,439.984740,524288,5694308,128x256x8x1,0x0x0,128x256x8x1
cache_v_l20 (view),VIEW,0.000990,439.989948,524288,5694308,128x8x256x1,0x0x0,128x8x256x1
cache_v_l20 (view) (permuted),PERMUTE,0.013906,440.007552,524288,5694308,128x256x8x1,0x0x0,128x256x8x1
node_725,FLASH_ATTN_EXT,0.028073,440.039792,16384,5694308,128x16x2x1,0x0x0,128x16x2x1
kqv_out-20,RESHAPE,0.000313,440.044011,16384,5694308,2048x2x1x1,0x0x0,2048x2x1x1
node_727,MUL_MAT,0.181511,440.229167,16384,5694308,2048x2x1x1,0x0x0,2048x2x1x1
ffn_inp-20,ADD,0.003282,440.237136,16384,5694308,2048x2x1x1,0x0x0,2048x2x1x1
norm-20,RMS_NORM,0.004218,440.245104,16384,5694308,2048x2x1x1,0x0x0,2048x2x1x1
ffn_norm-20,MUL,0.002500,440.251250,16384,5694308,2048x2x1x1,0x0x0,2048x2x1x1
ffn_gate-20,MUL_MAT,0.289375,440.544271,49152,5694308,6144x2x1x1,0x0x0,6144x2x1x1
ffn_up-20,MUL_MAT,0.312291,440.861302,49152,5694308,6144x2x1x1,0x0x0,6144x2x1x1
ffn_swiglu-20,GLU,0.008334,440.875261,49152,5694308,6144x2x1x1,0x0x0,6144x2x1x1
ffn_out-20,MUL_MAT,0.277188,441.156511,16384,5694308,2048x2x1x1,0x0x0,2048x2x1x1
l_out-20,ADD,0.002500,441.163646,16384,5694308,2048x2x1x1,0x0x0,2048x2x1x1
norm-21,RMS_NORM,0.005260,441.172656,16384,5694308,2048x2x1x1,0x0x0,2048x2x1x1
attn_norm-21,MUL,0.002761,441.179011,16384,5694308,2048x2x1x1,0x0x0,2048x2x1x1
Qcur-21,MUL_MAT,0.098698,441.281406,16384,5694308,2048x2x1x1,0x0x0,2048x2x1x1
Qcur-21,RESHAPE,0.000313,441.285886,16384,5694308,128x16x2x1,0x0x0,128x16x2x1
norm-21,RMS_NORM,0.083750,441.373438,16384,5694308,128x16x2x1,0x0x0,128x16x2x1
Qcur_normed-21,MUL,0.002240,441.380261,16384,5694308,128x16x2x1,0x0x0,128x16x2x1
Qcur-21,ROPE,0.002343,441.386354,16384,5694308,128x16x2x1,0x0x0,128x16x2x1
Vcur-21,MUL_MAT,0.050104,441.440104,8192,5694308,1024x2x1x1,0x0x0,1024x2x1x1
Vcur-21,RESHAPE,0.000313,441.444740,8192,5694308,128x8x2x1,0x0x0,128x8x2x1
Kcur-21,MUL_MAT,0.137864,441.586406,8192,5694308,1024x2x1x1,0x0x0,1024x2x1x1
Kcur-21,RESHAPE,0.000313,441.591511,8192,5694308,128x8x2x1,0x0x0,128x8x2x1
norm-21,RMS_NORM,0.085833,441.681198,8192,5694308,128x8x2x1,0x0x0,128x8x2x1
Kcur_normed-21,MUL,0.001511,441.687240,8192,5694308,128x8x2x1,0x0x0,128x8x2x1
Kcur-21,ROPE,0.001614,441.692500,8192,5694308,128x8x2x1,0x0x0,128x8x2x1
Kcur-21 (view),VIEW,0.000469,441.696667,8192,5694308,1024x2x1x1,0x0x0,1024x2x1x1
cache_k_l21 (view),SET_ROWS,0.042291,441.742604,83886080,5694308,1024x40960x1x1,0x0x0,1024x40960x1x1
Vcur-21 (view),VIEW,0.000365,441.747448,8192,5694308,1024x2x1x1,0x0x0,1024x2x1x1
cache_v_l21 (view),SET_ROWS,0.015104,441.766146,83886080,5694308,1024x40960x1x1,0x0x0,1024x40960x1x1
Qcur-21 (view),VIEW,0.000312,441.770833,16384,5694308,128x16x2x1,0x0x0,128x16x2x1
Qcur-21 (view) (permuted),PERMUTE,0.016406,441.791042,16384,5694308,128x2x16x1,0x0x0,128x2x16x1
cache_k_l21 (view),VIEW,0.000260,441.795677,524288,5694308,128x8x256x1,0x0x0,128x8x256x1
cache_k_l21 (view) (permuted),PERMUTE,0.013959,441.813490,524288,5694308,128x256x8x1,0x0x0,128x256x8x1
cache_v_l21 (view),VIEW,0.000313,441.818021,524288,5694308,128x8x256x1,0x0x0,128x8x256x1
cache_v_l21 (view) (permuted),PERMUTE,0.016458,441.838333,524288,5694308,128x256x8x1,0x0x0,128x256x8x1
node_760,FLASH_ATTN_EXT,0.045781,441.888542,16384,5694308,128x16x2x1,0x0x0,128x16x2x1
kqv_out-21,RESHAPE,0.000365,441.892813,16384,5694308,2048x2x1x1,0x0x0,2048x2x1x1
node_762,MUL_MAT,0.182552,442.082344,16384,5694308,2048x2x1x1,0x0x0,2048x2x1x1
ffn_inp-21,ADD,0.003125,442.090365,16384,5694308,2048x2x1x1,0x0x0,2048x2x1x1
norm-21,RMS_NORM,0.004166,442.098281,16384,5694308,2048x2x1x1,0x0x0,2048x2x1x1
ffn_norm-21,MUL,0.008438,442.110365,16384,5694308,2048x2x1x1,0x0x0,2048x2x1x1
ffn_gate-21,MUL_MAT,0.288646,442.402761,49152,5694308,6144x2x1x1,0x0x0,6144x2x1x1
ffn_up-21,MUL_MAT,0.292396,442.699479,49152,5694308,6144x2x1x1,0x0x0,6144x2x1x1
ffn_swiglu-21,GLU,0.008438,442.712136,49152,5694308,6144x2x1x1,0x0x0,6144x2x1x1
ffn_out-21,MUL_MAT,0.281354,442.997500,16384,5694308,2048x2x1x1,0x0x0,2048x2x1x1
l_out-21,ADD,0.002500,443.004636,16384,5694308,2048x2x1x1,0x0x0,2048x2x1x1
norm-22,RMS_NORM,0.004532,443.012813,16384,5694308,2048x2x1x1,0x0x0,2048x2x1x1
attn_norm-22,MUL,0.003229,443.019583,16384,5694308,2048x2x1x1,0x0x0,2048x2x1x1
Qcur-22,MUL_MAT,0.099114,443.122500,16384,5694308,2048x2x1x1,0x0x0,2048x2x1x1
Qcur-22,RESHAPE,0.000365,443.127188,16384,5694308,128x16x2x1,0x0x0,128x16x2x1
norm-22,RMS_NORM,0.089583,443.220833,16384,5694308,128x16x2x1,0x0x0,128x16x2x1
Qcur_normed-22,MUL,0.002448,443.228021,16384,5694308,128x16x2x1,0x0x0,128x16x2x1
Qcur-22,ROPE,0.002135,443.233854,16384,5694308,128x16x2x1,0x0x0,128x16x2x1
Vcur-22,MUL_MAT,0.050000,443.287552,8192,5694308,1024x2x1x1,0x0x0,1024x2x1x1
Vcur-22,RESHAPE,0.000312,443.292083,8192,5694308,128x8x2x1,0x0x0,128x8x2x1
Kcur-22,MUL_MAT,0.135730,443.431511,8192,5694308,1024x2x1x1,0x0x0,1024x2x1x1
Kcur-22,RESHAPE,0.000312,443.436458,8192,5694308,128x8x2x1,0x0x0,128x8x2x1
norm-22,RMS_NORM,0.086563,443.526771,8192,5694308,128x8x2x1,0x0x0,128x8x2x1
Kcur_normed-22,MUL,0.001198,443.532500,8192,5694308,128x8x2x1,0x0x0,128x8x2x1
Kcur-22,ROPE,0.001719,443.537865,8192,5694308,128x8x2x1,0x0x0,128x8x2x1
Kcur-22 (view),VIEW,0.000313,443.541719,8192,5694308,1024x2x1x1,0x0x0,1024x2x1x1
cache_k_l22 (view),SET_ROWS,0.041614,443.586927,83886080,5694308,1024x40960x1x1,0x0x0,1024x40960x1x1
Vcur-22 (view),VIEW,0.000313,443.591667,8192,5694308,1024x2x1x1,0x0x0,1024x2x1x1
cache_v_l22 (view),SET_ROWS,0.014896,443.610313,83886080,5694308,1024x40960x1x1,0x0x0,1024x40960x1x1
Qcur-22 (view),VIEW,0.000312,443.615052,16384,5694308,128x16x2x1,0x0x0,128x16x2x1
Qcur-22 (view) (permuted),PERMUTE,0.014427,443.633229,16384,5694308,128x2x16x1,0x0x0,128x2x16x1
cache_k_l22 (view),VIEW,0.000573,443.637969,524288,5694308,128x8x256x1,0x0x0,128x8x256x1
cache_k_l22 (view) (permuted),PERMUTE,0.013750,443.655469,524288,5694308,128x256x8x1,0x0x0,128x256x8x1
cache_v_l22 (view),VIEW,0.000260,443.660052,524288,5694308,128x8x256x1,0x0x0,128x8x256x1
cache_v_l22 (view) (permuted),PERMUTE,0.014480,443.678438,524288,5694308,128x256x8x1,0x0x0,128x256x8x1
node_795,FLASH_ATTN_EXT,0.042084,443.724740,16384,5694308,128x16x2x1,0x0x0,128x16x2x1
kqv_out-22,RESHAPE,0.000313,443.729115,16384,5694308,2048x2x1x1,0x0x0,2048x2x1x1
node_797,MUL_MAT,0.170833,443.903750,16384,5694308,2048x2x1x1,0x0x0,2048x2x1x1
ffn_inp-22,ADD,0.002552,443.910938,16384,5694308,2048x2x1x1,0x0x0,2048x2x1x1
norm-22,RMS_NORM,0.004218,443.918906,16384,5694308,2048x2x1x1,0x0x0,2048x2x1x1
ffn_norm-22,MUL,0.001511,443.924063,16384,5694308,2048x2x1x1,0x0x0,2048x2x1x1
ffn_gate-22,MUL_MAT,0.286875,444.214479,49152,5694308,6144x2x1x1,0x0x0,6144x2x1x1
ffn_up-22,MUL_MAT,0.285052,444.503698,49152,5694308,6144x2x1x1,0x0x0,6144x2x1x1
ffn_swiglu-22,GLU,0.004531,444.512708,49152,5694308,6144x2x1x1,0x0x0,6144x2x1x1
ffn_out-22,MUL_MAT,0.291823,444.811667,16384,5694308,2048x2x1x1,0x0x0,2048x2x1x1
l_out-22,ADD,0.002448,444.819219,16384,5694308,2048x2x1x1,0x0x0,2048x2x1x1
norm-23,RMS_NORM,0.003750,444.826771,16384,5694308,2048x2x1x1,0x0x0,2048x2x1x1
attn_norm-23,MUL,0.001719,444.832240,16384,5694308,2048x2x1x1,0x0x0,2048x2x1x1
Qcur-23,MUL_MAT,0.097291,444.933177,16384,5694308,2048x2x1x1,0x0x0,2048x2x1x1
Qcur-23,RESHAPE,0.000313,444.937917,16384,5694308,128x16x2x1,0x0x0,128x16x2x1
norm-23,RMS_NORM,0.084167,445.025990,16384,5694308,128x16x2x1,0x0x0,128x16x2x1
Qcur_normed-23,MUL,0.002344,445.032813,16384,5694308,128x16x2x1,0x0x0,128x16x2x1
Qcur-23,ROPE,0.002396,445.042865,16384,5694308,128x16x2x1,0x0x0,128x16x2x1
Vcur-23,MUL_MAT,0.050312,445.097083,8192,5694308,1024x2x1x1,0x0x0,1024x2x1x1
Vcur-23,RESHAPE,0.000312,445.101875,8192,5694308,128x8x2x1,0x0x0,128x8x2x1
Kcur-23,MUL_MAT,0.140104,445.245729,8192,5694308,1024x2x1x1,0x0x0,1024x2x1x1
Kcur-23,RESHAPE,0.000365,445.250573,8192,5694308,128x8x2x1,0x0x0,128x8x2x1
norm-23,RMS_NORM,0.078646,445.333021,8192,5694308,128x8x2x1,0x0x0,128x8x2x1
Kcur_normed-23,MUL,0.001511,445.339063,8192,5694308,128x8x2x1,0x0x0,128x8x2x1
Kcur-23,ROPE,0.001927,445.344583,8192,5694308,128x8x2x1,0x0x0,128x8x2x1
Kcur-23 (view),VIEW,0.000365,445.348594,8192,5694308,1024x2x1x1,0x0x0,1024x2x1x1
cache_k_l23 (view),SET_ROWS,0.044114,445.396354,83886080,5694308,1024x40960x1x1,0x0x0,1024x40960x1x1
Vcur-23 (view),VIEW,0.016666,445.417552,8192,5694308,1024x2x1x1,0x0x0,1024x2x1x1
cache_v_l23 (view),SET_ROWS,0.032396,445.454219,83886080,5694308,1024x40960x1x1,0x0x0,1024x40960x1x1
Qcur-23 (view),VIEW,0.000677,445.459531,16384,5694308,128x16x2x1,0x0x0,128x16x2x1
Qcur-23 (view) (permuted),PERMUTE,0.012552,445.476042,16384,5694308,128x2x16x1,0x0x0,128x2x16x1
cache_k_l23 (view),VIEW,0.000312,445.480625,524288,5694308,128x8x256x1,0x0x0,128x8x256x1
cache_k_l23 (view) (permuted),PERMUTE,0.012292,445.496667,524288,5694308,128x256x8x1,0x0x0,128x256x8x1
cache_v_l23 (view),VIEW,0.000313,445.501146,524288,5694308,128x8x256x1,0x0x0,128x8x256x1
cache_v_l23 (view) (permuted),PERMUTE,0.021198,445.526250,524288,5694308,128x256x8x1,0x0x0,128x256x8x1
node_830,FLASH_ATTN_EXT,0.052344,445.583073,16384,5694308,128x16x2x1,0x0x0,128x16x2x1
kqv_out-23,RESHAPE,0.000313,445.587396,16384,5694308,2048x2x1x1,0x0x0,2048x2x1x1
node_832,MUL_MAT,0.182083,445.773177,16384,5694308,2048x2x1x1,0x0x0,2048x2x1x1
ffn_inp-23,ADD,0.003229,445.781042,16384,5694308,2048x2x1x1,0x0x0,2048x2x1x1
norm-23,RMS_NORM,0.004739,445.789375,16384,5694308,2048x2x1x1,0x0x0,2048x2x1x1
ffn_norm-23,MUL,0.002552,445.795573,16384,5694308,2048x2x1x1,0x0x0,2048x2x1x1
ffn_gate-23,MUL_MAT,0.291823,446.090990,49152,5694308,6144x2x1x1,0x0x0,6144x2x1x1
ffn_up-23,MUL_MAT,0.288229,446.383906,49152,5694308,6144x2x1x1,0x0x0,6144x2x1x1
ffn_swiglu-23,GLU,0.008386,446.396719,49152,5694308,6144x2x1x1,0x0x0,6144x2x1x1
ffn_out-23,MUL_MAT,0.281459,446.682188,16384,5694308,2048x2x1x1,0x0x0,2048x2x1x1
l_out-23,ADD,0.002656,446.689323,16384,5694308,2048x2x1x1,0x0x0,2048x2x1x1
norm-24,RMS_NORM,0.004844,446.697761,16384,5694308,2048x2x1x1,0x0x0,2048x2x1x1
attn_norm-24,MUL,0.002395,446.703958,16384,5694308,2048x2x1x1,0x0x0,2048x2x1x1
Qcur-24,MUL_MAT,0.097083,446.804583,16384,5694308,2048x2x1x1,0x0x0,2048x2x1x1
Qcur-24,RESHAPE,0.000313,446.809271,16384,5694308,128x16x2x1,0x0x0,128x16x2x1
norm-24,RMS_NORM,0.091042,446.904375,16384,5694308,128x16x2x1,0x0x0,128x16x2x1
Qcur_normed-24,MUL,0.002344,446.911250,16384,5694308,128x16x2x1,0x0x0,128x16x2x1
Qcur-24,ROPE,0.002344,446.917292,16384,5694308,128x16x2x1,0x0x0,128x16x2x1
Vcur-24,MUL_MAT,0.049427,446.970365,8192,5694308,1024x2x1x1,0x0x0,1024x2x1x1
Vcur-24,RESHAPE,0.000313,446.974896,8192,5694308,128x8x2x1,0x0x0,128x8x2x1
Kcur-24,MUL_MAT,0.130729,447.109427,8192,5694308,1024x2x1x1,0x0x0,1024x2x1x1
Kcur-24,RESHAPE,0.000312,447.114427,8192,5694308,128x8x2x1,0x0x0,128x8x2x1
norm-24,RMS_NORM,0.082500,447.200781,8192,5694308,128x8x2x1,0x0x0,128x8x2x1
Kcur_normed-24,MUL,0.001458,447.206719,8192,5694308,128x8x2x1,0x0x0,128x8x2x1
Kcur-24,ROPE,0.001875,447.212240,8192,5694308,128x8x2x1,0x0x0,128x8x2x1
Kcur-24 (view),VIEW,0.000365,447.216146,8192,5694308,1024x2x1x1,0x0x0,1024x2x1x1
cache_k_l24 (view),SET_ROWS,0.040000,447.259844,83886080,5694308,1024x40960x1x1,0x0x0,1024x40960x1x1
Vcur-24 (view),VIEW,0.000260,447.264531,8192,5694308,1024x2x1x1,0x0x0,1024x2x1x1
cache_v_l24 (view),SET_ROWS,0.015625,447.284063,83886080,5694308,1024x40960x1x1,0x0x0,1024x40960x1x1
Qcur-24 (view),VIEW,0.000312,447.288854,16384,5694308,128x16x2x1,0x0x0,128x16x2x1
Qcur-24 (view) (permuted),PERMUTE,0.014948,447.307656,16384,5694308,128x2x16x1,0x0x0,128x2x16x1
cache_k_l24 (view),VIEW,0.000417,447.312136,524288,5694308,128x8x256x1,0x0x0,128x8x256x1
cache_k_l24 (view) (permuted),PERMUTE,0.012865,447.332448,524288,5694308,128x256x8x1,0x0x0,128x256x8x1
cache_v_l24 (view),VIEW,0.000521,447.337240,524288,5694308,128x8x256x1,0x0x0,128x8x256x1
cache_v_l24 (view) (permuted),PERMUTE,0.017812,447.358854,524288,5694308,128x256x8x1,0x0x0,128x256x8x1
node_865,FLASH_ATTN_EXT,0.046406,447.409479,16384,5694308,128x16x2x1,0x0x0,128x16x2x1
kqv_out-24,RESHAPE,0.000312,447.413802,16384,5694308,2048x2x1x1,0x0x0,2048x2x1x1
node_867,MUL_MAT,0.174844,447.592292,16384,5694308,2048x2x1x1,0x0x0,2048x2x1x1
ffn_inp-24,ADD,0.002604,447.599583,16384,5694308,2048x2x1x1,0x0x0,2048x2x1x1
norm-24,RMS_NORM,0.004323,447.607552,16384,5694308,2048x2x1x1,0x0x0,2048x2x1x1
ffn_norm-24,MUL,0.002500,447.613698,16384,5694308,2048x2x1x1,0x0x0,2048x2x1x1
ffn_gate-24,MUL_MAT,0.284896,447.902136,49152,5694308,6144x2x1x1,0x0x0,6144x2x1x1
ffn_up-24,MUL_MAT,0.286927,448.193490,49152,5694308,6144x2x1x1,0x0x0,6144x2x1x1
ffn_swiglu-24,GLU,0.008437,448.206406,49152,5694308,6144x2x1x1,0x0x0,6144x2x1x1
ffn_out-24,MUL_MAT,0.277448,448.487865,16384,5694308,2048x2x1x1,0x0x0,2048x2x1x1
l_out-24,ADD,0.002656,448.495000,16384,5694308,2048x2x1x1,0x0x0,2048x2x1x1
norm-25,RMS_NORM,0.004948,448.503698,16384,5694308,2048x2x1x1,0x0x0,2048x2x1x1
attn_norm-25,MUL,0.002708,448.510000,16384,5694308,2048x2x1x1,0x0x0,2048x2x1x1
Qcur-25,MUL_MAT,0.349427,448.863177,16384,5694308,2048x2x1x1,0x0x0,2048x2x1x1
Qcur-25,RESHAPE,0.000365,448.868542,16384,5694308,128x16x2x1,0x0x0,128x16x2x1
norm-25,RMS_NORM,0.100885,448.973229,16384,5694308,128x16x2x1,0x0x0,128x16x2x1
Qcur_normed-25,MUL,0.002343,448.980156,16384,5694308,128x16x2x1,0x0x0,128x16x2x1
Qcur-25,ROPE,0.002083,448.985833,16384,5694308,128x16x2x1,0x0x0,128x16x2x1
Vcur-25,MUL_MAT,0.051302,449.040833,8192,5694308,1024x2x1x1,0x0x0,1024x2x1x1
Vcur-25,RESHAPE,0.000365,449.045521,8192,5694308,128x8x2x1,0x0x0,128x8x2x1
Kcur-25,MUL_MAT,0.129740,449.179063,8192,5694308,1024x2x1x1,0x0x0,1024x2x1x1
Kcur-25,RESHAPE,0.000312,449.183906,8192,5694308,128x8x2x1,0x0x0,128x8x2x1
norm-25,RMS_NORM,0.082395,449.270156,8192,5694308,128x8x2x1,0x0x0,128x8x2x1
Kcur_normed-25,MUL,0.001562,449.276302,8192,5694308,128x8x2x1,0x0x0,128x8x2x1
Kcur-25,ROPE,0.001719,449.281823,8192,5694308,128x8x2x1,0x0x0,128x8x2x1
Kcur-25 (view),VIEW,0.000364,449.285729,8192,5694308,1024x2x1x1,0x0x0,1024x2x1x1
cache_k_l25 (view),SET_ROWS,0.033281,449.322708,83886080,5694308,1024x40960x1x1,0x0x0,1024x40960x1x1
Vcur-25 (view),VIEW,0.000312,449.327552,8192,5694308,1024x2x1x1,0x0x0,1024x2x1x1
cache_v_l25 (view),SET_ROWS,0.016042,449.347396,83886080,5694308,1024x40960x1x1,0x0x0,1024x40960x1x1
Qcur-25 (view),VIEW,0.000312,449.352031,16384,5694308,128x16x2x1,0x0x0,128x16x2x1
Qcur-25 (view) (permuted),PERMUTE,0.013698,449.369427,16384,5694308,128x2x16x1,0x0x0,128x2x16x1
cache_k_l25 (view),VIEW,0.000261,449.374063,524288,5694308,128x8x256x1,0x0x0,128x8x256x1
cache_k_l25 (view) (permuted),PERMUTE,0.016719,449.394688,524288,5694308,128x256x8x1,0x0x0,128x256x8x1
cache_v_l25 (view),VIEW,0.000365,449.399323,524288,5694308,128x8x256x1,0x0x0,128x8x256x1
cache_v_l25 (view) (permuted),PERMUTE,0.016354,449.419479,524288,5694308,128x256x8x1,0x0x0,128x256x8x1
node_900,FLASH_ATTN_EXT,0.044323,449.468125,16384,5694308,128x16x2x1,0x0x0,128x16x2x1
kqv_out-25,RESHAPE,0.000313,449.472396,16384,5694308,2048x2x1x1,0x0x0,2048x2x1x1
node_902,MUL_MAT,0.174375,449.650521,16384,5694308,2048x2x1x1,0x0x0,2048x2x1x1
ffn_inp-25,ADD,0.002916,449.658281,16384,5694308,2048x2x1x1,0x0x0,2048x2x1x1
norm-25,RMS_NORM,0.004323,449.666250,16384,5694308,2048x2x1x1,0x0x0,2048x2x1x1
ffn_norm-25,MUL,0.002448,449.672344,16384,5694308,2048x2x1x1,0x0x0,2048x2x1x1
ffn_gate-25,MUL_MAT,0.285156,449.961146,49152,5694308,6144x2x1x1,0x0x0,6144x2x1x1
ffn_up-25,MUL_MAT,0.288334,450.254011,49152,5694308,6144x2x1x1,0x0x0,6144x2x1x1
ffn_swiglu-25,GLU,0.008541,450.266979,49152,5694308,6144x2x1x1,0x0x0,6144x2x1x1
ffn_out-25,MUL_MAT,0.280208,450.551198,16384,5694308,2048x2x1x1,0x0x0,2048x2x1x1
l_out-25,ADD,0.002395,450.558333,16384,5694308,2048x2x1x1,0x0x0,2048x2x1x1
norm-26,RMS_NORM,0.004844,450.566875,16384,5694308,2048x2x1x1,0x0x0,2048x2x1x1
attn_norm-26,MUL,0.003386,450.577865,16384,5694308,2048x2x1x1,0x0x0,2048x2x1x1
Qcur-26,MUL_MAT,0.099844,450.681667,16384,5694308,2048x2x1x1,0x0x0,2048x2x1x1
Qcur-26,RESHAPE,0.000364,450.686406,16384,5694308,128x16x2x1,0x0x0,128x16x2x1
norm-26,RMS_NORM,0.084532,450.774740,16384,5694308,128x16x2x1,0x0x0,128x16x2x1
Qcur_normed-26,MUL,0.002187,450.781458,16384,5694308,128x16x2x1,0x0x0,128x16x2x1
Qcur-26,ROPE,0.002396,450.787448,16384,5694308,128x16x2x1,0x0x0,128x16x2x1
Vcur-26,MUL_MAT,0.051823,450.842917,8192,5694308,1024x2x1x1,0x0x0,1024x2x1x1
Vcur-26,RESHAPE,0.000313,450.847813,8192,5694308,128x8x2x1,0x0x0,128x8x2x1
Kcur-26,MUL_MAT,0.129375,450.980938,8192,5694308,1024x2x1x1,0x0x0,1024x2x1x1
Kcur-26,RESHAPE,0.000312,450.985781,8192,5694308,128x8x2x1,0x0x0,128x8x2x1
norm-26,RMS_NORM,0.077240,451.066667,8192,5694308,128x8x2x1,0x0x0,128x8x2x1
Kcur_normed-26,MUL,0.001458,451.072604,8192,5694308,128x8x2x1,0x0x0,128x8x2x1
Kcur-26,ROPE,0.001875,451.078177,8192,5694308,128x8x2x1,0x0x0,128x8x2x1
Kcur-26 (view),VIEW,0.000312,451.082083,8192,5694308,1024x2x1x1,0x0x0,1024x2x1x1
cache_k_l26 (view),SET_ROWS,0.041094,451.126823,83886080,5694308,1024x40960x1x1,0x0x0,1024x40960x1x1
Vcur-26 (view),VIEW,0.000313,451.131667,8192,5694308,1024x2x1x1,0x0x0,1024x2x1x1
cache_v_l26 (view),SET_ROWS,0.015469,451.150938,83886080,5694308,1024x40960x1x1,0x0x0,1024x40960x1x1
Qcur-26 (view),VIEW,0.000260,451.155729,16384,5694308,128x16x2x1,0x0x0,128x16x2x1
Qcur-26 (view) (permuted),PERMUTE,0.014948,451.174531,16384,5694308,128x2x16x1,0x0x0,128x2x16x1
cache_k_l26 (view),VIEW,0.000261,451.179063,524288,5694308,128x8x256x1,0x0x0,128x8x256x1
cache_k_l26 (view) (permuted),PERMUTE,0.013437,451.196354,524288,5694308,128x256x8x1,0x0x0,128x256x8x1
cache_v_l26 (view),VIEW,0.000261,451.200938,524288,5694308,128x8x256x1,0x0x0,128x8x256x1
cache_v_l26 (view) (permuted),PERMUTE,0.014531,451.219219,524288,5694308,128x256x8x1,0x0x0,128x256x8x1
node_935,FLASH_ATTN_EXT,0.044427,451.267917,16384,5694308,128x16x2x1,0x0x0,128x16x2x1
kqv_out-26,RESHAPE,0.000313,451.272292,16384,5694308,2048x2x1x1,0x0x0,2048x2x1x1
node_937,MUL_MAT,0.182135,451.458073,16384,5694308,2048x2x1x1,0x0x0,2048x2x1x1
ffn_inp-26,ADD,0.003385,451.466146,16384,5694308,2048x2x1x1,0x0x0,2048x2x1x1
norm-26,RMS_NORM,0.004271,451.474219,16384,5694308,2048x2x1x1,0x0x0,2048x2x1x1
ffn_norm-26,MUL,0.002500,451.480261,16384,5694308,2048x2x1x1,0x0x0,2048x2x1x1
ffn_gate-26,MUL_MAT,0.286771,451.770573,49152,5694308,6144x2x1x1,0x0x0,6144x2x1x1
ffn_up-26,MUL_MAT,0.287969,452.063073,49152,5694308,6144x2x1x1,0x0x0,6144x2x1x1
ffn_swiglu-26,GLU,0.008438,452.076146,49152,5694308,6144x2x1x1,0x0x0,6144x2x1x1
ffn_out-26,MUL_MAT,0.275521,452.355729,16384,5694308,2048x2x1x1,0x0x0,2048x2x1x1
l_out-26,ADD,0.002500,452.362708,16384,5694308,2048x2x1x1,0x0x0,2048x2x1x1
norm-27,RMS_NORM,0.005052,452.371458,16384,5694308,2048x2x1x1,0x0x0,2048x2x1x1
attn_norm-27,MUL,0.002709,452.377865,16384,5694308,2048x2x1x1,0x0x0,2048x2x1x1
Qcur-27,MUL_MAT,0.098958,452.480469,16384,5694308,2048x2x1x1,0x0x0,2048x2x1x1
Qcur-27,RESHAPE,0.000260,452.485052,16384,5694308,128x16x2x1,0x0x0,128x16x2x1
norm-27,RMS_NORM,0.093802,452.582813,16384,5694308,128x16x2x1,0x0x0,128x16x2x1
Qcur_normed-27,MUL,0.002188,452.589896,16384,5694308,128x16x2x1,0x0x0,128x16x2x1
Qcur-27,ROPE,0.002239,452.595833,16384,5694308,128x16x2x1,0x0x0,128x16x2x1
Vcur-27,MUL_MAT,0.051719,452.651146,8192,5694308,1024x2x1x1,0x0x0,1024x2x1x1
Vcur-27,RESHAPE,0.000364,452.663229,8192,5694308,128x8x2x1,0x0x0,128x8x2x1
Kcur-27,MUL_MAT,0.145156,452.812604,8192,5694308,1024x2x1x1,0x0x0,1024x2x1x1
Kcur-27,RESHAPE,0.000365,452.817448,8192,5694308,128x8x2x1,0x0x0,128x8x2x1
norm-27,RMS_NORM,0.083021,452.904219,8192,5694308,128x8x2x1,0x0x0,128x8x2x1
Kcur_normed-27,MUL,0.001563,452.910521,8192,5694308,128x8x2x1,0x0x0,128x8x2x1
Kcur-27,ROPE,0.001771,452.915990,8192,5694308,128x8x2x1,0x0x0,128x8x2x1
Kcur-27 (view),VIEW,0.000365,452.919948,8192,5694308,1024x2x1x1,0x0x0,1024x2x1x1
cache_k_l27 (view),SET_ROWS,0.033802,452.957500,83886080,5694308,1024x40960x1x1,0x0x0,1024x40960x1x1
Vcur-27 (view),VIEW,0.000573,452.966771,8192,5694308,1024x2x1x1,0x0x0,1024x2x1x1
cache_v_l27 (view),SET_ROWS,0.015677,452.986563,83886080,5694308,1024x40960x1x1,0x0x0,1024x40960x1x1
Qcur-27 (view),VIEW,0.000312,452.991458,16384,5694308,128x16x2x1,0x0x0,128x16x2x1
Qcur-27 (view) (permuted),PERMUTE,0.013594,453.008698,16384,5694308,128x2x16x1,0x0x0,128x2x16x1
cache_k_l27 (view),VIEW,0.000312,453.013281,524288,5694308,128x8x256x1,0x0x0,128x8x256x1
cache_k_l27 (view) (permuted),PERMUTE,0.010313,453.027396,524288,5694308,128x256x8x1,0x0x0,128x256x8x1
cache_v_l27 (view),VIEW,0.000260,453.031875,524288,5694308,128x8x256x1,0x0x0,128x8x256x1
cache_v_l27 (view) (permuted),PERMUTE,0.014115,453.049688,524288,5694308,128x256x8x1,0x0x0,128x256x8x1
node_970,FLASH_ATTN_EXT,0.044375,453.098229,16384,5694308,128x16x2x1,0x0x0,128x16x2x1
kqv_out-27,RESHAPE,0.000312,453.102656,16384,5694308,2048x2x1x1,0x0x0,2048x2x1x1
node_972,MUL_MAT,0.174167,453.280521,16384,5694308,2048x2x1x1,0x0x0,2048x2x1x1
node_973,GET_ROWS,0.001615,453.286771,8192,5694308,2048x1x1x1,0x0x0,2048x1x1x1
node_974,GET_ROWS,0.041302,453.331771,8192,5694308,2048x1x1x1,0x0x0,2048x1x1x1
ffn_inp-27,ADD,0.038334,453.374636,8192,5694308,2048x1x1x1,0x0x0,2048x1x1x1
norm-27,RMS_NORM,0.003385,453.381823,8192,5694308,2048x1x1x1,0x0x0,2048x1x1x1
ffn_norm-27,MUL,0.001667,453.387136,8192,5694308,2048x1x1x1,0x0x0,2048x1x1x1
ffn_gate-27,MUL_MAT,0.159948,453.550729,24576,5694308,6144x1x1x1,0x0x0,6144x1x1x1
ffn_up-27,MUL_MAT,0.163645,453.718906,24576,5694308,6144x1x1x1,0x0x0,6144x1x1x1
ffn_swiglu-27,GLU,0.004531,453.728021,24576,5694308,6144x1x1x1,0x0x0,6144x1x1x1
ffn_out-27,MUL_MAT,0.171771,453.903854,8192,5694308,2048x1x1x1,0x0x0,2048x1x1x1
l_out-27,ADD,0.001615,453.909844,8192,5694308,2048x1x1x1,0x0x0,2048x1x1x1
norm,RMS_NORM,0.003125,453.916563,8192,5694308,2048x1x1x1,0x0x0,2048x1x1x1
result_norm,MUL,0.002292,453.922396,8192,5694308,2048x1x1x1,0x0x0,2048x1x1x1
result_output,MUL_MAT,4.844010,458.770052,607744,5694308,151936x1x1x1,0x0x0,151936x1x1x1
embd,GET_ROWS,4.496875,740.630781,73728,5696296,2048x9x1x1,0x0x0,2048x9x1x1
norm-0,RMS_NORM,11.888125,752.586719,73728,5696424,2048x9x1x1,0x0x0,2048x9x1x1
attn_norm-0,MUL,7.979323,760.586823,73728,5696424,2048x9x1x1,0x0x0,2048x9x1x1
Qcur-0,MUL_MAT,8.107657,768.709740,73728,5696424,2048x9x1x1,0x0x0,2048x9x1x1
Qcur-0,RESHAPE,0.001042,768.726042,73728,5696424,128x16x9x1,0x0x0,128x16x9x1
norm-0,RMS_NORM,7.851771,776.589427,73728,5696424,128x16x9x1,0x0x0,128x16x9x1
Qcur_normed-0,MUL,7.982708,784.586927,73728,5696424,128x16x9x1,0x0x0,128x16x9x1
Qcur-0,ROPE,7.931302,792.530000,73728,5696424,128x16x9x1,0x0x0,128x16x9x1
Vcur-0,MUL_MAT,8.104739,800.647031,36864,5696424,1024x9x1x1,0x0x0,1024x9x1x1
Vcur-0,RESHAPE,0.000781,800.659531,36864,5696424,128x8x9x1,0x0x0,128x8x9x1
Kcur-0,MUL_MAT,11.985416,812.653333,36864,5696424,1024x9x1x1,0x0x0,1024x9x1x1
Kcur-0,RESHAPE,0.000573,812.664219,36864,5696424,128x8x9x1,0x0x0,128x8x9x1
norm-0,RMS_NORM,3.917396,816.589271,36864,5696424,128x8x9x1,0x0x0,128x8x9x1
Kcur_normed-0,MUL,3.986875,820.584948,36864,5696424,128x8x9x1,0x0x0,128x8x9x1
Kcur-0,ROPE,3.993125,824.585573,36864,5696424,128x8x9x1,0x0x0,128x8x9x1
Kcur-0 (view),VIEW,0.000416,824.593958,36864,5696424,1024x9x1x1,0x0x0,1024x9x1x1
cache_k_l0 (view),SET_ROWS,0.081822,824.682760,83886080,5696424,1024x40960x1x1,0x0x0,1024x40960x1x1
Vcur-0 (view),VIEW,0.034531,824.725729,36864,5696424,1024x9x1x1,0x0x0,1024x9x1x1
cache_v_l0 (view),SET_ROWS,0.033334,824.766563,83886080,5696424,1024x40960x1x1,0x0x0,1024x40960x1x1
Qcur-0 (view),VIEW,0.046823,824.821094,73728,5696424,128x16x9x1,0x0x0,128x16x9x1
Qcur-0 (view) (permuted),PERMUTE,0.000729,824.829219,73728,5696424,128x9x16x1,0x0x0,128x9x16x1
cache_k_l0 (view),VIEW,0.000677,824.837031,524288,5696424,128x8x256x1,0x0x0,128x8x256x1
cache_k_l0 (view) (permuted),PERMUTE,0.026406,824.870104,524288,5696424,128x256x8x1,0x0x0,128x256x8x1
cache_v_l0 (view),VIEW,0.000417,824.877865,524288,5696424,128x8x256x1,0x0x0,128x8x256x1
cache_v_l0 (view) (permuted),PERMUTE,0.017604,824.902083,524288,5696424,128x256x8x1,0x0x0,128x256x8x1
node_25,FLASH_ATTN_EXT,7.609062,832.591250,73728,5696424,128x16x9x1,0x0x0,128x16x9x1
kqv_out-0,RESHAPE,0.000468,832.601562,73728,5696424,2048x9x1x1,0x0x0,2048x9x1x1
node_27,MUL_MAT,8.019219,840.627240,73728,5696424,2048x9x1x1,0x0x0,2048x9x1x1
ffn_inp-0,ADD,3.948490,844.585417,73728,5696424,2048x9x1x1,0x0x0,2048x9x1x1
norm-0,RMS_NORM,4.029792,848.622917,73728,5696424,2048x9x1x1,0x0x0,2048x9x1x1
ffn_norm-0,MUL,3.952864,852.582604,73728,5696424,2048x9x1x1,0x0x0,2048x9x1x1
ffn_gate-0,MUL_MAT,7.882708,860.471406,221184,5696552,6144x9x1x1,0x0x0,6144x9x1x1
ffn_up-0,MUL_MAT,8.127239,868.606354,221184,5696680,6144x9x1x1,0x0x0,6144x9x1x1
ffn_swiglu-0,GLU,3.986094,872.600469,221184,5696680,6144x9x1x1,0x0x0,6144x9x1x1
ffn_out-0,MUL_MAT,8.062552,880.669375,73728,5696808,2048x9x1x1,0x0x0,2048x9x1x1
l_out-0,ADD,3.893906,884.570521,73728,5696808,2048x9x1x1,0x0x0,2048x9x1x1
norm-1,RMS_NORM,3.994948,888.571771,73728,5696808,2048x9x1x1,0x0x0,2048x9x1x1
attn_norm-1,MUL,3.989114,892.565729,73728,5696808,2048x9x1x1,0x0x0,2048x9x1x1
Qcur-1,MUL_MAT,8.027916,900.598437,73728,5696808,2048x9x1x1,0x0x0,2048x9x1x1
Qcur-1,RESHAPE,0.000365,900.604323,73728,5696808,128x16x9x1,0x0x0,128x16x9x1
norm-1,RMS_NORM,7.964114,908.572656,73728,5696808,128x16x9x1,0x0x0,128x16x9x1
Qcur_normed-1,MUL,4.011145,912.592812,73728,5696808,128x16x9x1,0x0x0,128x16x9x1
Qcur-1,ROPE,3.990052,916.588542,73728,5696808,128x16x9x1,0x0x0,128x16x9x1
Vcur-1,MUL_MAT,12.032344,928.625573,36864,5696808,1024x9x1x1,0x0x0,1024x9x1x1
Vcur-1,RESHAPE,0.000312,928.631510,36864,5696808,128x8x9x1,0x0x0,128x8x9x1
Kcur-1,MUL_MAT,2.212917,930.848490,36864,5696808,1024x9x1x1,0x0x0,1024x9x1x1
Kcur-1,RESHAPE,0.000520,930.854010,36864,5696808,128x8x9x1,0x0x0,128x8x9x1
norm-1,RMS_NORM,1.760782,932.619115,36864,5696808,128x8x9x1,0x0x0,128x8x9x1
Kcur_normed-1,MUL,3.892136,936.596771,36864,5696808,128x8x9x1,0x0x0,128x8x9x1
Kcur-1,ROPE,0.033906,936.636927,36864,5696808,128x8x9x1,0x0x0,128x8x9x1
Kcur-1 (view),VIEW,0.000469,936.641615,36864,5696808,1024x9x1x1,0x0x0,1024x9x1x1
cache_k_l1 (view),SET_ROWS,0.081667,936.726667,83886080,5696808,1024x40960x1x1,0x0x0,1024x40960x1x1
Vcur-1 (view),VIEW,0.000416,936.731458,36864,5696808,1024x9x1x1,0x0x0,1024x9x1x1
cache_v_l1 (view),SET_ROWS,0.054063,936.788542,83886080,5696808,1024x40960x1x1,0x0x0,1024x40960x1x1
Qcur-1 (view),VIEW,0.000521,936.792865,73728,5696808,128x16x9x1,0x0x0,128x16x9x1
Qcur-1 (view) (permuted),PERMUTE,0.000105,936.796042,73728,5696808,128x9x16x1,0x0x0,128x9x16x1
cache_k_l1 (view),VIEW,0.000157,936.799219,524288,5696808,128x8x256x1,0x0x0,128x8x256x1
cache_k_l1 (view) (permuted),PERMUTE,0.000156,936.802187,524288,5696808,128x256x8x1,0x0x0,128x256x8x1
cache_v_l1 (view),VIEW,0.000104,936.805260,524288,5696808,128x8x256x1,0x0x0,128x8x256x1
cache_v_l1 (view) (permuted),PERMUTE,0.000156,936.808229,524288,5696808,128x256x8x1,0x0x0,128x256x8x1
node_60,FLASH_ATTN_EXT,3.907448,940.718802,73728,5696808,128x16x9x1,0x0x0,128x16x9x1
kqv_out-1,RESHAPE,0.000417,940.723542,73728,5696808,2048x9x1x1,0x0x0,2048x9x1x1
node_62,MUL_MAT,0.569739,941.296458,73728,5696808,2048x9x1x1,0x0x0,2048x9x1x1
ffn_inp-1,ADD,0.004687,941.305312,73728,5696808,2048x9x1x1,0x0x0,2048x9x1x1
norm-1,RMS_NORM,0.006927,941.315417,73728,5696808,2048x9x1x1,0x0x0,2048x9x1x1
ffn_norm-1,MUL,0.004531,941.323021,73728,5696808,2048x9x1x1,0x0x0,2048x9x1x1
ffn_gate-1,MUL_MAT,1.063437,942.389479,221184,5696808,6144x9x1x1,0x0x0,6144x9x1x1
ffn_up-1,MUL_MAT,1.071355,943.464167,221184,5696808,6144x9x1x1,0x0x0,6144x9x1x1
ffn_swiglu-1,GLU,0.022500,943.490052,221184,5696808,6144x9x1x1,0x0x0,6144x9x1x1
ffn_out-1,MUL_MAT,1.215000,944.708646,73728,5696808,2048x9x1x1,0x0x0,2048x9x1x1
l_out-1,ADD,0.004792,944.717344,73728,5696808,2048x9x1x1,0x0x0,2048x9x1x1
norm-2,RMS_NORM,0.009011,944.729323,73728,5696808,2048x9x1x1,0x0x0,2048x9x1x1
attn_norm-2,MUL,0.004843,944.737135,73728,5696808,2048x9x1x1,0x0x0,2048x9x1x1
Qcur-2,MUL_MAT,0.375625,945.115677,73728,5696808,2048x9x1x1,0x0x0,2048x9x1x1
Qcur-2,RESHAPE,0.000678,945.119740,73728,5696808,128x16x9x1,0x0x0,128x16x9x1
norm-2,RMS_NORM,0.148489,945.271562,73728,5696808,128x16x9x1,0x0x0,128x16x9x1
Qcur_normed-2,MUL,0.005260,945.320729,73728,5696808,128x16x9x1,0x0x0,128x16x9x1
Qcur-2,ROPE,0.004895,945.329062,73728,5696808,128x16x9x1,0x0x0,128x16x9x1
Vcur-2,MUL_MAT,0.183646,945.515677,36864,5696808,1024x9x1x1,0x0x0,1024x9x1x1
Vcur-2,RESHAPE,0.000417,945.520104,36864,5696808,128x8x9x1,0x0x0,128x8x9x1
Kcur-2,MUL_MAT,0.364219,945.887656,36864,5696808,1024x9x1x1,0x0x0,1024x9x1x1
Kcur-2,RESHAPE,0.000417,945.891979,36864,5696808,128x8x9x1,0x0x0,128x8x9x1
norm-2,RMS_NORM,0.131875,946.026927,36864,5696808,128x8x9x1,0x0x0,128x8x9x1
Kcur_normed-2,MUL,0.002812,946.033385,36864,5696808,128x8x9x1,0x0x0,128x8x9x1
Kcur-2,ROPE,0.004948,946.041250,36864,5696808,128x8x9x1,0x0x0,128x8x9x1
Kcur-2 (view),VIEW,0.000416,946.044531,36864,5696808,1024x9x1x1,0x0x0,1024x9x1x1
cache_k_l2 (view),SET_ROWS,0.088958,946.136458,83886080,5696808,1024x40960x1x1,0x0x0,1024x40960x1x1
Vcur-2 (view),VIEW,0.000365,946.140469,36864,5696808,1024x9x1x1,0x0x0,1024x9x1x1
cache_v_l2 (view),SET_ROWS,0.020000,946.163437,83886080,5696808,1024x40960x1x1,0x0x0,1024x40960x1x1
Qcur-2 (view),VIEW,0.000416,946.167656,73728,5696808,128x16x9x1,0x0x0,128x16x9x1
Qcur-2 (view) (permuted),PERMUTE,0.061354,946.231927,73728,5696808,128x9x16x1,0x0x0,128x9x16x1
cache_k_l2 (view),VIEW,0.000312,946.235729,524288,5696808,128x8x256x1,0x0x0,128x8x256x1
cache_k_l2 (view) (permuted),PERMUTE,0.012708,946.251510,524288,5696808,128x256x8x1,0x0x0,128x256x8x1
cache_v_l2 (view),VIEW,0.000834,946.255990,524288,5696808,128x8x256x1,0x0x0,128x8x256x1
cache_v_l2 (view) (permuted),PERMUTE,0.026875,946.285781,524288,5696808,128x256x8x1,0x0x0,128x256x8x1
node_95,FLASH_ATTN_EXT,0.115573,946.404740,73728,5696808,128x16x9x1,0x0x0,128x16x9x1
kqv_out-2,RESHAPE,0.000365,946.408594,73728,5696808,2048x9x1x1,0x0x0,2048x9x1x1
node_97,MUL_MAT,0.500416,946.912031,73728,5696808,2048x9x1x1,0x0x0,2048x9x1x1
ffn_inp-2,ADD,0.005208,946.921510,73728,5696808,2048x9x1x1,0x0x0,2048x9x1x1
norm-2,RMS_NORM,0.006354,946.930885,73728,5696808,2048x9x1x1,0x0x0,2048x9x1x1
ffn_norm-2,MUL,0.004531,946.938437,73728,5696808,2048x9x1x1,0x0x0,2048x9x1x1
ffn_gate-2,MUL_MAT,1.065156,948.006510,221184,5696808,6144x9x1x1,0x0x0,6144x9x1x1
ffn_up-2,MUL_MAT,1.105156,949.115156,221184,5696808,6144x9x1x1,0x0x0,6144x9x1x1
ffn_swiglu-2,GLU,0.019531,949.139896,221184,5696808,6144x9x1x1,0x0x0,6144x9x1x1
ffn_out-2,MUL_MAT,1.189167,950.332500,73728,5696808,2048x9x1x1,0x0x0,2048x9x1x1
l_out-2,ADD,0.005313,950.341875,73728,5696808,2048x9x1x1,0x0x0,2048x9x1x1
norm-3,RMS_NORM,0.008125,950.352865,73728,5696808,2048x9x1x1,0x0x0,2048x9x1x1
attn_norm-3,MUL,0.006198,950.362083,73728,5696808,2048x9x1x1,0x0x0,2048x9x1x1
Qcur-3,MUL_MAT,0.378750,950.743802,73728,5696808,2048x9x1x1,0x0x0,2048x9x1x1
Qcur-3,RESHAPE,0.000469,950.748229,73728,5696808,128x16x9x1,0x0x0,128x16x9x1
norm-3,RMS_NORM,0.189844,950.941771,73728,5696808,128x16x9x1,0x0x0,128x16x9x1
Qcur_normed-3,MUL,0.005104,950.951354,73728,5696808,128x16x9x1,0x0x0,128x16x9x1
Qcur-3,ROPE,0.005104,950.959375,73728,5696808,128x16x9x1,0x0x0,128x16x9x1
Vcur-3,MUL_MAT,0.183750,951.146146,36864,5696808,1024x9x1x1,0x0x0,1024x9x1x1
Vcur-3,RESHAPE,0.000417,951.149844,36864,5696808,128x8x9x1,0x0x0,128x8x9x1
Kcur-3,MUL_MAT,0.399167,951.551979,36864,5696808,1024x9x1x1,0x0x0,1024x9x1x1
Kcur-3,RESHAPE,0.000417,951.556198,36864,5696808,128x8x9x1,0x0x0,128x8x9x1
norm-3,RMS_NORM,0.179375,951.738698,36864,5696808,128x8x9x1,0x0x0,128x8x9x1
Kcur_normed-3,MUL,0.003333,951.745625,36864,5696808,128x8x9x1,0x0x0,128x8x9x1
Kcur-3,ROPE,0.004375,951.752969,36864,5696808,128x8x9x1,0x0x0,128x8x9x1
Kcur-3 (view),VIEW,0.000417,951.756250,36864,5696808,1024x9x1x1,0x0x0,1024x9x1x1
cache_k_l3 (view),SET_ROWS,0.088958,951.848333,83886080,5696808,1024x40960x1x1,0x0x0,1024x40960x1x1
Vcur-3 (view),VIEW,0.000573,951.852760,36864,5696808,1024x9x1x1,0x0x0,1024x9x1x1
cache_v_l3 (view),SET_ROWS,0.039531,951.895208,83886080,5696808,1024x40960x1x1,0x0x0,1024x40960x1x1
Qcur-3 (view),VIEW,0.000416,951.899635,73728,5696808,128x16x9x1,0x0x0,128x16x9x1
Qcur-3 (view) (permuted),PERMUTE,0.050000,951.952500,73728,5696808,128x9x16x1,0x0x0,128x9x16x1
cache_k_l3 (view),VIEW,0.000312,951.956354,524288,5696808,128x8x256x1,0x0x0,128x8x256x1
cache_k_l3 (view) (permuted),PERMUTE,0.022865,951.994115,524288,5696808,128x256x8x1,0x0x0,128x256x8x1
cache_v_l3 (view),VIEW,0.035989,952.033906,524288,5696808,128x8x256x1,0x0x0,128x8x256x1
cache_v_l3 (view) (permuted),PERMUTE,0.005520,952.042812,524288,5696808,128x256x8x1,0x0x0,128x256x8x1
node_130,FLASH_ATTN_EXT,0.114427,952.160521,73728,5696808,128x16x9x1,0x0x0,128x16x9x1
kqv_out-3,RESHAPE,0.000416,952.164531,73728,5696808,2048x9x1x1,0x0x0,2048x9x1x1
node_132,MUL_MAT,0.540781,952.708437,73728,5696808,2048x9x1x1,0x0x0,2048x9x1x1
ffn_inp-3,ADD,0.004792,952.717552,73728,5696808,2048x9x1x1,0x0x0,2048x9x1x1
norm-3,RMS_NORM,0.007500,952.728073,73728,5696808,2048x9x1x1,0x0x0,2048x9x1x1
ffn_norm-3,MUL,0.004844,952.736042,73728,5696808,2048x9x1x1,0x0x0,2048x9x1x1
ffn_gate-3,MUL_MAT,1.070417,953.809375,221184,5696808,6144x9x1x1,0x0x0,6144x9x1x1
ffn_up-3,MUL_MAT,1.074219,954.888594,221184,5696808,6144x9x1x1,0x0x0,6144x9x1x1
ffn_swiglu-3,GLU,0.020052,954.912187,221184,5696808,6144x9x1x1,0x0x0,6144x9x1x1
ffn_out-3,MUL_MAT,1.081667,955.997240,73728,5696808,2048x9x1x1,0x0x0,2048x9x1x1
l_out-3,ADD,0.004219,956.004792,73728,5696808,2048x9x1x1,0x0x0,2048x9x1x1
norm-4,RMS_NORM,0.005261,956.012865,73728,5696808,2048x9x1x1,0x0x0,2048x9x1x1
attn_norm-4,MUL,0.004427,956.020156,73728,5696808,2048x9x1x1,0x0x0,2048x9x1x1
Qcur-4,MUL_MAT,0.358125,956.380937,73728,5696808,2048x9x1x1,0x0x0,2048x9x1x1
Qcur-4,RESHAPE,0.000261,956.384271,73728,5696808,128x16x9x1,0x0x0,128x16x9x1
norm-4,RMS_NORM,0.098542,956.485625,73728,5696808,128x16x9x1,0x0x0,128x16x9x1
Qcur_normed-4,MUL,0.003854,956.492812,73728,5696808,128x16x9x1,0x0x0,128x16x9x1
Qcur-4,ROPE,0.004479,956.500052,73728,5696808,128x16x9x1,0x0x0,128x16x9x1
Vcur-4,MUL_MAT,0.186355,956.689115,36864,5696808,1024x9x1x1,0x0x0,1024x9x1x1
Vcur-4,RESHAPE,0.000417,956.692917,36864,5696808,128x8x9x1,0x0x0,128x8x9x1
Kcur-4,MUL_MAT,0.257188,956.952917,36864,5696808,1024x9x1x1,0x0x0,1024x9x1x1
Kcur-4,RESHAPE,0.000313,956.956719,36864,5696808,128x8x9x1,0x0x0,128x8x9x1
norm-4,RMS_NORM,0.093906,957.053437,36864,5696808,128x8x9x1,0x0x0,128x8x9x1
Kcur_normed-4,MUL,0.002135,957.058854,36864,5696808,128x8x9x1,0x0x0,128x8x9x1
Kcur-4,ROPE,0.003125,957.064687,36864,5696808,128x8x9x1,0x0x0,128x8x9x1
Kcur-4 (view),VIEW,0.000312,957.067656,36864,5696808,1024x9x1x1,0x0x0,1024x9x1x1
cache_k_l4 (view),SET_ROWS,0.052447,957.122812,83886080,5696808,1024x40960x1x1,0x0x0,1024x40960x1x1
Vcur-4 (view),VIEW,0.000260,957.126406,36864,5696808,1024x9x1x1,0x0x0,1024x9x1x1
cache_v_l4 (view),SET_ROWS,0.007135,957.136302,83886080,5696808,1024x40960x1x1,0x0x0,1024x40960x1x1
Qcur-4 (view),VIEW,0.000313,957.139948,73728,5696808,128x16x9x1,0x0x0,128x16x9x1
Qcur-4 (view) (permuted),PERMUTE,0.008021,957.150781,73728,5696808,128x9x16x1,0x0x0,128x9x16x1
cache_k_l4 (view),VIEW,0.023334,957.177396,524288,5696808,128x8x256x1,0x0x0,128x8x256x1
cache_k_l4 (view) (permuted),PERMUTE,0.000260,957.180937,524288,5696808,128x256x8x1,0x0x0,128x256x8x1
cache_v_l4 (view),VIEW,0.017917,957.201667,524288,5696808,128x8x256x1,0x0x0,128x8x256x1
cache_v_l4 (view) (permuted),PERMUTE,0.000312,957.205104,524288,5696808,128x256x8x1,0x0x0,128x256x8x1
node_165,FLASH_ATTN_EXT,0.052916,957.260885,73728,5696808,128x16x9x1,0x0x0,128x16x9x1
kqv_out-4,RESHAPE,0.000313,957.264375,73728,5696808,2048x9x1x1,0x0x0,2048x9x1x1
node_167,MUL_MAT,0.458594,957.725677,73728,5696808,2048x9x1x1,0x0x0,2048x9x1x1
ffn_inp-4,ADD,0.004010,957.733385,73728,5696808,2048x9x1x1,0x0x0,2048x9x1x1
norm-4,RMS_NORM,0.005104,957.741198,73728,5696808,2048x9x1x1,0x0x0,2048x9x1x1
ffn_norm-4,MUL,0.004167,957.748229,73728,5696808,2048x9x1x1,0x0x0,2048x9x1x1
ffn_gate-4,MUL_MAT,1.015052,958.765937,221184,5696808,6144x9x1x1,0x0x0,6144x9x1x1
ffn_up-4,MUL_MAT,1.016719,959.786406,221184,5696808,6144x9x1x1,0x0x0,6144x9x1x1
ffn_swiglu-4,GLU,0.016094,959.806146,221184,5696808,6144x9x1x1,0x0x0,6144x9x1x1
ffn_out-4,MUL_MAT,1.082708,960.891979,73728,5696808,2048x9x1x1,0x0x0,2048x9x1x1
l_out-4,ADD,0.004323,960.900208,73728,5696808,2048x9x1x1,0x0x0,2048x9x1x1
norm-5,RMS_NORM,0.005573,960.915260,73728,5696808,2048x9x1x1,0x0x0,2048x9x1x1
attn_norm-5,MUL,0.003958,960.922187,73728,5696808,2048x9x1x1,0x0x0,2048x9x1x1
Qcur-5,MUL_MAT,0.358229,961.283073,73728,5696808,2048x9x1x1,0x0x0,2048x9x1x1
Qcur-5,RESHAPE,0.000312,961.286510,73728,5696808,128x16x9x1,0x0x0,128x16x9x1
norm-5,RMS_NORM,0.111875,961.401354,73728,5696808,128x16x9x1,0x0x0,128x16x9x1
Qcur_normed-5,MUL,0.003541,961.408385,73728,5696808,128x16x9x1,0x0x0,128x16x9x1
Qcur-5,ROPE,0.004166,961.415260,73728,5696808,128x16x9x1,0x0x0,128x16x9x1
Vcur-5,MUL_MAT,0.175156,961.593125,36864,5696808,1024x9x1x1,0x0x0,1024x9x1x1
Vcur-5,RESHAPE,0.000260,961.596562,36864,5696808,128x8x9x1,0x0x0,128x8x9x1
Kcur-5,MUL_MAT,3.170469,964.769740,36864,5696808,1024x9x1x1,0x0x0,1024x9x1x1
Kcur-5,RESHAPE,0.000312,964.773802,36864,5696808,128x8x9x1,0x0x0,128x8x9x1
norm-5,RMS_NORM,0.071719,964.848281,36864,5696808,128x8x9x1,0x0x0,128x8x9x1
Kcur_normed-5,MUL,0.002136,964.853698,36864,5696808,128x8x9x1,0x0x0,128x8x9x1
Kcur-5,ROPE,0.003229,964.859531,36864,5696808,128x8x9x1,0x0x0,128x8x9x1
Kcur-5 (view),VIEW,0.000261,964.862396,36864,5696808,1024x9x1x1,0x0x0,1024x9x1x1
cache_k_l5 (view),SET_ROWS,0.031615,964.896771,83886080,5696808,1024x40960x1x1,0x0x0,1024x40960x1x1
Vcur-5 (view),VIEW,0.000261,964.900417,36864,5696808,1024x9x1x1,0x0x0,1024x9x1x1
cache_v_l5 (view),SET_ROWS,0.058750,964.961823,83886080,5696808,1024x40960x1x1,0x0x0,1024x40960x1x1
Qcur-5 (view),VIEW,0.000261,964.965469,73728,5696808,128x16x9x1,0x0x0,128x16x9x1
Qcur-5 (view) (permuted),PERMUTE,0.023386,964.991667,73728,5696808,128x9x16x1,0x0x0,128x9x16x1
cache_k_l5 (view),VIEW,0.000260,964.995156,524288,5696808,128x8x256x1,0x0x0,128x8x256x1
cache_k_l5 (view) (permuted),PERMUTE,0.031354,965.029219,524288,5696808,128x256x8x1,0x0x0,128x256x8x1
cache_v_l5 (view),VIEW,0.000312,965.032760,524288,5696808,128x8x256x1,0x0x0,128x8x256x1
cache_v_l5 (view) (permuted),PERMUTE,0.022812,965.058281,524288,5696808,128x256x8x1,0x0x0,128x256x8x1
node_200,FLASH_ATTN_EXT,3.544010,968.605625,73728,5696808,128x16x9x1,0x0x0,128x16x9x1
kqv_out-5,RESHAPE,0.000261,968.609271,73728,5696808,2048x9x1x1,0x0x0,2048x9x1x1
node_202,MUL_MAT,0.467865,969.079948,73728,5696808,2048x9x1x1,0x0x0,2048x9x1x1
ffn_inp-5,ADD,0.004167,969.087500,73728,5696808,2048x9x1x1,0x0x0,2048x9x1x1
norm-5,RMS_NORM,0.004895,969.095260,73728,5696808,2048x9x1x1,0x0x0,2048x9x1x1
ffn_norm-5,MUL,0.004219,969.102292,73728,5696808,2048x9x1x1,0x0x0,2048x9x1x1
ffn_gate-5,MUL_MAT,1.014323,970.119219,221184,5696808,6144x9x1x1,0x0x0,6144x9x1x1
ffn_up-5,MUL_MAT,1.014219,971.137240,221184,5696808,6144x9x1x1,0x0x0,6144x9x1x1
ffn_swiglu-5,GLU,0.015990,971.157292,221184,5696808,6144x9x1x1,0x0x0,6144x9x1x1
ffn_out-5,MUL_MAT,1.054010,972.214479,73728,5696808,2048x9x1x1,0x0x0,2048x9x1x1
l_out-5,ADD,0.004219,972.222292,73728,5696808,2048x9x1x1,0x0x0,2048x9x1x1
norm-6,RMS_NORM,0.005260,972.230208,73728,5696808,2048x9x1x1,0x0x0,2048x9x1x1
attn_norm-6,MUL,0.004062,972.237083,73728,5696808,2048x9x1x1,0x0x0,2048x9x1x1
Qcur-6,MUL_MAT,0.372395,972.612135,73728,5696808,2048x9x1x1,0x0x0,2048x9x1x1
Qcur-6,RESHAPE,0.000260,972.616250,73728,5696808,128x16x9x1,0x0x0,128x16x9x1
norm-6,RMS_NORM,0.056406,972.675521,73728,5696808,128x16x9x1,0x0x0,128x16x9x1
Qcur_normed-6,MUL,3.883334,976.562396,73728,5696808,128x16x9x1,0x0x0,128x16x9x1
Qcur-6,ROPE,4.001667,980.567552,73728,5696808,128x16x9x1,0x0x0,128x16x9x1
Vcur-6,MUL_MAT,0.346459,980.917240,36864,5696808,1024x9x1x1,0x0x0,1024x9x1x1
Vcur-6,RESHAPE,0.000261,980.920990,36864,5696808,128x8x9x1,0x0x0,128x8x9x1
Kcur-6,MUL_MAT,7.654323,988.578073,36864,5696808,1024x9x1x1,0x0x0,1024x9x1x1
Kcur-6,RESHAPE,0.000313,988.582396,36864,5696808,128x8x9x1,0x0x0,128x8x9x1
norm-6,RMS_NORM,3.478907,992.064167,36864,5696808,128x8x9x1,0x0x0,128x8x9x1
Kcur_normed-6,MUL,0.002344,992.070104,36864,5696808,128x8x9x1,0x0x0,128x8x9x1
Kcur-6,ROPE,0.004688,992.077500,36864,5696808,128x8x9x1,0x0x0,128x8x9x1
Kcur-6 (view),VIEW,0.000261,992.080469,36864,5696808,1024x9x1x1,0x0x0,1024x9x1x1
cache_k_l6 (view),SET_ROWS,0.060990,992.144167,83886080,5696808,1024x40960x1x1,0x0x0,1024x40960x1x1
Vcur-6 (view),VIEW,0.030937,992.183958,36864,5696808,1024x9x1x1,0x0x0,1024x9x1x1
cache_v_l6 (view),SET_ROWS,0.003645,992.190937,83886080,5696808,1024x40960x1x1,0x0x0,1024x40960x1x1
Qcur-6 (view),VIEW,0.025729,992.219583,73728,5696808,128x16x9x1,0x0x0,128x16x9x1
Qcur-6 (view) (permuted),PERMUTE,0.000260,992.223125,73728,5696808,128x9x16x1,0x0x0,128x9x16x1
cache_k_l6 (view),VIEW,0.027344,992.253125,524288,5696808,128x8x256x1,0x0x0,128x8x256x1
cache_k_l6 (view) (permuted),PERMUTE,0.000261,992.256615,524288,5696808,128x256x8x1,0x0x0,128x256x8x1
cache_v_l6 (view),VIEW,0.033281,992.292656,524288,5696808,128x8x256x1,0x0x0,128x8x256x1
cache_v_l6 (view) (permuted),PERMUTE,0.035469,992.331406,524288,5696808,128x256x8x1,0x0x0,128x256x8x1
node_235,FLASH_ATTN_EXT,0.065052,992.399687,73728,5696808,128x16x9x1,0x0x0,128x16x9x1
kqv_out-6,RESHAPE,0.000260,992.403229,73728,5696808,2048x9x1x1,0x0x0,2048x9x1x1
node_237,MUL_MAT,4.167500,996.573490,73728,5696808,2048x9x1x1,0x0x0,2048x9x1x1
ffn_inp-6,ADD,0.109167,996.686302,73728,5696808,2048x9x1x1,0x0x0,2048x9x1x1
norm-6,RMS_NORM,0.005052,996.694531,73728,5696808,2048x9x1x1,0x0x0,2048x9x1x1
ffn_norm-6,MUL,0.004323,996.701667,73728,5696808,2048x9x1x1,0x0x0,2048x9x1x1
ffn_gate-6,MUL_MAT,1.015521,997.719844,221184,5696808,6144x9x1x1,0x0x0,6144x9x1x1
ffn_up-6,MUL_MAT,1.014844,998.738281,221184,5696808,6144x9x1x1,0x0x0,6144x9x1x1
ffn_swiglu-6,GLU,0.016510,998.758229,221184,5696808,6144x9x1x1,0x0x0,6144x9x1x1
ffn_out-6,MUL_MAT,1.051823,999.813177,73728,5696808,2048x9x1x1,0x0x0,2048x9x1x1
l_out-6,ADD,0.004167,999.821042,73728,5696808,2048x9x1x1,0x0x0,2048x9x1x1
norm-7,RMS_NORM,0.005417,999.829167,73728,5696808,2048x9x1x1,0x0x0,2048x9x1x1
attn_norm-7,MUL,0.004167,999.836146,73728,5696808,2048x9x1x1,0x0x0,2048x9x1x1
Qcur-7,MUL_MAT,0.423854,1000.262656,73728,5696808,2048x9x1x1,0x0x0,2048x9x1x1
Qcur-7,RESHAPE,0.000364,1000.266354,73728,5696808,128x16x9x1,0x0x0,128x16x9x1
norm-7,RMS_NORM,0.123750,1000.393021,73728,5696808,128x16x9x1,0x0x0,128x16x9x1
Qcur_normed-7,MUL,0.017292,1000.413750,73728,5696808,128x16x9x1,0x0x0,128x16x9x1
Qcur-7,ROPE,0.027812,1000.444531,73728,5696808,128x16x9x1,0x0x0,128x16x9x1
Vcur-7,MUL_MAT,0.215729,1000.663021,36864,5696808,1024x9x1x1,0x0x0,1024x9x1x1
Vcur-7,RESHAPE,0.000261,1000.666667,36864,5696808,128x8x9x1,0x0x0,128x8x9x1
Kcur-7,MUL_MAT,0.305417,1000.974844,36864,5696808,1024x9x1x1,0x0x0,1024x9x1x1
Kcur-7,RESHAPE,0.000313,1000.978490,36864,5696808,128x8x9x1,0x0x0,128x8x9x1
norm-7,RMS_NORM,0.071250,1001.052552,36864,5696808,128x8x9x1,0x0x0,128x8x9x1
Kcur_normed-7,MUL,0.002188,1001.058021,36864,5696808,128x8x9x1,0x0x0,128x8x9x1
Kcur-7,ROPE,0.003229,1001.063906,36864,5696808,128x8x9x1,0x0x0,128x8x9x1
Kcur-7 (view),VIEW,0.000313,1001.066823,36864,5696808,1024x9x1x1,0x0x0,1024x9x1x1
cache_k_l7 (view),SET_ROWS,0.081719,1001.151250,83886080,5696808,1024x40960x1x1,0x0x0,1024x40960x1x1
Vcur-7 (view),VIEW,0.000260,1001.155000,36864,5696808,1024x9x1x1,0x0x0,1024x9x1x1
cache_v_l7 (view),SET_ROWS,0.056146,1001.213906,83886080,5696808,1024x40960x1x1,0x0x0,1024x40960x1x1
Qcur-7 (view),VIEW,0.042500,1001.259896,73728,5696808,128x16x9x1,0x0x0,128x16x9x1
Qcur-7 (view) (permuted),PERMUTE,0.000261,1001.263542,73728,5696808,128x9x16x1,0x0x0,128x9x16x1
cache_k_l7 (view),VIEW,0.035938,1001.302292,524288,5696808,128x8x256x1,0x0x0,128x8x256x1
cache_k_l7 (view) (permuted),PERMUTE,0.000260,1001.305833,524288,5696808,128x256x8x1,0x0x0,128x256x8x1
cache_v_l7 (view),VIEW,0.057812,1001.366354,524288,5696808,128x8x256x1,0x0x0,128x8x256x1
cache_v_l7 (view) (permuted),PERMUTE,0.008125,1001.377812,524288,5696808,128x256x8x1,0x0x0,128x256x8x1
node_270,FLASH_ATTN_EXT,11.339375,1012.720260,73728,5696808,128x16x9x1,0x0x0,128x16x9x1
kqv_out-7,RESHAPE,0.000261,1012.724115,73728,5696808,2048x9x1x1,0x0x0,2048x9x1x1
node_272,MUL_MAT,0.495885,1013.222812,73728,5696808,2048x9x1x1,0x0x0,2048x9x1x1
ffn_inp-7,ADD,0.004479,1013.231094,73728,5696808,2048x9x1x1,0x0x0,2048x9x1x1
norm-7,RMS_NORM,0.005156,1013.239062,73728,5696808,2048x9x1x1,0x0x0,2048x9x1x1
ffn_norm-7,MUL,0.003958,1013.245937,73728,5696808,2048x9x1x1,0x0x0,2048x9x1x1
ffn_gate-7,MUL_MAT,1.014635,1014.268281,221184,5696808,6144x9x1x1,0x0x0,6144x9x1x1
ffn_up-7,MUL_MAT,1.013177,1015.285312,221184,5696808,6144x9x1x1,0x0x0,6144x9x1x1
ffn_swiglu-7,GLU,0.016354,1015.305104,221184,5696808,6144x9x1x1,0x0x0,6144x9x1x1
ffn_out-7,MUL_MAT,1.053125,1016.361406,73728,5696808,2048x9x1x1,0x0x0,2048x9x1x1
l_out-7,ADD,0.004531,1016.369479,73728,5696808,2048x9x1x1,0x0x0,2048x9x1x1
norm-8,RMS_NORM,0.005416,1016.377656,73728,5696808,2048x9x1x1,0x0x0,2048x9x1x1
attn_norm-8,MUL,0.004062,1016.384479,73728,5696808,2048x9x1x1,0x0x0,2048x9x1x1
Qcur-8,MUL_MAT,0.377969,1016.765156,73728,5696808,2048x9x1x1,0x0x0,2048x9x1x1
Qcur-8,RESHAPE,0.000417,1016.769167,73728,5696808,128x16x9x1,0x0x0,128x16x9x1
norm-8,RMS_NORM,3.804427,1020.576510,73728,5696808,128x16x9x1,0x0x0,128x16x9x1
Qcur_normed-8,MUL,0.027240,1020.607292,73728,5696808,128x16x9x1,0x0x0,128x16x9x1
Qcur-8,ROPE,0.101146,1020.711302,73728,5696808,128x16x9x1,0x0x0,128x16x9x1
Vcur-8,MUL_MAT,0.174791,1020.888906,36864,5696808,1024x9x1x1,0x0x0,1024x9x1x1
Vcur-8,RESHAPE,0.000313,1020.892396,36864,5696808,128x8x9x1,0x0x0,128x8x9x1
Kcur-8,MUL_MAT,0.297761,1021.192917,36864,5696808,1024x9x1x1,0x0x0,1024x9x1x1
Kcur-8,RESHAPE,0.000312,1021.196458,36864,5696808,128x8x9x1,0x0x0,128x8x9x1
norm-8,RMS_NORM,3.379479,1024.578698,36864,5696808,128x8x9x1,0x0x0,128x8x9x1
Kcur_normed-8,MUL,2.106718,1026.688958,36864,5696808,128x8x9x1,0x0x0,128x8x9x1
Kcur-8,ROPE,0.003281,1026.695000,36864,5696808,128x8x9x1,0x0x0,128x8x9x1
Kcur-8 (view),VIEW,0.000261,1026.697969,36864,5696808,1024x9x1x1,0x0x0,1024x9x1x1
cache_k_l8 (view),SET_ROWS,0.072604,1026.773385,83886080,5696808,1024x40960x1x1,0x0x0,1024x40960x1x1
Vcur-8 (view),VIEW,0.000260,1026.777135,36864,5696808,1024x9x1x1,0x0x0,1024x9x1x1
cache_v_l8 (view),SET_ROWS,0.009375,1026.789219,83886080,5696808,1024x40960x1x1,0x0x0,1024x40960x1x1
Qcur-8 (view),VIEW,0.000312,1026.792760,73728,5696808,128x16x9x1,0x0x0,128x16x9x1
Qcur-8 (view) (permuted),PERMUTE,0.000312,1026.795729,73728,5696808,128x9x16x1,0x0x0,128x9x16x1
cache_k_l8 (view),VIEW,0.007500,1026.805937,524288,5696808,128x8x256x1,0x0x0,128x8x256x1
cache_k_l8 (view) (permuted),PERMUTE,0.000364,1026.809531,524288,5696808,128x256x8x1,0x0x0,128x256x8x1
cache_v_l8 (view),VIEW,0.000312,1026.812552,524288,5696808,128x8x256x1,0x0x0,128x8x256x1
cache_v_l8 (view) (permuted),PERMUTE,0.021042,1026.836250,524288,5696808,128x256x8x1,0x0x0,128x256x8x1
node_305,FLASH_ATTN_EXT,1.852188,1028.691667,73728,5696808,128x16x9x1,0x0x0,128x16x9x1
kqv_out-8,RESHAPE,0.000313,1028.699948,73728,5696808,2048x9x1x1,0x0x0,2048x9x1x1
node_307,MUL_MAT,7.876302,1036.579062,73728,5696808,2048x9x1x1,0x0x0,2048x9x1x1
ffn_inp-8,ADD,4.001093,1040.583958,73728,5696808,2048x9x1x1,0x0x0,2048x9x1x1
norm-8,RMS_NORM,3.978438,1044.566042,73728,5696808,2048x9x1x1,0x0x0,2048x9x1x1
ffn_norm-8,MUL,0.060729,1044.630521,73728,5696808,2048x9x1x1,0x0x0,2048x9x1x1
ffn_gate-8,MUL_MAT,1.086146,1045.719792,221184,5696808,6144x9x1x1,0x0x0,6144x9x1x1
ffn_up-8,MUL_MAT,1.087500,1046.811094,221184,5696808,6144x9x1x1,0x0x0,6144x9x1x1
ffn_swiglu-8,GLU,0.017031,1046.831927,221184,5696808,6144x9x1x1,0x0x0,6144x9x1x1
ffn_out-8,MUL_MAT,1.104063,1047.939375,73728,5696808,2048x9x1x1,0x0x0,2048x9x1x1
l_out-8,ADD,0.004531,1047.947864,73728,5696808,2048x9x1x1,0x0x0,2048x9x1x1
norm-9,RMS_NORM,0.005886,1047.956719,73728,5696808,2048x9x1x1,0x0x0,2048x9x1x1
attn_norm-9,MUL,0.004271,1047.963958,73728,5696808,2048x9x1x1,0x0x0,2048x9x1x1
Qcur-9,MUL_MAT,0.435312,1048.402239,73728,5696808,2048x9x1x1,0x0x0,2048x9x1x1
Qcur-9,RESHAPE,0.000313,1048.406094,73728,5696808,128x16x9x1,0x0x0,128x16x9x1
norm-9,RMS_NORM,0.173385,1048.582552,73728,5696808,128x16x9x1,0x0x0,128x16x9x1
Qcur_normed-9,MUL,3.997917,1052.584271,73728,5696808,128x16x9x1,0x0x0,128x16x9x1
Qcur-9,ROPE,0.004896,1052.592708,73728,5696808,128x16x9x1,0x0x0,128x16x9x1
Vcur-9,MUL_MAT,0.194844,1052.790573,36864,5696808,1024x9x1x1,0x0x0,1024x9x1x1
Vcur-9,RESHAPE,0.000260,1052.794479,36864,5696808,128x8x9x1,0x0x0,128x8x9x1
Kcur-9,MUL_MAT,0.299375,1053.096979,36864,5696808,1024x9x1x1,0x0x0,1024x9x1x1
Kcur-9,RESHAPE,0.000312,1053.106406,36864,5696808,128x8x9x1,0x0x0,128x8x9x1
norm-9,RMS_NORM,0.116771,1053.226354,36864,5696808,128x8x9x1,0x0x0,128x8x9x1
Kcur_normed-9,MUL,0.002396,1053.232344,36864,5696808,128x8x9x1,0x0x0,128x8x9x1
Kcur-9,ROPE,0.004219,1053.239479,36864,5696808,128x8x9x1,0x0x0,128x8x9x1
Kcur-9 (view),VIEW,0.000260,1053.242656,36864,5696808,1024x9x1x1,0x0x0,1024x9x1x1
cache_k_l9 (view),SET_ROWS,0.072760,1053.318333,83886080,5696808,1024x40960x1x1,0x0x0,1024x40960x1x1
Vcur-9 (view),VIEW,0.000261,1053.322448,36864,5696808,1024x9x1x1,0x0x0,1024x9x1x1
cache_v_l9 (view),SET_ROWS,0.066667,1053.392031,83886080,5696808,1024x40960x1x1,0x0x0,1024x40960x1x1
Qcur-9 (view),VIEW,0.000209,1053.396042,73728,5696808,128x16x9x1,0x0x0,128x16x9x1
Qcur-9 (view) (permuted),PERMUTE,0.033438,1053.432396,73728,5696808,128x9x16x1,0x0x0,128x9x16x1
cache_k_l9 (view),VIEW,0.000261,1053.436250,524288,5696808,128x8x256x1,0x0x0,128x8x256x1
cache_k_l9 (view) (permuted),PERMUTE,0.000104,1053.439375,524288,5696808,128x256x8x1,0x0x0,128x256x8x1
cache_v_l9 (view),VIEW,0.000104,1053.442448,524288,5696808,128x8x256x1,0x0x0,128x8x256x1
cache_v_l9 (view) (permuted),PERMUTE,0.000105,1053.445417,524288,5696808,128x256x8x1,0x0x0,128x256x8x1
node_340,FLASH_ATTN_EXT,0.135417,1053.583698,73728,5696808,128x16x9x1,0x0x0,128x16x9x1
kqv_out-9,RESHAPE,0.000312,1053.587708,73728,5696808,2048x9x1x1,0x0x0,2048x9x1x1
node_342,MUL_MAT,0.526563,1054.117344,73728,5696808,2048x9x1x1,0x0x0,2048x9x1x1
ffn_inp-9,ADD,0.004219,1054.125521,73728,5696808,2048x9x1x1,0x0x0,2048x9x1x1
norm-9,RMS_NORM,0.005260,1054.133854,73728,5696808,2048x9x1x1,0x0x0,2048x9x1x1
ffn_norm-9,MUL,0.004063,1054.141042,73728,5696808,2048x9x1x1,0x0x0,2048x9x1x1
ffn_gate-9,MUL_MAT,1.041406,1055.185312,221184,5696808,6144x9x1x1,0x0x0,6144x9x1x1
ffn_up-9,MUL_MAT,1.043020,1056.232187,221184,5696808,6144x9x1x1,0x0x0,6144x9x1x1
ffn_swiglu-9,GLU,0.016250,1056.252187,221184,5696808,6144x9x1x1,0x0x0,6144x9x1x1
ffn_out-9,MUL_MAT,1.081041,1057.336614,73728,5696808,2048x9x1x1,0x0x0,2048x9x1x1
l_out-9,ADD,0.004323,1057.345104,73728,5696808,2048x9x1x1,0x0x0,2048x9x1x1
norm-10,RMS_NORM,0.006771,1057.354844,73728,5696808,2048x9x1x1,0x0x0,2048x9x1x1
attn_norm-10,MUL,0.004271,1057.362135,73728,5696808,2048x9x1x1,0x0x0,2048x9x1x1
Qcur-10,MUL_MAT,0.360573,1057.725521,73728,5696808,2048x9x1x1,0x0x0,2048x9x1x1
Qcur-10,RESHAPE,0.000313,1057.729271,73728,5696808,128x16x9x1,0x0x0,128x16x9x1
norm-10,RMS_NORM,0.121354,1057.853906,73728,5696808,128x16x9x1,0x0x0,128x16x9x1
Qcur_normed-10,MUL,0.003437,1057.860885,73728,5696808,128x16x9x1,0x0x0,128x16x9x1
Qcur-10,ROPE,0.004219,1057.867969,73728,5696808,128x16x9x1,0x0x0,128x16x9x1
Vcur-10,MUL_MAT,0.194219,1058.065156,36864,5696808,1024x9x1x1,0x0x0,1024x9x1x1
Vcur-10,RESHAPE,0.000312,1058.068854,36864,5696808,128x8x9x1,0x0x0,128x8x9x1
Kcur-10,MUL_MAT,5.020417,1063.092448,36864,5696808,1024x9x1x1,0x0x0,1024x9x1x1
Kcur-10,RESHAPE,0.000313,1063.096667,36864,5696808,128x8x9x1,0x0x0,128x8x9x1
norm-10,RMS_NORM,0.085313,1063.184948,36864,5696808,128x8x9x1,0x0x0,128x8x9x1
Kcur_normed-10,MUL,0.002031,1063.190573,36864,5696808,128x8x9x1,0x0x0,128x8x9x1
Kcur-10,ROPE,0.003646,1063.197031,36864,5696808,128x8x9x1,0x0x0,128x8x9x1
Kcur-10 (view),VIEW,0.000312,1063.200156,36864,5696808,1024x9x1x1,0x0x0,1024x9x1x1
cache_k_l10 (view),SET_ROWS,0.066302,1063.269323,83886080,5696808,1024x40960x1x1,0x0x0,1024x40960x1x1
Vcur-10 (view),VIEW,0.000260,1063.273281,36864,5696808,1024x9x1x1,0x0x0,1024x9x1x1
cache_v_l10 (view),SET_ROWS,0.044843,1063.320937,83886080,5696808,1024x40960x1x1,0x0x0,1024x40960x1x1
Qcur-10 (view),VIEW,0.000261,1063.324792,73728,5696808,128x16x9x1,0x0x0,128x16x9x1
Qcur-10 (view) (permuted),PERMUTE,0.028177,1063.355885,73728,5696808,128x9x16x1,0x0x0,128x9x16x1
cache_k_l10 (view),VIEW,0.000208,1063.359479,524288,5696808,128x8x256x1,0x0x0,128x8x256x1
cache_k_l10 (view) (permuted),PERMUTE,0.008073,1063.370521,524288,5696808,128x256x8x1,0x0x0,128x256x8x1
cache_v_l10 (view),VIEW,0.000312,1063.374062,524288,5696808,128x8x256x1,0x0x0,128x8x256x1
cache_v_l10 (view) (permuted),PERMUTE,0.024792,1063.401979,524288,5696808,128x256x8x1,0x0x0,128x256x8x1
node_375,FLASH_ATTN_EXT,13.162500,1076.572292,73728,5696808,128x16x9x1,0x0x0,128x16x9x1
kqv_out-10,RESHAPE,0.000260,1076.576406,73728,5696808,2048x9x1x1,0x0x0,2048x9x1x1
node_377,MUL_MAT,0.460000,1077.039427,73728,5696808,2048x9x1x1,0x0x0,2048x9x1x1
ffn_inp-10,ADD,0.004167,1077.047344,73728,5696808,2048x9x1x1,0x0x0,2048x9x1x1
norm-10,RMS_NORM,0.005209,1077.055573,73728,5696808,2048x9x1x1,0x0x0,2048x9x1x1
ffn_norm-10,MUL,0.004062,1077.062708,73728,5696808,2048x9x1x1,0x0x0,2048x9x1x1
ffn_gate-10,MUL_MAT,1.044010,1078.109687,221184,5696808,6144x9x1x1,0x0x0,6144x9x1x1
ffn_up-10,MUL_MAT,1.043386,1079.156875,221184,5696808,6144x9x1x1,0x0x0,6144x9x1x1
ffn_swiglu-10,GLU,0.016614,1079.177656,221184,5696808,6144x9x1x1,0x0x0,6144x9x1x1
ffn_out-10,MUL_MAT,1.056875,1080.238021,73728,5696808,2048x9x1x1,0x0x0,2048x9x1x1
l_out-10,ADD,0.004375,1080.245989,73728,5696808,2048x9x1x1,0x0x0,2048x9x1x1
norm-11,RMS_NORM,0.005625,1080.254583,73728,5696808,2048x9x1x1,0x0x0,2048x9x1x1
attn_norm-11,MUL,0.004219,1080.261823,73728,5696808,2048x9x1x1,0x0x0,2048x9x1x1
Qcur-11,MUL_MAT,0.375782,1080.640521,73728,5696808,2048x9x1x1,0x0x0,2048x9x1x1
Qcur-11,RESHAPE,0.000312,1080.644531,73728,5696808,128x16x9x1,0x0x0,128x16x9x1
norm-11,RMS_NORM,0.077552,1080.725156,73728,5696808,128x16x9x1,0x0x0,128x16x9x1
Qcur_normed-11,MUL,3.835156,1084.563854,73728,5696808,128x16x9x1,0x0x0,128x16x9x1
Qcur-11,ROPE,4.000208,1088.567500,73728,5696808,128x16x9x1,0x0x0,128x16x9x1
Vcur-11,MUL_MAT,4.211719,1092.782656,36864,5696808,1024x9x1x1,0x0x0,1024x9x1x1
Vcur-11,RESHAPE,0.000313,1092.786875,36864,5696808,128x8x9x1,0x0x0,128x8x9x1
Kcur-11,MUL_MAT,0.395573,1093.185677,36864,5696808,1024x9x1x1,0x0x0,1024x9x1x1
Kcur-11,RESHAPE,0.000313,1093.190000,36864,5696808,128x8x9x1,0x0x0,128x8x9x1
norm-11,RMS_NORM,0.165469,1093.358698,36864,5696808,128x8x9x1,0x0x0,128x8x9x1
Kcur_normed-11,MUL,0.002292,1093.364896,36864,5696808,128x8x9x1,0x0x0,128x8x9x1
Kcur-11,ROPE,0.003281,1093.371354,36864,5696808,128x8x9x1,0x0x0,128x8x9x1
Kcur-11 (view),VIEW,0.000313,1093.374844,36864,5696808,1024x9x1x1,0x0x0,1024x9x1x1
cache_k_l11 (view),SET_ROWS,0.075520,1093.453489,83886080,5696808,1024x40960x1x1,0x0x0,1024x40960x1x1
Vcur-11 (view),VIEW,0.000521,1093.457969,36864,5696808,1024x9x1x1,0x0x0,1024x9x1x1
cache_v_l11 (view),SET_ROWS,0.004323,1093.465469,83886080,5696808,1024x40960x1x1,0x0x0,1024x40960x1x1
Qcur-11 (view),VIEW,0.005313,1093.474271,73728,5696808,128x16x9x1,0x0x0,128x16x9x1
Qcur-11 (view) (permuted),PERMUTE,0.000313,1093.478125,73728,5696808,128x9x16x1,0x0x0,128x9x16x1
cache_k_l11 (view),VIEW,0.048333,1093.529583,524288,5696808,128x8x256x1,0x0x0,128x8x256x1
cache_k_l11 (view) (permuted),PERMUTE,0.000261,1093.533698,524288,5696808,128x256x8x1,0x0x0,128x256x8x1
cache_v_l11 (view),VIEW,0.034166,1093.570989,524288,5696808,128x8x256x1,0x0x0,128x8x256x1
cache_v_l11 (view) (permuted),PERMUTE,0.000469,1093.575417,524288,5696808,128x256x8x1,0x0x0,128x256x8x1
node_410,FLASH_ATTN_EXT,1.846562,1095.425104,73728,5696808,128x16x9x1,0x0x0,128x16x9x1
kqv_out-11,RESHAPE,0.000365,1095.429219,73728,5696808,2048x9x1x1,0x0x0,2048x9x1x1
node_412,MUL_MAT,0.433958,1095.866302,73728,5696808,2048x9x1x1,0x0x0,2048x9x1x1
ffn_inp-11,ADD,0.005053,1095.875417,73728,5696808,2048x9x1x1,0x0x0,2048x9x1x1
norm-11,RMS_NORM,0.005833,1095.884427,73728,5696808,2048x9x1x1,0x0x0,2048x9x1x1
ffn_norm-11,MUL,0.003958,1095.891614,73728,5696808,2048x9x1x1,0x0x0,2048x9x1x1
ffn_gate-11,MUL_MAT,1.112240,1097.006979,221184,5696808,6144x9x1x1,0x0x0,6144x9x1x1
ffn_up-11,MUL_MAT,1.082552,1098.093854,221184,5696808,6144x9x1x1,0x0x0,6144x9x1x1
ffn_swiglu-11,GLU,0.017136,1098.114844,221184,5696808,6144x9x1x1,0x0x0,6144x9x1x1
ffn_out-11,MUL_MAT,1.058594,1099.176979,73728,5696808,2048x9x1x1,0x0x0,2048x9x1x1
l_out-11,ADD,0.004532,1099.185469,73728,5696808,2048x9x1x1,0x0x0,2048x9x1x1
norm-12,RMS_NORM,0.006302,1099.194896,73728,5696808,2048x9x1x1,0x0x0,2048x9x1x1
attn_norm-12,MUL,0.004323,1099.202396,73728,5696808,2048x9x1x1,0x0x0,2048x9x1x1
Qcur-12,MUL_MAT,0.382343,1099.587864,73728,5696808,2048x9x1x1,0x0x0,2048x9x1x1
Qcur-12,RESHAPE,0.000313,1099.597552,73728,5696808,128x16x9x1,0x0x0,128x16x9x1
norm-12,RMS_NORM,0.160989,1099.762239,73728,5696808,128x16x9x1,0x0x0,128x16x9x1
Qcur_normed-12,MUL,0.004219,1099.770469,73728,5696808,128x16x9x1,0x0x0,128x16x9x1
Qcur-12,ROPE,0.004166,1099.777812,73728,5696808,128x16x9x1,0x0x0,128x16x9x1
Vcur-12,MUL_MAT,0.194271,1099.975208,36864,5696808,1024x9x1x1,0x0x0,1024x9x1x1
Vcur-12,RESHAPE,0.000312,1099.979114,36864,5696808,128x8x9x1,0x0x0,128x8x9x1
Kcur-12,MUL_MAT,4.598177,1104.580573,36864,5696808,1024x9x1x1,0x0x0,1024x9x1x1
Kcur-12,RESHAPE,0.000364,1104.585312,36864,5696808,128x8x9x1,0x0x0,128x8x9x1
norm-12,RMS_NORM,0.109739,1104.698281,36864,5696808,128x8x9x1,0x0x0,128x8x9x1
Kcur_normed-12,MUL,0.002396,1104.704427,36864,5696808,128x8x9x1,0x0x0,128x8x9x1
Kcur-12,ROPE,0.003333,1104.710885,36864,5696808,128x8x9x1,0x0x0,128x8x9x1
Kcur-12 (view),VIEW,0.000313,1104.714219,36864,5696808,1024x9x1x1,0x0x0,1024x9x1x1
cache_k_l12 (view),SET_ROWS,0.050989,1104.768333,83886080,5696808,1024x40960x1x1,0x0x0,1024x40960x1x1
Vcur-12 (view),VIEW,0.000260,1104.772604,36864,5696808,1024x9x1x1,0x0x0,1024x9x1x1
cache_v_l12 (view),SET_ROWS,0.012813,1104.788542,83886080,5696808,1024x40960x1x1,0x0x0,1024x40960x1x1
Qcur-12 (view),VIEW,0.024583,1104.816979,73728,5696808,128x16x9x1,0x0x0,128x16x9x1
Qcur-12 (view) (permuted),PERMUTE,0.016042,1104.836823,73728,5696808,128x9x16x1,0x0x0,128x9x16x1
cache_k_l12 (view),VIEW,0.003906,1104.844531,524288,5696808,128x8x256x1,0x0x0,128x8x256x1
cache_k_l12 (view) (permuted),PERMUTE,0.009062,1104.856979,524288,5696808,128x256x8x1,0x0x0,128x256x8x1
cache_v_l12 (view),VIEW,0.000573,1104.861042,524288,5696808,128x8x256x1,0x0x0,128x8x256x1
cache_v_l12 (view) (permuted),PERMUTE,0.019583,1104.883802,524288,5696808,128x256x8x1,0x0x0,128x256x8x1
node_445,FLASH_ATTN_EXT,0.037239,1104.924687,73728,5696808,128x16x9x1,0x0x0,128x16x9x1
kqv_out-12,RESHAPE,0.000313,1104.928802,73728,5696808,2048x9x1x1,0x0x0,2048x9x1x1
node_447,MUL_MAT,4.017396,1108.949427,73728,5696808,2048x9x1x1,0x0x0,2048x9x1x1
ffn_inp-12,ADD,0.004375,1108.958125,73728,5696808,2048x9x1x1,0x0x0,2048x9x1x1
norm-12,RMS_NORM,0.005469,1108.966927,73728,5696808,2048x9x1x1,0x0x0,2048x9x1x1
ffn_norm-12,MUL,0.003906,1108.974114,73728,5696808,2048x9x1x1,0x0x0,2048x9x1x1
ffn_gate-12,MUL_MAT,1.096407,1110.073594,221184,5696808,6144x9x1x1,0x0x0,6144x9x1x1
ffn_up-12,MUL_MAT,1.089843,1111.167187,221184,5696808,6144x9x1x1,0x0x0,6144x9x1x1
ffn_swiglu-12,GLU,0.016459,1111.187448,221184,5696808,6144x9x1x1,0x0x0,6144x9x1x1
ffn_out-12,MUL_MAT,1.060208,1112.251354,73728,5696808,2048x9x1x1,0x0x0,2048x9x1x1
l_out-12,ADD,0.004375,1112.259739,73728,5696808,2048x9x1x1,0x0x0,2048x9x1x1
norm-13,RMS_NORM,0.006875,1112.269739,73728,5696808,2048x9x1x1,0x0x0,2048x9x1x1
attn_norm-13,MUL,0.004062,1112.277031,73728,5696808,2048x9x1x1,0x0x0,2048x9x1x1
Qcur-13,MUL_MAT,0.479740,1112.759896,73728,5696808,2048x9x1x1,0x0x0,2048x9x1x1
Qcur-13,RESHAPE,0.000261,1112.764271,73728,5696808,128x16x9x1,0x0x0,128x16x9x1
norm-13,RMS_NORM,3.133281,1115.900937,73728,5696808,128x16x9x1,0x0x0,128x16x9x1
Qcur_normed-13,MUL,0.003437,1115.908333,73728,5696808,128x16x9x1,0x0x0,128x16x9x1
Qcur-13,ROPE,0.004011,1115.915469,73728,5696808,128x16x9x1,0x0x0,128x16x9x1
Vcur-13,MUL_MAT,0.194323,1116.112917,36864,5696808,1024x9x1x1,0x0x0,1024x9x1x1
Vcur-13,RESHAPE,0.000261,1116.116823,36864,5696808,128x8x9x1,0x0x0,128x8x9x1
Kcur-13,MUL_MAT,0.302760,1116.422864,36864,5696808,1024x9x1x1,0x0x0,1024x9x1x1
Kcur-13,RESHAPE,0.000312,1116.427135,36864,5696808,128x8x9x1,0x0x0,128x8x9x1
norm-13,RMS_NORM,0.148646,1116.579010,36864,5696808,128x8x9x1,0x0x0,128x8x9x1
Kcur_normed-13,MUL,0.002291,1116.585312,36864,5696808,128x8x9x1,0x0x0,128x8x9x1
Kcur-13,ROPE,0.003906,1116.592448,36864,5696808,128x8x9x1,0x0x0,128x8x9x1
Kcur-13 (view),VIEW,0.000312,1116.595833,36864,5696808,1024x9x1x1,0x0x0,1024x9x1x1
cache_k_l13 (view),SET_ROWS,0.077031,1116.675989,83886080,5696808,1024x40960x1x1,0x0x0,1024x40960x1x1
Vcur-13 (view),VIEW,0.000312,1116.680156,36864,5696808,1024x9x1x1,0x0x0,1024x9x1x1
cache_v_l13 (view),SET_ROWS,0.041094,1116.728594,83886080,5696808,1024x40960x1x1,0x0x0,1024x40960x1x1
Qcur-13 (view),VIEW,0.033438,1116.766198,73728,5696808,128x16x9x1,0x0x0,128x16x9x1
Qcur-13 (view) (permuted),PERMUTE,0.017604,1116.787448,73728,5696808,128x9x16x1,0x0x0,128x9x16x1
cache_k_l13 (view),VIEW,0.000468,1116.791614,524288,5696808,128x8x256x1,0x0x0,128x8x256x1
cache_k_l13 (view) (permuted),PERMUTE,0.030885,1116.825677,524288,5696808,128x256x8x1,0x0x0,128x256x8x1
cache_v_l13 (view),VIEW,0.000260,1116.829739,524288,5696808,128x8x256x1,0x0x0,128x8x256x1
cache_v_l13 (view) (permuted),PERMUTE,0.041718,1116.874687,524288,5696808,128x256x8x1,0x0x0,128x256x8x1
node_480,FLASH_ATTN_EXT,3.721771,1120.600156,73728,5696808,128x16x9x1,0x0x0,128x16x9x1
kqv_out-13,RESHAPE,0.000469,1120.604844,73728,5696808,2048x9x1x1,0x0x0,2048x9x1x1
node_482,MUL_MAT,4.009739,1124.617760,73728,5696808,2048x9x1x1,0x0x0,2048x9x1x1
ffn_inp-13,ADD,0.004322,1124.625989,73728,5696808,2048x9x1x1,0x0x0,2048x9x1x1
norm-13,RMS_NORM,0.005520,1124.634739,73728,5696808,2048x9x1x1,0x0x0,2048x9x1x1
ffn_norm-13,MUL,0.003906,1124.642031,73728,5696808,2048x9x1x1,0x0x0,2048x9x1x1
ffn_gate-13,MUL_MAT,1.090313,1125.735521,221184,5696808,6144x9x1x1,0x0x0,6144x9x1x1
ffn_up-13,MUL_MAT,1.076459,1126.816667,221184,5696808,6144x9x1x1,0x0x0,6144x9x1x1
ffn_swiglu-13,GLU,0.016615,1126.837552,221184,5696808,6144x9x1x1,0x0x0,6144x9x1x1
ffn_out-13,MUL_MAT,1.059896,1127.901094,73728,5696808,2048x9x1x1,0x0x0,2048x9x1x1
l_out-13,ADD,0.004219,1127.909427,73728,5696808,2048x9x1x1,0x0x0,2048x9x1x1
norm-14,RMS_NORM,0.006198,1127.918802,73728,5696808,2048x9x1x1,0x0x0,2048x9x1x1
attn_norm-14,MUL,0.004688,1127.926771,73728,5696808,2048x9x1x1,0x0x0,2048x9x1x1
Qcur-14,MUL_MAT,0.363073,1128.293073,73728,5696808,2048x9x1x1,0x0x0,2048x9x1x1
Qcur-14,RESHAPE,0.000417,1128.297344,73728,5696808,128x16x9x1,0x0x0,128x16x9x1
norm-14,RMS_NORM,0.130312,1128.430989,73728,5696808,128x16x9x1,0x0x0,128x16x9x1
Qcur_normed-14,MUL,0.003542,1128.438542,73728,5696808,128x16x9x1,0x0x0,128x16x9x1
Qcur-14,ROPE,0.004583,1128.446250,73728,5696808,128x16x9x1,0x0x0,128x16x9x1
Vcur-14,MUL_MAT,0.206354,1128.655729,36864,5696808,1024x9x1x1,0x0x0,1024x9x1x1
Vcur-14,RESHAPE,0.000313,1128.660052,36864,5696808,128x8x9x1,0x0x0,128x8x9x1
Kcur-14,MUL_MAT,7.927448,1136.590677,36864,5696808,1024x9x1x1,0x0x0,1024x9x1x1
Kcur-14,RESHAPE,0.000312,1136.595312,36864,5696808,128x8x9x1,0x0x0,128x8x9x1
norm-14,RMS_NORM,0.147968,1136.746510,36864,5696808,128x8x9x1,0x0x0,128x8x9x1
Kcur_normed-14,MUL,0.002604,1136.753021,36864,5696808,128x8x9x1,0x0x0,128x8x9x1
Kcur-14,ROPE,0.004271,1136.760417,36864,5696808,128x8x9x1,0x0x0,128x8x9x1
Kcur-14 (view),VIEW,0.000312,1136.763854,36864,5696808,1024x9x1x1,0x0x0,1024x9x1x1
cache_k_l14 (view),SET_ROWS,0.063021,1136.829948,83886080,5696808,1024x40960x1x1,0x0x0,1024x40960x1x1
Vcur-14 (view),VIEW,0.000313,1136.834219,36864,5696808,1024x9x1x1,0x0x0,1024x9x1x1
cache_v_l14 (view),SET_ROWS,0.028541,1136.865885,83886080,5696808,1024x40960x1x1,0x0x0,1024x40960x1x1
Qcur-14 (view),VIEW,0.000677,1136.870364,73728,5696808,128x16x9x1,0x0x0,128x16x9x1
Qcur-14 (view) (permuted),PERMUTE,0.029480,1136.902969,73728,5696808,128x9x16x1,0x0x0,128x9x16x1
cache_k_l14 (view),VIEW,0.013021,1136.919792,524288,5696808,128x8x256x1,0x0x0,128x8x256x1
cache_k_l14 (view) (permuted),PERMUTE,0.000833,1136.924375,524288,5696808,128x256x8x1,0x0x0,128x256x8x1
cache_v_l14 (view),VIEW,0.039115,1136.966667,524288,5696808,128x8x256x1,0x0x0,128x8x256x1
cache_v_l14 (view) (permuted),PERMUTE,0.016250,1136.986614,524288,5696808,128x256x8x1,0x0x0,128x256x8x1
node_515,FLASH_ATTN_EXT,3.577084,1140.567344,73728,5696808,128x16x9x1,0x0x0,128x16x9x1
kqv_out-14,RESHAPE,0.000312,1140.571614,73728,5696808,2048x9x1x1,0x0x0,2048x9x1x1
node_517,MUL_MAT,0.549375,1141.124219,73728,5696808,2048x9x1x1,0x0x0,2048x9x1x1
ffn_inp-14,ADD,0.006094,1141.155417,73728,5696808,2048x9x1x1,0x0x0,2048x9x1x1
norm-14,RMS_NORM,0.006094,1141.166667,73728,5696808,2048x9x1x1,0x0x0,2048x9x1x1
ffn_norm-14,MUL,0.004375,1141.174948,73728,5696808,2048x9x1x1,0x0x0,2048x9x1x1
ffn_gate-14,MUL_MAT,1.119427,1142.298125,221184,5696808,6144x9x1x1,0x0x0,6144x9x1x1
ffn_up-14,MUL_MAT,1.118750,1143.435521,221184,5696808,6144x9x1x1,0x0x0,6144x9x1x1
ffn_swiglu-14,GLU,0.016250,1143.456927,221184,5696808,6144x9x1x1,0x0x0,6144x9x1x1
ffn_out-14,MUL_MAT,1.157916,1144.618958,73728,5696808,2048x9x1x1,0x0x0,2048x9x1x1
l_out-14,ADD,0.004219,1144.627969,73728,5696808,2048x9x1x1,0x0x0,2048x9x1x1
norm-15,RMS_NORM,0.006459,1144.638073,73728,5696808,2048x9x1x1,0x0x0,2048x9x1x1
attn_norm-15,MUL,0.004062,1144.645729,73728,5696808,2048x9x1x1,0x0x0,2048x9x1x1
Qcur-15,MUL_MAT,0.385416,1145.034687,73728,5696808,2048x9x1x1,0x0x0,2048x9x1x1
Qcur-15,RESHAPE,0.000312,1145.039062,73728,5696808,128x16x9x1,0x0x0,128x16x9x1
norm-15,RMS_NORM,0.077084,1145.119896,73728,5696808,128x16x9x1,0x0x0,128x16x9x1
Qcur_normed-15,MUL,0.003750,1145.128125,73728,5696808,128x16x9x1,0x0x0,128x16x9x1
Qcur-15,ROPE,0.004063,1145.135677,73728,5696808,128x16x9x1,0x0x0,128x16x9x1
Vcur-15,MUL_MAT,0.193906,1145.333125,36864,5696808,1024x9x1x1,0x0x0,1024x9x1x1
Vcur-15,RESHAPE,0.000313,1145.337448,36864,5696808,128x8x9x1,0x0x0,128x8x9x1
Kcur-15,MUL_MAT,0.260365,1145.601302,36864,5696808,1024x9x1x1,0x0x0,1024x9x1x1
Kcur-15,RESHAPE,0.000364,1145.605989,36864,5696808,128x8x9x1,0x0x0,128x8x9x1
norm-15,RMS_NORM,0.071927,1145.681458,36864,5696808,128x8x9x1,0x0x0,128x8x9x1
Kcur_normed-15,MUL,0.002240,1145.687917,36864,5696808,128x8x9x1,0x0x0,128x8x9x1
Kcur-15,ROPE,0.003698,1145.695000,36864,5696808,128x8x9x1,0x0x0,128x8x9x1
Kcur-15 (view),VIEW,0.000312,1145.698958,36864,5696808,1024x9x1x1,0x0x0,1024x9x1x1
cache_k_l15 (view),SET_ROWS,0.025417,1145.727969,83886080,5696808,1024x40960x1x1,0x0x0,1024x40960x1x1
Vcur-15 (view),VIEW,0.000312,1145.732812,36864,5696808,1024x9x1x1,0x0x0,1024x9x1x1
cache_v_l15 (view),SET_ROWS,0.028698,1145.765156,83886080,5696808,1024x40960x1x1,0x0x0,1024x40960x1x1
Qcur-15 (view),VIEW,0.000365,1145.769792,73728,5696808,128x16x9x1,0x0x0,128x16x9x1
Qcur-15 (view) (permuted),PERMUTE,0.018334,1145.791719,73728,5696808,128x9x16x1,0x0x0,128x9x16x1
cache_k_l15 (view),VIEW,0.000261,1145.796198,524288,5696808,128x8x256x1,0x0x0,128x8x256x1
cache_k_l15 (view) (permuted),PERMUTE,0.020052,1145.820000,524288,5696808,128x256x8x1,0x0x0,128x256x8x1
cache_v_l15 (view),VIEW,0.000260,1145.824635,524288,5696808,128x8x256x1,0x0x0,128x8x256x1
cache_v_l15 (view) (permuted),PERMUTE,0.013021,1145.841250,524288,5696808,128x256x8x1,0x0x0,128x256x8x1
node_550,FLASH_ATTN_EXT,0.050417,1145.895729,73728,5696808,128x16x9x1,0x0x0,128x16x9x1
kqv_out-15,RESHAPE,0.000313,1145.900000,73728,5696808,2048x9x1x1,0x0x0,2048x9x1x1
node_552,MUL_MAT,0.452968,1146.356614,73728,5696808,2048x9x1x1,0x0x0,2048x9x1x1
ffn_inp-15,ADD,0.004166,1146.365208,73728,5696808,2048x9x1x1,0x0x0,2048x9x1x1
norm-15,RMS_NORM,0.005937,1146.374739,73728,5696808,2048x9x1x1,0x0x0,2048x9x1x1
ffn_norm-15,MUL,0.004688,1146.383073,73728,5696808,2048x9x1x1,0x0x0,2048x9x1x1
ffn_gate-15,MUL_MAT,1.118282,1147.504896,221184,5696808,6144x9x1x1,0x0x0,6144x9x1x1
ffn_up-15,MUL_MAT,1.137657,1148.646719,221184,5696808,6144x9x1x1,0x0x0,6144x9x1x1
ffn_swiglu-15,GLU,0.015989,1148.667031,221184,5696808,6144x9x1x1,0x0x0,6144x9x1x1
ffn_out-15,MUL_MAT,1.135625,1149.806667,73728,5696808,2048x9x1x1,0x0x0,2048x9x1x1
l_out-15,ADD,0.004115,1149.815052,73728,5696808,2048x9x1x1,0x0x0,2048x9x1x1
norm-16,RMS_NORM,0.006250,1149.824896,73728,5696808,2048x9x1x1,0x0x0,2048x9x1x1
attn_norm-16,MUL,0.004218,1149.832760,73728,5696808,2048x9x1x1,0x0x0,2048x9x1x1
Qcur-16,MUL_MAT,0.386719,1150.223021,73728,5696808,2048x9x1x1,0x0x0,2048x9x1x1
Qcur-16,RESHAPE,0.000313,1150.227344,73728,5696808,128x16x9x1,0x0x0,128x16x9x1
norm-16,RMS_NORM,0.112812,1150.343906,73728,5696808,128x16x9x1,0x0x0,128x16x9x1
Qcur_normed-16,MUL,0.003802,1150.352135,73728,5696808,128x16x9x1,0x0x0,128x16x9x1
Qcur-16,ROPE,0.004271,1150.359844,73728,5696808,128x16x9x1,0x0x0,128x16x9x1
Vcur-16,MUL_MAT,0.195417,1150.558646,36864,5696808,1024x9x1x1,0x0x0,1024x9x1x1
Vcur-16,RESHAPE,0.000313,1150.563125,36864,5696808,128x8x9x1,0x0x0,128x8x9x1
Kcur-16,MUL_MAT,0.250833,1150.817500,36864,5696808,1024x9x1x1,0x0x0,1024x9x1x1
Kcur-16,RESHAPE,0.000365,1150.828594,36864,5696808,128x8x9x1,0x0x0,128x8x9x1
norm-16,RMS_NORM,0.065156,1150.897604,36864,5696808,128x8x9x1,0x0x0,128x8x9x1
Kcur_normed-16,MUL,0.002239,1150.904062,36864,5696808,128x8x9x1,0x0x0,128x8x9x1
Kcur-16,ROPE,0.003542,1150.911146,36864,5696808,128x8x9x1,0x0x0,128x8x9x1
Kcur-16 (view),VIEW,0.000313,1150.914948,36864,5696808,1024x9x1x1,0x0x0,1024x9x1x1
cache_k_l16 (view),SET_ROWS,0.032657,1150.951094,83886080,5696808,1024x40960x1x1,0x0x0,1024x40960x1x1
Vcur-16 (view),VIEW,0.000365,1150.955573,36864,5696808,1024x9x1x1,0x0x0,1024x9x1x1
cache_v_l16 (view),SET_ROWS,0.019167,1150.978073,83886080,5696808,1024x40960x1x1,0x0x0,1024x40960x1x1
Qcur-16 (view),VIEW,0.000261,1150.982500,73728,5696808,128x16x9x1,0x0x0,128x16x9x1
Qcur-16 (view) (permuted),PERMUTE,0.016823,1151.003073,73728,5696808,128x9x16x1,0x0x0,128x9x16x1
cache_k_l16 (view),VIEW,0.000313,1151.007344,524288,5696808,128x8x256x1,0x0x0,128x8x256x1
cache_k_l16 (view) (permuted),PERMUTE,0.000469,1151.011250,524288,5696808,128x256x8x1,0x0x0,128x256x8x1
cache_v_l16 (view),VIEW,0.010052,1151.024948,524288,5696808,128x8x256x1,0x0x0,128x8x256x1
cache_v_l16 (view) (permuted),PERMUTE,0.000261,1151.029167,524288,5696808,128x256x8x1,0x0x0,128x256x8x1
node_585,FLASH_ATTN_EXT,0.036094,1151.068698,73728,5696808,128x16x9x1,0x0x0,128x16x9x1
kqv_out-16,RESHAPE,0.000261,1151.073073,73728,5696808,2048x9x1x1,0x0x0,2048x9x1x1
node_587,MUL_MAT,0.451563,1151.528125,73728,5696808,2048x9x1x1,0x0x0,2048x9x1x1
ffn_inp-16,ADD,0.004270,1151.536614,73728,5696808,2048x9x1x1,0x0x0,2048x9x1x1
norm-16,RMS_NORM,0.006042,1151.546094,73728,5696808,2048x9x1x1,0x0x0,2048x9x1x1
ffn_norm-16,MUL,0.004062,1151.553906,73728,5696808,2048x9x1x1,0x0x0,2048x9x1x1
ffn_gate-16,MUL_MAT,1.133594,1152.691042,221184,5696808,6144x9x1x1,0x0x0,6144x9x1x1
ffn_up-16,MUL_MAT,1.121042,1153.816875,221184,5696808,6144x9x1x1,0x0x0,6144x9x1x1
ffn_swiglu-16,GLU,0.016458,1153.837552,221184,5696808,6144x9x1x1,0x0x0,6144x9x1x1
ffn_out-16,MUL_MAT,1.135365,1154.976875,73728,5696808,2048x9x1x1,0x0x0,2048x9x1x1
l_out-16,ADD,0.004323,1154.985469,73728,5696808,2048x9x1x1,0x0x0,2048x9x1x1
norm-17,RMS_NORM,0.007396,1154.996354,73728,5696808,2048x9x1x1,0x0x0,2048x9x1x1
attn_norm-17,MUL,0.004114,1155.004062,73728,5696808,2048x9x1x1,0x0x0,2048x9x1x1
Qcur-17,MUL_MAT,0.385000,1155.392500,73728,5696808,2048x9x1x1,0x0x0,2048x9x1x1
Qcur-17,RESHAPE,0.000260,1155.396927,73728,5696808,128x16x9x1,0x0x0,128x16x9x1
norm-17,RMS_NORM,0.067969,1155.468542,73728,5696808,128x16x9x1,0x0x0,128x16x9x1
Qcur_normed-17,MUL,0.003490,1155.476250,73728,5696808,128x16x9x1,0x0x0,128x16x9x1
Qcur-17,ROPE,0.004115,1155.483802,73728,5696808,128x16x9x1,0x0x0,128x16x9x1
Vcur-17,MUL_MAT,0.194895,1155.682187,36864,5696808,1024x9x1x1,0x0x0,1024x9x1x1
Vcur-17,RESHAPE,0.000313,1155.686667,36864,5696808,128x8x9x1,0x0x0,128x8x9x1
Kcur-17,MUL_MAT,0.262865,1155.952969,36864,5696808,1024x9x1x1,0x0x0,1024x9x1x1
Kcur-17,RESHAPE,0.000313,1155.957552,36864,5696808,128x8x9x1,0x0x0,128x8x9x1
norm-17,RMS_NORM,0.072812,1156.033906,36864,5696808,128x8x9x1,0x0x0,128x8x9x1
Kcur_normed-17,MUL,0.002395,1156.040364,36864,5696808,128x8x9x1,0x0x0,128x8x9x1
Kcur-17,ROPE,0.004010,1156.047864,36864,5696808,128x8x9x1,0x0x0,128x8x9x1
Kcur-17 (view),VIEW,0.000312,1156.051614,36864,5696808,1024x9x1x1,0x0x0,1024x9x1x1
cache_k_l17 (view),SET_ROWS,0.037031,1156.092135,83886080,5696808,1024x40960x1x1,0x0x0,1024x40960x1x1
Vcur-17 (view),VIEW,0.000365,1156.096667,36864,5696808,1024x9x1x1,0x0x0,1024x9x1x1
cache_v_l17 (view),SET_ROWS,0.020469,1156.120625,83886080,5696808,1024x40960x1x1,0x0x0,1024x40960x1x1
Qcur-17 (view),VIEW,0.000312,1156.125104,73728,5696808,128x16x9x1,0x0x0,128x16x9x1
Qcur-17 (view) (permuted),PERMUTE,0.018385,1156.146927,73728,5696808,128x9x16x1,0x0x0,128x9x16x1
cache_k_l17 (view),VIEW,0.000261,1156.151146,524288,5696808,128x8x256x1,0x0x0,128x8x256x1
cache_k_l17 (view) (permuted),PERMUTE,0.000573,1156.155312,524288,5696808,128x256x8x1,0x0x0,128x256x8x1
cache_v_l17 (view),VIEW,0.007604,1156.166250,524288,5696808,128x8x256x1,0x0x0,128x8x256x1
cache_v_l17 (view) (permuted),PERMUTE,0.000261,1156.170521,524288,5696808,128x256x8x1,0x0x0,128x256x8x1
node_620,FLASH_ATTN_EXT,0.514948,1156.693958,73728,5696808,128x16x9x1,0x0x0,128x16x9x1
kqv_out-17,RESHAPE,0.000313,1156.699271,73728,5696808,2048x9x1x1,0x0x0,2048x9x1x1
node_622,MUL_MAT,0.456094,1157.158906,73728,5696808,2048x9x1x1,0x0x0,2048x9x1x1
ffn_inp-17,ADD,0.004271,1157.167500,73728,5696808,2048x9x1x1,0x0x0,2048x9x1x1
norm-17,RMS_NORM,0.005937,1157.177187,73728,5696808,2048x9x1x1,0x0x0,2048x9x1x1
ffn_norm-17,MUL,0.004063,1157.184792,73728,5696808,2048x9x1x1,0x0x0,2048x9x1x1
ffn_gate-17,MUL_MAT,1.118802,1158.307083,221184,5696808,6144x9x1x1,0x0x0,6144x9x1x1
ffn_up-17,MUL_MAT,1.118282,1159.429792,221184,5696808,6144x9x1x1,0x0x0,6144x9x1x1
ffn_swiglu-17,GLU,0.016198,1159.450573,221184,5696808,6144x9x1x1,0x0x0,6144x9x1x1
ffn_out-17,MUL_MAT,1.152760,1160.607239,73728,5696808,2048x9x1x1,0x0x0,2048x9x1x1
l_out-17,ADD,0.004218,1160.615989,73728,5696808,2048x9x1x1,0x0x0,2048x9x1x1
norm-18,RMS_NORM,0.007396,1160.626927,73728,5696808,2048x9x1x1,0x0x0,2048x9x1x1
attn_norm-18,MUL,0.004114,1160.634635,73728,5696808,2048x9x1x1,0x0x0,2048x9x1x1
Qcur-18,MUL_MAT,0.384375,1161.022344,73728,5696808,2048x9x1x1,0x0x0,2048x9x1x1
Qcur-18,RESHAPE,0.000313,1161.026667,73728,5696808,128x16x9x1,0x0x0,128x16x9x1
norm-18,RMS_NORM,0.075313,1161.105625,73728,5696808,128x16x9x1,0x0x0,128x16x9x1
Qcur_normed-18,MUL,0.003541,1161.113437,73728,5696808,128x16x9x1,0x0x0,128x16x9x1
Qcur-18,ROPE,0.003958,1161.120885,73728,5696808,128x16x9x1,0x0x0,128x16x9x1
Vcur-18,MUL_MAT,0.195000,1161.319271,36864,5696808,1024x9x1x1,0x0x0,1024x9x1x1
Vcur-18,RESHAPE,0.000313,1161.323646,36864,5696808,128x8x9x1,0x0x0,128x8x9x1
Kcur-18,MUL_MAT,0.260365,1161.587448,36864,5696808,1024x9x1x1,0x0x0,1024x9x1x1
Kcur-18,RESHAPE,0.000364,1161.592239,36864,5696808,128x8x9x1,0x0x0,128x8x9x1
norm-18,RMS_NORM,0.072188,1161.667969,36864,5696808,128x8x9x1,0x0x0,128x8x9x1
Kcur_normed-18,MUL,0.002344,1161.674427,36864,5696808,128x8x9x1,0x0x0,128x8x9x1
Kcur-18,ROPE,0.003385,1161.681302,36864,5696808,128x8x9x1,0x0x0,128x8x9x1
Kcur-18 (view),VIEW,0.000312,1161.685156,36864,5696808,1024x9x1x1,0x0x0,1024x9x1x1
cache_k_l18 (view),SET_ROWS,0.029427,1161.717969,83886080,5696808,1024x40960x1x1,0x0x0,1024x40960x1x1
Vcur-18 (view),VIEW,0.000469,1161.722604,36864,5696808,1024x9x1x1,0x0x0,1024x9x1x1
cache_v_l18 (view),SET_ROWS,0.016250,1161.742239,83886080,5696808,1024x40960x1x1,0x0x0,1024x40960x1x1
Qcur-18 (view),VIEW,0.007396,1161.753854,73728,5696808,128x16x9x1,0x0x0,128x16x9x1
Qcur-18 (view) (permuted),PERMUTE,0.000729,1161.758385,73728,5696808,128x9x16x1,0x0x0,128x9x16x1
cache_k_l18 (view),VIEW,0.013906,1161.775677,524288,5696808,128x8x256x1,0x0x0,128x8x256x1
cache_k_l18 (view) (permuted),PERMUTE,0.000261,1161.779948,524288,5696808,128x256x8x1,0x0x0,128x256x8x1
cache_v_l18 (view),VIEW,0.017552,1161.801198,524288,5696808,128x8x256x1,0x0x0,128x8x256x1
cache_v_l18 (view) (permuted),PERMUTE,0.008698,1161.813906,524288,5696808,128x256x8x1,0x0x0,128x256x8x1
node_655,FLASH_ATTN_EXT,0.059532,1161.877344,73728,5696808,128x16x9x1,0x0x0,128x16x9x1
kqv_out-18,RESHAPE,0.000313,1161.881823,73728,5696808,2048x9x1x1,0x0x0,2048x9x1x1
node_657,MUL_MAT,0.446146,1162.331458,73728,5696808,2048x9x1x1,0x0x0,2048x9x1x1
ffn_inp-18,ADD,0.004167,1162.340052,73728,5696808,2048x9x1x1,0x0x0,2048x9x1x1
norm-18,RMS_NORM,0.005885,1162.349427,73728,5696808,2048x9x1x1,0x0x0,2048x9x1x1
ffn_norm-18,MUL,0.004010,1162.357031,73728,5696808,2048x9x1x1,0x0x0,2048x9x1x1
ffn_gate-18,MUL_MAT,1.120521,1163.481042,221184,5696808,6144x9x1x1,0x0x0,6144x9x1x1
ffn_up-18,MUL_MAT,1.135312,1164.620781,221184,5696808,6144x9x1x1,0x0x0,6144x9x1x1
ffn_swiglu-18,GLU,0.015833,1164.641458,221184,5696808,6144x9x1x1,0x0x0,6144x9x1x1
ffn_out-18,MUL_MAT,1.136614,1165.782187,73728,5696808,2048x9x1x1,0x0x0,2048x9x1x1
l_out-18,ADD,0.004323,1165.790677,73728,5696808,2048x9x1x1,0x0x0,2048x9x1x1
norm-19,RMS_NORM,0.006406,1165.800573,73728,5696808,2048x9x1x1,0x0x0,2048x9x1x1
attn_norm-19,MUL,0.004323,1165.808437,73728,5696808,2048x9x1x1,0x0x0,2048x9x1x1
Qcur-19,MUL_MAT,0.384114,1166.195989,73728,5696808,2048x9x1x1,0x0x0,2048x9x1x1
Qcur-19,RESHAPE,0.000313,1166.205469,73728,5696808,128x16x9x1,0x0x0,128x16x9x1
norm-19,RMS_NORM,0.118906,1166.328073,73728,5696808,128x16x9x1,0x0x0,128x16x9x1
Qcur_normed-19,MUL,0.003542,1166.336094,73728,5696808,128x16x9x1,0x0x0,128x16x9x1
Qcur-19,ROPE,0.004063,1166.343542,73728,5696808,128x16x9x1,0x0x0,128x16x9x1
Vcur-19,MUL_MAT,0.194844,1166.541771,36864,5696808,1024x9x1x1,0x0x0,1024x9x1x1
Vcur-19,RESHAPE,0.000261,1166.546042,36864,5696808,128x8x9x1,0x0x0,128x8x9x1
Kcur-19,MUL_MAT,0.274323,1166.823906,36864,5696808,1024x9x1x1,0x0x0,1024x9x1x1
Kcur-19,RESHAPE,0.000312,1166.828333,36864,5696808,128x8x9x1,0x0x0,128x8x9x1
norm-19,RMS_NORM,0.068385,1166.900156,36864,5696808,128x8x9x1,0x0x0,128x8x9x1
Kcur_normed-19,MUL,0.002343,1166.906562,36864,5696808,128x8x9x1,0x0x0,128x8x9x1
Kcur-19,ROPE,0.003750,1166.913698,36864,5696808,128x8x9x1,0x0x0,128x8x9x1
Kcur-19 (view),VIEW,0.000313,1166.917396,36864,5696808,1024x9x1x1,0x0x0,1024x9x1x1
cache_k_l19 (view),SET_ROWS,0.029427,1166.950312,83886080,5696808,1024x40960x1x1,0x0x0,1024x40960x1x1
Vcur-19 (view),VIEW,0.000417,1166.954844,36864,5696808,1024x9x1x1,0x0x0,1024x9x1x1
cache_v_l19 (view),SET_ROWS,0.019323,1166.977604,83886080,5696808,1024x40960x1x1,0x0x0,1024x40960x1x1
Qcur-19 (view),VIEW,0.000260,1166.981927,73728,5696808,128x16x9x1,0x0x0,128x16x9x1
Qcur-19 (view) (permuted),PERMUTE,0.016875,1167.002292,73728,5696808,128x9x16x1,0x0x0,128x9x16x1
cache_k_l19 (view),VIEW,0.000261,1167.006667,524288,5696808,128x8x256x1,0x0x0,128x8x256x1
cache_k_l19 (view) (permuted),PERMUTE,0.009635,1167.019739,524288,5696808,128x256x8x1,0x0x0,128x256x8x1
cache_v_l19 (view),VIEW,0.000364,1167.024010,524288,5696808,128x8x256x1,0x0x0,128x8x256x1
cache_v_l19 (view) (permuted),PERMUTE,0.012865,1167.040417,524288,5696808,128x256x8x1,0x0x0,128x256x8x1
node_690,FLASH_ATTN_EXT,0.029948,1167.074375,73728,5696808,128x16x9x1,0x0x0,128x16x9x1
kqv_out-19,RESHAPE,0.000313,1167.078750,73728,5696808,2048x9x1x1,0x0x0,2048x9x1x1
node_692,MUL_MAT,0.443697,1167.525989,73728,5696808,2048x9x1x1,0x0x0,2048x9x1x1
ffn_inp-19,ADD,0.004479,1167.534687,73728,5696808,2048x9x1x1,0x0x0,2048x9x1x1
norm-19,RMS_NORM,0.005886,1167.544219,73728,5696808,2048x9x1x1,0x0x0,2048x9x1x1
ffn_norm-19,MUL,0.004114,1167.552031,73728,5696808,2048x9x1x1,0x0x0,2048x9x1x1
ffn_gate-19,MUL_MAT,1.136979,1168.692396,221184,5696808,6144x9x1x1,0x0x0,6144x9x1x1
ffn_up-19,MUL_MAT,1.121614,1169.819114,221184,5696808,6144x9x1x1,0x0x0,6144x9x1x1
ffn_swiglu-19,GLU,0.015990,1169.839323,221184,5696808,6144x9x1x1,0x0x0,6144x9x1x1
ffn_out-19,MUL_MAT,1.136927,1170.980156,73728,5696808,2048x9x1x1,0x0x0,2048x9x1x1
l_out-19,ADD,0.004375,1170.988906,73728,5696808,2048x9x1x1,0x0x0,2048x9x1x1
norm-20,RMS_NORM,0.006771,1170.999167,73728,5696808,2048x9x1x1,0x0x0,2048x9x1x1
attn_norm-20,MUL,0.004115,1171.006875,73728,5696808,2048x9x1x1,0x0x0,2048x9x1x1
Qcur-20,MUL_MAT,0.385729,1171.395989,73728,5696808,2048x9x1x1,0x0x0,2048x9x1x1
Qcur-20,RESHAPE,0.000312,1171.400260,73728,5696808,128x16x9x1,0x0x0,128x16x9x1
norm-20,RMS_NORM,0.060990,1171.464896,73728,5696808,128x16x9x1,0x0x0,128x16x9x1
Qcur_normed-20,MUL,0.003594,1171.472917,73728,5696808,128x16x9x1,0x0x0,128x16x9x1
Qcur-20,ROPE,0.004062,1171.480364,73728,5696808,128x16x9x1,0x0x0,128x16x9x1
Vcur-20,MUL_MAT,0.194323,1171.678125,36864,5696808,1024x9x1x1,0x0x0,1024x9x1x1
Vcur-20,RESHAPE,0.000313,1171.682396,36864,5696808,128x8x9x1,0x0x0,128x8x9x1
Kcur-20,MUL_MAT,0.267188,1171.953073,36864,5696808,1024x9x1x1,0x0x0,1024x9x1x1
Kcur-20,RESHAPE,0.000313,1171.957552,36864,5696808,128x8x9x1,0x0x0,128x8x9x1
norm-20,RMS_NORM,0.066198,1172.027187,36864,5696808,128x8x9x1,0x0x0,128x8x9x1
Kcur_normed-20,MUL,0.002604,1172.033854,36864,5696808,128x8x9x1,0x0x0,128x8x9x1
Kcur-20,ROPE,0.003750,1172.041042,36864,5696808,128x8x9x1,0x0x0,128x8x9x1
Kcur-20 (view),VIEW,0.000313,1172.044792,36864,5696808,1024x9x1x1,0x0x0,1024x9x1x1
cache_k_l20 (view),SET_ROWS,0.030937,1172.079114,83886080,5696808,1024x40960x1x1,0x0x0,1024x40960x1x1
Vcur-20 (view),VIEW,0.000261,1172.083594,36864,5696808,1024x9x1x1,0x0x0,1024x9x1x1
cache_v_l20 (view),SET_ROWS,0.019584,1172.112344,83886080,5696808,1024x40960x1x1,0x0x0,1024x40960x1x1
Qcur-20 (view),VIEW,0.000313,1172.116927,73728,5696808,128x16x9x1,0x0x0,128x16x9x1
Qcur-20 (view) (permuted),PERMUTE,0.017968,1172.138385,73728,5696808,128x9x16x1,0x0x0,128x9x16x1
cache_k_l20 (view),VIEW,0.000312,1172.142604,524288,5696808,128x8x256x1,0x0x0,128x8x256x1
cache_k_l20 (view) (permuted),PERMUTE,0.012031,1172.158385,524288,5696808,128x256x8x1,0x0x0,128x256x8x1
cache_v_l20 (view),VIEW,0.000416,1172.162864,524288,5696808,128x8x256x1,0x0x0,128x8x256x1
cache_v_l20 (view) (permuted),PERMUTE,0.023281,1172.189583,524288,5696808,128x256x8x1,0x0x0,128x256x8x1
node_725,FLASH_ATTN_EXT,0.050521,1172.244010,73728,5696808,128x16x9x1,0x0x0,128x16x9x1
kqv_out-20,RESHAPE,0.000312,1172.248229,73728,5696808,2048x9x1x1,0x0x0,2048x9x1x1
node_727,MUL_MAT,0.456927,1172.708646,73728,5696808,2048x9x1x1,0x0x0,2048x9x1x1
ffn_inp-20,ADD,0.004375,1172.717917,73728,5696808,2048x9x1x1,0x0x0,2048x9x1x1
norm-20,RMS_NORM,0.005833,1172.727239,73728,5696808,2048x9x1x1,0x0x0,2048x9x1x1
ffn_norm-20,MUL,0.004219,1172.735104,73728,5696808,2048x9x1x1,0x0x0,2048x9x1x1
ffn_gate-20,MUL_MAT,1.120365,1173.858802,221184,5696808,6144x9x1x1,0x0x0,6144x9x1x1
ffn_up-20,MUL_MAT,1.119895,1174.982864,221184,5696808,6144x9x1x1,0x0x0,6144x9x1x1
ffn_swiglu-20,GLU,0.015886,1175.003542,221184,5696808,6144x9x1x1,0x0x0,6144x9x1x1
ffn_out-20,MUL_MAT,1.134739,1176.142239,73728,5696808,2048x9x1x1,0x0x0,2048x9x1x1
l_out-20,ADD,0.004219,1176.150677,73728,5696808,2048x9x1x1,0x0x0,2048x9x1x1
norm-21,RMS_NORM,0.006875,1176.161094,73728,5696808,2048x9x1x1,0x0x0,2048x9x1x1
attn_norm-21,MUL,0.004219,1176.168906,73728,5696808,2048x9x1x1,0x0x0,2048x9x1x1
Qcur-21,MUL_MAT,0.401666,1176.574062,73728,5696808,2048x9x1x1,0x0x0,2048x9x1x1
Qcur-21,RESHAPE,0.000365,1176.578594,73728,5696808,128x16x9x1,0x0x0,128x16x9x1
norm-21,RMS_NORM,0.068802,1176.651146,73728,5696808,128x16x9x1,0x0x0,128x16x9x1
Qcur_normed-21,MUL,0.003490,1176.658750,73728,5696808,128x16x9x1,0x0x0,128x16x9x1
Qcur-21,ROPE,0.004063,1176.666250,73728,5696808,128x16x9x1,0x0x0,128x16x9x1
Vcur-21,MUL_MAT,0.194219,1176.863854,36864,5696808,1024x9x1x1,0x0x0,1024x9x1x1
Vcur-21,RESHAPE,0.000364,1176.868437,36864,5696808,128x8x9x1,0x0x0,128x8x9x1
Kcur-21,MUL_MAT,0.260521,1177.132396,36864,5696808,1024x9x1x1,0x0x0,1024x9x1x1
Kcur-21,RESHAPE,0.000260,1177.137083,36864,5696808,128x8x9x1,0x0x0,128x8x9x1
norm-21,RMS_NORM,0.076198,1177.216823,36864,5696808,128x8x9x1,0x0x0,128x8x9x1
Kcur_normed-21,MUL,0.001927,1177.222812,36864,5696808,128x8x9x1,0x0x0,128x8x9x1
Kcur-21,ROPE,0.003229,1177.229375,36864,5696808,128x8x9x1,0x0x0,128x8x9x1
Kcur-21 (view),VIEW,0.000313,1177.233073,36864,5696808,1024x9x1x1,0x0x0,1024x9x1x1
cache_k_l21 (view),SET_ROWS,0.025938,1177.262448,83886080,5696808,1024x40960x1x1,0x0x0,1024x40960x1x1
Vcur-21 (view),VIEW,0.000260,1177.266927,36864,5696808,1024x9x1x1,0x0x0,1024x9x1x1
cache_v_l21 (view),SET_ROWS,0.025000,1177.295573,83886080,5696808,1024x40960x1x1,0x0x0,1024x40960x1x1
Qcur-21 (view),VIEW,0.000313,1177.300052,73728,5696808,128x16x9x1,0x0x0,128x16x9x1
Qcur-21 (view) (permuted),PERMUTE,0.013334,1177.317292,73728,5696808,128x9x16x1,0x0x0,128x9x16x1
cache_k_l21 (view),VIEW,0.000260,1177.321614,524288,5696808,128x8x256x1,0x0x0,128x8x256x1
cache_k_l21 (view) (permuted),PERMUTE,0.008803,1177.334167,524288,5696808,128x256x8x1,0x0x0,128x256x8x1
cache_v_l21 (view),VIEW,0.000364,1177.338437,524288,5696808,128x8x256x1,0x0x0,128x8x256x1
cache_v_l21 (view) (permuted),PERMUTE,0.010365,1177.352292,524288,5696808,128x256x8x1,0x0x0,128x256x8x1
node_760,FLASH_ATTN_EXT,3.233229,1180.589531,73728,5696808,128x16x9x1,0x0x0,128x16x9x1
kqv_out-21,RESHAPE,0.000312,1180.594010,73728,5696808,2048x9x1x1,0x0x0,2048x9x1x1
node_762,MUL_MAT,0.452656,1181.050156,73728,5696808,2048x9x1x1,0x0x0,2048x9x1x1
ffn_inp-21,ADD,0.004218,1181.058489,73728,5696808,2048x9x1x1,0x0x0,2048x9x1x1
norm-21,RMS_NORM,0.005833,1181.067864,73728,5696808,2048x9x1x1,0x0x0,2048x9x1x1
ffn_norm-21,MUL,0.004636,1181.076042,73728,5696808,2048x9x1x1,0x0x0,2048x9x1x1
ffn_gate-21,MUL_MAT,1.118281,1182.201823,221184,5696808,6144x9x1x1,0x0x0,6144x9x1x1
ffn_up-21,MUL_MAT,1.120208,1183.326406,221184,5696808,6144x9x1x1,0x0x0,6144x9x1x1
ffn_swiglu-21,GLU,0.016198,1183.346875,221184,5696808,6144x9x1x1,0x0x0,6144x9x1x1
ffn_out-21,MUL_MAT,1.135729,1184.486562,73728,5696808,2048x9x1x1,0x0x0,2048x9x1x1
l_out-21,ADD,0.004167,1184.495052,73728,5696808,2048x9x1x1,0x0x0,2048x9x1x1
norm-22,RMS_NORM,0.006980,1184.505469,73728,5696808,2048x9x1x1,0x0x0,2048x9x1x1
attn_norm-22,MUL,0.004115,1184.513125,73728,5696808,2048x9x1x1,0x0x0,2048x9x1x1
Qcur-22,MUL_MAT,0.413854,1184.930260,73728,5696808,2048x9x1x1,0x0x0,2048x9x1x1
Qcur-22,RESHAPE,0.000313,1184.934896,73728,5696808,128x16x9x1,0x0x0,128x16x9x1
norm-22,RMS_NORM,0.082865,1185.021354,73728,5696808,128x16x9x1,0x0x0,128x16x9x1
Qcur_normed-22,MUL,0.003698,1185.029062,73728,5696808,128x16x9x1,0x0x0,128x16x9x1
Qcur-22,ROPE,0.004062,1185.036510,73728,5696808,128x16x9x1,0x0x0,128x16x9x1
Vcur-22,MUL_MAT,0.194948,1185.234896,36864,5696808,1024x9x1x1,0x0x0,1024x9x1x1
Vcur-22,RESHAPE,0.000313,1185.239219,36864,5696808,128x8x9x1,0x0x0,128x8x9x1
Kcur-22,MUL_MAT,0.270573,1185.513177,36864,5696808,1024x9x1x1,0x0x0,1024x9x1x1
Kcur-22,RESHAPE,0.000312,1185.517708,36864,5696808,128x8x9x1,0x0x0,128x8x9x1
norm-22,RMS_NORM,0.080260,1185.601458,36864,5696808,128x8x9x1,0x0x0,128x8x9x1
Kcur_normed-22,MUL,0.002448,1185.608021,36864,5696808,128x8x9x1,0x0x0,128x8x9x1
Kcur-22,ROPE,0.003125,1185.614479,36864,5696808,128x8x9x1,0x0x0,128x8x9x1
Kcur-22 (view),VIEW,0.000312,1185.618229,36864,5696808,1024x9x1x1,0x0x0,1024x9x1x1
cache_k_l22 (view),SET_ROWS,0.036771,1185.658385,83886080,5696808,1024x40960x1x1,0x0x0,1024x40960x1x1
Vcur-22 (view),VIEW,0.000312,1185.662864,36864,5696808,1024x9x1x1,0x0x0,1024x9x1x1
cache_v_l22 (view),SET_ROWS,0.026198,1185.692552,83886080,5696808,1024x40960x1x1,0x0x0,1024x40960x1x1
Qcur-22 (view),VIEW,0.000313,1185.696927,73728,5696808,128x16x9x1,0x0x0,128x16x9x1
Qcur-22 (view) (permuted),PERMUTE,0.022448,1185.722917,73728,5696808,128x9x16x1,0x0x0,128x9x16x1
cache_k_l22 (view),VIEW,0.009011,1185.736094,524288,5696808,128x8x256x1,0x0x0,128x8x256x1
cache_k_l22 (view) (permuted),PERMUTE,0.016719,1185.756719,524288,5696808,128x256x8x1,0x0x0,128x256x8x1
cache_v_l22 (view),VIEW,0.000625,1185.761406,524288,5696808,128x8x256x1,0x0x0,128x8x256x1
cache_v_l22 (view) (permuted),PERMUTE,0.007708,1185.772552,524288,5696808,128x256x8x1,0x0x0,128x256x8x1
node_795,FLASH_ATTN_EXT,3.067917,1188.844219,73728,5696808,128x16x9x1,0x0x0,128x16x9x1
kqv_out-22,RESHAPE,0.000312,1188.849114,73728,5696808,2048x9x1x1,0x0x0,2048x9x1x1
node_797,MUL_MAT,0.518854,1189.371458,73728,5696808,2048x9x1x1,0x0x0,2048x9x1x1
ffn_inp-22,ADD,0.025573,1189.401302,73728,5696808,2048x9x1x1,0x0x0,2048x9x1x1
norm-22,RMS_NORM,0.024062,1189.429010,73728,5696808,2048x9x1x1,0x0x0,2048x9x1x1
ffn_norm-22,MUL,0.004063,1189.436823,73728,5696808,2048x9x1x1,0x0x0,2048x9x1x1
ffn_gate-22,MUL_MAT,1.312188,1190.752448,221184,5696808,6144x9x1x1,0x0x0,6144x9x1x1
ffn_up-22,MUL_MAT,1.136719,1191.893854,221184,5696808,6144x9x1x1,0x0x0,6144x9x1x1
ffn_swiglu-22,GLU,0.016094,1191.914375,221184,5696808,6144x9x1x1,0x0x0,6144x9x1x1
ffn_out-22,MUL_MAT,1.151198,1193.069531,73728,5696808,2048x9x1x1,0x0x0,2048x9x1x1
l_out-22,ADD,0.004479,1193.078437,73728,5696808,2048x9x1x1,0x0x0,2048x9x1x1
norm-23,RMS_NORM,0.006875,1193.088906,73728,5696808,2048x9x1x1,0x0x0,2048x9x1x1
attn_norm-23,MUL,0.004167,1193.096667,73728,5696808,2048x9x1x1,0x0x0,2048x9x1x1
Qcur-23,MUL_MAT,0.385208,1193.485208,73728,5696808,2048x9x1x1,0x0x0,2048x9x1x1
Qcur-23,RESHAPE,0.000312,1193.489479,73728,5696808,128x16x9x1,0x0x0,128x16x9x1
norm-23,RMS_NORM,0.080468,1193.573437,73728,5696808,128x16x9x1,0x0x0,128x16x9x1
Qcur_normed-23,MUL,0.003490,1193.581042,73728,5696808,128x16x9x1,0x0x0,128x16x9x1
Qcur-23,ROPE,0.004115,1193.588646,73728,5696808,128x16x9x1,0x0x0,128x16x9x1
Vcur-23,MUL_MAT,0.194844,1193.786823,36864,5696808,1024x9x1x1,0x0x0,1024x9x1x1
Vcur-23,RESHAPE,0.000313,1193.791094,36864,5696808,128x8x9x1,0x0x0,128x8x9x1
Kcur-23,MUL_MAT,0.263021,1194.057552,36864,5696808,1024x9x1x1,0x0x0,1024x9x1x1
Kcur-23,RESHAPE,0.000365,1194.067969,36864,5696808,128x8x9x1,0x0x0,128x8x9x1
norm-23,RMS_NORM,0.067448,1194.139167,36864,5696808,128x8x9x1,0x0x0,128x8x9x1
Kcur_normed-23,MUL,0.002240,1194.145417,36864,5696808,128x8x9x1,0x0x0,128x8x9x1
Kcur-23,ROPE,0.003438,1194.152292,36864,5696808,128x8x9x1,0x0x0,128x8x9x1
Kcur-23 (view),VIEW,0.000260,1194.155885,36864,5696808,1024x9x1x1,0x0x0,1024x9x1x1
cache_k_l23 (view),SET_ROWS,0.033073,1194.192604,83886080,5696808,1024x40960x1x1,0x0x0,1024x40960x1x1
Vcur-23 (view),VIEW,0.000312,1194.197031,36864,5696808,1024x9x1x1,0x0x0,1024x9x1x1
cache_v_l23 (view),SET_ROWS,0.022917,1194.223542,83886080,5696808,1024x40960x1x1,0x0x0,1024x40960x1x1
Qcur-23 (view),VIEW,0.000261,1194.227917,73728,5696808,128x16x9x1,0x0x0,128x16x9x1
Qcur-23 (view) (permuted),PERMUTE,0.011302,1194.242760,73728,5696808,128x9x16x1,0x0x0,128x9x16x1
cache_k_l23 (view),VIEW,0.016770,1194.263489,524288,5696808,128x8x256x1,0x0x0,128x8x256x1
cache_k_l23 (view) (permuted),PERMUTE,0.000260,1194.267760,524288,5696808,128x256x8x1,0x0x0,128x256x8x1
cache_v_l23 (view),VIEW,0.000469,1194.271771,524288,5696808,128x8x256x1,0x0x0,128x8x256x1
cache_v_l23 (view) (permuted),PERMUTE,0.010521,1194.285573,524288,5696808,128x256x8x1,0x0x0,128x256x8x1
node_830,FLASH_ATTN_EXT,0.057083,1194.346614,73728,5696808,128x16x9x1,0x0x0,128x16x9x1
kqv_out-23,RESHAPE,0.000312,1194.350937,73728,5696808,2048x9x1x1,0x0x0,2048x9x1x1
node_832,MUL_MAT,0.440781,1194.795208,73728,5696808,2048x9x1x1,0x0x0,2048x9x1x1
ffn_inp-23,ADD,0.004167,1194.803542,73728,5696808,2048x9x1x1,0x0x0,2048x9x1x1
norm-23,RMS_NORM,0.005729,1194.812760,73728,5696808,2048x9x1x1,0x0x0,2048x9x1x1
ffn_norm-23,MUL,0.004115,1194.820521,73728,5696808,2048x9x1x1,0x0x0,2048x9x1x1
ffn_gate-23,MUL_MAT,1.124583,1195.948489,221184,5696808,6144x9x1x1,0x0x0,6144x9x1x1
ffn_up-23,MUL_MAT,1.134948,1197.088385,221184,5696808,6144x9x1x1,0x0x0,6144x9x1x1
ffn_swiglu-23,GLU,0.016042,1197.109271,221184,5696808,6144x9x1x1,0x0x0,6144x9x1x1
ffn_out-23,MUL_MAT,1.140104,1198.253281,73728,5696808,2048x9x1x1,0x0x0,2048x9x1x1
l_out-23,ADD,0.004271,1198.261771,73728,5696808,2048x9x1x1,0x0x0,2048x9x1x1
norm-24,RMS_NORM,0.006823,1198.271979,73728,5696808,2048x9x1x1,0x0x0,2048x9x1x1
attn_norm-24,MUL,0.004114,1198.279583,73728,5696808,2048x9x1x1,0x0x0,2048x9x1x1
Qcur-24,MUL_MAT,0.384062,1198.667031,73728,5696808,2048x9x1x1,0x0x0,2048x9x1x1
Qcur-24,RESHAPE,0.000312,1198.671458,73728,5696808,128x16x9x1,0x0x0,128x16x9x1
norm-24,RMS_NORM,0.126510,1198.801458,73728,5696808,128x16x9x1,0x0x0,128x16x9x1
Qcur_normed-24,MUL,0.005000,1198.811302,73728,5696808,128x16x9x1,0x0x0,128x16x9x1
Qcur-24,ROPE,0.004323,1198.819219,73728,5696808,128x16x9x1,0x0x0,128x16x9x1
Vcur-24,MUL_MAT,0.202864,1199.025885,36864,5696808,1024x9x1x1,0x0x0,1024x9x1x1
Vcur-24,RESHAPE,0.000365,1199.030625,36864,5696808,128x8x9x1,0x0x0,128x8x9x1
Kcur-24,MUL_MAT,0.278750,1199.313125,36864,5696808,1024x9x1x1,0x0x0,1024x9x1x1
Kcur-24,RESHAPE,0.000468,1199.318385,36864,5696808,128x8x9x1,0x0x0,128x8x9x1
norm-24,RMS_NORM,0.097761,1199.419896,36864,5696808,128x8x9x1,0x0x0,128x8x9x1
Kcur_normed-24,MUL,0.002083,1199.426354,36864,5696808,128x8x9x1,0x0x0,128x8x9x1
Kcur-24,ROPE,0.003802,1199.433906,36864,5696808,128x8x9x1,0x0x0,128x8x9x1
Kcur-24 (view),VIEW,0.000313,1199.437917,36864,5696808,1024x9x1x1,0x0x0,1024x9x1x1
cache_k_l24 (view),SET_ROWS,0.047761,1199.489323,83886080,5696808,1024x40960x1x1,0x0x0,1024x40960x1x1
Vcur-24 (view),VIEW,0.000313,1199.494167,36864,5696808,1024x9x1x1,0x0x0,1024x9x1x1
cache_v_l24 (view),SET_ROWS,0.015938,1199.513750,83886080,5696808,1024x40960x1x1,0x0x0,1024x40960x1x1
Qcur-24 (view),VIEW,0.000469,1199.518802,73728,5696808,128x16x9x1,0x0x0,128x16x9x1
Qcur-24 (view) (permuted),PERMUTE,0.023594,1199.546198,73728,5696808,128x9x16x1,0x0x0,128x9x16x1
cache_k_l24 (view),VIEW,0.000469,1199.551198,524288,5696808,128x8x256x1,0x0x0,128x8x256x1
cache_k_l24 (view) (permuted),PERMUTE,0.018073,1199.573125,524288,5696808,128x256x8x1,0x0x0,128x256x8x1
cache_v_l24 (view),VIEW,0.000364,1199.577708,524288,5696808,128x8x256x1,0x0x0,128x8x256x1
cache_v_l24 (view) (permuted),PERMUTE,0.012864,1199.605989,524288,5696808,128x256x8x1,0x0x0,128x256x8x1
node_865,FLASH_ATTN_EXT,0.064583,1199.675104,73728,5696808,128x16x9x1,0x0x0,128x16x9x1
kqv_out-24,RESHAPE,0.000313,1199.679844,73728,5696808,2048x9x1x1,0x0x0,2048x9x1x1
node_867,MUL_MAT,0.480104,1200.163698,73728,5696808,2048x9x1x1,0x0x0,2048x9x1x1
ffn_inp-24,ADD,0.004844,1200.173333,73728,5696808,2048x9x1x1,0x0x0,2048x9x1x1
norm-24,RMS_NORM,0.006511,1200.183698,73728,5696808,2048x9x1x1,0x0x0,2048x9x1x1
ffn_norm-24,MUL,0.004375,1200.191979,73728,5696808,2048x9x1x1,0x0x0,2048x9x1x1
ffn_gate-24,MUL_MAT,1.186615,1201.382344,221184,5696808,6144x9x1x1,0x0x0,6144x9x1x1
ffn_up-24,MUL_MAT,1.171198,1202.558437,221184,5696808,6144x9x1x1,0x0x0,6144x9x1x1
ffn_swiglu-24,GLU,0.016667,1202.579792,221184,5696808,6144x9x1x1,0x0x0,6144x9x1x1
ffn_out-24,MUL_MAT,1.188229,1203.772604,73728,5696808,2048x9x1x1,0x0x0,2048x9x1x1
l_out-24,ADD,0.004740,1203.781927,73728,5696808,2048x9x1x1,0x0x0,2048x9x1x1
norm-25,RMS_NORM,0.007344,1203.793125,73728,5696808,2048x9x1x1,0x0x0,2048x9x1x1
attn_norm-25,MUL,0.004583,1203.801510,73728,5696808,2048x9x1x1,0x0x0,2048x9x1x1
Qcur-25,MUL_MAT,0.402344,1204.207656,73728,5696808,2048x9x1x1,0x0x0,2048x9x1x1
Qcur-25,RESHAPE,0.000313,1204.212500,73728,5696808,128x16x9x1,0x0x0,128x16x9x1
norm-25,RMS_NORM,0.079844,1204.296406,73728,5696808,128x16x9x1,0x0x0,128x16x9x1
Qcur_normed-25,MUL,0.003854,1204.304896,73728,5696808,128x16x9x1,0x0x0,128x16x9x1
Qcur-25,ROPE,0.004270,1204.312864,73728,5696808,128x16x9x1,0x0x0,128x16x9x1
Vcur-25,MUL_MAT,0.204011,1204.520573,36864,5696808,1024x9x1x1,0x0x0,1024x9x1x1
Vcur-25,RESHAPE,0.000364,1204.525260,36864,5696808,128x8x9x1,0x0x0,128x8x9x1
Kcur-25,MUL_MAT,0.311355,1204.840469,36864,5696808,1024x9x1x1,0x0x0,1024x9x1x1
Kcur-25,RESHAPE,0.000365,1204.846146,36864,5696808,128x8x9x1,0x0x0,128x8x9x1
norm-25,RMS_NORM,0.098906,1204.948802,36864,5696808,128x8x9x1,0x0x0,128x8x9x1
Kcur_normed-25,MUL,0.002448,1204.955781,36864,5696808,128x8x9x1,0x0x0,128x8x9x1
Kcur-25,ROPE,0.003854,1204.963333,36864,5696808,128x8x9x1,0x0x0,128x8x9x1
Kcur-25 (view),VIEW,0.000469,1204.967448,36864,5696808,1024x9x1x1,0x0x0,1024x9x1x1
cache_k_l25 (view),SET_ROWS,0.049792,1205.021042,83886080,5696808,1024x40960x1x1,0x0x0,1024x40960x1x1
Vcur-25 (view),VIEW,0.000312,1205.025885,36864,5696808,1024x9x1x1,0x0x0,1024x9x1x1
cache_v_l25 (view),SET_ROWS,0.015469,1205.045052,83886080,5696808,1024x40960x1x1,0x0x0,1024x40960x1x1
Qcur-25 (view),VIEW,0.000417,1205.050104,73728,5696808,128x16x9x1,0x0x0,128x16x9x1
Qcur-25 (view) (permuted),PERMUTE,0.022292,1205.076250,73728,5696808,128x9x16x1,0x0x0,128x9x16x1
cache_k_l25 (view),VIEW,0.000260,1205.080833,524288,5696808,128x8x256x1,0x0x0,128x8x256x1
cache_k_l25 (view) (permuted),PERMUTE,0.000520,1205.085312,524288,5696808,128x256x8x1,0x0x0,128x256x8x1
cache_v_l25 (view),VIEW,0.016146,1205.105260,524288,5696808,128x8x256x1,0x0x0,128x8x256x1
cache_v_l25 (view) (permuted),PERMUTE,0.000261,1205.109844,524288,5696808,128x256x8x1,0x0x0,128x256x8x1
node_900,FLASH_ATTN_EXT,0.072553,1205.186042,73728,5696808,128x16x9x1,0x0x0,128x16x9x1
kqv_out-25,RESHAPE,0.000364,1205.190937,73728,5696808,2048x9x1x1,0x0x0,2048x9x1x1
node_902,MUL_MAT,0.497813,1205.692500,73728,5696808,2048x9x1x1,0x0x0,2048x9x1x1
ffn_inp-25,ADD,0.004375,1205.701562,73728,5696808,2048x9x1x1,0x0x0,2048x9x1x1
norm-25,RMS_NORM,0.006406,1205.711875,73728,5696808,2048x9x1x1,0x0x0,2048x9x1x1
ffn_norm-25,MUL,0.004479,1205.720312,73728,5696808,2048x9x1x1,0x0x0,2048x9x1x1
ffn_gate-25,MUL_MAT,1.170313,1206.894375,221184,5696808,6144x9x1x1,0x0x0,6144x9x1x1
ffn_up-25,MUL_MAT,1.172188,1208.071094,221184,5696808,6144x9x1x1,0x0x0,6144x9x1x1
ffn_swiglu-25,GLU,0.016927,1208.092760,221184,5696808,6144x9x1x1,0x0x0,6144x9x1x1
ffn_out-25,MUL_MAT,1.207240,1209.304219,73728,5696808,2048x9x1x1,0x0x0,2048x9x1x1
l_out-25,ADD,0.004948,1209.313958,73728,5696808,2048x9x1x1,0x0x0,2048x9x1x1
norm-26,RMS_NORM,0.007188,1209.324948,73728,5696808,2048x9x1x1,0x0x0,2048x9x1x1
attn_norm-26,MUL,0.004792,1209.333594,73728,5696808,2048x9x1x1,0x0x0,2048x9x1x1
Qcur-26,MUL_MAT,0.404063,1209.746146,73728,5696808,2048x9x1x1,0x0x0,2048x9x1x1
Qcur-26,RESHAPE,0.000417,1209.751042,73728,5696808,128x16x9x1,0x0x0,128x16x9x1
norm-26,RMS_NORM,0.096146,1209.851042,73728,5696808,128x16x9x1,0x0x0,128x16x9x1
Qcur_normed-26,MUL,0.003489,1209.859010,73728,5696808,128x16x9x1,0x0x0,128x16x9x1
Qcur-26,ROPE,0.004114,1209.867031,73728,5696808,128x16x9x1,0x0x0,128x16x9x1
Vcur-26,MUL_MAT,0.203854,1210.074479,36864,5696808,1024x9x1x1,0x0x0,1024x9x1x1
Vcur-26,RESHAPE,0.000312,1210.079114,36864,5696808,128x8x9x1,0x0x0,128x8x9x1
Kcur-26,MUL_MAT,0.283697,1210.366614,36864,5696808,1024x9x1x1,0x0x0,1024x9x1x1
Kcur-26,RESHAPE,0.000468,1210.371614,36864,5696808,128x8x9x1,0x0x0,128x8x9x1
norm-26,RMS_NORM,0.093177,1210.468594,36864,5696808,128x8x9x1,0x0x0,128x8x9x1
Kcur_normed-26,MUL,0.002552,1210.475573,36864,5696808,128x8x9x1,0x0x0,128x8x9x1
Kcur-26,ROPE,0.003698,1210.482969,36864,5696808,128x8x9x1,0x0x0,128x8x9x1
Kcur-26 (view),VIEW,0.000469,1210.486979,36864,5696808,1024x9x1x1,0x0x0,1024x9x1x1
cache_k_l26 (view),SET_ROWS,0.046302,1210.536979,83886080,5696808,1024x40960x1x1,0x0x0,1024x40960x1x1
Vcur-26 (view),VIEW,0.000521,1210.541979,36864,5696808,1024x9x1x1,0x0x0,1024x9x1x1
cache_v_l26 (view),SET_ROWS,0.022239,1210.568333,83886080,5696808,1024x40960x1x1,0x0x0,1024x40960x1x1
Qcur-26 (view),VIEW,0.000260,1210.573177,73728,5696808,128x16x9x1,0x0x0,128x16x9x1
Qcur-26 (view) (permuted),PERMUTE,0.019687,1210.596614,73728,5696808,128x9x16x1,0x0x0,128x9x16x1
cache_k_l26 (view),VIEW,0.005521,1210.606354,524288,5696808,128x8x256x1,0x0x0,128x8x256x1
cache_k_l26 (view) (permuted),PERMUTE,0.023385,1210.634062,524288,5696808,128x256x8x1,0x0x0,128x256x8x1
cache_v_l26 (view),VIEW,0.001042,1210.639531,524288,5696808,128x8x256x1,0x0x0,128x8x256x1
cache_v_l26 (view) (permuted),PERMUTE,0.019531,1210.662812,524288,5696808,128x256x8x1,0x0x0,128x256x8x1
node_935,FLASH_ATTN_EXT,0.062292,1210.729479,73728,5696808,128x16x9x1,0x0x0,128x16x9x1
kqv_out-26,RESHAPE,0.000364,1210.734062,73728,5696808,2048x9x1x1,0x0x0,2048x9x1x1
node_937,MUL_MAT,0.482865,1211.220625,73728,5696808,2048x9x1x1,0x0x0,2048x9x1x1
ffn_inp-26,ADD,0.004532,1211.229792,73728,5696808,2048x9x1x1,0x0x0,2048x9x1x1
norm-26,RMS_NORM,0.006614,1211.240312,73728,5696808,2048x9x1x1,0x0x0,2048x9x1x1
ffn_norm-26,MUL,0.005052,1211.249219,73728,5696808,2048x9x1x1,0x0x0,2048x9x1x1
ffn_gate-26,MUL_MAT,1.171198,1212.424062,221184,5696808,6144x9x1x1,0x0x0,6144x9x1x1
ffn_up-26,MUL_MAT,1.191875,1213.620364,221184,5696808,6144x9x1x1,0x0x0,6144x9x1x1
ffn_swiglu-26,GLU,0.016511,1213.641875,221184,5696808,6144x9x1x1,0x0x0,6144x9x1x1
ffn_out-26,MUL_MAT,1.186666,1214.832864,73728,5696808,2048x9x1x1,0x0x0,2048x9x1x1
l_out-26,ADD,0.004479,1214.841614,73728,5696808,2048x9x1x1,0x0x0,2048x9x1x1
norm-27,RMS_NORM,0.007031,1214.852448,73728,5696808,2048x9x1x1,0x0x0,2048x9x1x1
attn_norm-27,MUL,0.004323,1214.860625,73728,5696808,2048x9x1x1,0x0x0,2048x9x1x1
Qcur-27,MUL_MAT,0.402500,1215.266927,73728,5696808,2048x9x1x1,0x0x0,2048x9x1x1
Qcur-27,RESHAPE,0.000312,1215.271614,73728,5696808,128x16x9x1,0x0x0,128x16x9x1
norm-27,RMS_NORM,0.092135,1215.367760,73728,5696808,128x16x9x1,0x0x0,128x16x9x1
Qcur_normed-27,MUL,0.003750,1215.375989,73728,5696808,128x16x9x1,0x0x0,128x16x9x1
Qcur-27,ROPE,0.004896,1215.384583,73728,5696808,128x16x9x1,0x0x0,128x16x9x1
Vcur-27,MUL_MAT,0.204115,1215.592500,36864,5696808,1024x9x1x1,0x0x0,1024x9x1x1
Vcur-27,RESHAPE,0.000312,1215.597083,36864,5696808,128x8x9x1,0x0x0,128x8x9x1
Kcur-27,MUL_MAT,0.277292,1215.878073,36864,5696808,1024x9x1x1,0x0x0,1024x9x1x1
Kcur-27,RESHAPE,0.000312,1215.882864,36864,5696808,128x8x9x1,0x0x0,128x8x9x1
norm-27,RMS_NORM,0.072916,1215.959583,36864,5696808,128x8x9x1,0x0x0,128x8x9x1
Kcur_normed-27,MUL,0.002552,1215.966562,36864,5696808,128x8x9x1,0x0x0,128x8x9x1
Kcur-27,ROPE,0.004375,1215.974687,36864,5696808,128x8x9x1,0x0x0,128x8x9x1
Kcur-27 (view),VIEW,0.000261,1215.978646,36864,5696808,1024x9x1x1,0x0x0,1024x9x1x1
cache_k_l27 (view),SET_ROWS,0.032656,1216.015052,83886080,5696808,1024x40960x1x1,0x0x0,1024x40960x1x1
Vcur-27 (view),VIEW,0.000313,1216.019792,36864,5696808,1024x9x1x1,0x0x0,1024x9x1x1
cache_v_l27 (view),SET_ROWS,0.018698,1216.046562,83886080,5696808,1024x40960x1x1,0x0x0,1024x40960x1x1
Qcur-27 (view),VIEW,0.000312,1216.051510,73728,5696808,128x16x9x1,0x0x0,128x16x9x1
Qcur-27 (view) (permuted),PERMUTE,0.019428,1216.074792,73728,5696808,128x9x16x1,0x0x0,128x9x16x1
cache_k_l27 (view),VIEW,0.004479,1216.083489,524288,5696808,128x8x256x1,0x0x0,128x8x256x1
cache_k_l27 (view) (permuted),PERMUTE,0.019583,1216.107187,524288,5696808,128x256x8x1,0x0x0,128x256x8x1
cache_v_l27 (view),VIEW,0.007552,1216.119219,524288,5696808,128x8x256x1,0x0x0,128x8x256x1
cache_v_l27 (view) (permuted),PERMUTE,0.012136,1216.135573,524288,5696808,128x256x8x1,0x0x0,128x256x8x1
node_970,FLASH_ATTN_EXT,0.055000,1216.194844,73728,5696808,128x16x9x1,0x0x0,128x16x9x1
kqv_out-27,RESHAPE,0.000469,1216.199531,73728,5696808,2048x9x1x1,0x0x0,2048x9x1x1
node_972,MUL_MAT,0.482292,1216.685573,73728,5696808,2048x9x1x1,0x0x0,2048x9x1x1
node_973,GET_ROWS,0.001354,1216.692135,8192,5696808,2048x1x1x1,0x0x0,2048x1x1x1
node_974,GET_ROWS,0.029739,1216.725833,8192,5696808,2048x1x1x1,0x0x0,2048x1x1x1
ffn_inp-27,ADD,0.034792,1216.765156,8192,5696808,2048x1x1x1,0x0x0,2048x1x1x1
norm-27,RMS_NORM,0.003333,1216.772500,8192,5696808,2048x1x1x1,0x0x0,2048x1x1x1
ffn_norm-27,MUL,0.001614,1216.777812,8192,5696808,2048x1x1x1,0x0x0,2048x1x1x1
ffn_gate-27,MUL_MAT,0.161250,1216.942812,24576,5696808,6144x1x1x1,0x0x0,6144x1x1x1
ffn_up-27,MUL_MAT,0.162188,1217.109427,24576,5696808,6144x1x1x1,0x0x0,6144x1x1x1
ffn_swiglu-27,GLU,0.004427,1217.118385,24576,5696808,6144x1x1x1,0x0x0,6144x1x1x1
ffn_out-27,MUL_MAT,0.178542,1217.301042,8192,5696808,2048x1x1x1,0x0x0,2048x1x1x1
l_out-27,ADD,0.001458,1217.307239,8192,5696808,2048x1x1x1,0x0x0,2048x1x1x1
norm,RMS_NORM,0.003125,1217.314167,8192,5696808,2048x1x1x1,0x0x0,2048x1x1x1
result_norm,MUL,0.002136,1217.319896,8192,5696808,2048x1x1x1,0x0x0,2048x1x1x1
result_output,MUL_MAT,5.215781,1222.539375,607744,5696808,151936x1x1x1,0x0x0,151936x1x1x1
embd,GET_ROWS,0.002031,1225.540052,8192,5698600,2048x1x1x1,0x0x0,2048x1x1x1
norm-0,RMS_NORM,0.253073,1225.799844,8192,5698600,2048x1x1x1,0x0x0,2048x1x1x1
attn_norm-0,MUL,0.001563,1225.806302,8192,5698600,2048x1x1x1,0x0x0,2048x1x1x1
Qcur-0,MUL_MAT,0.053959,1225.864219,8192,5698600,2048x1x1x1,0x0x0,2048x1x1x1
Qcur-0,RESHAPE,0.000260,1225.869114,8192,5698600,128x16x1x1,0x0x0,128x16x1x1
norm-0,RMS_NORM,0.070364,1225.943437,8192,5698600,128x16x1x1,0x0x0,128x16x1x1
Qcur_normed-0,MUL,0.001771,1225.949531,8192,5698600,128x16x1x1,0x0x0,128x16x1x1
Qcur-0,ROPE,0.002083,1225.955260,8192,5698600,128x16x1x1,0x0x0,128x16x1x1
Vcur-0,MUL_MAT,0.029167,1225.988177,4096,5698600,1024x1x1x1,0x0x0,1024x1x1x1
Vcur-0,RESHAPE,0.000260,1225.992656,4096,5698600,128x8x1x1,0x0x0,128x8x1x1
Kcur-0,MUL_MAT,0.093229,1226.089531,4096,5698600,1024x1x1x1,0x0x0,1024x1x1x1
Kcur-0,RESHAPE,0.000313,1226.094375,4096,5698600,128x8x1x1,0x0x0,128x8x1x1
norm-0,RMS_NORM,0.057291,1226.155312,4096,5698600,128x8x1x1,0x0x0,128x8x1x1
Kcur_normed-0,MUL,0.001407,1226.161094,4096,5698600,128x8x1x1,0x0x0,128x8x1x1
Kcur-0,ROPE,0.001719,1226.166458,4096,5698600,128x8x1x1,0x0x0,128x8x1x1
Kcur-0 (view),VIEW,0.000469,1226.170469,4096,5698600,1024x1x1x1,0x0x0,1024x1x1x1
cache_k_l0 (view),SET_ROWS,0.032968,1226.207239,83886080,5698600,1024x40960x1x1,0x0x0,1024x40960x1x1
Vcur-0 (view),VIEW,0.000312,1226.212031,4096,5698600,1024x1x1x1,0x0x0,1024x1x1x1
cache_v_l0 (view),SET_ROWS,0.010573,1226.226198,83886080,5698600,1024x40960x1x1,0x0x0,1024x40960x1x1
Qcur-0 (view),VIEW,0.000416,1226.230937,8192,5698600,128x16x1x1,0x0x0,128x16x1x1
Qcur-0 (view) (permuted),PERMUTE,0.015938,1226.250521,8192,5698600,128x1x16x1,0x0x0,128x1x16x1
cache_k_l0 (view),VIEW,0.000416,1226.255312,524288,5698600,128x8x256x1,0x0x0,128x8x256x1
cache_k_l0 (view) (permuted),PERMUTE,0.013698,1226.272708,524288,5698600,128x256x8x1,0x0x0,128x256x8x1
cache_v_l0 (view),VIEW,0.000573,1226.277500,524288,5698600,128x8x256x1,0x0x0,128x8x256x1
cache_v_l0 (view) (permuted),PERMUTE,0.013437,1226.294635,524288,5698600,128x256x8x1,0x0x0,128x256x8x1
node_25,FLASH_ATTN_EXT,0.048229,1226.347031,8192,5698600,128x16x1x1,0x0x0,128x16x1x1
kqv_out-0,RESHAPE,0.000312,1226.358906,8192,5698600,2048x1x1x1,0x0x0,2048x1x1x1
node_27,MUL_MAT,0.120313,1226.483177,8192,5698600,2048x1x1x1,0x0x0,2048x1x1x1
ffn_inp-0,ADD,0.001563,1226.489427,8192,5698600,2048x1x1x1,0x0x0,2048x1x1x1
norm-0,RMS_NORM,0.003229,1226.496510,8192,5698600,2048x1x1x1,0x0x0,2048x1x1x1
ffn_norm-0,MUL,0.001458,1226.501614,8192,5698600,2048x1x1x1,0x0x0,2048x1x1x1
ffn_gate-0,MUL_MAT,0.147969,1226.653177,24576,5698600,6144x1x1x1,0x0x0,6144x1x1x1
ffn_up-0,MUL_MAT,0.149323,1226.806979,24576,5698600,6144x1x1x1,0x0x0,6144x1x1x1
ffn_swiglu-0,GLU,0.004636,1226.816042,24576,5698600,6144x1x1x1,0x0x0,6144x1x1x1
ffn_out-0,MUL_MAT,0.178854,1226.998958,8192,5698600,2048x1x1x1,0x0x0,2048x1x1x1
l_out-0,ADD,0.001406,1227.004635,8192,5698600,2048x1x1x1,0x0x0,2048x1x1x1
norm-1,RMS_NORM,0.003281,1227.011614,8192,5698600,2048x1x1x1,0x0x0,2048x1x1x1
attn_norm-1,MUL,0.001407,1227.016719,8192,5698600,2048x1x1x1,0x0x0,2048x1x1x1
Qcur-1,MUL_MAT,0.056198,1227.076562,8192,5698600,2048x1x1x1,0x0x0,2048x1x1x1
Qcur-1,RESHAPE,0.000313,1227.081094,8192,5698600,128x16x1x1,0x0x0,128x16x1x1
norm-1,RMS_NORM,0.073594,1227.158542,8192,5698600,128x16x1x1,0x0x0,128x16x1x1
Qcur_normed-1,MUL,0.001667,1227.164531,8192,5698600,128x16x1x1,0x0x0,128x16x1x1
Qcur-1,ROPE,0.001875,1227.170000,8192,5698600,128x16x1x1,0x0x0,128x16x1x1
Vcur-1,MUL_MAT,0.028698,1227.202396,4096,5698600,1024x1x1x1,0x0x0,1024x1x1x1
Vcur-1,RESHAPE,0.000416,1227.207083,4096,5698600,128x8x1x1,0x0x0,128x8x1x1
Kcur-1,MUL_MAT,0.091406,1227.302187,4096,5698600,1024x1x1x1,0x0x0,1024x1x1x1
Kcur-1,RESHAPE,0.000468,1227.307135,4096,5698600,128x8x1x1,0x0x0,128x8x1x1
norm-1,RMS_NORM,0.075677,1227.386562,4096,5698600,128x8x1x1,0x0x0,128x8x1x1
Kcur_normed-1,MUL,0.001303,1227.392292,4096,5698600,128x8x1x1,0x0x0,128x8x1x1
Kcur-1,ROPE,0.001875,1227.397760,4096,5698600,128x8x1x1,0x0x0,128x8x1x1
Kcur-1 (view),VIEW,0.000261,1227.401667,4096,5698600,1024x1x1x1,0x0x0,1024x1x1x1
cache_k_l1 (view),SET_ROWS,0.028698,1227.433958,83886080,5698600,1024x40960x1x1,0x0x0,1024x40960x1x1
Vcur-1 (view),VIEW,0.000261,1227.438646,4096,5698600,1024x1x1x1,0x0x0,1024x1x1x1
cache_v_l1 (view),SET_ROWS,0.010104,1227.452604,83886080,5698600,1024x40960x1x1,0x0x0,1024x40960x1x1
Qcur-1 (view),VIEW,0.000417,1227.457396,8192,5698600,128x16x1x1,0x0x0,128x16x1x1
Qcur-1 (view) (permuted),PERMUTE,0.016406,1227.477448,8192,5698600,128x1x16x1,0x0x0,128x1x16x1
cache_k_l1 (view),VIEW,0.000312,1227.481979,524288,5698600,128x8x256x1,0x0x0,128x8x256x1
cache_k_l1 (view) (permuted),PERMUTE,0.019583,1227.505364,524288,5698600,128x256x8x1,0x0x0,128x256x8x1
cache_v_l1 (view),VIEW,0.000417,1227.510052,524288,5698600,128x8x256x1,0x0x0,128x8x256x1
cache_v_l1 (view) (permuted),PERMUTE,0.017188,1227.531094,524288,5698600,128x256x8x1,0x0x0,128x256x8x1
node_60,FLASH_ATTN_EXT,0.039739,1227.575156,8192,5698600,128x16x1x1,0x0x0,128x16x1x1
kqv_out-1,RESHAPE,0.000312,1227.579479,8192,5698600,2048x1x1x1,0x0x0,2048x1x1x1
node_62,MUL_MAT,0.121198,1227.704375,8192,5698600,2048x1x1x1,0x0x0,2048x1x1x1
ffn_inp-1,ADD,0.001406,1227.710312,8192,5698600,2048x1x1x1,0x0x0,2048x1x1x1
norm-1,RMS_NORM,0.003229,1227.717187,8192,5698600,2048x1x1x1,0x0x0,2048x1x1x1
ffn_norm-1,MUL,0.001406,1227.722239,8192,5698600,2048x1x1x1,0x0x0,2048x1x1x1
ffn_gate-1,MUL_MAT,0.147136,1227.872969,24576,5698600,6144x1x1x1,0x0x0,6144x1x1x1
ffn_up-1,MUL_MAT,0.147344,1228.025156,24576,5698600,6144x1x1x1,0x0x0,6144x1x1x1
ffn_swiglu-1,GLU,0.004375,1228.034114,24576,5698600,6144x1x1x1,0x0x0,6144x1x1x1
ffn_out-1,MUL_MAT,0.178333,1228.216406,8192,5698600,2048x1x1x1,0x0x0,2048x1x1x1
l_out-1,ADD,0.001406,1228.222552,8192,5698600,2048x1x1x1,0x0x0,2048x1x1x1
norm-2,RMS_NORM,0.003333,1228.229583,8192,5698600,2048x1x1x1,0x0x0,2048x1x1x1
attn_norm-2,MUL,0.001406,1228.234635,8192,5698600,2048x1x1x1,0x0x0,2048x1x1x1
Qcur-2,MUL_MAT,0.054427,1228.292604,8192,5698600,2048x1x1x1,0x0x0,2048x1x1x1
Qcur-2,RESHAPE,0.000364,1228.297239,8192,5698600,128x16x1x1,0x0x0,128x16x1x1
norm-2,RMS_NORM,0.063385,1228.364479,8192,5698600,128x16x1x1,0x0x0,128x16x1x1
Qcur_normed-2,MUL,0.001770,1228.375937,8192,5698600,128x16x1x1,0x0x0,128x16x1x1
Qcur-2,ROPE,0.001927,1228.381771,8192,5698600,128x16x1x1,0x0x0,128x16x1x1
Vcur-2,MUL_MAT,0.029844,1228.415208,4096,5698600,1024x1x1x1,0x0x0,1024x1x1x1
Vcur-2,RESHAPE,0.000261,1228.419844,4096,5698600,128x8x1x1,0x0x0,128x8x1x1
Kcur-2,MUL_MAT,0.104739,1228.528437,4096,5698600,1024x1x1x1,0x0x0,1024x1x1x1
Kcur-2,RESHAPE,0.000416,1228.533385,4096,5698600,128x8x1x1,0x0x0,128x8x1x1
norm-2,RMS_NORM,0.097552,1228.634635,4096,5698600,128x8x1x1,0x0x0,128x8x1x1
Kcur_normed-2,MUL,0.001302,1228.640833,4096,5698600,128x8x1x1,0x0x0,128x8x1x1
Kcur-2,ROPE,0.001927,1228.646354,4096,5698600,128x8x1x1,0x0x0,128x8x1x1
Kcur-2 (view),VIEW,0.000260,1228.650260,4096,5698600,1024x1x1x1,0x0x0,1024x1x1x1
cache_k_l2 (view),SET_ROWS,0.032396,1228.686302,83886080,5698600,1024x40960x1x1,0x0x0,1024x40960x1x1
Vcur-2 (view),VIEW,0.000313,1228.691094,4096,5698600,1024x1x1x1,0x0x0,1024x1x1x1
cache_v_l2 (view),SET_ROWS,0.010156,1228.705000,83886080,5698600,1024x40960x1x1,0x0x0,1024x40960x1x1
Qcur-2 (view),VIEW,0.000365,1228.709792,8192,5698600,128x16x1x1,0x0x0,128x16x1x1
Qcur-2 (view) (permuted),PERMUTE,0.016198,1228.729687,8192,5698600,128x1x16x1,0x0x0,128x1x16x1
cache_k_l2 (view),VIEW,0.000417,1228.734479,524288,5698600,128x8x256x1,0x0x0,128x8x256x1
cache_k_l2 (view) (permuted),PERMUTE,0.011042,1228.749167,524288,5698600,128x256x8x1,0x0x0,128x256x8x1
cache_v_l2 (view),VIEW,0.000417,1228.753906,524288,5698600,128x8x256x1,0x0x0,128x8x256x1
cache_v_l2 (view) (permuted),PERMUTE,0.013854,1228.771510,524288,5698600,128x256x8x1,0x0x0,128x256x8x1
node_95,FLASH_ATTN_EXT,0.046979,1228.822812,8192,5698600,128x16x1x1,0x0x0,128x16x1x1
kqv_out-2,RESHAPE,0.000416,1228.827187,8192,5698600,2048x1x1x1,0x0x0,2048x1x1x1
node_97,MUL_MAT,0.132292,1228.963177,8192,5698600,2048x1x1x1,0x0x0,2048x1x1x1
ffn_inp-2,ADD,0.001406,1228.969114,8192,5698600,2048x1x1x1,0x0x0,2048x1x1x1
norm-2,RMS_NORM,0.003178,1228.976042,8192,5698600,2048x1x1x1,0x0x0,2048x1x1x1
ffn_norm-2,MUL,0.001355,1228.981094,8192,5698600,2048x1x1x1,0x0x0,2048x1x1x1
ffn_gate-2,MUL_MAT,0.147084,1229.131823,24576,5698600,6144x1x1x1,0x0x0,6144x1x1x1
ffn_up-2,MUL_MAT,0.146771,1229.282969,24576,5698600,6144x1x1x1,0x0x0,6144x1x1x1
ffn_swiglu-2,GLU,0.004428,1229.291667,24576,5698600,6144x1x1x1,0x0x0,6144x1x1x1
ffn_out-2,MUL_MAT,0.178542,1229.474375,8192,5698600,2048x1x1x1,0x0x0,2048x1x1x1
l_out-2,ADD,0.001302,1229.480364,8192,5698600,2048x1x1x1,0x0x0,2048x1x1x1
norm-3,RMS_NORM,0.003386,1229.487396,8192,5698600,2048x1x1x1,0x0x0,2048x1x1x1
attn_norm-3,MUL,0.001511,1229.492500,8192,5698600,2048x1x1x1,0x0x0,2048x1x1x1
Qcur-3,MUL_MAT,0.056302,1229.552552,8192,5698600,2048x1x1x1,0x0x0,2048x1x1x1
Qcur-3,RESHAPE,0.000417,1229.557396,8192,5698600,128x16x1x1,0x0x0,128x16x1x1
norm-3,RMS_NORM,0.077188,1229.638594,8192,5698600,128x16x1x1,0x0x0,128x16x1x1
Qcur_normed-3,MUL,0.001666,1229.644739,8192,5698600,128x16x1x1,0x0x0,128x16x1x1
Qcur-3,ROPE,0.001615,1229.650000,8192,5698600,128x16x1x1,0x0x0,128x16x1x1
Vcur-3,MUL_MAT,0.029635,1229.683333,4096,5698600,1024x1x1x1,0x0x0,1024x1x1x1
Vcur-3,RESHAPE,0.000417,1229.687969,4096,5698600,128x8x1x1,0x0x0,128x8x1x1
Kcur-3,MUL_MAT,0.098645,1229.790312,4096,5698600,1024x1x1x1,0x0x0,1024x1x1x1
Kcur-3,RESHAPE,0.000417,1229.795156,4096,5698600,128x8x1x1,0x0x0,128x8x1x1
norm-3,RMS_NORM,0.067656,1229.866510,4096,5698600,128x8x1x1,0x0x0,128x8x1x1
Kcur_normed-3,MUL,0.001406,1229.872239,4096,5698600,128x8x1x1,0x0x0,128x8x1x1
Kcur-3,ROPE,0.001875,1229.877708,4096,5698600,128x8x1x1,0x0x0,128x8x1x1
Kcur-3 (view),VIEW,0.000416,1229.881614,4096,5698600,1024x1x1x1,0x0x0,1024x1x1x1
cache_k_l3 (view),SET_ROWS,0.029011,1229.914219,83886080,5698600,1024x40960x1x1,0x0x0,1024x40960x1x1
Vcur-3 (view),VIEW,0.000260,1229.918854,4096,5698600,1024x1x1x1,0x0x0,1024x1x1x1
cache_v_l3 (view),SET_ROWS,0.013698,1229.936146,83886080,5698600,1024x40960x1x1,0x0x0,1024x40960x1x1
Qcur-3 (view),VIEW,0.000417,1229.940781,8192,5698600,128x16x1x1,0x0x0,128x16x1x1
Qcur-3 (view) (permuted),PERMUTE,0.039531,1229.983906,8192,5698600,128x1x16x1,0x0x0,128x1x16x1
cache_k_l3 (view),VIEW,0.000573,1229.993333,524288,5698600,128x8x256x1,0x0x0,128x8x256x1
cache_k_l3 (view) (permuted),PERMUTE,0.018333,1230.015937,524288,5698600,128x256x8x1,0x0x0,128x256x8x1
cache_v_l3 (view),VIEW,0.000417,1230.020625,524288,5698600,128x8x256x1,0x0x0,128x8x256x1
cache_v_l3 (view) (permuted),PERMUTE,0.010989,1230.035312,524288,5698600,128x256x8x1,0x0x0,128x256x8x1
node_130,FLASH_ATTN_EXT,0.047917,1230.087500,8192,5698600,128x16x1x1,0x0x0,128x16x1x1
kqv_out-3,RESHAPE,0.000260,1230.092083,8192,5698600,2048x1x1x1,0x0x0,2048x1x1x1
node_132,MUL_MAT,0.111354,1230.207135,8192,5698600,2048x1x1x1,0x0x0,2048x1x1x1
ffn_inp-3,ADD,0.001510,1230.213177,8192,5698600,2048x1x1x1,0x0x0,2048x1x1x1
norm-3,RMS_NORM,0.003177,1230.220260,8192,5698600,2048x1x1x1,0x0x0,2048x1x1x1
ffn_norm-3,MUL,0.001354,1230.225312,8192,5698600,2048x1x1x1,0x0x0,2048x1x1x1
ffn_gate-3,MUL_MAT,0.150625,1230.379583,24576,5698600,6144x1x1x1,0x0x0,6144x1x1x1
ffn_up-3,MUL_MAT,0.147657,1230.531667,24576,5698600,6144x1x1x1,0x0x0,6144x1x1x1
ffn_swiglu-3,GLU,0.004323,1230.540573,24576,5698600,6144x1x1x1,0x0x0,6144x1x1x1
ffn_out-3,MUL_MAT,0.167344,1230.711875,8192,5698600,2048x1x1x1,0x0x0,2048x1x1x1
l_out-3,ADD,0.001354,1230.717552,8192,5698600,2048x1x1x1,0x0x0,2048x1x1x1
norm-4,RMS_NORM,0.003385,1230.724479,8192,5698600,2048x1x1x1,0x0x0,2048x1x1x1
attn_norm-4,MUL,0.001458,1230.729635,8192,5698600,2048x1x1x1,0x0x0,2048x1x1x1
Qcur-4,MUL_MAT,0.054948,1230.788229,8192,5698600,2048x1x1x1,0x0x0,2048x1x1x1
Qcur-4,RESHAPE,0.000313,1230.792917,8192,5698600,128x16x1x1,0x0x0,128x16x1x1
norm-4,RMS_NORM,0.065937,1230.862812,8192,5698600,128x16x1x1,0x0x0,128x16x1x1
Qcur_normed-4,MUL,0.002031,1230.869323,8192,5698600,128x16x1x1,0x0x0,128x16x1x1
Qcur-4,ROPE,0.001875,1230.874844,8192,5698600,128x16x1x1,0x0x0,128x16x1x1
Vcur-4,MUL_MAT,0.029688,1230.908021,4096,5698600,1024x1x1x1,0x0x0,1024x1x1x1
Vcur-4,RESHAPE,0.000312,1230.912604,4096,5698600,128x8x1x1,0x0x0,128x8x1x1
Kcur-4,MUL_MAT,0.095677,1231.011979,4096,5698600,1024x1x1x1,0x0x0,1024x1x1x1
Kcur-4,RESHAPE,0.000417,1231.017031,4096,5698600,128x8x1x1,0x0x0,128x8x1x1
norm-4,RMS_NORM,0.076615,1231.097344,4096,5698600,128x8x1x1,0x0x0,128x8x1x1
Kcur_normed-4,MUL,0.001145,1231.102864,4096,5698600,128x8x1x1,0x0x0,128x8x1x1
Kcur-4,ROPE,0.001771,1231.108229,4096,5698600,128x8x1x1,0x0x0,128x8x1x1
Kcur-4 (view),VIEW,0.000312,1231.112083,4096,5698600,1024x1x1x1,0x0x0,1024x1x1x1
cache_k_l4 (view),SET_ROWS,0.025729,1231.141510,83886080,5698600,1024x40960x1x1,0x0x0,1024x40960x1x1
Vcur-4 (view),VIEW,0.000261,1231.146146,4096,5698600,1024x1x1x1,0x0x0,1024x1x1x1
cache_v_l4 (view),SET_ROWS,0.015312,1231.165208,83886080,5698600,1024x40960x1x1,0x0x0,1024x40960x1x1
Qcur-4 (view),VIEW,0.000261,1231.169948,8192,5698600,128x16x1x1,0x0x0,128x16x1x1
Qcur-4 (view) (permuted),PERMUTE,0.020989,1231.194687,8192,5698600,128x1x16x1,0x0x0,128x1x16x1
cache_k_l4 (view),VIEW,0.000416,1231.199687,524288,5698600,128x8x256x1,0x0x0,128x8x256x1
cache_k_l4 (view) (permuted),PERMUTE,0.013386,1231.216823,524288,5698600,128x256x8x1,0x0x0,128x256x8x1
cache_v_l4 (view),VIEW,0.000468,1231.221562,524288,5698600,128x8x256x1,0x0x0,128x8x256x1
cache_v_l4 (view) (permuted),PERMUTE,0.022032,1231.247292,524288,5698600,128x256x8x1,0x0x0,128x256x8x1
node_165,FLASH_ATTN_EXT,0.048177,1231.299635,8192,5698600,128x16x1x1,0x0x0,128x16x1x1
kqv_out-4,RESHAPE,0.000260,1231.304062,8192,5698600,2048x1x1x1,0x0x0,2048x1x1x1
node_167,MUL_MAT,0.110573,1231.418333,8192,5698600,2048x1x1x1,0x0x0,2048x1x1x1
ffn_inp-4,ADD,0.001563,1231.424427,8192,5698600,2048x1x1x1,0x0x0,2048x1x1x1
norm-4,RMS_NORM,0.003229,1231.431406,8192,5698600,2048x1x1x1,0x0x0,2048x1x1x1
ffn_norm-4,MUL,0.001354,1231.436302,8192,5698600,2048x1x1x1,0x0x0,2048x1x1x1
ffn_gate-4,MUL_MAT,0.147708,1231.587656,24576,5698600,6144x1x1x1,0x0x0,6144x1x1x1
ffn_up-4,MUL_MAT,0.154011,1231.746250,24576,5698600,6144x1x1x1,0x0x0,6144x1x1x1
ffn_swiglu-4,GLU,0.004167,1231.754948,24576,5698600,6144x1x1x1,0x0x0,6144x1x1x1
ffn_out-4,MUL_MAT,0.166823,1231.925833,8192,5698600,2048x1x1x1,0x0x0,2048x1x1x1
l_out-4,ADD,0.001354,1231.931510,8192,5698600,2048x1x1x1,0x0x0,2048x1x1x1
norm-5,RMS_NORM,0.003437,1231.942760,8192,5698600,2048x1x1x1,0x0x0,2048x1x1x1
attn_norm-5,MUL,0.001354,1231.948021,8192,5698600,2048x1x1x1,0x0x0,2048x1x1x1
Qcur-5,MUL_MAT,0.055990,1232.007604,8192,5698600,2048x1x1x1,0x0x0,2048x1x1x1
Qcur-5,RESHAPE,0.000312,1232.012239,8192,5698600,128x16x1x1,0x0x0,128x16x1x1
norm-5,RMS_NORM,0.067709,1232.083646,8192,5698600,128x16x1x1,0x0x0,128x16x1x1
Qcur_normed-5,MUL,0.001718,1232.089739,8192,5698600,128x16x1x1,0x0x0,128x16x1x1
Qcur-5,ROPE,0.001823,1232.095208,8192,5698600,128x16x1x1,0x0x0,128x16x1x1
Vcur-5,MUL_MAT,0.029010,1232.127812,4096,5698600,1024x1x1x1,0x0x0,1024x1x1x1
Vcur-5,RESHAPE,0.000260,1232.132187,4096,5698600,128x8x1x1,0x0x0,128x8x1x1
Kcur-5,MUL_MAT,0.095469,1232.231354,4096,5698600,1024x1x1x1,0x0x0,1024x1x1x1
Kcur-5,RESHAPE,0.000469,1232.236458,4096,5698600,128x8x1x1,0x0x0,128x8x1x1
norm-5,RMS_NORM,0.065052,1232.305260,4096,5698600,128x8x1x1,0x0x0,128x8x1x1
Kcur_normed-5,MUL,0.001407,1232.311042,4096,5698600,128x8x1x1,0x0x0,128x8x1x1
Kcur-5,ROPE,0.001875,1232.316458,4096,5698600,128x8x1x1,0x0x0,128x8x1x1
Kcur-5 (view),VIEW,0.000312,1232.320312,4096,5698600,1024x1x1x1,0x0x0,1024x1x1x1
cache_k_l5 (view),SET_ROWS,0.022761,1232.346719,83886080,5698600,1024x40960x1x1,0x0x0,1024x40960x1x1
Vcur-5 (view),VIEW,0.000312,1232.351562,4096,5698600,1024x1x1x1,0x0x0,1024x1x1x1
cache_v_l5 (view),SET_ROWS,0.024323,1232.379479,83886080,5698600,1024x40960x1x1,0x0x0,1024x40960x1x1
Qcur-5 (view),VIEW,0.000261,1232.384167,8192,5698600,128x16x1x1,0x0x0,128x16x1x1
Qcur-5 (view) (permuted),PERMUTE,0.016562,1232.404583,8192,5698600,128x1x16x1,0x0x0,128x1x16x1
cache_k_l5 (view),VIEW,0.000312,1232.409114,524288,5698600,128x8x256x1,0x0x0,128x8x256x1
cache_k_l5 (view) (permuted),PERMUTE,0.013906,1232.426875,524288,5698600,128x256x8x1,0x0x0,128x256x8x1
cache_v_l5 (view),VIEW,0.000625,1232.431875,524288,5698600,128x8x256x1,0x0x0,128x8x256x1
cache_v_l5 (view) (permuted),PERMUTE,0.020052,1232.455729,524288,5698600,128x256x8x1,0x0x0,128x256x8x1
node_200,FLASH_ATTN_EXT,0.041667,1232.501667,8192,5698600,128x16x1x1,0x0x0,128x16x1x1
kqv_out-5,RESHAPE,0.000313,1232.506146,8192,5698600,2048x1x1x1,0x0x0,2048x1x1x1
node_202,MUL_MAT,0.128906,1232.638698,8192,5698600,2048x1x1x1,0x0x0,2048x1x1x1
ffn_inp-5,ADD,0.001563,1232.645000,8192,5698600,2048x1x1x1,0x0x0,2048x1x1x1
norm-5,RMS_NORM,0.003177,1232.652135,8192,5698600,2048x1x1x1,0x0x0,2048x1x1x1
ffn_norm-5,MUL,0.001406,1232.657083,8192,5698600,2048x1x1x1,0x0x0,2048x1x1x1
ffn_gate-5,MUL_MAT,0.148490,1232.809219,24576,5698600,6144x1x1x1,0x0x0,6144x1x1x1
ffn_up-5,MUL_MAT,0.151458,1232.965156,24576,5698600,6144x1x1x1,0x0x0,6144x1x1x1
ffn_swiglu-5,GLU,0.004323,1232.974062,24576,5698600,6144x1x1x1,0x0x0,6144x1x1x1
ffn_out-5,MUL_MAT,0.168177,1233.146250,8192,5698600,2048x1x1x1,0x0x0,2048x1x1x1
l_out-5,ADD,0.001354,1233.151927,8192,5698600,2048x1x1x1,0x0x0,2048x1x1x1
norm-6,RMS_NORM,0.003333,1233.158958,8192,5698600,2048x1x1x1,0x0x0,2048x1x1x1
attn_norm-6,MUL,0.001406,1233.164010,8192,5698600,2048x1x1x1,0x0x0,2048x1x1x1
Qcur-6,MUL_MAT,0.054844,1233.222500,8192,5698600,2048x1x1x1,0x0x0,2048x1x1x1
Qcur-6,RESHAPE,0.000312,1233.227187,8192,5698600,128x16x1x1,0x0x0,128x16x1x1
norm-6,RMS_NORM,0.069739,1233.300833,8192,5698600,128x16x1x1,0x0x0,128x16x1x1
Qcur_normed-6,MUL,0.001823,1233.307083,8192,5698600,128x16x1x1,0x0x0,128x16x1x1
Qcur-6,ROPE,0.001979,1233.312656,8192,5698600,128x16x1x1,0x0x0,128x16x1x1
Vcur-6,MUL_MAT,0.029167,1233.345469,4096,5698600,1024x1x1x1,0x0x0,1024x1x1x1
Vcur-6,RESHAPE,0.000261,1233.349896,4096,5698600,128x8x1x1,0x0x0,128x8x1x1
Kcur-6,MUL_MAT,0.103125,1233.456667,4096,5698600,1024x1x1x1,0x0x0,1024x1x1x1
Kcur-6,RESHAPE,0.000312,1233.461510,4096,5698600,128x8x1x1,0x0x0,128x8x1x1
norm-6,RMS_NORM,0.054427,1233.519635,4096,5698600,128x8x1x1,0x0x0,128x8x1x1
Kcur_normed-6,MUL,0.001198,1233.525156,4096,5698600,128x8x1x1,0x0x0,128x8x1x1
Kcur-6,ROPE,0.001614,1233.530364,4096,5698600,128x8x1x1,0x0x0,128x8x1x1
Kcur-6 (view),VIEW,0.000417,1233.534323,4096,5698600,1024x1x1x1,0x0x0,1024x1x1x1
cache_k_l6 (view),SET_ROWS,0.024218,1233.562187,83886080,5698600,1024x40960x1x1,0x0x0,1024x40960x1x1
Vcur-6 (view),VIEW,0.000469,1233.572083,4096,5698600,1024x1x1x1,0x0x0,1024x1x1x1
cache_v_l6 (view),SET_ROWS,0.010312,1233.586406,83886080,5698600,1024x40960x1x1,0x0x0,1024x40960x1x1
Qcur-6 (view),VIEW,0.007188,1233.597917,8192,5698600,128x16x1x1,0x0x0,128x16x1x1
Qcur-6 (view) (permuted),PERMUTE,0.004270,1233.606562,8192,5698600,128x1x16x1,0x0x0,128x1x16x1
cache_k_l6 (view),VIEW,0.008594,1233.619323,524288,5698600,128x8x256x1,0x0x0,128x8x256x1
cache_k_l6 (view) (permuted),PERMUTE,0.000416,1233.624114,524288,5698600,128x256x8x1,0x0x0,128x256x8x1
cache_v_l6 (view),VIEW,0.018906,1233.646927,524288,5698600,128x8x256x1,0x0x0,128x8x256x1
cache_v_l6 (view) (permuted),PERMUTE,0.000625,1233.651875,524288,5698600,128x256x8x1,0x0x0,128x256x8x1
node_235,FLASH_ATTN_EXT,0.055104,1233.710781,8192,5698600,128x16x1x1,0x0x0,128x16x1x1
kqv_out-6,RESHAPE,0.000261,1233.715521,8192,5698600,2048x1x1x1,0x0x0,2048x1x1x1
node_237,MUL_MAT,0.124427,1233.843594,8192,5698600,2048x1x1x1,0x0x0,2048x1x1x1
ffn_inp-6,ADD,0.001354,1233.849479,8192,5698600,2048x1x1x1,0x0x0,2048x1x1x1
norm-6,RMS_NORM,0.003177,1233.856354,8192,5698600,2048x1x1x1,0x0x0,2048x1x1x1
ffn_norm-6,MUL,0.001354,1233.861354,8192,5698600,2048x1x1x1,0x0x0,2048x1x1x1
ffn_gate-6,MUL_MAT,0.147656,1234.012760,24576,5698600,6144x1x1x1,0x0x0,6144x1x1x1
ffn_up-6,MUL_MAT,0.151146,1234.168594,24576,5698600,6144x1x1x1,0x0x0,6144x1x1x1
ffn_swiglu-6,GLU,0.004323,1234.177344,24576,5698600,6144x1x1x1,0x0x0,6144x1x1x1
ffn_out-6,MUL_MAT,0.167917,1234.349323,8192,5698600,2048x1x1x1,0x0x0,2048x1x1x1
l_out-6,ADD,0.001302,1234.355052,8192,5698600,2048x1x1x1,0x0x0,2048x1x1x1
norm-7,RMS_NORM,0.003333,1234.362083,8192,5698600,2048x1x1x1,0x0x0,2048x1x1x1
attn_norm-7,MUL,0.001406,1234.367031,8192,5698600,2048x1x1x1,0x0x0,2048x1x1x1
Qcur-7,MUL_MAT,0.055312,1234.425937,8192,5698600,2048x1x1x1,0x0x0,2048x1x1x1
Qcur-7,RESHAPE,0.000312,1234.430729,8192,5698600,128x16x1x1,0x0x0,128x16x1x1
norm-7,RMS_NORM,0.057500,1234.491979,8192,5698600,128x16x1x1,0x0x0,128x16x1x1
Qcur_normed-7,MUL,0.001719,1234.498125,8192,5698600,128x16x1x1,0x0x0,128x16x1x1
Qcur-7,ROPE,0.002031,1234.503854,8192,5698600,128x16x1x1,0x0x0,128x16x1x1
Vcur-7,MUL_MAT,0.029010,1234.536406,4096,5698600,1024x1x1x1,0x0x0,1024x1x1x1
Vcur-7,RESHAPE,0.000416,1234.540937,4096,5698600,128x8x1x1,0x0x0,128x8x1x1
Kcur-7,MUL_MAT,0.086459,1234.631146,4096,5698600,1024x1x1x1,0x0x0,1024x1x1x1
Kcur-7,RESHAPE,0.000417,1234.636146,4096,5698600,128x8x1x1,0x0x0,128x8x1x1
norm-7,RMS_NORM,0.076510,1234.716406,4096,5698600,128x8x1x1,0x0x0,128x8x1x1
Kcur_normed-7,MUL,0.001302,1234.722083,4096,5698600,128x8x1x1,0x0x0,128x8x1x1
Kcur-7,ROPE,0.001875,1234.727552,4096,5698600,128x8x1x1,0x0x0,128x8x1x1
Kcur-7 (view),VIEW,0.000312,1234.731458,4096,5698600,1024x1x1x1,0x0x0,1024x1x1x1
cache_k_l7 (view),SET_ROWS,0.024948,1234.760052,83886080,5698600,1024x40960x1x1,0x0x0,1024x40960x1x1
Vcur-7 (view),VIEW,0.000313,1234.764792,4096,5698600,1024x1x1x1,0x0x0,1024x1x1x1
cache_v_l7 (view),SET_ROWS,0.013282,1234.781667,83886080,5698600,1024x40960x1x1,0x0x0,1024x40960x1x1
Qcur-7 (view),VIEW,0.000261,1234.786198,8192,5698600,128x16x1x1,0x0x0,128x16x1x1
Qcur-7 (view) (permuted),PERMUTE,0.015313,1234.805052,8192,5698600,128x1x16x1,0x0x0,128x1x16x1
cache_k_l7 (view),VIEW,0.000469,1234.809792,524288,5698600,128x8x256x1,0x0x0,128x8x256x1
cache_k_l7 (view) (permuted),PERMUTE,0.019947,1234.833489,524288,5698600,128x256x8x1,0x0x0,128x256x8x1
cache_v_l7 (view),VIEW,0.000416,1234.838385,524288,5698600,128x8x256x1,0x0x0,128x8x256x1
cache_v_l7 (view) (permuted),PERMUTE,0.015521,1234.857708,524288,5698600,128x256x8x1,0x0x0,128x256x8x1
node_270,FLASH_ATTN_EXT,0.034896,1234.897031,8192,5698600,128x16x1x1,0x0x0,128x16x1x1
kqv_out-7,RESHAPE,0.000260,1234.901354,8192,5698600,2048x1x1x1,0x0x0,2048x1x1x1
node_272,MUL_MAT,0.117917,1235.023021,8192,5698600,2048x1x1x1,0x0x0,2048x1x1x1
ffn_inp-7,ADD,0.001354,1235.028854,8192,5698600,2048x1x1x1,0x0x0,2048x1x1x1
norm-7,RMS_NORM,0.003177,1235.035677,8192,5698600,2048x1x1x1,0x0x0,2048x1x1x1
ffn_norm-7,MUL,0.001406,1235.040729,8192,5698600,2048x1x1x1,0x0x0,2048x1x1x1
ffn_gate-7,MUL_MAT,0.154792,1235.202604,24576,5698600,6144x1x1x1,0x0x0,6144x1x1x1
ffn_up-7,MUL_MAT,0.147188,1235.354427,24576,5698600,6144x1x1x1,0x0x0,6144x1x1x1
ffn_swiglu-7,GLU,0.004271,1235.363021,24576,5698600,6144x1x1x1,0x0x0,6144x1x1x1
ffn_out-7,MUL_MAT,0.165156,1235.532187,8192,5698600,2048x1x1x1,0x0x0,2048x1x1x1
l_out-7,ADD,0.001302,1235.537760,8192,5698600,2048x1x1x1,0x0x0,2048x1x1x1
norm-8,RMS_NORM,0.003542,1235.544948,8192,5698600,2048x1x1x1,0x0x0,2048x1x1x1
attn_norm-8,MUL,0.001459,1235.549948,8192,5698600,2048x1x1x1,0x0x0,2048x1x1x1
Qcur-8,MUL_MAT,0.055937,1235.609479,8192,5698600,2048x1x1x1,0x0x0,2048x1x1x1
Qcur-8,RESHAPE,0.000260,1235.614062,8192,5698600,128x16x1x1,0x0x0,128x16x1x1
norm-8,RMS_NORM,0.076459,1235.694271,8192,5698600,128x16x1x1,0x0x0,128x16x1x1
Qcur_normed-8,MUL,0.001979,1235.700573,8192,5698600,128x16x1x1,0x0x0,128x16x1x1
Qcur-8,ROPE,0.002083,1235.706302,8192,5698600,128x16x1x1,0x0x0,128x16x1x1
Vcur-8,MUL_MAT,0.030000,1235.739948,4096,5698600,1024x1x1x1,0x0x0,1024x1x1x1
Vcur-8,RESHAPE,0.000312,1235.744635,4096,5698600,128x8x1x1,0x0x0,128x8x1x1
Kcur-8,MUL_MAT,0.083542,1235.831875,4096,5698600,1024x1x1x1,0x0x0,1024x1x1x1
Kcur-8,RESHAPE,0.000417,1235.836875,4096,5698600,128x8x1x1,0x0x0,128x8x1x1
norm-8,RMS_NORM,0.062083,1235.902656,4096,5698600,128x8x1x1,0x0x0,128x8x1x1
Kcur_normed-8,MUL,0.001302,1235.908333,4096,5698600,128x8x1x1,0x0x0,128x8x1x1
Kcur-8,ROPE,0.001667,1235.913594,4096,5698600,128x8x1x1,0x0x0,128x8x1x1
Kcur-8 (view),VIEW,0.000469,1235.917500,4096,5698600,1024x1x1x1,0x0x0,1024x1x1x1
cache_k_l8 (view),SET_ROWS,0.025364,1235.946458,83886080,5698600,1024x40960x1x1,0x0x0,1024x40960x1x1
Vcur-8 (view),VIEW,0.000313,1235.951250,4096,5698600,1024x1x1x1,0x0x0,1024x1x1x1
cache_v_l8 (view),SET_ROWS,0.019948,1235.974792,83886080,5698600,1024x40960x1x1,0x0x0,1024x40960x1x1
Qcur-8 (view),VIEW,0.000417,1235.979531,8192,5698600,128x16x1x1,0x0x0,128x16x1x1
Qcur-8 (view) (permuted),PERMUTE,0.014896,1235.998125,8192,5698600,128x1x16x1,0x0x0,128x1x16x1
cache_k_l8 (view),VIEW,0.009427,1236.011823,524288,5698600,128x8x256x1,0x0x0,128x8x256x1
cache_k_l8 (view) (permuted),PERMUTE,0.017500,1236.033385,524288,5698600,128x256x8x1,0x0x0,128x256x8x1
cache_v_l8 (view),VIEW,0.007395,1236.045364,524288,5698600,128x8x256x1,0x0x0,128x8x256x1
cache_v_l8 (view) (permuted),PERMUTE,0.008854,1236.058333,524288,5698600,128x256x8x1,0x0x0,128x256x8x1
node_305,FLASH_ATTN_EXT,4.506562,1240.569114,8192,5698600,128x16x1x1,0x0x0,128x16x1x1
kqv_out-8,RESHAPE,0.000260,1240.574010,8192,5698600,2048x1x1x1,0x0x0,2048x1x1x1
node_307,MUL_MAT,0.130469,1240.708229,8192,5698600,2048x1x1x1,0x0x0,2048x1x1x1
ffn_inp-8,ADD,0.001302,1240.714062,8192,5698600,2048x1x1x1,0x0x0,2048x1x1x1
norm-8,RMS_NORM,0.003178,1240.721042,8192,5698600,2048x1x1x1,0x0x0,2048x1x1x1
ffn_norm-8,MUL,0.001407,1240.726094,8192,5698600,2048x1x1x1,0x0x0,2048x1x1x1
ffn_gate-8,MUL_MAT,0.147240,1240.876875,24576,5698600,6144x1x1x1,0x0x0,6144x1x1x1
ffn_up-8,MUL_MAT,0.148698,1241.029792,24576,5698600,6144x1x1x1,0x0x0,6144x1x1x1
ffn_swiglu-8,GLU,0.004323,1241.038542,24576,5698600,6144x1x1x1,0x0x0,6144x1x1x1
ffn_out-8,MUL_MAT,0.166458,1241.208958,8192,5698600,2048x1x1x1,0x0x0,2048x1x1x1
l_out-8,ADD,0.001354,1241.214635,8192,5698600,2048x1x1x1,0x0x0,2048x1x1x1
norm-9,RMS_NORM,0.003281,1241.221614,8192,5698600,2048x1x1x1,0x0x0,2048x1x1x1
attn_norm-9,MUL,0.001354,1241.226562,8192,5698600,2048x1x1x1,0x0x0,2048x1x1x1
Qcur-9,MUL_MAT,0.053854,1241.284062,8192,5698600,2048x1x1x1,0x0x0,2048x1x1x1
Qcur-9,RESHAPE,0.000261,1241.288646,8192,5698600,128x16x1x1,0x0x0,128x16x1x1
norm-9,RMS_NORM,0.067031,1241.359479,8192,5698600,128x16x1x1,0x0x0,128x16x1x1
Qcur_normed-9,MUL,0.001823,1241.365625,8192,5698600,128x16x1x1,0x0x0,128x16x1x1
Qcur-9,ROPE,0.001822,1241.370989,8192,5698600,128x16x1x1,0x0x0,128x16x1x1
Vcur-9,MUL_MAT,0.029427,1241.404062,4096,5698600,1024x1x1x1,0x0x0,1024x1x1x1
Vcur-9,RESHAPE,0.000417,1241.408750,4096,5698600,128x8x1x1,0x0x0,128x8x1x1
Kcur-9,MUL_MAT,0.090000,1241.502500,4096,5698600,1024x1x1x1,0x0x0,1024x1x1x1
Kcur-9,RESHAPE,0.000417,1241.507552,4096,5698600,128x8x1x1,0x0x0,128x8x1x1
norm-9,RMS_NORM,0.075781,1241.591198,4096,5698600,128x8x1x1,0x0x0,128x8x1x1
Kcur_normed-9,MUL,0.001406,1241.597135,4096,5698600,128x8x1x1,0x0x0,128x8x1x1
Kcur-9,ROPE,0.001875,1241.602656,4096,5698600,128x8x1x1,0x0x0,128x8x1x1
Kcur-9 (view),VIEW,0.000416,1241.606562,4096,5698600,1024x1x1x1,0x0x0,1024x1x1x1
cache_k_l9 (view),SET_ROWS,0.026406,1241.636562,83886080,5698600,1024x40960x1x1,0x0x0,1024x40960x1x1
Vcur-9 (view),VIEW,0.000261,1241.641146,4096,5698600,1024x1x1x1,0x0x0,1024x1x1x1
cache_v_l9 (view),SET_ROWS,0.016979,1241.661875,83886080,5698600,1024x40960x1x1,0x0x0,1024x40960x1x1
Qcur-9 (view),VIEW,0.000260,1241.666458,8192,5698600,128x16x1x1,0x0x0,128x16x1x1
Qcur-9 (view) (permuted),PERMUTE,0.017135,1241.687239,8192,5698600,128x1x16x1,0x0x0,128x1x16x1
cache_k_l9 (view),VIEW,0.000417,1241.691875,524288,5698600,128x8x256x1,0x0x0,128x8x256x1
cache_k_l9 (view) (permuted),PERMUTE,0.013698,1241.709375,524288,5698600,128x256x8x1,0x0x0,128x256x8x1
cache_v_l9 (view),VIEW,0.000521,1241.714167,524288,5698600,128x8x256x1,0x0x0,128x8x256x1
cache_v_l9 (view) (permuted),PERMUTE,0.014375,1241.732448,524288,5698600,128x256x8x1,0x0x0,128x256x8x1
node_340,FLASH_ATTN_EXT,0.048750,1241.785521,8192,5698600,128x16x1x1,0x0x0,128x16x1x1
kqv_out-9,RESHAPE,0.000313,1241.789896,8192,5698600,2048x1x1x1,0x0x0,2048x1x1x1
node_342,MUL_MAT,0.126302,1241.919896,8192,5698600,2048x1x1x1,0x0x0,2048x1x1x1
ffn_inp-9,ADD,0.001458,1241.925885,8192,5698600,2048x1x1x1,0x0x0,2048x1x1x1
norm-9,RMS_NORM,0.003177,1241.932864,8192,5698600,2048x1x1x1,0x0x0,2048x1x1x1
ffn_norm-9,MUL,0.001354,1241.937864,8192,5698600,2048x1x1x1,0x0x0,2048x1x1x1
ffn_gate-9,MUL_MAT,0.150156,1242.091614,24576,5698600,6144x1x1x1,0x0x0,6144x1x1x1
ffn_up-9,MUL_MAT,0.149739,1242.245781,24576,5698600,6144x1x1x1,0x0x0,6144x1x1x1
ffn_swiglu-9,GLU,0.004271,1242.254427,24576,5698600,6144x1x1x1,0x0x0,6144x1x1x1
ffn_out-9,MUL_MAT,0.166250,1242.424687,8192,5698600,2048x1x1x1,0x0x0,2048x1x1x1
l_out-9,ADD,0.001302,1242.430364,8192,5698600,2048x1x1x1,0x0x0,2048x1x1x1
norm-10,RMS_NORM,0.003334,1242.437396,8192,5698600,2048x1x1x1,0x0x0,2048x1x1x1
attn_norm-10,MUL,0.001407,1242.442396,8192,5698600,2048x1x1x1,0x0x0,2048x1x1x1
Qcur-10,MUL_MAT,0.056354,1242.502448,8192,5698600,2048x1x1x1,0x0x0,2048x1x1x1
Qcur-10,RESHAPE,0.000260,1242.507031,8192,5698600,128x16x1x1,0x0x0,128x16x1x1
norm-10,RMS_NORM,0.074844,1242.585781,8192,5698600,128x16x1x1,0x0x0,128x16x1x1
Qcur_normed-10,MUL,0.001823,1242.592031,8192,5698600,128x16x1x1,0x0x0,128x16x1x1
Qcur-10,ROPE,0.001979,1242.597604,8192,5698600,128x16x1x1,0x0x0,128x16x1x1
Vcur-10,MUL_MAT,0.029896,1242.631146,4096,5698600,1024x1x1x1,0x0x0,1024x1x1x1
Vcur-10,RESHAPE,0.000469,1242.635729,4096,5698600,128x8x1x1,0x0x0,128x8x1x1
Kcur-10,MUL_MAT,0.085781,1242.725312,4096,5698600,1024x1x1x1,0x0x0,1024x1x1x1
Kcur-10,RESHAPE,0.000416,1242.730260,4096,5698600,128x8x1x1,0x0x0,128x8x1x1
norm-10,RMS_NORM,0.065261,1242.799219,4096,5698600,128x8x1x1,0x0x0,128x8x1x1
Kcur_normed-10,MUL,0.001354,1242.804948,4096,5698600,128x8x1x1,0x0x0,128x8x1x1
Kcur-10,ROPE,0.001666,1242.810208,4096,5698600,128x8x1x1,0x0x0,128x8x1x1
Kcur-10 (view),VIEW,0.000417,1242.814219,4096,5698600,1024x1x1x1,0x0x0,1024x1x1x1
cache_k_l10 (view),SET_ROWS,0.025625,1242.843437,83886080,5698600,1024x40960x1x1,0x0x0,1024x40960x1x1
Vcur-10 (view),VIEW,0.000313,1242.848125,4096,5698600,1024x1x1x1,0x0x0,1024x1x1x1
cache_v_l10 (view),SET_ROWS,0.013385,1242.865208,83886080,5698600,1024x40960x1x1,0x0x0,1024x40960x1x1
Qcur-10 (view),VIEW,0.000365,1242.869896,8192,5698600,128x16x1x1,0x0x0,128x16x1x1
Qcur-10 (view) (permuted),PERMUTE,0.013020,1242.886562,8192,5698600,128x1x16x1,0x0x0,128x1x16x1
cache_k_l10 (view),VIEW,0.000417,1242.891302,524288,5698600,128x8x256x1,0x0x0,128x8x256x1
cache_k_l10 (view) (permuted),PERMUTE,0.020365,1242.915573,524288,5698600,128x256x8x1,0x0x0,128x256x8x1
cache_v_l10 (view),VIEW,0.000573,1242.920469,524288,5698600,128x8x256x1,0x0x0,128x8x256x1
cache_v_l10 (view) (permuted),PERMUTE,0.013333,1242.937604,524288,5698600,128x256x8x1,0x0x0,128x256x8x1
node_375,FLASH_ATTN_EXT,0.039115,1242.984427,8192,5698600,128x16x1x1,0x0x0,128x16x1x1
kqv_out-10,RESHAPE,0.000312,1242.989062,8192,5698600,2048x1x1x1,0x0x0,2048x1x1x1
node_377,MUL_MAT,0.117188,1243.109896,8192,5698600,2048x1x1x1,0x0x0,2048x1x1x1
ffn_inp-10,ADD,0.001302,1243.115729,8192,5698600,2048x1x1x1,0x0x0,2048x1x1x1
norm-10,RMS_NORM,0.003229,1243.122760,8192,5698600,2048x1x1x1,0x0x0,2048x1x1x1
ffn_norm-10,MUL,0.001354,1243.127812,8192,5698600,2048x1x1x1,0x0x0,2048x1x1x1
ffn_gate-10,MUL_MAT,0.147188,1243.278542,24576,5698600,6144x1x1x1,0x0x0,6144x1x1x1
ffn_up-10,MUL_MAT,0.152187,1243.435156,24576,5698600,6144x1x1x1,0x0x0,6144x1x1x1
ffn_swiglu-10,GLU,0.004323,1243.443854,24576,5698600,6144x1x1x1,0x0x0,6144x1x1x1
ffn_out-10,MUL_MAT,0.166718,1243.614635,8192,5698600,2048x1x1x1,0x0x0,2048x1x1x1
l_out-10,ADD,0.001302,1243.620260,8192,5698600,2048x1x1x1,0x0x0,2048x1x1x1
norm-11,RMS_NORM,0.003281,1243.627239,8192,5698600,2048x1x1x1,0x0x0,2048x1x1x1
attn_norm-11,MUL,0.001354,1243.632239,8192,5698600,2048x1x1x1,0x0x0,2048x1x1x1
Qcur-11,MUL_MAT,0.055052,1243.690937,8192,5698600,2048x1x1x1,0x0x0,2048x1x1x1
Qcur-11,RESHAPE,0.000313,1243.695417,8192,5698600,128x16x1x1,0x0x0,128x16x1x1
norm-11,RMS_NORM,0.064010,1243.763333,8192,5698600,128x16x1x1,0x0x0,128x16x1x1
Qcur_normed-11,MUL,0.001980,1243.769792,8192,5698600,128x16x1x1,0x0x0,128x16x1x1
Qcur-11,ROPE,0.001771,1243.775208,8192,5698600,128x16x1x1,0x0x0,128x16x1x1
Vcur-11,MUL_MAT,0.029010,1243.807812,4096,5698600,1024x1x1x1,0x0x0,1024x1x1x1
Vcur-11,RESHAPE,0.000313,1243.812292,4096,5698600,128x8x1x1,0x0x0,128x8x1x1
Kcur-11,MUL_MAT,0.087605,1243.903594,4096,5698600,1024x1x1x1,0x0x0,1024x1x1x1
Kcur-11,RESHAPE,0.000312,1243.908385,4096,5698600,128x8x1x1,0x0x0,128x8x1x1
norm-11,RMS_NORM,0.072396,1243.984479,4096,5698600,128x8x1x1,0x0x0,128x8x1x1
Kcur_normed-11,MUL,0.001198,1243.989948,4096,5698600,128x8x1x1,0x0x0,128x8x1x1
Kcur-11,ROPE,0.001719,1243.995208,4096,5698600,128x8x1x1,0x0x0,128x8x1x1
Kcur-11 (view),VIEW,0.000312,1243.999062,4096,5698600,1024x1x1x1,0x0x0,1024x1x1x1
cache_k_l11 (view),SET_ROWS,0.029167,1244.031823,83886080,5698600,1024x40960x1x1,0x0x0,1024x40960x1x1
Vcur-11 (view),VIEW,0.000260,1244.036614,4096,5698600,1024x1x1x1,0x0x0,1024x1x1x1
cache_v_l11 (view),SET_ROWS,0.014270,1244.054687,83886080,5698600,1024x40960x1x1,0x0x0,1024x40960x1x1
Qcur-11 (view),VIEW,0.000417,1244.059323,8192,5698600,128x16x1x1,0x0x0,128x16x1x1
Qcur-11 (view) (permuted),PERMUTE,0.015677,1244.078698,8192,5698600,128x1x16x1,0x0x0,128x1x16x1
cache_k_l11 (view),VIEW,0.000468,1244.083437,524288,5698600,128x8x256x1,0x0x0,128x8x256x1
cache_k_l11 (view) (permuted),PERMUTE,0.011511,1244.098750,524288,5698600,128x256x8x1,0x0x0,128x256x8x1
cache_v_l11 (view),VIEW,0.000416,1244.103489,524288,5698600,128x8x256x1,0x0x0,128x8x256x1
cache_v_l11 (view) (permuted),PERMUTE,0.013334,1244.120573,524288,5698600,128x256x8x1,0x0x0,128x256x8x1
node_410,FLASH_ATTN_EXT,0.047239,1244.172135,8192,5698600,128x16x1x1,0x0x0,128x16x1x1
kqv_out-11,RESHAPE,0.000260,1244.176510,8192,5698600,2048x1x1x1,0x0x0,2048x1x1x1
node_412,MUL_MAT,0.109323,1244.289531,8192,5698600,2048x1x1x1,0x0x0,2048x1x1x1
ffn_inp-11,ADD,0.001354,1244.295364,8192,5698600,2048x1x1x1,0x0x0,2048x1x1x1
norm-11,RMS_NORM,0.003229,1244.302239,8192,5698600,2048x1x1x1,0x0x0,2048x1x1x1
ffn_norm-11,MUL,0.001354,1244.307187,8192,5698600,2048x1x1x1,0x0x0,2048x1x1x1
ffn_gate-11,MUL_MAT,0.148854,1244.459583,24576,5698600,6144x1x1x1,0x0x0,6144x1x1x1
ffn_up-11,MUL_MAT,0.168229,1244.632135,24576,5698600,6144x1x1x1,0x0x0,6144x1x1x1
ffn_swiglu-11,GLU,0.004270,1244.640989,24576,5698600,6144x1x1x1,0x0x0,6144x1x1x1
ffn_out-11,MUL_MAT,0.166927,1244.812031,8192,5698600,2048x1x1x1,0x0x0,2048x1x1x1
l_out-11,ADD,0.001406,1244.817812,8192,5698600,2048x1x1x1,0x0x0,2048x1x1x1
norm-12,RMS_NORM,0.003490,1244.825000,8192,5698600,2048x1x1x1,0x0x0,2048x1x1x1
attn_norm-12,MUL,0.001510,1244.830260,8192,5698600,2048x1x1x1,0x0x0,2048x1x1x1
Qcur-12,MUL_MAT,0.055834,1244.889792,8192,5698600,2048x1x1x1,0x0x0,2048x1x1x1
Qcur-12,RESHAPE,0.000313,1244.894427,8192,5698600,128x16x1x1,0x0x0,128x16x1x1
norm-12,RMS_NORM,0.071093,1244.973489,8192,5698600,128x16x1x1,0x0x0,128x16x1x1
Qcur_normed-12,MUL,0.001875,1244.979896,8192,5698600,128x16x1x1,0x0x0,128x16x1x1
Qcur-12,ROPE,0.001980,1244.985469,8192,5698600,128x16x1x1,0x0x0,128x16x1x1
Vcur-12,MUL_MAT,0.028907,1245.017969,4096,5698600,1024x1x1x1,0x0x0,1024x1x1x1
Vcur-12,RESHAPE,0.000261,1245.022448,4096,5698600,128x8x1x1,0x0x0,128x8x1x1
Kcur-12,MUL_MAT,0.087031,1245.113125,4096,5698600,1024x1x1x1,0x0x0,1024x1x1x1
Kcur-12,RESHAPE,0.000469,1245.118073,4096,5698600,128x8x1x1,0x0x0,128x8x1x1
norm-12,RMS_NORM,0.066041,1245.187760,4096,5698600,128x8x1x1,0x0x0,128x8x1x1
Kcur_normed-12,MUL,0.001302,1245.193489,4096,5698600,128x8x1x1,0x0x0,128x8x1x1
Kcur-12,ROPE,0.001719,1245.198750,4096,5698600,128x8x1x1,0x0x0,128x8x1x1
Kcur-12 (view),VIEW,0.000833,1245.203177,4096,5698600,1024x1x1x1,0x0x0,1024x1x1x1
cache_k_l12 (view),SET_ROWS,0.024166,1245.230989,83886080,5698600,1024x40960x1x1,0x0x0,1024x40960x1x1
Vcur-12 (view),VIEW,0.000312,1245.235781,4096,5698600,1024x1x1x1,0x0x0,1024x1x1x1
cache_v_l12 (view),SET_ROWS,0.013385,1245.252812,83886080,5698600,1024x40960x1x1,0x0x0,1024x40960x1x1
Qcur-12 (view),VIEW,0.000417,1245.257448,8192,5698600,128x16x1x1,0x0x0,128x16x1x1
Qcur-12 (view) (permuted),PERMUTE,0.011823,1245.272917,8192,5698600,128x1x16x1,0x0x0,128x1x16x1
cache_k_l12 (view),VIEW,0.000469,1245.277604,524288,5698600,128x8x256x1,0x0x0,128x8x256x1
cache_k_l12 (view) (permuted),PERMUTE,0.013334,1245.294896,524288,5698600,128x256x8x1,0x0x0,128x256x8x1
cache_v_l12 (view),VIEW,0.000416,1245.299583,524288,5698600,128x8x256x1,0x0x0,128x8x256x1
cache_v_l12 (view) (permuted),PERMUTE,0.014167,1245.317396,524288,5698600,128x256x8x1,0x0x0,128x256x8x1
node_445,FLASH_ATTN_EXT,0.036980,1245.358542,8192,5698600,128x16x1x1,0x0x0,128x16x1x1
kqv_out-12,RESHAPE,0.000260,1245.362812,8192,5698600,2048x1x1x1,0x0x0,2048x1x1x1
node_447,MUL_MAT,0.114271,1245.480729,8192,5698600,2048x1x1x1,0x0x0,2048x1x1x1
ffn_inp-12,ADD,0.001354,1245.486562,8192,5698600,2048x1x1x1,0x0x0,2048x1x1x1
norm-12,RMS_NORM,0.003230,1245.493542,8192,5698600,2048x1x1x1,0x0x0,2048x1x1x1
ffn_norm-12,MUL,0.001459,1245.498698,8192,5698600,2048x1x1x1,0x0x0,2048x1x1x1
ffn_gate-12,MUL_MAT,0.146666,1245.648958,24576,5698600,6144x1x1x1,0x0x0,6144x1x1x1
ffn_up-12,MUL_MAT,0.147292,1245.800469,24576,5698600,6144x1x1x1,0x0x0,6144x1x1x1
ffn_swiglu-12,GLU,0.004322,1245.809114,24576,5698600,6144x1x1x1,0x0x0,6144x1x1x1
ffn_out-12,MUL_MAT,0.165417,1245.978542,8192,5698600,2048x1x1x1,0x0x0,2048x1x1x1
l_out-12,ADD,0.001354,1245.984010,8192,5698600,2048x1x1x1,0x0x0,2048x1x1x1
norm-13,RMS_NORM,0.003334,1245.991094,8192,5698600,2048x1x1x1,0x0x0,2048x1x1x1
attn_norm-13,MUL,0.001355,1245.996042,8192,5698600,2048x1x1x1,0x0x0,2048x1x1x1
Qcur-13,MUL_MAT,0.055938,1246.055573,8192,5698600,2048x1x1x1,0x0x0,2048x1x1x1
Qcur-13,RESHAPE,0.000260,1246.060156,8192,5698600,128x16x1x1,0x0x0,128x16x1x1
norm-13,RMS_NORM,0.091771,1246.155833,8192,5698600,128x16x1x1,0x0x0,128x16x1x1
Qcur_normed-13,MUL,0.001771,1246.162083,8192,5698600,128x16x1x1,0x0x0,128x16x1x1
Qcur-13,ROPE,0.001719,1246.167448,8192,5698600,128x16x1x1,0x0x0,128x16x1x1
Vcur-13,MUL_MAT,0.029166,1246.200208,4096,5698600,1024x1x1x1,0x0x0,1024x1x1x1
Vcur-13,RESHAPE,0.000260,1246.204635,4096,5698600,128x8x1x1,0x0x0,128x8x1x1
Kcur-13,MUL_MAT,0.107344,1246.315781,4096,5698600,1024x1x1x1,0x0x0,1024x1x1x1
Kcur-13,RESHAPE,0.000469,1246.320833,4096,5698600,128x8x1x1,0x0x0,128x8x1x1
norm-13,RMS_NORM,0.084323,1246.408802,4096,5698600,128x8x1x1,0x0x0,128x8x1x1
Kcur_normed-13,MUL,0.001302,1246.414687,4096,5698600,128x8x1x1,0x0x0,128x8x1x1
Kcur-13,ROPE,0.001615,1246.419896,4096,5698600,128x8x1x1,0x0x0,128x8x1x1
Kcur-13 (view),VIEW,0.000365,1246.423854,4096,5698600,1024x1x1x1,0x0x0,1024x1x1x1
cache_k_l13 (view),SET_ROWS,0.038385,1246.465885,83886080,5698600,1024x40960x1x1,0x0x0,1024x40960x1x1
Vcur-13 (view),VIEW,0.000261,1246.470625,4096,5698600,1024x1x1x1,0x0x0,1024x1x1x1
cache_v_l13 (view),SET_ROWS,0.014219,1246.488646,83886080,5698600,1024x40960x1x1,0x0x0,1024x40960x1x1
Qcur-13 (view),VIEW,0.000260,1246.493333,8192,5698600,128x16x1x1,0x0x0,128x16x1x1
Qcur-13 (view) (permuted),PERMUTE,0.016511,1246.516875,8192,5698600,128x1x16x1,0x0x0,128x1x16x1
cache_k_l13 (view),VIEW,0.000417,1246.521719,524288,5698600,128x8x256x1,0x0x0,128x8x256x1
cache_k_l13 (view) (permuted),PERMUTE,0.014166,1246.539739,524288,5698600,128x256x8x1,0x0x0,128x256x8x1
cache_v_l13 (view),VIEW,0.000417,1246.544375,524288,5698600,128x8x256x1,0x0x0,128x8x256x1
cache_v_l13 (view) (permuted),PERMUTE,0.012135,1246.560312,524288,5698600,128x256x8x1,0x0x0,128x256x8x1
node_480,FLASH_ATTN_EXT,0.045365,1246.610000,8192,5698600,128x16x1x1,0x0x0,128x16x1x1
kqv_out-13,RESHAPE,0.000260,1246.614687,8192,5698600,2048x1x1x1,0x0x0,2048x1x1x1
node_482,MUL_MAT,0.135469,1246.753854,8192,5698600,2048x1x1x1,0x0x0,2048x1x1x1
ffn_inp-13,ADD,0.001407,1246.759844,8192,5698600,2048x1x1x1,0x0x0,2048x1x1x1
norm-13,RMS_NORM,0.003229,1246.766823,8192,5698600,2048x1x1x1,0x0x0,2048x1x1x1
ffn_norm-13,MUL,0.001354,1246.771771,8192,5698600,2048x1x1x1,0x0x0,2048x1x1x1
ffn_gate-13,MUL_MAT,0.148282,1246.923594,24576,5698600,6144x1x1x1,0x0x0,6144x1x1x1
ffn_up-13,MUL_MAT,0.147395,1247.075364,24576,5698600,6144x1x1x1,0x0x0,6144x1x1x1
ffn_swiglu-13,GLU,0.004218,1247.084010,24576,5698600,6144x1x1x1,0x0x0,6144x1x1x1
ffn_out-13,MUL_MAT,0.166198,1247.254219,8192,5698600,2048x1x1x1,0x0x0,2048x1x1x1
l_out-13,ADD,0.001510,1247.260312,8192,5698600,2048x1x1x1,0x0x0,2048x1x1x1
norm-14,RMS_NORM,0.003334,1247.267344,8192,5698600,2048x1x1x1,0x0x0,2048x1x1x1
attn_norm-14,MUL,0.001406,1247.272500,8192,5698600,2048x1x1x1,0x0x0,2048x1x1x1
Qcur-14,MUL_MAT,0.055833,1247.332083,8192,5698600,2048x1x1x1,0x0x0,2048x1x1x1
Qcur-14,RESHAPE,0.000313,1247.336719,8192,5698600,128x16x1x1,0x0x0,128x16x1x1
norm-14,RMS_NORM,0.075729,1247.416354,8192,5698600,128x16x1x1,0x0x0,128x16x1x1
Qcur_normed-14,MUL,0.001875,1247.422760,8192,5698600,128x16x1x1,0x0x0,128x16x1x1
Qcur-14,ROPE,0.001771,1247.428177,8192,5698600,128x16x1x1,0x0x0,128x16x1x1
Vcur-14,MUL_MAT,0.029687,1247.461354,4096,5698600,1024x1x1x1,0x0x0,1024x1x1x1
Vcur-14,RESHAPE,0.000416,1247.465833,4096,5698600,128x8x1x1,0x0x0,128x8x1x1
Kcur-14,MUL_MAT,0.109063,1247.578750,4096,5698600,1024x1x1x1,0x0x0,1024x1x1x1
Kcur-14,RESHAPE,0.000469,1247.583906,4096,5698600,128x8x1x1,0x0x0,128x8x1x1
norm-14,RMS_NORM,0.082083,1247.669739,4096,5698600,128x8x1x1,0x0x0,128x8x1x1
Kcur_normed-14,MUL,0.001250,1247.675521,4096,5698600,128x8x1x1,0x0x0,128x8x1x1
Kcur-14,ROPE,0.001770,1247.680937,4096,5698600,128x8x1x1,0x0x0,128x8x1x1
Kcur-14 (view),VIEW,0.000469,1247.684948,4096,5698600,1024x1x1x1,0x0x0,1024x1x1x1
cache_k_l14 (view),SET_ROWS,0.032239,1247.720885,83886080,5698600,1024x40960x1x1,0x0x0,1024x40960x1x1
Vcur-14 (view),VIEW,0.000365,1247.725677,4096,5698600,1024x1x1x1,0x0x0,1024x1x1x1
cache_v_l14 (view),SET_ROWS,0.014531,1247.743958,83886080,5698600,1024x40960x1x1,0x0x0,1024x40960x1x1
Qcur-14 (view),VIEW,0.000261,1247.748594,8192,5698600,128x16x1x1,0x0x0,128x16x1x1
Qcur-14 (view) (permuted),PERMUTE,0.013020,1247.765364,8192,5698600,128x1x16x1,0x0x0,128x1x16x1
cache_k_l14 (view),VIEW,0.000469,1247.770052,524288,5698600,128x8x256x1,0x0x0,128x8x256x1
cache_k_l14 (view) (permuted),PERMUTE,0.013958,1247.788229,524288,5698600,128x256x8x1,0x0x0,128x256x8x1
cache_v_l14 (view),VIEW,0.000417,1247.792917,524288,5698600,128x8x256x1,0x0x0,128x8x256x1
cache_v_l14 (view) (permuted),PERMUTE,0.012969,1247.809531,524288,5698600,128x256x8x1,0x0x0,128x256x8x1
node_515,FLASH_ATTN_EXT,0.045365,1247.859219,8192,5698600,128x16x1x1,0x0x0,128x16x1x1
kqv_out-14,RESHAPE,0.000312,1247.863958,8192,5698600,2048x1x1x1,0x0x0,2048x1x1x1
node_517,MUL_MAT,0.127135,1247.994739,8192,5698600,2048x1x1x1,0x0x0,2048x1x1x1
ffn_inp-14,ADD,0.001510,1248.000989,8192,5698600,2048x1x1x1,0x0x0,2048x1x1x1
norm-14,RMS_NORM,0.003230,1248.007917,8192,5698600,2048x1x1x1,0x0x0,2048x1x1x1
ffn_norm-14,MUL,0.001302,1248.012969,8192,5698600,2048x1x1x1,0x0x0,2048x1x1x1
ffn_gate-14,MUL_MAT,0.147291,1248.164010,24576,5698600,6144x1x1x1,0x0x0,6144x1x1x1
ffn_up-14,MUL_MAT,0.150677,1248.319010,24576,5698600,6144x1x1x1,0x0x0,6144x1x1x1
ffn_swiglu-14,GLU,0.004271,1248.327760,24576,5698600,6144x1x1x1,0x0x0,6144x1x1x1
ffn_out-14,MUL_MAT,0.167708,1248.502864,8192,5698600,2048x1x1x1,0x0x0,2048x1x1x1
l_out-14,ADD,0.001458,1248.508854,8192,5698600,2048x1x1x1,0x0x0,2048x1x1x1
norm-15,RMS_NORM,0.003333,1248.515937,8192,5698600,2048x1x1x1,0x0x0,2048x1x1x1
attn_norm-15,MUL,0.001458,1248.520989,8192,5698600,2048x1x1x1,0x0x0,2048x1x1x1
Qcur-15,MUL_MAT,0.082917,1248.607552,8192,5698600,2048x1x1x1,0x0x0,2048x1x1x1
Qcur-15,RESHAPE,0.000313,1248.612448,8192,5698600,128x16x1x1,0x0x0,128x16x1x1
norm-15,RMS_NORM,0.103125,1248.719375,8192,5698600,128x16x1x1,0x0x0,128x16x1x1
Qcur_normed-15,MUL,0.001823,1248.725729,8192,5698600,128x16x1x1,0x0x0,128x16x1x1
Qcur-15,ROPE,0.001771,1248.731042,8192,5698600,128x16x1x1,0x0x0,128x16x1x1
Vcur-15,MUL_MAT,0.029896,1248.764583,4096,5698600,1024x1x1x1,0x0x0,1024x1x1x1
Vcur-15,RESHAPE,0.000416,1248.769114,4096,5698600,128x8x1x1,0x0x0,128x8x1x1
Kcur-15,MUL_MAT,0.101198,1248.874010,4096,5698600,1024x1x1x1,0x0x0,1024x1x1x1
Kcur-15,RESHAPE,0.000416,1248.878958,4096,5698600,128x8x1x1,0x0x0,128x8x1x1
norm-15,RMS_NORM,0.059375,1248.942031,4096,5698600,128x8x1x1,0x0x0,128x8x1x1
Kcur_normed-15,MUL,0.001406,1248.947864,4096,5698600,128x8x1x1,0x0x0,128x8x1x1
Kcur-15,ROPE,0.001719,1248.953125,4096,5698600,128x8x1x1,0x0x0,128x8x1x1
Kcur-15 (view),VIEW,0.000312,1248.956979,4096,5698600,1024x1x1x1,0x0x0,1024x1x1x1
cache_k_l15 (view),SET_ROWS,0.028542,1248.989167,83886080,5698600,1024x40960x1x1,0x0x0,1024x40960x1x1
Vcur-15 (view),VIEW,0.000313,1248.993802,4096,5698600,1024x1x1x1,0x0x0,1024x1x1x1
cache_v_l15 (view),SET_ROWS,0.013438,1249.011042,83886080,5698600,1024x40960x1x1,0x0x0,1024x40960x1x1
Qcur-15 (view),VIEW,0.000416,1249.015885,8192,5698600,128x16x1x1,0x0x0,128x16x1x1
Qcur-15 (view) (permuted),PERMUTE,0.018594,1249.038333,8192,5698600,128x1x16x1,0x0x0,128x1x16x1
cache_k_l15 (view),VIEW,0.000417,1249.043125,524288,5698600,128x8x256x1,0x0x0,128x8x256x1
cache_k_l15 (view) (permuted),PERMUTE,0.017292,1249.064219,524288,5698600,128x256x8x1,0x0x0,128x256x8x1
cache_v_l15 (view),VIEW,0.000573,1249.068958,524288,5698600,128x8x256x1,0x0x0,128x8x256x1
cache_v_l15 (view) (permuted),PERMUTE,0.007708,1249.080364,524288,5698600,128x256x8x1,0x0x0,128x256x8x1
node_550,FLASH_ATTN_EXT,0.023333,1249.108333,8192,5698600,128x16x1x1,0x0x0,128x16x1x1
kqv_out-15,RESHAPE,0.000260,1249.112812,8192,5698600,2048x1x1x1,0x0x0,2048x1x1x1
node_552,MUL_MAT,0.130573,1249.247083,8192,5698600,2048x1x1x1,0x0x0,2048x1x1x1
ffn_inp-15,ADD,0.001459,1249.252917,8192,5698600,2048x1x1x1,0x0x0,2048x1x1x1
norm-15,RMS_NORM,0.003177,1249.259844,8192,5698600,2048x1x1x1,0x0x0,2048x1x1x1
ffn_norm-15,MUL,0.001355,1249.264844,8192,5698600,2048x1x1x1,0x0x0,2048x1x1x1
ffn_gate-15,MUL_MAT,0.151094,1249.419531,24576,5698600,6144x1x1x1,0x0x0,6144x1x1x1
ffn_up-15,MUL_MAT,0.152344,1249.576354,24576,5698600,6144x1x1x1,0x0x0,6144x1x1x1
ffn_swiglu-15,GLU,0.004271,1249.585000,24576,5698600,6144x1x1x1,0x0x0,6144x1x1x1
ffn_out-15,MUL_MAT,0.176563,1249.765573,8192,5698600,2048x1x1x1,0x0x0,2048x1x1x1
l_out-15,ADD,0.001250,1249.771458,8192,5698600,2048x1x1x1,0x0x0,2048x1x1x1
norm-16,RMS_NORM,0.003490,1249.778646,8192,5698600,2048x1x1x1,0x0x0,2048x1x1x1
attn_norm-16,MUL,0.001407,1249.783646,8192,5698600,2048x1x1x1,0x0x0,2048x1x1x1
Qcur-16,MUL_MAT,0.057500,1249.844739,8192,5698600,2048x1x1x1,0x0x0,2048x1x1x1
Qcur-16,RESHAPE,0.000261,1249.849375,8192,5698600,128x16x1x1,0x0x0,128x16x1x1
norm-16,RMS_NORM,0.080313,1249.933542,8192,5698600,128x16x1x1,0x0x0,128x16x1x1
Qcur_normed-16,MUL,0.001875,1249.939792,8192,5698600,128x16x1x1,0x0x0,128x16x1x1
Qcur-16,ROPE,0.001771,1249.945156,8192,5698600,128x16x1x1,0x0x0,128x16x1x1
Vcur-16,MUL_MAT,0.030052,1249.978802,4096,5698600,1024x1x1x1,0x0x0,1024x1x1x1
Vcur-16,RESHAPE,0.000312,1249.983385,4096,5698600,128x8x1x1,0x0x0,128x8x1x1
Kcur-16,MUL_MAT,0.106511,1250.093542,4096,5698600,1024x1x1x1,0x0x0,1024x1x1x1
Kcur-16,RESHAPE,0.000312,1250.098333,4096,5698600,128x8x1x1,0x0x0,128x8x1x1
norm-16,RMS_NORM,0.074792,1250.176823,4096,5698600,128x8x1x1,0x0x0,128x8x1x1
Kcur_normed-16,MUL,0.001250,1250.182396,4096,5698600,128x8x1x1,0x0x0,128x8x1x1
Kcur-16,ROPE,0.001771,1250.191042,4096,5698600,128x8x1x1,0x0x0,128x8x1x1
Kcur-16 (view),VIEW,0.000312,1250.195260,4096,5698600,1024x1x1x1,0x0x0,1024x1x1x1
cache_k_l16 (view),SET_ROWS,0.022761,1250.221667,83886080,5698600,1024x40960x1x1,0x0x0,1024x40960x1x1
Vcur-16 (view),VIEW,0.000260,1250.226354,4096,5698600,1024x1x1x1,0x0x0,1024x1x1x1
cache_v_l16 (view),SET_ROWS,0.010365,1250.240469,83886080,5698600,1024x40960x1x1,0x0x0,1024x40960x1x1
Qcur-16 (view),VIEW,0.000417,1250.245104,8192,5698600,128x16x1x1,0x0x0,128x16x1x1
Qcur-16 (view) (permuted),PERMUTE,0.013750,1250.262500,8192,5698600,128x1x16x1,0x0x0,128x1x16x1
cache_k_l16 (view),VIEW,0.000417,1250.267292,524288,5698600,128x8x256x1,0x0x0,128x8x256x1
cache_k_l16 (view) (permuted),PERMUTE,0.011511,1250.282448,524288,5698600,128x256x8x1,0x0x0,128x256x8x1
cache_v_l16 (view),VIEW,0.000416,1250.287083,524288,5698600,128x8x256x1,0x0x0,128x8x256x1
cache_v_l16 (view) (permuted),PERMUTE,0.016615,1250.307500,524288,5698600,128x256x8x1,0x0x0,128x256x8x1
node_585,FLASH_ATTN_EXT,0.049843,1250.361614,8192,5698600,128x16x1x1,0x0x0,128x16x1x1
kqv_out-16,RESHAPE,0.000417,1250.366094,8192,5698600,2048x1x1x1,0x0x0,2048x1x1x1
node_587,MUL_MAT,0.114427,1250.484427,8192,5698600,2048x1x1x1,0x0x0,2048x1x1x1
ffn_inp-16,ADD,0.001563,1250.490521,8192,5698600,2048x1x1x1,0x0x0,2048x1x1x1
norm-16,RMS_NORM,0.003333,1250.497500,8192,5698600,2048x1x1x1,0x0x0,2048x1x1x1
ffn_norm-16,MUL,0.001458,1250.502500,8192,5698600,2048x1x1x1,0x0x0,2048x1x1x1
ffn_gate-16,MUL_MAT,0.153021,1250.659167,24576,5698600,6144x1x1x1,0x0x0,6144x1x1x1
ffn_up-16,MUL_MAT,0.152968,1250.816614,24576,5698600,6144x1x1x1,0x0x0,6144x1x1x1
ffn_swiglu-16,GLU,0.004115,1250.825052,24576,5698600,6144x1x1x1,0x0x0,6144x1x1x1
ffn_out-16,MUL_MAT,0.175677,1251.004687,8192,5698600,2048x1x1x1,0x0x0,2048x1x1x1
l_out-16,ADD,0.001302,1251.010364,8192,5698600,2048x1x1x1,0x0x0,2048x1x1x1
norm-17,RMS_NORM,0.003334,1251.017344,8192,5698600,2048x1x1x1,0x0x0,2048x1x1x1
attn_norm-17,MUL,0.001355,1251.022344,8192,5698600,2048x1x1x1,0x0x0,2048x1x1x1
Qcur-17,MUL_MAT,0.057500,1251.083385,8192,5698600,2048x1x1x1,0x0x0,2048x1x1x1
Qcur-17,RESHAPE,0.000261,1251.088021,8192,5698600,128x16x1x1,0x0x0,128x16x1x1
norm-17,RMS_NORM,0.066927,1251.158854,8192,5698600,128x16x1x1,0x0x0,128x16x1x1
Qcur_normed-17,MUL,0.001823,1251.165104,8192,5698600,128x16x1x1,0x0x0,128x16x1x1
Qcur-17,ROPE,0.001823,1251.170521,8192,5698600,128x16x1x1,0x0x0,128x16x1x1
Vcur-17,MUL_MAT,0.030677,1251.204739,4096,5698600,1024x1x1x1,0x0x0,1024x1x1x1
Vcur-17,RESHAPE,0.000469,1251.209375,4096,5698600,128x8x1x1,0x0x0,128x8x1x1
Kcur-17,MUL_MAT,0.107708,1251.320677,4096,5698600,1024x1x1x1,0x0x0,1024x1x1x1
Kcur-17,RESHAPE,0.000469,1251.325625,4096,5698600,128x8x1x1,0x0x0,128x8x1x1
norm-17,RMS_NORM,0.067812,1251.397135,4096,5698600,128x8x1x1,0x0x0,128x8x1x1
Kcur_normed-17,MUL,0.001406,1251.402760,4096,5698600,128x8x1x1,0x0x0,128x8x1x1
Kcur-17,ROPE,0.001823,1251.408177,4096,5698600,128x8x1x1,0x0x0,128x8x1x1
Kcur-17 (view),VIEW,0.000468,1251.412135,4096,5698600,1024x1x1x1,0x0x0,1024x1x1x1
cache_k_l17 (view),SET_ROWS,0.027136,1251.443021,83886080,5698600,1024x40960x1x1,0x0x0,1024x40960x1x1
Vcur-17 (view),VIEW,0.000312,1251.447812,4096,5698600,1024x1x1x1,0x0x0,1024x1x1x1
cache_v_l17 (view),SET_ROWS,0.017657,1251.469219,83886080,5698600,1024x40960x1x1,0x0x0,1024x40960x1x1
Qcur-17 (view),VIEW,0.000416,1251.474010,8192,5698600,128x16x1x1,0x0x0,128x16x1x1
Qcur-17 (view) (permuted),PERMUTE,0.020885,1251.498802,8192,5698600,128x1x16x1,0x0x0,128x1x16x1
cache_k_l17 (view),VIEW,0.000417,1251.503594,524288,5698600,128x8x256x1,0x0x0,128x8x256x1
cache_k_l17 (view) (permuted),PERMUTE,0.007291,1251.514687,524288,5698600,128x256x8x1,0x0x0,128x256x8x1
cache_v_l17 (view),VIEW,0.000261,1251.519167,524288,5698600,128x8x256x1,0x0x0,128x8x256x1
cache_v_l17 (view) (permuted),PERMUTE,0.012604,1251.535729,524288,5698600,128x256x8x1,0x0x0,128x256x8x1
node_620,FLASH_ATTN_EXT,0.016042,1251.556198,8192,5698600,128x16x1x1,0x0x0,128x16x1x1
kqv_out-17,RESHAPE,0.000469,1251.561094,8192,5698600,2048x1x1x1,0x0x0,2048x1x1x1
node_622,MUL_MAT,0.117395,1251.690364,8192,5698600,2048x1x1x1,0x0x0,2048x1x1x1
ffn_inp-17,ADD,0.001406,1251.696406,8192,5698600,2048x1x1x1,0x0x0,2048x1x1x1
norm-17,RMS_NORM,0.003177,1251.703281,8192,5698600,2048x1x1x1,0x0x0,2048x1x1x1
ffn_norm-17,MUL,0.001458,1251.708437,8192,5698600,2048x1x1x1,0x0x0,2048x1x1x1
ffn_gate-17,MUL_MAT,0.154480,1251.866667,24576,5698600,6144x1x1x1,0x0x0,6144x1x1x1
ffn_up-17,MUL_MAT,0.152396,1252.023281,24576,5698600,6144x1x1x1,0x0x0,6144x1x1x1
ffn_swiglu-17,GLU,0.004271,1252.032031,24576,5698600,6144x1x1x1,0x0x0,6144x1x1x1
ffn_out-17,MUL_MAT,0.176041,1252.212083,8192,5698600,2048x1x1x1,0x0x0,2048x1x1x1
l_out-17,ADD,0.001407,1252.218021,8192,5698600,2048x1x1x1,0x0x0,2048x1x1x1
norm-18,RMS_NORM,0.003333,1252.225104,8192,5698600,2048x1x1x1,0x0x0,2048x1x1x1
attn_norm-18,MUL,0.001562,1252.230260,8192,5698600,2048x1x1x1,0x0x0,2048x1x1x1
Qcur-18,MUL_MAT,0.057031,1252.290885,8192,5698600,2048x1x1x1,0x0x0,2048x1x1x1
Qcur-18,RESHAPE,0.000313,1252.295521,8192,5698600,128x16x1x1,0x0x0,128x16x1x1
norm-18,RMS_NORM,0.070104,1252.369479,8192,5698600,128x16x1x1,0x0x0,128x16x1x1
Qcur_normed-18,MUL,0.001771,1252.375677,8192,5698600,128x16x1x1,0x0x0,128x16x1x1
Qcur-18,ROPE,0.001771,1252.381094,8192,5698600,128x16x1x1,0x0x0,128x16x1x1
Vcur-18,MUL_MAT,0.030052,1252.414739,4096,5698600,1024x1x1x1,0x0x0,1024x1x1x1
Vcur-18,RESHAPE,0.000260,1252.419427,4096,5698600,128x8x1x1,0x0x0,128x8x1x1
Kcur-18,MUL_MAT,0.099844,1252.522969,4096,5698600,1024x1x1x1,0x0x0,1024x1x1x1
Kcur-18,RESHAPE,0.000416,1252.527864,4096,5698600,128x8x1x1,0x0x0,128x8x1x1
norm-18,RMS_NORM,0.070521,1252.602083,4096,5698600,128x8x1x1,0x0x0,128x8x1x1
Kcur_normed-18,MUL,0.001197,1252.607864,4096,5698600,128x8x1x1,0x0x0,128x8x1x1
Kcur-18,ROPE,0.001667,1252.613125,4096,5698600,128x8x1x1,0x0x0,128x8x1x1
Kcur-18 (view),VIEW,0.000416,1252.617187,4096,5698600,1024x1x1x1,0x0x0,1024x1x1x1
cache_k_l18 (view),SET_ROWS,0.027813,1252.648698,83886080,5698600,1024x40960x1x1,0x0x0,1024x40960x1x1
Vcur-18 (view),VIEW,0.000312,1252.653489,4096,5698600,1024x1x1x1,0x0x0,1024x1x1x1
cache_v_l18 (view),SET_ROWS,0.015677,1252.672708,83886080,5698600,1024x40960x1x1,0x0x0,1024x40960x1x1
Qcur-18 (view),VIEW,0.000417,1252.677552,8192,5698600,128x16x1x1,0x0x0,128x16x1x1
Qcur-18 (view) (permuted),PERMUTE,0.016771,1252.698125,8192,5698600,128x1x16x1,0x0x0,128x1x16x1
cache_k_l18 (view),VIEW,0.000469,1252.702917,524288,5698600,128x8x256x1,0x0x0,128x8x256x1
cache_k_l18 (view) (permuted),PERMUTE,0.023803,1252.730417,524288,5698600,128x256x8x1,0x0x0,128x256x8x1
cache_v_l18 (view),VIEW,0.000469,1252.735104,524288,5698600,128x8x256x1,0x0x0,128x8x256x1
cache_v_l18 (view) (permuted),PERMUTE,0.011354,1252.750208,524288,5698600,128x256x8x1,0x0x0,128x256x8x1
node_655,FLASH_ATTN_EXT,0.037292,1252.791719,8192,5698600,128x16x1x1,0x0x0,128x16x1x1
kqv_out-18,RESHAPE,0.000261,1252.796198,8192,5698600,2048x1x1x1,0x0x0,2048x1x1x1
node_657,MUL_MAT,0.120260,1252.920156,8192,5698600,2048x1x1x1,0x0x0,2048x1x1x1
ffn_inp-18,ADD,0.001459,1252.926042,8192,5698600,2048x1x1x1,0x0x0,2048x1x1x1
norm-18,RMS_NORM,0.003177,1252.933021,8192,5698600,2048x1x1x1,0x0x0,2048x1x1x1
ffn_norm-18,MUL,0.001406,1252.938073,8192,5698600,2048x1x1x1,0x0x0,2048x1x1x1
ffn_gate-18,MUL_MAT,0.153541,1253.095208,24576,5698600,6144x1x1x1,0x0x0,6144x1x1x1
ffn_up-18,MUL_MAT,0.153020,1253.252812,24576,5698600,6144x1x1x1,0x0x0,6144x1x1x1
ffn_swiglu-18,GLU,0.004219,1253.261406,24576,5698600,6144x1x1x1,0x0x0,6144x1x1x1
ffn_out-18,MUL_MAT,0.176250,1253.441719,8192,5698600,2048x1x1x1,0x0x0,2048x1x1x1
l_out-18,ADD,0.001354,1253.447552,8192,5698600,2048x1x1x1,0x0x0,2048x1x1x1
norm-19,RMS_NORM,0.003333,1253.454531,8192,5698600,2048x1x1x1,0x0x0,2048x1x1x1
attn_norm-19,MUL,0.001510,1253.459739,8192,5698600,2048x1x1x1,0x0x0,2048x1x1x1
Qcur-19,MUL_MAT,0.057500,1253.520885,8192,5698600,2048x1x1x1,0x0x0,2048x1x1x1
Qcur-19,RESHAPE,0.000365,1253.525521,8192,5698600,128x16x1x1,0x0x0,128x16x1x1
norm-19,RMS_NORM,0.069687,1253.599062,8192,5698600,128x16x1x1,0x0x0,128x16x1x1
Qcur_normed-19,MUL,0.002084,1253.605469,8192,5698600,128x16x1x1,0x0x0,128x16x1x1
Qcur-19,ROPE,0.002032,1253.614896,8192,5698600,128x16x1x1,0x0x0,128x16x1x1
Vcur-19,MUL_MAT,0.029792,1253.648542,4096,5698600,1024x1x1x1,0x0x0,1024x1x1x1
Vcur-19,RESHAPE,0.000313,1253.653021,4096,5698600,128x8x1x1,0x0x0,128x8x1x1
Kcur-19,MUL_MAT,0.309270,1253.965989,4096,5698600,1024x1x1x1,0x0x0,1024x1x1x1
Kcur-19,RESHAPE,0.000417,1253.971042,4096,5698600,128x8x1x1,0x0x0,128x8x1x1
norm-19,RMS_NORM,0.256042,1254.230781,4096,5698600,128x8x1x1,0x0x0,128x8x1x1
Kcur_normed-19,MUL,0.001302,1254.236510,4096,5698600,128x8x1x1,0x0x0,128x8x1x1
Kcur-19,ROPE,0.003438,1254.243594,4096,5698600,128x8x1x1,0x0x0,128x8x1x1
Kcur-19 (view),VIEW,0.000313,1254.247448,4096,5698600,1024x1x1x1,0x0x0,1024x1x1x1
cache_k_l19 (view),SET_ROWS,0.030729,1254.281875,83886080,5698600,1024x40960x1x1,0x0x0,1024x40960x1x1
Vcur-19 (view),VIEW,0.000260,1254.286562,4096,5698600,1024x1x1x1,0x0x0,1024x1x1x1
cache_v_l19 (view),SET_ROWS,0.016407,1254.306667,83886080,5698600,1024x40960x1x1,0x0x0,1024x40960x1x1
Qcur-19 (view),VIEW,0.000416,1254.311562,8192,5698600,128x16x1x1,0x0x0,128x16x1x1
Qcur-19 (view) (permuted),PERMUTE,0.013646,1254.328854,8192,5698600,128x1x16x1,0x0x0,128x1x16x1
cache_k_l19 (view),VIEW,0.000417,1254.333594,524288,5698600,128x8x256x1,0x0x0,128x8x256x1
cache_k_l19 (view) (permuted),PERMUTE,0.013489,1254.350833,524288,5698600,128x256x8x1,0x0x0,128x256x8x1
cache_v_l19 (view),VIEW,0.000417,1254.355521,524288,5698600,128x8x256x1,0x0x0,128x8x256x1
cache_v_l19 (view) (permuted),PERMUTE,0.010833,1254.370052,524288,5698600,128x256x8x1,0x0x0,128x256x8x1
node_690,FLASH_ATTN_EXT,0.038177,1254.412500,8192,5698600,128x16x1x1,0x0x0,128x16x1x1
kqv_out-19,RESHAPE,0.000313,1254.416927,8192,5698600,2048x1x1x1,0x0x0,2048x1x1x1
node_692,MUL_MAT,0.123594,1254.544219,8192,5698600,2048x1x1x1,0x0x0,2048x1x1x1
ffn_inp-19,ADD,0.001354,1254.550052,8192,5698600,2048x1x1x1,0x0x0,2048x1x1x1
norm-19,RMS_NORM,0.003177,1254.556927,8192,5698600,2048x1x1x1,0x0x0,2048x1x1x1
ffn_norm-19,MUL,0.001406,1254.562031,8192,5698600,2048x1x1x1,0x0x0,2048x1x1x1
ffn_gate-19,MUL_MAT,0.151719,1254.717292,24576,5698600,6144x1x1x1,0x0x0,6144x1x1x1
ffn_up-19,MUL_MAT,0.152812,1254.874635,24576,5698600,6144x1x1x1,0x0x0,6144x1x1x1
ffn_swiglu-19,GLU,0.004063,1254.883125,24576,5698600,6144x1x1x1,0x0x0,6144x1x1x1
ffn_out-19,MUL_MAT,0.176198,1255.063333,8192,5698600,2048x1x1x1,0x0x0,2048x1x1x1
l_out-19,ADD,0.001354,1255.069010,8192,5698600,2048x1x1x1,0x0x0,2048x1x1x1
norm-20,RMS_NORM,0.003490,1255.076198,8192,5698600,2048x1x1x1,0x0x0,2048x1x1x1
attn_norm-20,MUL,0.001927,1255.081719,8192,5698600,2048x1x1x1,0x0x0,2048x1x1x1
Qcur-20,MUL_MAT,0.057605,1255.142969,8192,5698600,2048x1x1x1,0x0x0,2048x1x1x1
Qcur-20,RESHAPE,0.000312,1255.147760,8192,5698600,128x16x1x1,0x0x0,128x16x1x1
norm-20,RMS_NORM,0.067500,1255.219010,8192,5698600,128x16x1x1,0x0x0,128x16x1x1
Qcur_normed-20,MUL,0.001875,1255.225260,8192,5698600,128x16x1x1,0x0x0,128x16x1x1
Qcur-20,ROPE,0.002031,1255.230989,8192,5698600,128x16x1x1,0x0x0,128x16x1x1
Vcur-20,MUL_MAT,0.030104,1255.264687,4096,5698600,1024x1x1x1,0x0x0,1024x1x1x1
Vcur-20,RESHAPE,0.000417,1255.269323,4096,5698600,128x8x1x1,0x0x0,128x8x1x1
Kcur-20,MUL_MAT,0.093906,1255.366927,4096,5698600,1024x1x1x1,0x0x0,1024x1x1x1
Kcur-20,RESHAPE,0.000417,1255.371875,4096,5698600,128x8x1x1,0x0x0,128x8x1x1
norm-20,RMS_NORM,0.066666,1255.442239,4096,5698600,128x8x1x1,0x0x0,128x8x1x1
Kcur_normed-20,MUL,0.001250,1255.447864,4096,5698600,128x8x1x1,0x0x0,128x8x1x1
Kcur-20,ROPE,0.001875,1255.453333,4096,5698600,128x8x1x1,0x0x0,128x8x1x1
Kcur-20 (view),VIEW,0.000312,1255.457239,4096,5698600,1024x1x1x1,0x0x0,1024x1x1x1
cache_k_l20 (view),SET_ROWS,0.021458,1255.482239,83886080,5698600,1024x40960x1x1,0x0x0,1024x40960x1x1
Vcur-20 (view),VIEW,0.000261,1255.486771,4096,5698600,1024x1x1x1,0x0x0,1024x1x1x1
cache_v_l20 (view),SET_ROWS,0.027916,1255.518385,83886080,5698600,1024x40960x1x1,0x0x0,1024x40960x1x1
Qcur-20 (view),VIEW,0.000261,1255.523125,8192,5698600,128x16x1x1,0x0x0,128x16x1x1
Qcur-20 (view) (permuted),PERMUTE,0.009687,1255.536510,8192,5698600,128x1x16x1,0x0x0,128x1x16x1
cache_k_l20 (view),VIEW,0.007813,1255.548594,524288,5698600,128x8x256x1,0x0x0,128x8x256x1
cache_k_l20 (view) (permuted),PERMUTE,0.014583,1255.570833,524288,5698600,128x256x8x1,0x0x0,128x256x8x1
cache_v_l20 (view),VIEW,0.005052,1255.580469,524288,5698600,128x8x256x1,0x0x0,128x8x256x1
cache_v_l20 (view) (permuted),PERMUTE,0.015990,1255.600521,524288,5698600,128x256x8x1,0x0x0,128x256x8x1
node_725,FLASH_ATTN_EXT,0.048177,1255.653021,8192,5698600,128x16x1x1,0x0x0,128x16x1x1
kqv_out-20,RESHAPE,0.000313,1255.657396,8192,5698600,2048x1x1x1,0x0x0,2048x1x1x1
node_727,MUL_MAT,0.128697,1255.789739,8192,5698600,2048x1x1x1,0x0x0,2048x1x1x1
ffn_inp-20,ADD,0.001458,1255.795677,8192,5698600,2048x1x1x1,0x0x0,2048x1x1x1
norm-20,RMS_NORM,0.003177,1255.802552,8192,5698600,2048x1x1x1,0x0x0,2048x1x1x1
ffn_norm-20,MUL,0.001406,1255.807604,8192,5698600,2048x1x1x1,0x0x0,2048x1x1x1
ffn_gate-20,MUL_MAT,0.151562,1255.962760,24576,5698600,6144x1x1x1,0x0x0,6144x1x1x1
ffn_up-20,MUL_MAT,0.152136,1256.119167,24576,5698600,6144x1x1x1,0x0x0,6144x1x1x1
ffn_swiglu-20,GLU,0.004167,1256.127500,24576,5698600,6144x1x1x1,0x0x0,6144x1x1x1
ffn_out-20,MUL_MAT,0.175313,1256.306823,8192,5698600,2048x1x1x1,0x0x0,2048x1x1x1
l_out-20,ADD,0.001302,1256.312604,8192,5698600,2048x1x1x1,0x0x0,2048x1x1x1
norm-21,RMS_NORM,0.003281,1256.319635,8192,5698600,2048x1x1x1,0x0x0,2048x1x1x1
attn_norm-21,MUL,0.001667,1256.324896,8192,5698600,2048x1x1x1,0x0x0,2048x1x1x1
Qcur-21,MUL_MAT,0.057605,1256.386094,8192,5698600,2048x1x1x1,0x0x0,2048x1x1x1
Qcur-21,RESHAPE,0.000365,1256.390729,8192,5698600,128x16x1x1,0x0x0,128x16x1x1
norm-21,RMS_NORM,0.069792,1256.464323,8192,5698600,128x16x1x1,0x0x0,128x16x1x1
Qcur_normed-21,MUL,0.001719,1256.470729,8192,5698600,128x16x1x1,0x0x0,128x16x1x1
Qcur-21,ROPE,0.001823,1256.476198,8192,5698600,128x16x1x1,0x0x0,128x16x1x1
Vcur-21,MUL_MAT,0.030209,1256.509948,4096,5698600,1024x1x1x1,0x0x0,1024x1x1x1
Vcur-21,RESHAPE,0.000313,1256.514427,4096,5698600,128x8x1x1,0x0x0,128x8x1x1
Kcur-21,MUL_MAT,0.104948,1256.623125,4096,5698600,1024x1x1x1,0x0x0,1024x1x1x1
Kcur-21,RESHAPE,0.000469,1256.628229,4096,5698600,128x8x1x1,0x0x0,128x8x1x1
norm-21,RMS_NORM,0.058750,1256.690677,4096,5698600,128x8x1x1,0x0x0,128x8x1x1
Kcur_normed-21,MUL,0.001354,1256.696406,4096,5698600,128x8x1x1,0x0x0,128x8x1x1
Kcur-21,ROPE,0.001614,1256.701614,4096,5698600,128x8x1x1,0x0x0,128x8x1x1
Kcur-21 (view),VIEW,0.000313,1256.705469,4096,5698600,1024x1x1x1,0x0x0,1024x1x1x1
cache_k_l21 (view),SET_ROWS,0.028282,1256.737396,83886080,5698600,1024x40960x1x1,0x0x0,1024x40960x1x1
Vcur-21 (view),VIEW,0.000312,1256.742239,4096,5698600,1024x1x1x1,0x0x0,1024x1x1x1
cache_v_l21 (view),SET_ROWS,0.010261,1256.756094,83886080,5698600,1024x40960x1x1,0x0x0,1024x40960x1x1
Qcur-21 (view),VIEW,0.000520,1256.760937,8192,5698600,128x16x1x1,0x0x0,128x16x1x1
Qcur-21 (view) (permuted),PERMUTE,0.011302,1256.775937,8192,5698600,128x1x16x1,0x0x0,128x1x16x1
cache_k_l21 (view),VIEW,0.000417,1256.780573,524288,5698600,128x8x256x1,0x0x0,128x8x256x1
cache_k_l21 (view) (permuted),PERMUTE,0.019948,1256.804323,524288,5698600,128x256x8x1,0x0x0,128x256x8x1
cache_v_l21 (view),VIEW,0.000781,1256.809323,524288,5698600,128x8x256x1,0x0x0,128x8x256x1
cache_v_l21 (view) (permuted),PERMUTE,0.001615,1256.814896,524288,5698600,128x256x8x1,0x0x0,128x256x8x1
node_760,FLASH_ATTN_EXT,0.011198,1256.829948,8192,5698600,128x16x1x1,0x0x0,128x16x1x1
kqv_out-21,RESHAPE,0.000261,1256.834219,8192,5698600,2048x1x1x1,0x0x0,2048x1x1x1
node_762,MUL_MAT,0.128437,1256.966354,8192,5698600,2048x1x1x1,0x0x0,2048x1x1x1
ffn_inp-21,ADD,0.001354,1256.972239,8192,5698600,2048x1x1x1,0x0x0,2048x1x1x1
norm-21,RMS_NORM,0.003334,1256.979323,8192,5698600,2048x1x1x1,0x0x0,2048x1x1x1
ffn_norm-21,MUL,0.001302,1256.984271,8192,5698600,2048x1x1x1,0x0x0,2048x1x1x1
ffn_gate-21,MUL_MAT,0.152709,1257.140573,24576,5698600,6144x1x1x1,0x0x0,6144x1x1x1
ffn_up-21,MUL_MAT,0.152969,1257.298073,24576,5698600,6144x1x1x1,0x0x0,6144x1x1x1
ffn_swiglu-21,GLU,0.004271,1257.306667,24576,5698600,6144x1x1x1,0x0x0,6144x1x1x1
ffn_out-21,MUL_MAT,0.176250,1257.486875,8192,5698600,2048x1x1x1,0x0x0,2048x1x1x1
l_out-21,ADD,0.001355,1257.492917,8192,5698600,2048x1x1x1,0x0x0,2048x1x1x1
norm-22,RMS_NORM,0.003437,1257.503385,8192,5698600,2048x1x1x1,0x0x0,2048x1x1x1
attn_norm-22,MUL,0.001354,1257.508698,8192,5698600,2048x1x1x1,0x0x0,2048x1x1x1
Qcur-22,MUL_MAT,0.056355,1257.568594,8192,5698600,2048x1x1x1,0x0x0,2048x1x1x1
Qcur-22,RESHAPE,0.000313,1257.573177,8192,5698600,128x16x1x1,0x0x0,128x16x1x1
norm-22,RMS_NORM,0.068698,1257.645677,8192,5698600,128x16x1x1,0x0x0,128x16x1x1
Qcur_normed-22,MUL,0.001771,1257.651823,8192,5698600,128x16x1x1,0x0x0,128x16x1x1
Qcur-22,ROPE,0.001770,1257.657187,8192,5698600,128x16x1x1,0x0x0,128x16x1x1
Vcur-22,MUL_MAT,0.030209,1257.691146,4096,5698600,1024x1x1x1,0x0x0,1024x1x1x1
Vcur-22,RESHAPE,0.000260,1257.695677,4096,5698600,128x8x1x1,0x0x0,128x8x1x1
Kcur-22,MUL_MAT,0.096719,1257.796094,4096,5698600,1024x1x1x1,0x0x0,1024x1x1x1
Kcur-22,RESHAPE,0.000416,1257.800885,4096,5698600,128x8x1x1,0x0x0,128x8x1x1
norm-22,RMS_NORM,0.072917,1257.877448,4096,5698600,128x8x1x1,0x0x0,128x8x1x1
Kcur_normed-22,MUL,0.001354,1257.883333,4096,5698600,128x8x1x1,0x0x0,128x8x1x1
Kcur-22,ROPE,0.001719,1257.888594,4096,5698600,128x8x1x1,0x0x0,128x8x1x1
Kcur-22 (view),VIEW,0.000313,1257.892396,4096,5698600,1024x1x1x1,0x0x0,1024x1x1x1
cache_k_l22 (view),SET_ROWS,0.029062,1257.925156,83886080,5698600,1024x40960x1x1,0x0x0,1024x40960x1x1
Vcur-22 (view),VIEW,0.000313,1257.929896,4096,5698600,1024x1x1x1,0x0x0,1024x1x1x1
cache_v_l22 (view),SET_ROWS,0.011980,1257.945417,83886080,5698600,1024x40960x1x1,0x0x0,1024x40960x1x1
Qcur-22 (view),VIEW,0.000365,1257.950052,8192,5698600,128x16x1x1,0x0x0,128x16x1x1
Qcur-22 (view) (permuted),PERMUTE,0.014687,1257.968437,8192,5698600,128x1x16x1,0x0x0,128x1x16x1
cache_k_l22 (view),VIEW,0.000417,1257.973073,524288,5698600,128x8x256x1,0x0x0,128x8x256x1
cache_k_l22 (view) (permuted),PERMUTE,0.014166,1257.990989,524288,5698600,128x256x8x1,0x0x0,128x256x8x1
cache_v_l22 (view),VIEW,0.000312,1257.995729,524288,5698600,128x8x256x1,0x0x0,128x8x256x1
cache_v_l22 (view) (permuted),PERMUTE,0.011875,1258.011250,524288,5698600,128x256x8x1,0x0x0,128x256x8x1
node_795,FLASH_ATTN_EXT,0.017760,1258.033333,8192,5698600,128x16x1x1,0x0x0,128x16x1x1
kqv_out-22,RESHAPE,0.000261,1258.038021,8192,5698600,2048x1x1x1,0x0x0,2048x1x1x1
node_797,MUL_MAT,0.132239,1258.174010,8192,5698600,2048x1x1x1,0x0x0,2048x1x1x1
ffn_inp-22,ADD,0.001302,1258.180000,8192,5698600,2048x1x1x1,0x0x0,2048x1x1x1
norm-22,RMS_NORM,0.003281,1258.187083,8192,5698600,2048x1x1x1,0x0x0,2048x1x1x1
ffn_norm-22,MUL,0.001406,1258.192031,8192,5698600,2048x1x1x1,0x0x0,2048x1x1x1
ffn_gate-22,MUL_MAT,0.152916,1258.348489,24576,5698600,6144x1x1x1,0x0x0,6144x1x1x1
ffn_up-22,MUL_MAT,0.153593,1258.506614,24576,5698600,6144x1x1x1,0x0x0,6144x1x1x1
ffn_swiglu-22,GLU,0.004375,1258.515364,24576,5698600,6144x1x1x1,0x0x0,6144x1x1x1
ffn_out-22,MUL_MAT,0.176302,1258.695677,8192,5698600,2048x1x1x1,0x0x0,2048x1x1x1
l_out-22,ADD,0.001406,1258.701510,8192,5698600,2048x1x1x1,0x0x0,2048x1x1x1
norm-23,RMS_NORM,0.003594,1258.708802,8192,5698600,2048x1x1x1,0x0x0,2048x1x1x1
attn_norm-23,MUL,0.001510,1258.713958,8192,5698600,2048x1x1x1,0x0x0,2048x1x1x1
Qcur-23,MUL_MAT,0.057917,1258.775469,8192,5698600,2048x1x1x1,0x0x0,2048x1x1x1
Qcur-23,RESHAPE,0.000521,1258.780208,8192,5698600,128x16x1x1,0x0x0,128x16x1x1
norm-23,RMS_NORM,0.067396,1258.851354,8192,5698600,128x16x1x1,0x0x0,128x16x1x1
Qcur_normed-23,MUL,0.001719,1258.857552,8192,5698600,128x16x1x1,0x0x0,128x16x1x1
Qcur-23,ROPE,0.001823,1258.862917,8192,5698600,128x16x1x1,0x0x0,128x16x1x1
Vcur-23,MUL_MAT,0.029688,1258.896250,4096,5698600,1024x1x1x1,0x0x0,1024x1x1x1
Vcur-23,RESHAPE,0.000260,1258.900729,4096,5698600,128x8x1x1,0x0x0,128x8x1x1
Kcur-23,MUL_MAT,0.103698,1259.008177,4096,5698600,1024x1x1x1,0x0x0,1024x1x1x1
Kcur-23,RESHAPE,0.000261,1259.012917,4096,5698600,128x8x1x1,0x0x0,128x8x1x1
norm-23,RMS_NORM,0.059687,1259.076354,4096,5698600,128x8x1x1,0x0x0,128x8x1x1
Kcur_normed-23,MUL,0.001250,1259.081927,4096,5698600,128x8x1x1,0x0x0,128x8x1x1
Kcur-23,ROPE,0.001822,1259.087239,4096,5698600,128x8x1x1,0x0x0,128x8x1x1
Kcur-23 (view),VIEW,0.000417,1259.091198,4096,5698600,1024x1x1x1,0x0x0,1024x1x1x1
cache_k_l23 (view),SET_ROWS,0.025833,1259.123958,83886080,5698600,1024x40960x1x1,0x0x0,1024x40960x1x1
Vcur-23 (view),VIEW,0.000261,1259.128750,4096,5698600,1024x1x1x1,0x0x0,1024x1x1x1
cache_v_l23 (view),SET_ROWS,0.021250,1259.153854,83886080,5698600,1024x40960x1x1,0x0x0,1024x40960x1x1
Qcur-23 (view),VIEW,0.000313,1259.158646,8192,5698600,128x16x1x1,0x0x0,128x16x1x1
Qcur-23 (view) (permuted),PERMUTE,0.009479,1259.171875,8192,5698600,128x1x16x1,0x0x0,128x1x16x1
cache_k_l23 (view),VIEW,0.000416,1259.176510,524288,5698600,128x8x256x1,0x0x0,128x8x256x1
cache_k_l23 (view) (permuted),PERMUTE,0.015417,1259.195729,524288,5698600,128x256x8x1,0x0x0,128x256x8x1
cache_v_l23 (view),VIEW,0.000521,1259.200677,524288,5698600,128x8x256x1,0x0x0,128x8x256x1
cache_v_l23 (view) (permuted),PERMUTE,0.016875,1259.221354,524288,5698600,128x256x8x1,0x0x0,128x256x8x1
node_830,FLASH_ATTN_EXT,0.051354,1259.276875,8192,5698600,128x16x1x1,0x0x0,128x16x1x1
kqv_out-23,RESHAPE,0.000313,1259.281198,8192,5698600,2048x1x1x1,0x0x0,2048x1x1x1
node_832,MUL_MAT,0.127552,1259.412396,8192,5698600,2048x1x1x1,0x0x0,2048x1x1x1
ffn_inp-23,ADD,0.001354,1259.418489,8192,5698600,2048x1x1x1,0x0x0,2048x1x1x1
norm-23,RMS_NORM,0.003125,1259.425364,8192,5698600,2048x1x1x1,0x0x0,2048x1x1x1
ffn_norm-23,MUL,0.001615,1259.430625,8192,5698600,2048x1x1x1,0x0x0,2048x1x1x1
ffn_gate-23,MUL_MAT,0.152968,1259.587239,24576,5698600,6144x1x1x1,0x0x0,6144x1x1x1
ffn_up-23,MUL_MAT,0.152708,1259.744375,24576,5698600,6144x1x1x1,0x0x0,6144x1x1x1
ffn_swiglu-23,GLU,0.004167,1259.752917,24576,5698600,6144x1x1x1,0x0x0,6144x1x1x1
ffn_out-23,MUL_MAT,0.176510,1259.933385,8192,5698600,2048x1x1x1,0x0x0,2048x1x1x1
l_out-23,ADD,0.001302,1259.939062,8192,5698600,2048x1x1x1,0x0x0,2048x1x1x1
norm-24,RMS_NORM,0.003334,1259.946146,8192,5698600,2048x1x1x1,0x0x0,2048x1x1x1
attn_norm-24,MUL,0.001563,1259.951302,8192,5698600,2048x1x1x1,0x0x0,2048x1x1x1
Qcur-24,MUL_MAT,0.056718,1260.011510,8192,5698600,2048x1x1x1,0x0x0,2048x1x1x1
Qcur-24,RESHAPE,0.000313,1260.016094,8192,5698600,128x16x1x1,0x0x0,128x16x1x1
norm-24,RMS_NORM,0.074895,1260.094739,8192,5698600,128x16x1x1,0x0x0,128x16x1x1
Qcur_normed-24,MUL,0.001875,1260.100937,8192,5698600,128x16x1x1,0x0x0,128x16x1x1
Qcur-24,ROPE,0.001979,1260.106510,8192,5698600,128x16x1x1,0x0x0,128x16x1x1
Vcur-24,MUL_MAT,0.029948,1260.140104,4096,5698600,1024x1x1x1,0x0x0,1024x1x1x1
Vcur-24,RESHAPE,0.000260,1260.144531,4096,5698600,128x8x1x1,0x0x0,128x8x1x1
Kcur-24,MUL_MAT,0.095104,1260.243385,4096,5698600,1024x1x1x1,0x0x0,1024x1x1x1
Kcur-24,RESHAPE,0.000469,1260.248333,4096,5698600,128x8x1x1,0x0x0,128x8x1x1
norm-24,RMS_NORM,0.068646,1260.320625,4096,5698600,128x8x1x1,0x0x0,128x8x1x1
Kcur_normed-24,MUL,0.001406,1260.326250,4096,5698600,128x8x1x1,0x0x0,128x8x1x1
Kcur-24,ROPE,0.001562,1260.331354,4096,5698600,128x8x1x1,0x0x0,128x8x1x1
Kcur-24 (view),VIEW,0.000885,1260.335729,4096,5698600,1024x1x1x1,0x0x0,1024x1x1x1
cache_k_l24 (view),SET_ROWS,0.028177,1260.367552,83886080,5698600,1024x40960x1x1,0x0x0,1024x40960x1x1
Vcur-24 (view),VIEW,0.000313,1260.372344,4096,5698600,1024x1x1x1,0x0x0,1024x1x1x1
cache_v_l24 (view),SET_ROWS,0.013073,1260.388906,83886080,5698600,1024x40960x1x1,0x0x0,1024x40960x1x1
Qcur-24 (view),VIEW,0.000469,1260.393750,8192,5698600,128x16x1x1,0x0x0,128x16x1x1
Qcur-24 (view) (permuted),PERMUTE,0.013594,1260.411042,8192,5698600,128x1x16x1,0x0x0,128x1x16x1
cache_k_l24 (view),VIEW,0.000417,1260.415677,524288,5698600,128x8x256x1,0x0x0,128x8x256x1
cache_k_l24 (view) (permuted),PERMUTE,0.024375,1260.443854,524288,5698600,128x256x8x1,0x0x0,128x256x8x1
cache_v_l24 (view),VIEW,0.000469,1260.448594,524288,5698600,128x8x256x1,0x0x0,128x8x256x1
cache_v_l24 (view) (permuted),PERMUTE,0.010781,1260.463125,524288,5698600,128x256x8x1,0x0x0,128x256x8x1
node_865,FLASH_ATTN_EXT,0.037916,1260.505312,8192,5698600,128x16x1x1,0x0x0,128x16x1x1
kqv_out-24,RESHAPE,0.000312,1260.509635,8192,5698600,2048x1x1x1,0x0x0,2048x1x1x1
node_867,MUL_MAT,0.172188,1260.685469,8192,5698600,2048x1x1x1,0x0x0,2048x1x1x1
ffn_inp-24,ADD,0.001510,1260.692083,8192,5698600,2048x1x1x1,0x0x0,2048x1x1x1
norm-24,RMS_NORM,0.003177,1260.699062,8192,5698600,2048x1x1x1,0x0x0,2048x1x1x1
ffn_norm-24,MUL,0.001511,1260.707500,8192,5698600,2048x1x1x1,0x0x0,2048x1x1x1
ffn_gate-24,MUL_MAT,0.150990,1260.862448,24576,5698600,6144x1x1x1,0x0x0,6144x1x1x1
ffn_up-24,MUL_MAT,0.152552,1261.019219,24576,5698600,6144x1x1x1,0x0x0,6144x1x1x1
ffn_swiglu-24,GLU,0.004114,1261.027656,24576,5698600,6144x1x1x1,0x0x0,6144x1x1x1
ffn_out-24,MUL_MAT,0.175573,1261.207552,8192,5698600,2048x1x1x1,0x0x0,2048x1x1x1
l_out-24,ADD,0.001302,1261.213177,8192,5698600,2048x1x1x1,0x0x0,2048x1x1x1
norm-25,RMS_NORM,0.003333,1261.220260,8192,5698600,2048x1x1x1,0x0x0,2048x1x1x1
attn_norm-25,MUL,0.001406,1261.225312,8192,5698600,2048x1x1x1,0x0x0,2048x1x1x1
Qcur-25,MUL_MAT,0.056979,1261.285885,8192,5698600,2048x1x1x1,0x0x0,2048x1x1x1
Qcur-25,RESHAPE,0.000312,1261.290364,8192,5698600,128x16x1x1,0x0x0,128x16x1x1
norm-25,RMS_NORM,0.077291,1261.371562,8192,5698600,128x16x1x1,0x0x0,128x16x1x1
Qcur_normed-25,MUL,0.001667,1261.377604,8192,5698600,128x16x1x1,0x0x0,128x16x1x1
Qcur-25,ROPE,0.001823,1261.383177,8192,5698600,128x16x1x1,0x0x0,128x16x1x1
Vcur-25,MUL_MAT,0.030104,1261.416875,4096,5698600,1024x1x1x1,0x0x0,1024x1x1x1
Vcur-25,RESHAPE,0.000261,1261.421250,4096,5698600,128x8x1x1,0x0x0,128x8x1x1
Kcur-25,MUL_MAT,0.087187,1261.512187,4096,5698600,1024x1x1x1,0x0x0,1024x1x1x1
Kcur-25,RESHAPE,0.000416,1261.517083,4096,5698600,128x8x1x1,0x0x0,128x8x1x1
norm-25,RMS_NORM,0.073750,1261.594583,4096,5698600,128x8x1x1,0x0x0,128x8x1x1
Kcur_normed-25,MUL,0.001459,1261.600521,4096,5698600,128x8x1x1,0x0x0,128x8x1x1
Kcur-25,ROPE,0.001718,1261.605885,4096,5698600,128x8x1x1,0x0x0,128x8x1x1
Kcur-25 (view),VIEW,0.000469,1261.610000,4096,5698600,1024x1x1x1,0x0x0,1024x1x1x1
cache_k_l25 (view),SET_ROWS,0.026198,1261.639896,83886080,5698600,1024x40960x1x1,0x0x0,1024x40960x1x1
Vcur-25 (view),VIEW,0.000260,1261.644531,4096,5698600,1024x1x1x1,0x0x0,1024x1x1x1
cache_v_l25 (view),SET_ROWS,0.013386,1261.661771,83886080,5698600,1024x40960x1x1,0x0x0,1024x40960x1x1
Qcur-25 (view),VIEW,0.000416,1261.666458,8192,5698600,128x16x1x1,0x0x0,128x16x1x1
Qcur-25 (view) (permuted),PERMUTE,0.012969,1261.683125,8192,5698600,128x1x16x1,0x0x0,128x1x16x1
cache_k_l25 (view),VIEW,0.000417,1261.687917,524288,5698600,128x8x256x1,0x0x0,128x8x256x1
cache_k_l25 (view) (permuted),PERMUTE,0.017604,1261.709271,524288,5698600,128x256x8x1,0x0x0,128x256x8x1
cache_v_l25 (view),VIEW,0.000521,1261.714219,524288,5698600,128x8x256x1,0x0x0,128x8x256x1
cache_v_l25 (view) (permuted),PERMUTE,0.024271,1261.742448,524288,5698600,128x256x8x1,0x0x0,128x256x8x1
node_900,FLASH_ATTN_EXT,0.048229,1261.795000,8192,5698600,128x16x1x1,0x0x0,128x16x1x1
kqv_out-25,RESHAPE,0.000312,1261.799635,8192,5698600,2048x1x1x1,0x0x0,2048x1x1x1
node_902,MUL_MAT,0.114323,1261.917656,8192,5698600,2048x1x1x1,0x0x0,2048x1x1x1
ffn_inp-25,ADD,0.001354,1261.923646,8192,5698600,2048x1x1x1,0x0x0,2048x1x1x1
norm-25,RMS_NORM,0.003281,1261.930729,8192,5698600,2048x1x1x1,0x0x0,2048x1x1x1
ffn_norm-25,MUL,0.001354,1261.935625,8192,5698600,2048x1x1x1,0x0x0,2048x1x1x1
ffn_gate-25,MUL_MAT,0.153541,1262.092760,24576,5698600,6144x1x1x1,0x0x0,6144x1x1x1
ffn_up-25,MUL_MAT,0.153490,1262.250729,24576,5698600,6144x1x1x1,0x0x0,6144x1x1x1
ffn_swiglu-25,GLU,0.004271,1262.259531,24576,5698600,6144x1x1x1,0x0x0,6144x1x1x1
ffn_out-25,MUL_MAT,0.176303,1262.439792,8192,5698600,2048x1x1x1,0x0x0,2048x1x1x1
l_out-25,ADD,0.001354,1262.445521,8192,5698600,2048x1x1x1,0x0x0,2048x1x1x1
norm-26,RMS_NORM,0.003385,1262.452604,8192,5698600,2048x1x1x1,0x0x0,2048x1x1x1
attn_norm-26,MUL,0.001406,1262.457604,8192,5698600,2048x1x1x1,0x0x0,2048x1x1x1
Qcur-26,MUL_MAT,0.056979,1262.518125,8192,5698600,2048x1x1x1,0x0x0,2048x1x1x1
Qcur-26,RESHAPE,0.000312,1262.522760,8192,5698600,128x16x1x1,0x0x0,128x16x1x1
norm-26,RMS_NORM,0.096927,1262.623437,8192,5698600,128x16x1x1,0x0x0,128x16x1x1
Qcur_normed-26,MUL,0.001614,1262.629635,8192,5698600,128x16x1x1,0x0x0,128x16x1x1
Qcur-26,ROPE,0.001823,1262.635052,8192,5698600,128x16x1x1,0x0x0,128x16x1x1
Vcur-26,MUL_MAT,0.030000,1262.668594,4096,5698600,1024x1x1x1,0x0x0,1024x1x1x1
Vcur-26,RESHAPE,0.000417,1262.673229,4096,5698600,128x8x1x1,0x0x0,128x8x1x1
Kcur-26,MUL_MAT,0.122188,1262.803073,4096,5698600,1024x1x1x1,0x0x0,1024x1x1x1
Kcur-26,RESHAPE,0.000417,1262.808177,4096,5698600,128x8x1x1,0x0x0,128x8x1x1
norm-26,RMS_NORM,0.079427,1262.891302,4096,5698600,128x8x1x1,0x0x0,128x8x1x1
Kcur_normed-26,MUL,0.001303,1262.897292,4096,5698600,128x8x1x1,0x0x0,128x8x1x1
Kcur-26,ROPE,0.001771,1262.902656,4096,5698600,128x8x1x1,0x0x0,128x8x1x1
Kcur-26 (view),VIEW,0.000468,1262.906614,4096,5698600,1024x1x1x1,0x0x0,1024x1x1x1
cache_k_l26 (view),SET_ROWS,0.045782,1262.956094,83886080,5698600,1024x40960x1x1,0x0x0,1024x40960x1x1
Vcur-26 (view),VIEW,0.000260,1262.960989,4096,5698600,1024x1x1x1,0x0x0,1024x1x1x1
cache_v_l26 (view),SET_ROWS,0.014428,1262.979167,83886080,5698600,1024x40960x1x1,0x0x0,1024x40960x1x1
Qcur-26 (view),VIEW,0.000260,1262.983906,8192,5698600,128x16x1x1,0x0x0,128x16x1x1
Qcur-26 (view) (permuted),PERMUTE,0.016458,1263.004062,8192,5698600,128x1x16x1,0x0x0,128x1x16x1
cache_k_l26 (view),VIEW,0.000365,1263.008698,524288,5698600,128x8x256x1,0x0x0,128x8x256x1
cache_k_l26 (view) (permuted),PERMUTE,0.013646,1263.026146,524288,5698600,128x256x8x1,0x0x0,128x256x8x1
cache_v_l26 (view),VIEW,0.000572,1263.030989,524288,5698600,128x8x256x1,0x0x0,128x8x256x1
cache_v_l26 (view) (permuted),PERMUTE,0.016718,1263.051562,524288,5698600,128x256x8x1,0x0x0,128x256x8x1
node_935,FLASH_ATTN_EXT,0.077240,1263.133073,8192,5698600,128x16x1x1,0x0x0,128x16x1x1
kqv_out-26,RESHAPE,0.000312,1263.137604,8192,5698600,2048x1x1x1,0x0x0,2048x1x1x1
node_937,MUL_MAT,0.142239,1263.283489,8192,5698600,2048x1x1x1,0x0x0,2048x1x1x1
ffn_inp-26,ADD,0.001458,1263.289739,8192,5698600,2048x1x1x1,0x0x0,2048x1x1x1
norm-26,RMS_NORM,0.003229,1263.296771,8192,5698600,2048x1x1x1,0x0x0,2048x1x1x1
ffn_norm-26,MUL,0.001562,1263.301979,8192,5698600,2048x1x1x1,0x0x0,2048x1x1x1
ffn_gate-26,MUL_MAT,0.152708,1263.458229,24576,5698600,6144x1x1x1,0x0x0,6144x1x1x1
ffn_up-26,MUL_MAT,0.152813,1263.615417,24576,5698600,6144x1x1x1,0x0x0,6144x1x1x1
ffn_swiglu-26,GLU,0.004166,1263.624114,24576,5698600,6144x1x1x1,0x0x0,6144x1x1x1
ffn_out-26,MUL_MAT,0.174167,1263.802396,8192,5698600,2048x1x1x1,0x0x0,2048x1x1x1
l_out-26,ADD,0.001355,1263.807917,8192,5698600,2048x1x1x1,0x0x0,2048x1x1x1
norm-27,RMS_NORM,0.003334,1263.814844,8192,5698600,2048x1x1x1,0x0x0,2048x1x1x1
attn_norm-27,MUL,0.001407,1263.819896,8192,5698600,2048x1x1x1,0x0x0,2048x1x1x1
Qcur-27,MUL_MAT,0.058385,1263.881979,8192,5698600,2048x1x1x1,0x0x0,2048x1x1x1
Qcur-27,RESHAPE,0.000313,1263.886771,8192,5698600,128x16x1x1,0x0x0,128x16x1x1
norm-27,RMS_NORM,0.083906,1263.974479,8192,5698600,128x16x1x1,0x0x0,128x16x1x1
Qcur_normed-27,MUL,0.002032,1263.981042,8192,5698600,128x16x1x1,0x0x0,128x16x1x1
Qcur-27,ROPE,0.002084,1263.986719,8192,5698600,128x16x1x1,0x0x0,128x16x1x1
Vcur-27,MUL_MAT,0.030313,1264.020573,4096,5698600,1024x1x1x1,0x0x0,1024x1x1x1
Vcur-27,RESHAPE,0.000313,1264.025000,4096,5698600,128x8x1x1,0x0x0,128x8x1x1
Kcur-27,MUL_MAT,0.110052,1264.138854,4096,5698600,1024x1x1x1,0x0x0,1024x1x1x1
Kcur-27,RESHAPE,0.000468,1264.144010,4096,5698600,128x8x1x1,0x0x0,128x8x1x1
norm-27,RMS_NORM,0.091354,1264.239114,4096,5698600,128x8x1x1,0x0x0,128x8x1x1
Kcur_normed-27,MUL,0.001354,1264.244896,4096,5698600,128x8x1x1,0x0x0,128x8x1x1
Kcur-27,ROPE,0.001719,1264.250208,4096,5698600,128x8x1x1,0x0x0,128x8x1x1
Kcur-27 (view),VIEW,0.000417,1264.254219,4096,5698600,1024x1x1x1,0x0x0,1024x1x1x1
cache_k_l27 (view),SET_ROWS,0.032240,1264.290052,83886080,5698600,1024x40960x1x1,0x0x0,1024x40960x1x1
Vcur-27 (view),VIEW,0.000261,1264.294844,4096,5698600,1024x1x1x1,0x0x0,1024x1x1x1
cache_v_l27 (view),SET_ROWS,0.017552,1264.316094,83886080,5698600,1024x40960x1x1,0x0x0,1024x40960x1x1
Qcur-27 (view),VIEW,0.000312,1264.320729,8192,5698600,128x16x1x1,0x0x0,128x16x1x1
Qcur-27 (view) (permuted),PERMUTE,0.013906,1264.338489,8192,5698600,128x1x16x1,0x0x0,128x1x16x1
cache_k_l27 (view),VIEW,0.000417,1264.343229,524288,5698600,128x8x256x1,0x0x0,128x8x256x1
cache_k_l27 (view) (permuted),PERMUTE,0.016250,1264.363333,524288,5698600,128x256x8x1,0x0x0,128x256x8x1
cache_v_l27 (view),VIEW,0.000417,1264.368073,524288,5698600,128x8x256x1,0x0x0,128x8x256x1
cache_v_l27 (view) (permuted),PERMUTE,0.014427,1264.389687,524288,5698600,128x256x8x1,0x0x0,128x256x8x1
node_970,FLASH_ATTN_EXT,0.048281,1264.442604,8192,5698600,128x16x1x1,0x0x0,128x16x1x1
kqv_out-27,RESHAPE,0.000312,1264.447083,8192,5698600,2048x1x1x1,0x0x0,2048x1x1x1
node_972,MUL_MAT,0.158177,1264.609010,8192,5698600,2048x1x1x1,0x0x0,2048x1x1x1
node_973,GET_ROWS,0.001250,1264.615208,8192,5698600,2048x1x1x1,0x0x0,2048x1x1x1
node_974,GET_ROWS,0.045834,1264.664792,8192,5698600,2048x1x1x1,0x0x0,2048x1x1x1
ffn_inp-27,ADD,0.041197,1264.710364,8192,5698600,2048x1x1x1,0x0x0,2048x1x1x1
norm-27,RMS_NORM,0.003177,1264.717656,8192,5698600,2048x1x1x1,0x0x0,2048x1x1x1
ffn_norm-27,MUL,0.001354,1264.722656,8192,5698600,2048x1x1x1,0x0x0,2048x1x1x1
ffn_gate-27,MUL_MAT,0.149427,1264.875677,24576,5698600,6144x1x1x1,0x0x0,6144x1x1x1
ffn_up-27,MUL_MAT,0.152083,1265.032031,24576,5698600,6144x1x1x1,0x0x0,6144x1x1x1
ffn_swiglu-27,GLU,0.004427,1265.040833,24576,5698600,6144x1x1x1,0x0x0,6144x1x1x1
ffn_out-27,MUL_MAT,0.162604,1265.207552,8192,5698600,2048x1x1x1,0x0x0,2048x1x1x1
l_out-27,ADD,0.001510,1265.213437,8192,5698600,2048x1x1x1,0x0x0,2048x1x1x1
norm,RMS_NORM,0.003073,1265.220208,8192,5698600,2048x1x1x1,0x0x0,2048x1x1x1
result_norm,MUL,0.001719,1265.225521,8192,5698600,2048x1x1x1,0x0x0,2048x1x1x1
result_output,MUL_MAT,4.720677,1269.949739,607744,5698600,151936x1x1x1,0x0x0,151936x1x1x1
embd,GET_ROWS,0.002187,1270.275416,8192,5698600,2048x1x1x1,0x0x0,2048x1x1x1
norm-0,RMS_NORM,0.082969,1270.365573,8192,5698600,2048x1x1x1,0x0x0,2048x1x1x1
attn_norm-0,MUL,0.001562,1270.372031,8192,5698600,2048x1x1x1,0x0x0,2048x1x1x1
Qcur-0,MUL_MAT,0.058438,1270.434271,8192,5698600,2048x1x1x1,0x0x0,2048x1x1x1
Qcur-0,RESHAPE,0.000261,1270.438802,8192,5698600,128x16x1x1,0x0x0,128x16x1x1
norm-0,RMS_NORM,0.081823,1270.524531,8192,5698600,128x16x1x1,0x0x0,128x16x1x1
Qcur_normed-0,MUL,0.001718,1270.530989,8192,5698600,128x16x1x1,0x0x0,128x16x1x1
Qcur-0,ROPE,0.002084,1270.536771,8192,5698600,128x16x1x1,0x0x0,128x16x1x1
Vcur-0,MUL_MAT,0.030677,1270.571146,4096,5698600,1024x1x1x1,0x0x0,1024x1x1x1
Vcur-0,RESHAPE,0.000469,1270.575781,4096,5698600,128x8x1x1,0x0x0,128x8x1x1
Kcur-0,MUL_MAT,0.114063,1270.693594,4096,5698600,1024x1x1x1,0x0x0,1024x1x1x1
Kcur-0,RESHAPE,0.000417,1270.698646,4096,5698600,128x8x1x1,0x0x0,128x8x1x1
norm-0,RMS_NORM,0.080885,1270.783229,4096,5698600,128x8x1x1,0x0x0,128x8x1x1
Kcur_normed-0,MUL,0.001354,1270.789062,4096,5698600,128x8x1x1,0x0x0,128x8x1x1
Kcur-0,ROPE,0.001667,1270.794323,4096,5698600,128x8x1x1,0x0x0,128x8x1x1
Kcur-0 (view),VIEW,0.000313,1270.798177,4096,5698600,1024x1x1x1,0x0x0,1024x1x1x1
cache_k_l0 (view),SET_ROWS,0.040885,1270.842812,83886080,5698600,1024x40960x1x1,0x0x0,1024x40960x1x1
Vcur-0 (view),VIEW,0.000468,1270.847812,4096,5698600,1024x1x1x1,0x0x0,1024x1x1x1
cache_v_l0 (view),SET_ROWS,0.014636,1270.866302,83886080,5698600,1024x40960x1x1,0x0x0,1024x40960x1x1
Qcur-0 (view),VIEW,0.000260,1270.870833,8192,5698600,128x16x1x1,0x0x0,128x16x1x1
Qcur-0 (view) (permuted),PERMUTE,0.014323,1270.889010,8192,5698600,128x1x16x1,0x0x0,128x1x16x1
cache_k_l0 (view),VIEW,0.005052,1270.898333,524288,5698600,128x8x256x1,0x0x0,128x8x256x1
cache_k_l0 (view) (permuted),PERMUTE,0.016406,1270.919010,524288,5698600,128x256x8x1,0x0x0,128x256x8x1
cache_v_l0 (view),VIEW,0.000730,1270.924219,524288,5698600,128x8x256x1,0x0x0,128x8x256x1
cache_v_l0 (view) (permuted),PERMUTE,0.014062,1270.942135,524288,5698600,128x256x8x1,0x0x0,128x256x8x1
node_25,FLASH_ATTN_EXT,0.049636,1270.996094,8192,5698600,128x16x1x1,0x0x0,128x16x1x1
kqv_out-0,RESHAPE,0.000261,1271.000521,8192,5698600,2048x1x1x1,0x0x0,2048x1x1x1
node_27,MUL_MAT,0.184531,1271.188802,8192,5698600,2048x1x1x1,0x0x0,2048x1x1x1
ffn_inp-0,ADD,0.001562,1271.195156,8192,5698600,2048x1x1x1,0x0x0,2048x1x1x1
norm-0,RMS_NORM,0.003177,1271.202083,8192,5698600,2048x1x1x1,0x0x0,2048x1x1x1
ffn_norm-0,MUL,0.001458,1271.207187,8192,5698600,2048x1x1x1,0x0x0,2048x1x1x1
ffn_gate-0,MUL_MAT,0.152604,1271.363489,24576,5698600,6144x1x1x1,0x0x0,6144x1x1x1
ffn_up-0,MUL_MAT,0.152135,1271.527812,24576,5698600,6144x1x1x1,0x0x0,6144x1x1x1
ffn_swiglu-0,GLU,0.004479,1271.536979,24576,5698600,6144x1x1x1,0x0x0,6144x1x1x1
ffn_out-0,MUL_MAT,0.185365,1271.726406,8192,5698600,2048x1x1x1,0x0x0,2048x1x1x1
l_out-0,ADD,0.001406,1271.732135,8192,5698600,2048x1x1x1,0x0x0,2048x1x1x1
norm-1,RMS_NORM,0.003281,1271.739166,8192,5698600,2048x1x1x1,0x0x0,2048x1x1x1
attn_norm-1,MUL,0.001458,1271.744166,8192,5698600,2048x1x1x1,0x0x0,2048x1x1x1
Qcur-1,MUL_MAT,0.057500,1271.805312,8192,5698600,2048x1x1x1,0x0x0,2048x1x1x1
Qcur-1,RESHAPE,0.000260,1271.810781,8192,5698600,128x16x1x1,0x0x0,128x16x1x1
norm-1,RMS_NORM,0.101198,1271.915833,8192,5698600,128x16x1x1,0x0x0,128x16x1x1
Qcur_normed-1,MUL,0.001614,1271.922187,8192,5698600,128x16x1x1,0x0x0,128x16x1x1
Qcur-1,ROPE,0.002136,1271.927969,8192,5698600,128x16x1x1,0x0x0,128x16x1x1
Vcur-1,MUL_MAT,0.030625,1271.962239,4096,5698600,1024x1x1x1,0x0x0,1024x1x1x1
Vcur-1,RESHAPE,0.000313,1271.966823,4096,5698600,128x8x1x1,0x0x0,128x8x1x1
Kcur-1,MUL_MAT,0.109843,1272.080312,4096,5698600,1024x1x1x1,0x0x0,1024x1x1x1
Kcur-1,RESHAPE,0.000312,1272.085312,4096,5698600,128x8x1x1,0x0x0,128x8x1x1
norm-1,RMS_NORM,0.078229,1272.167239,4096,5698600,128x8x1x1,0x0x0,128x8x1x1
Kcur_normed-1,MUL,0.001303,1272.172969,4096,5698600,128x8x1x1,0x0x0,128x8x1x1
Kcur-1,ROPE,0.001771,1272.178385,4096,5698600,128x8x1x1,0x0x0,128x8x1x1
Kcur-1 (view),VIEW,0.000312,1272.182239,4096,5698600,1024x1x1x1,0x0x0,1024x1x1x1
cache_k_l1 (view),SET_ROWS,0.033438,1272.219271,83886080,5698600,1024x40960x1x1,0x0x0,1024x40960x1x1
Vcur-1 (view),VIEW,0.000312,1272.224062,4096,5698600,1024x1x1x1,0x0x0,1024x1x1x1
cache_v_l1 (view),SET_ROWS,0.014688,1272.242500,83886080,5698600,1024x40960x1x1,0x0x0,1024x40960x1x1
Qcur-1 (view),VIEW,0.000416,1272.247291,8192,5698600,128x16x1x1,0x0x0,128x16x1x1
Qcur-1 (view) (permuted),PERMUTE,0.013750,1272.264948,8192,5698600,128x1x16x1,0x0x0,128x1x16x1
cache_k_l1 (view),VIEW,0.000521,1272.269687,524288,5698600,128x8x256x1,0x0x0,128x8x256x1
cache_k_l1 (view) (permuted),PERMUTE,0.014636,1272.288125,524288,5698600,128x256x8x1,0x0x0,128x256x8x1
cache_v_l1 (view),VIEW,0.000416,1272.292760,524288,5698600,128x8x256x1,0x0x0,128x8x256x1
cache_v_l1 (view) (permuted),PERMUTE,0.014584,1272.311250,524288,5698600,128x256x8x1,0x0x0,128x256x8x1
node_60,FLASH_ATTN_EXT,0.049948,1272.365469,8192,5698600,128x16x1x1,0x0x0,128x16x1x1
kqv_out-1,RESHAPE,0.000365,1272.369896,8192,5698600,2048x1x1x1,0x0x0,2048x1x1x1
node_62,MUL_MAT,0.137239,1272.510833,8192,5698600,2048x1x1x1,0x0x0,2048x1x1x1
ffn_inp-1,ADD,0.001354,1272.516927,8192,5698600,2048x1x1x1,0x0x0,2048x1x1x1
norm-1,RMS_NORM,0.003125,1272.523854,8192,5698600,2048x1x1x1,0x0x0,2048x1x1x1
ffn_norm-1,MUL,0.001562,1272.529062,8192,5698600,2048x1x1x1,0x0x0,2048x1x1x1
ffn_gate-1,MUL_MAT,0.169479,1272.702187,24576,5698600,6144x1x1x1,0x0x0,6144x1x1x1
ffn_up-1,MUL_MAT,0.152292,1272.859583,24576,5698600,6144x1x1x1,0x0x0,6144x1x1x1
ffn_swiglu-1,GLU,0.004114,1272.868489,24576,5698600,6144x1x1x1,0x0x0,6144x1x1x1
ffn_out-1,MUL_MAT,0.187396,1273.060000,8192,5698600,2048x1x1x1,0x0x0,2048x1x1x1
l_out-1,ADD,0.001458,1273.065833,8192,5698600,2048x1x1x1,0x0x0,2048x1x1x1
norm-2,RMS_NORM,0.003333,1273.072812,8192,5698600,2048x1x1x1,0x0x0,2048x1x1x1
attn_norm-2,MUL,0.001354,1273.077760,8192,5698600,2048x1x1x1,0x0x0,2048x1x1x1
Qcur-2,MUL_MAT,0.056771,1273.138125,8192,5698600,2048x1x1x1,0x0x0,2048x1x1x1
Qcur-2,RESHAPE,0.000260,1273.142604,8192,5698600,128x16x1x1,0x0x0,128x16x1x1
norm-2,RMS_NORM,0.086302,1273.232864,8192,5698600,128x16x1x1,0x0x0,128x16x1x1
Qcur_normed-2,MUL,0.001875,1273.239219,8192,5698600,128x16x1x1,0x0x0,128x16x1x1
Qcur-2,ROPE,0.002188,1273.245052,8192,5698600,128x16x1x1,0x0x0,128x16x1x1
Vcur-2,MUL_MAT,0.030416,1273.279062,4096,5698600,1024x1x1x1,0x0x0,1024x1x1x1
Vcur-2,RESHAPE,0.000261,1273.283698,4096,5698600,128x8x1x1,0x0x0,128x8x1x1
Kcur-2,MUL_MAT,0.129270,1273.416614,4096,5698600,1024x1x1x1,0x0x0,1024x1x1x1
Kcur-2,RESHAPE,0.000312,1273.421510,4096,5698600,128x8x1x1,0x0x0,128x8x1x1
norm-2,RMS_NORM,0.087344,1273.512656,4096,5698600,128x8x1x1,0x0x0,128x8x1x1
Kcur_normed-2,MUL,0.001354,1273.523802,4096,5698600,128x8x1x1,0x0x0,128x8x1x1
Kcur-2,ROPE,0.001771,1273.529479,4096,5698600,128x8x1x1,0x0x0,128x8x1x1
Kcur-2 (view),VIEW,0.000416,1273.533489,4096,5698600,1024x1x1x1,0x0x0,1024x1x1x1
cache_k_l2 (view),SET_ROWS,0.040729,1273.577864,83886080,5698600,1024x40960x1x1,0x0x0,1024x40960x1x1
Vcur-2 (view),VIEW,0.000312,1273.582656,4096,5698600,1024x1x1x1,0x0x0,1024x1x1x1
cache_v_l2 (view),SET_ROWS,0.014115,1273.600625,83886080,5698600,1024x40960x1x1,0x0x0,1024x40960x1x1
Qcur-2 (view),VIEW,0.000260,1273.605208,8192,5698600,128x16x1x1,0x0x0,128x16x1x1
Qcur-2 (view) (permuted),PERMUTE,0.014584,1273.623594,8192,5698600,128x1x16x1,0x0x0,128x1x16x1
cache_k_l2 (view),VIEW,0.000417,1273.628229,524288,5698600,128x8x256x1,0x0x0,128x8x256x1
cache_k_l2 (view) (permuted),PERMUTE,0.013438,1273.645521,524288,5698600,128x256x8x1,0x0x0,128x256x8x1
cache_v_l2 (view),VIEW,0.000416,1273.650260,524288,5698600,128x8x256x1,0x0x0,128x8x256x1
cache_v_l2 (view) (permuted),PERMUTE,0.016302,1273.670312,524288,5698600,128x256x8x1,0x0x0,128x256x8x1
node_95,FLASH_ATTN_EXT,0.045521,1273.720156,8192,5698600,128x16x1x1,0x0x0,128x16x1x1
kqv_out-2,RESHAPE,0.000312,1273.724687,8192,5698600,2048x1x1x1,0x0x0,2048x1x1x1
node_97,MUL_MAT,0.138594,1273.866927,8192,5698600,2048x1x1x1,0x0x0,2048x1x1x1
ffn_inp-2,ADD,0.001459,1273.873021,8192,5698600,2048x1x1x1,0x0x0,2048x1x1x1
norm-2,RMS_NORM,0.003177,1273.879948,8192,5698600,2048x1x1x1,0x0x0,2048x1x1x1
ffn_norm-2,MUL,0.001459,1273.885000,8192,5698600,2048x1x1x1,0x0x0,2048x1x1x1
ffn_gate-2,MUL_MAT,0.154375,1274.043073,24576,5698600,6144x1x1x1,0x0x0,6144x1x1x1
ffn_up-2,MUL_MAT,0.155469,1274.203073,24576,5698600,6144x1x1x1,0x0x0,6144x1x1x1
ffn_swiglu-2,GLU,0.004271,1274.211719,24576,5698600,6144x1x1x1,0x0x0,6144x1x1x1
ffn_out-2,MUL_MAT,0.186042,1274.401771,8192,5698600,2048x1x1x1,0x0x0,2048x1x1x1
l_out-2,ADD,0.001302,1274.407708,8192,5698600,2048x1x1x1,0x0x0,2048x1x1x1
norm-3,RMS_NORM,0.003490,1274.414948,8192,5698600,2048x1x1x1,0x0x0,2048x1x1x1
attn_norm-3,MUL,0.001406,1274.420052,8192,5698600,2048x1x1x1,0x0x0,2048x1x1x1
Qcur-3,MUL_MAT,0.057083,1274.480833,8192,5698600,2048x1x1x1,0x0x0,2048x1x1x1
Qcur-3,RESHAPE,0.000365,1274.485573,8192,5698600,128x16x1x1,0x0x0,128x16x1x1
norm-3,RMS_NORM,0.080417,1274.569844,8192,5698600,128x16x1x1,0x0x0,128x16x1x1
Qcur_normed-3,MUL,0.001718,1274.575989,8192,5698600,128x16x1x1,0x0x0,128x16x1x1
Qcur-3,ROPE,0.002188,1274.581771,8192,5698600,128x16x1x1,0x0x0,128x16x1x1
Vcur-3,MUL_MAT,0.030730,1274.616146,4096,5698600,1024x1x1x1,0x0x0,1024x1x1x1
Vcur-3,RESHAPE,0.000417,1274.620677,4096,5698600,128x8x1x1,0x0x0,128x8x1x1
Kcur-3,MUL_MAT,0.110312,1274.734739,4096,5698600,1024x1x1x1,0x0x0,1024x1x1x1
Kcur-3,RESHAPE,0.000469,1274.739896,4096,5698600,128x8x1x1,0x0x0,128x8x1x1
norm-3,RMS_NORM,0.086614,1274.830260,4096,5698600,128x8x1x1,0x0x0,128x8x1x1
Kcur_normed-3,MUL,0.001355,1274.836146,4096,5698600,128x8x1x1,0x0x0,128x8x1x1
Kcur-3,ROPE,0.001719,1274.841458,4096,5698600,128x8x1x1,0x0x0,128x8x1x1
Kcur-3 (view),VIEW,0.000468,1274.845416,4096,5698600,1024x1x1x1,0x0x0,1024x1x1x1
cache_k_l3 (view),SET_ROWS,0.033229,1274.882239,83886080,5698600,1024x40960x1x1,0x0x0,1024x40960x1x1
Vcur-3 (view),VIEW,0.000313,1274.886927,4096,5698600,1024x1x1x1,0x0x0,1024x1x1x1
cache_v_l3 (view),SET_ROWS,0.015313,1274.906094,83886080,5698600,1024x40960x1x1,0x0x0,1024x40960x1x1
Qcur-3 (view),VIEW,0.000260,1274.910781,8192,5698600,128x16x1x1,0x0x0,128x16x1x1
Qcur-3 (view) (permuted),PERMUTE,0.013490,1274.928125,8192,5698600,128x1x16x1,0x0x0,128x1x16x1
cache_k_l3 (view),VIEW,0.000468,1274.932916,524288,5698600,128x8x256x1,0x0x0,128x8x256x1
cache_k_l3 (view) (permuted),PERMUTE,0.016145,1274.952916,524288,5698600,128x256x8x1,0x0x0,128x256x8x1
cache_v_l3 (view),VIEW,0.000469,1274.957760,524288,5698600,128x8x256x1,0x0x0,128x8x256x1
cache_v_l3 (view) (permuted),PERMUTE,0.014323,1274.975989,524288,5698600,128x256x8x1,0x0x0,128x256x8x1
node_130,FLASH_ATTN_EXT,0.046250,1275.026406,8192,5698600,128x16x1x1,0x0x0,128x16x1x1
kqv_out-3,RESHAPE,0.000364,1275.030937,8192,5698600,2048x1x1x1,0x0x0,2048x1x1x1
node_132,MUL_MAT,0.140573,1275.178958,8192,5698600,2048x1x1x1,0x0x0,2048x1x1x1
ffn_inp-3,ADD,0.001458,1275.185104,8192,5698600,2048x1x1x1,0x0x0,2048x1x1x1
norm-3,RMS_NORM,0.003229,1275.192083,8192,5698600,2048x1x1x1,0x0x0,2048x1x1x1
ffn_norm-3,MUL,0.001511,1275.197344,8192,5698600,2048x1x1x1,0x0x0,2048x1x1x1
ffn_gate-3,MUL_MAT,0.152187,1275.353333,24576,5698600,6144x1x1x1,0x0x0,6144x1x1x1
ffn_up-3,MUL_MAT,0.151615,1275.509271,24576,5698600,6144x1x1x1,0x0x0,6144x1x1x1
ffn_swiglu-3,GLU,0.004323,1275.518125,24576,5698600,6144x1x1x1,0x0x0,6144x1x1x1
ffn_out-3,MUL_MAT,0.175677,1275.697760,8192,5698600,2048x1x1x1,0x0x0,2048x1x1x1
l_out-3,ADD,0.001354,1275.703437,8192,5698600,2048x1x1x1,0x0x0,2048x1x1x1
norm-4,RMS_NORM,0.003386,1275.710521,8192,5698600,2048x1x1x1,0x0x0,2048x1x1x1
attn_norm-4,MUL,0.001406,1275.715677,8192,5698600,2048x1x1x1,0x0x0,2048x1x1x1
Qcur-4,MUL_MAT,0.057812,1275.777031,8192,5698600,2048x1x1x1,0x0x0,2048x1x1x1
Qcur-4,RESHAPE,0.000469,1275.781719,8192,5698600,128x16x1x1,0x0x0,128x16x1x1
norm-4,RMS_NORM,0.089844,1275.875677,8192,5698600,128x16x1x1,0x0x0,128x16x1x1
Qcur_normed-4,MUL,0.001823,1275.882083,8192,5698600,128x16x1x1,0x0x0,128x16x1x1
Qcur-4,ROPE,0.002083,1275.887812,8192,5698600,128x16x1x1,0x0x0,128x16x1x1
Vcur-4,MUL_MAT,0.030052,1275.921458,4096,5698600,1024x1x1x1,0x0x0,1024x1x1x1
Vcur-4,RESHAPE,0.000417,1275.926094,4096,5698600,128x8x1x1,0x0x0,128x8x1x1
Kcur-4,MUL_MAT,0.113593,1276.043437,4096,5698600,1024x1x1x1,0x0x0,1024x1x1x1
Kcur-4,RESHAPE,0.000417,1276.048698,4096,5698600,128x8x1x1,0x0x0,128x8x1x1
norm-4,RMS_NORM,0.080313,1276.134844,4096,5698600,128x8x1x1,0x0x0,128x8x1x1
Kcur_normed-4,MUL,0.001875,1276.141146,4096,5698600,128x8x1x1,0x0x0,128x8x1x1
Kcur-4,ROPE,0.001771,1276.146510,4096,5698600,128x8x1x1,0x0x0,128x8x1x1
Kcur-4 (view),VIEW,0.000469,1276.150677,4096,5698600,1024x1x1x1,0x0x0,1024x1x1x1
cache_k_l4 (view),SET_ROWS,0.032708,1276.186979,83886080,5698600,1024x40960x1x1,0x0x0,1024x40960x1x1
Vcur-4 (view),VIEW,0.000313,1276.191927,4096,5698600,1024x1x1x1,0x0x0,1024x1x1x1
cache_v_l4 (view),SET_ROWS,0.014375,1276.210260,83886080,5698600,1024x40960x1x1,0x0x0,1024x40960x1x1
Qcur-4 (view),VIEW,0.000417,1276.215052,8192,5698600,128x16x1x1,0x0x0,128x16x1x1
Qcur-4 (view) (permuted),PERMUTE,0.013490,1276.232396,8192,5698600,128x1x16x1,0x0x0,128x1x16x1
cache_k_l4 (view),VIEW,0.000416,1276.237187,524288,5698600,128x8x256x1,0x0x0,128x8x256x1
cache_k_l4 (view) (permuted),PERMUTE,0.010417,1276.251354,524288,5698600,128x256x8x1,0x0x0,128x256x8x1
cache_v_l4 (view),VIEW,0.000521,1276.256146,524288,5698600,128x8x256x1,0x0x0,128x8x256x1
cache_v_l4 (view) (permuted),PERMUTE,0.013125,1276.273021,524288,5698600,128x256x8x1,0x0x0,128x256x8x1
node_165,FLASH_ATTN_EXT,0.047500,1276.324739,8192,5698600,128x16x1x1,0x0x0,128x16x1x1
kqv_out-4,RESHAPE,0.000260,1276.329166,8192,5698600,2048x1x1x1,0x0x0,2048x1x1x1
node_167,MUL_MAT,0.135416,1276.468385,8192,5698600,2048x1x1x1,0x0x0,2048x1x1x1
ffn_inp-4,ADD,0.001562,1276.474635,8192,5698600,2048x1x1x1,0x0x0,2048x1x1x1
norm-4,RMS_NORM,0.003177,1276.481458,8192,5698600,2048x1x1x1,0x0x0,2048x1x1x1
ffn_norm-4,MUL,0.001354,1276.486406,8192,5698600,2048x1x1x1,0x0x0,2048x1x1x1
ffn_gate-4,MUL_MAT,0.167708,1276.657812,24576,5698600,6144x1x1x1,0x0x0,6144x1x1x1
ffn_up-4,MUL_MAT,0.152552,1276.815000,24576,5698600,6144x1x1x1,0x0x0,6144x1x1x1
ffn_swiglu-4,GLU,0.004271,1276.823802,24576,5698600,6144x1x1x1,0x0x0,6144x1x1x1
ffn_out-4,MUL_MAT,0.163906,1276.991666,8192,5698600,2048x1x1x1,0x0x0,2048x1x1x1
l_out-4,ADD,0.001302,1276.997291,8192,5698600,2048x1x1x1,0x0x0,2048x1x1x1
norm-5,RMS_NORM,0.003386,1277.004323,8192,5698600,2048x1x1x1,0x0x0,2048x1x1x1
attn_norm-5,MUL,0.001614,1277.009583,8192,5698600,2048x1x1x1,0x0x0,2048x1x1x1
Qcur-5,MUL_MAT,0.056979,1277.070208,8192,5698600,2048x1x1x1,0x0x0,2048x1x1x1
Qcur-5,RESHAPE,0.000261,1277.075000,8192,5698600,128x16x1x1,0x0x0,128x16x1x1
norm-5,RMS_NORM,0.085104,1277.164114,8192,5698600,128x16x1x1,0x0x0,128x16x1x1
Qcur_normed-5,MUL,0.001823,1277.170521,8192,5698600,128x16x1x1,0x0x0,128x16x1x1
Qcur-5,ROPE,0.002188,1277.176354,8192,5698600,128x16x1x1,0x0x0,128x16x1x1
Vcur-5,MUL_MAT,0.030000,1277.210000,4096,5698600,1024x1x1x1,0x0x0,1024x1x1x1
Vcur-5,RESHAPE,0.000417,1277.214583,4096,5698600,128x8x1x1,0x0x0,128x8x1x1
Kcur-5,MUL_MAT,0.125885,1277.344114,4096,5698600,1024x1x1x1,0x0x0,1024x1x1x1
Kcur-5,RESHAPE,0.000312,1277.349062,4096,5698600,128x8x1x1,0x0x0,128x8x1x1
norm-5,RMS_NORM,0.090938,1277.443802,4096,5698600,128x8x1x1,0x0x0,128x8x1x1
Kcur_normed-5,MUL,0.001302,1277.449531,4096,5698600,128x8x1x1,0x0x0,128x8x1x1
Kcur-5,ROPE,0.001875,1277.455052,4096,5698600,128x8x1x1,0x0x0,128x8x1x1
Kcur-5 (view),VIEW,0.000416,1277.459062,4096,5698600,1024x1x1x1,0x0x0,1024x1x1x1
cache_k_l5 (view),SET_ROWS,0.033125,1277.495833,83886080,5698600,1024x40960x1x1,0x0x0,1024x40960x1x1
Vcur-5 (view),VIEW,0.000313,1277.500729,4096,5698600,1024x1x1x1,0x0x0,1024x1x1x1
cache_v_l5 (view),SET_ROWS,0.017344,1277.521823,83886080,5698600,1024x40960x1x1,0x0x0,1024x40960x1x1
Qcur-5 (view),VIEW,0.000260,1277.526510,8192,5698600,128x16x1x1,0x0x0,128x16x1x1
Qcur-5 (view) (permuted),PERMUTE,0.012344,1277.542656,8192,5698600,128x1x16x1,0x0x0,128x1x16x1
cache_k_l5 (view),VIEW,0.000417,1277.547344,524288,5698600,128x8x256x1,0x0x0,128x8x256x1
cache_k_l5 (view) (permuted),PERMUTE,0.017239,1277.568333,524288,5698600,128x256x8x1,0x0x0,128x256x8x1
cache_v_l5 (view),VIEW,0.000521,1277.573073,524288,5698600,128x8x256x1,0x0x0,128x8x256x1
cache_v_l5 (view) (permuted),PERMUTE,0.014427,1277.591250,524288,5698600,128x256x8x1,0x0x0,128x256x8x1
node_200,FLASH_ATTN_EXT,0.046562,1277.642291,8192,5698600,128x16x1x1,0x0x0,128x16x1x1
kqv_out-5,RESHAPE,0.000469,1277.650781,8192,5698600,2048x1x1x1,0x0x0,2048x1x1x1
node_202,MUL_MAT,0.138125,1277.792916,8192,5698600,2048x1x1x1,0x0x0,2048x1x1x1
ffn_inp-5,ADD,0.001354,1277.798958,8192,5698600,2048x1x1x1,0x0x0,2048x1x1x1
norm-5,RMS_NORM,0.003229,1277.805885,8192,5698600,2048x1x1x1,0x0x0,2048x1x1x1
ffn_norm-5,MUL,0.001406,1277.810937,8192,5698600,2048x1x1x1,0x0x0,2048x1x1x1
ffn_gate-5,MUL_MAT,0.152292,1277.966771,24576,5698600,6144x1x1x1,0x0x0,6144x1x1x1
ffn_up-5,MUL_MAT,0.153750,1278.125000,24576,5698600,6144x1x1x1,0x0x0,6144x1x1x1
ffn_swiglu-5,GLU,0.004271,1278.133750,24576,5698600,6144x1x1x1,0x0x0,6144x1x1x1
ffn_out-5,MUL_MAT,0.174896,1278.312708,8192,5698600,2048x1x1x1,0x0x0,2048x1x1x1
l_out-5,ADD,0.001458,1278.318489,8192,5698600,2048x1x1x1,0x0x0,2048x1x1x1
norm-6,RMS_NORM,0.003334,1278.325573,8192,5698600,2048x1x1x1,0x0x0,2048x1x1x1
attn_norm-6,MUL,0.001666,1278.330989,8192,5698600,2048x1x1x1,0x0x0,2048x1x1x1
Qcur-6,MUL_MAT,0.058230,1278.392969,8192,5698600,2048x1x1x1,0x0x0,2048x1x1x1
Qcur-6,RESHAPE,0.000312,1278.397656,8192,5698600,128x16x1x1,0x0x0,128x16x1x1
norm-6,RMS_NORM,0.102031,1278.503541,8192,5698600,128x16x1x1,0x0x0,128x16x1x1
Qcur_normed-6,MUL,0.001771,1278.510000,8192,5698600,128x16x1x1,0x0x0,128x16x1x1
Qcur-6,ROPE,0.001979,1278.515729,8192,5698600,128x16x1x1,0x0x0,128x16x1x1
Vcur-6,MUL_MAT,0.030156,1278.549479,4096,5698600,1024x1x1x1,0x0x0,1024x1x1x1
Vcur-6,RESHAPE,0.000312,1278.553958,4096,5698600,128x8x1x1,0x0x0,128x8x1x1
Kcur-6,MUL_MAT,0.118906,1278.676562,4096,5698600,1024x1x1x1,0x0x0,1024x1x1x1
Kcur-6,RESHAPE,0.000417,1278.682083,4096,5698600,128x8x1x1,0x0x0,128x8x1x1
norm-6,RMS_NORM,0.080677,1278.766458,4096,5698600,128x8x1x1,0x0x0,128x8x1x1
Kcur_normed-6,MUL,0.001354,1278.772187,4096,5698600,128x8x1x1,0x0x0,128x8x1x1
Kcur-6,ROPE,0.001615,1278.777396,4096,5698600,128x8x1x1,0x0x0,128x8x1x1
Kcur-6 (view),VIEW,0.000313,1278.781302,4096,5698600,1024x1x1x1,0x0x0,1024x1x1x1
cache_k_l6 (view),SET_ROWS,0.033021,1278.817969,83886080,5698600,1024x40960x1x1,0x0x0,1024x40960x1x1
Vcur-6 (view),VIEW,0.000260,1278.822864,4096,5698600,1024x1x1x1,0x0x0,1024x1x1x1
cache_v_l6 (view),SET_ROWS,0.016667,1278.843229,83886080,5698600,1024x40960x1x1,0x0x0,1024x40960x1x1
Qcur-6 (view),VIEW,0.000416,1278.847916,8192,5698600,128x16x1x1,0x0x0,128x16x1x1
Qcur-6 (view) (permuted),PERMUTE,0.013437,1278.865156,8192,5698600,128x1x16x1,0x0x0,128x1x16x1
cache_k_l6 (view),VIEW,0.000417,1278.869844,524288,5698600,128x8x256x1,0x0x0,128x8x256x1
cache_k_l6 (view) (permuted),PERMUTE,0.014375,1278.888125,524288,5698600,128x256x8x1,0x0x0,128x256x8x1
cache_v_l6 (view),VIEW,0.000520,1278.892916,524288,5698600,128x8x256x1,0x0x0,128x8x256x1
cache_v_l6 (view) (permuted),PERMUTE,0.013281,1278.910104,524288,5698600,128x256x8x1,0x0x0,128x256x8x1
node_235,FLASH_ATTN_EXT,0.048646,1278.963073,8192,5698600,128x16x1x1,0x0x0,128x16x1x1
kqv_out-6,RESHAPE,0.000312,1278.967708,8192,5698600,2048x1x1x1,0x0x0,2048x1x1x1
node_237,MUL_MAT,0.137031,1279.108385,8192,5698600,2048x1x1x1,0x0x0,2048x1x1x1
ffn_inp-6,ADD,0.001354,1279.114114,8192,5698600,2048x1x1x1,0x0x0,2048x1x1x1
norm-6,RMS_NORM,0.003333,1279.121041,8192,5698600,2048x1x1x1,0x0x0,2048x1x1x1
ffn_norm-6,MUL,0.001458,1279.126041,8192,5698600,2048x1x1x1,0x0x0,2048x1x1x1
ffn_gate-6,MUL_MAT,0.152240,1279.281927,24576,5698600,6144x1x1x1,0x0x0,6144x1x1x1
ffn_up-6,MUL_MAT,0.153646,1279.440260,24576,5698600,6144x1x1x1,0x0x0,6144x1x1x1
ffn_swiglu-6,GLU,0.004271,1279.448906,24576,5698600,6144x1x1x1,0x0x0,6144x1x1x1
ffn_out-6,MUL_MAT,0.174583,1279.627552,8192,5698600,2048x1x1x1,0x0x0,2048x1x1x1
l_out-6,ADD,0.001302,1279.633229,8192,5698600,2048x1x1x1,0x0x0,2048x1x1x1
norm-7,RMS_NORM,0.003333,1279.640364,8192,5698600,2048x1x1x1,0x0x0,2048x1x1x1
attn_norm-7,MUL,0.001302,1279.645312,8192,5698600,2048x1x1x1,0x0x0,2048x1x1x1
Qcur-7,MUL_MAT,0.057708,1279.706666,8192,5698600,2048x1x1x1,0x0x0,2048x1x1x1
Qcur-7,RESHAPE,0.000365,1279.711406,8192,5698600,128x16x1x1,0x0x0,128x16x1x1
norm-7,RMS_NORM,0.083177,1279.798437,8192,5698600,128x16x1x1,0x0x0,128x16x1x1
Qcur_normed-7,MUL,0.001666,1279.804635,8192,5698600,128x16x1x1,0x0x0,128x16x1x1
Qcur-7,ROPE,0.002031,1279.814166,8192,5698600,128x16x1x1,0x0x0,128x16x1x1
Vcur-7,MUL_MAT,0.030260,1279.848281,4096,5698600,1024x1x1x1,0x0x0,1024x1x1x1
Vcur-7,RESHAPE,0.000416,1279.852916,4096,5698600,128x8x1x1,0x0x0,128x8x1x1
Kcur-7,MUL_MAT,0.107813,1279.964479,4096,5698600,1024x1x1x1,0x0x0,1024x1x1x1
Kcur-7,RESHAPE,0.000417,1279.969479,4096,5698600,128x8x1x1,0x0x0,128x8x1x1
norm-7,RMS_NORM,0.081094,1280.054323,4096,5698600,128x8x1x1,0x0x0,128x8x1x1
Kcur_normed-7,MUL,0.001250,1280.060052,4096,5698600,128x8x1x1,0x0x0,128x8x1x1
Kcur-7,ROPE,0.001823,1280.065573,4096,5698600,128x8x1x1,0x0x0,128x8x1x1
Kcur-7 (view),VIEW,0.000469,1280.069583,4096,5698600,1024x1x1x1,0x0x0,1024x1x1x1
cache_k_l7 (view),SET_ROWS,0.031458,1280.104687,83886080,5698600,1024x40960x1x1,0x0x0,1024x40960x1x1
Vcur-7 (view),VIEW,0.000312,1280.109583,4096,5698600,1024x1x1x1,0x0x0,1024x1x1x1
cache_v_l7 (view),SET_ROWS,0.013854,1280.127239,83886080,5698600,1024x40960x1x1,0x0x0,1024x40960x1x1
Qcur-7 (view),VIEW,0.000261,1280.131823,8192,5698600,128x16x1x1,0x0x0,128x16x1x1
Qcur-7 (view) (permuted),PERMUTE,0.013802,1280.149323,8192,5698600,128x1x16x1,0x0x0,128x1x16x1
cache_k_l7 (view),VIEW,0.000468,1280.154062,524288,5698600,128x8x256x1,0x0x0,128x8x256x1
cache_k_l7 (view) (permuted),PERMUTE,0.010469,1280.168385,524288,5698600,128x256x8x1,0x0x0,128x256x8x1
cache_v_l7 (view),VIEW,0.000417,1280.173073,524288,5698600,128x8x256x1,0x0x0,128x8x256x1
cache_v_l7 (view) (permuted),PERMUTE,0.013594,1280.190469,524288,5698600,128x256x8x1,0x0x0,128x256x8x1
node_270,FLASH_ATTN_EXT,0.045938,1280.240625,8192,5698600,128x16x1x1,0x0x0,128x16x1x1
kqv_out-7,RESHAPE,0.000261,1280.244948,8192,5698600,2048x1x1x1,0x0x0,2048x1x1x1
node_272,MUL_MAT,0.153646,1280.402396,8192,5698600,2048x1x1x1,0x0x0,2048x1x1x1
ffn_inp-7,ADD,0.001511,1280.408594,8192,5698600,2048x1x1x1,0x0x0,2048x1x1x1
norm-7,RMS_NORM,0.003177,1280.415416,8192,5698600,2048x1x1x1,0x0x0,2048x1x1x1
ffn_norm-7,MUL,0.001667,1280.420729,8192,5698600,2048x1x1x1,0x0x0,2048x1x1x1
ffn_gate-7,MUL_MAT,0.171146,1280.595521,24576,5698600,6144x1x1x1,0x0x0,6144x1x1x1
ffn_up-7,MUL_MAT,0.152084,1280.752344,24576,5698600,6144x1x1x1,0x0x0,6144x1x1x1
ffn_swiglu-7,GLU,0.004271,1280.760885,24576,5698600,6144x1x1x1,0x0x0,6144x1x1x1
ffn_out-7,MUL_MAT,0.168073,1280.932969,8192,5698600,2048x1x1x1,0x0x0,2048x1x1x1
l_out-7,ADD,0.001407,1280.938646,8192,5698600,2048x1x1x1,0x0x0,2048x1x1x1
norm-8,RMS_NORM,0.003333,1280.945677,8192,5698600,2048x1x1x1,0x0x0,2048x1x1x1
attn_norm-8,MUL,0.001562,1280.950833,8192,5698600,2048x1x1x1,0x0x0,2048x1x1x1
Qcur-8,MUL_MAT,0.056771,1281.011094,8192,5698600,2048x1x1x1,0x0x0,2048x1x1x1
Qcur-8,RESHAPE,0.000313,1281.015729,8192,5698600,128x16x1x1,0x0x0,128x16x1x1
norm-8,RMS_NORM,0.077760,1281.097291,8192,5698600,128x16x1x1,0x0x0,128x16x1x1
Qcur_normed-8,MUL,0.001927,1281.103698,8192,5698600,128x16x1x1,0x0x0,128x16x1x1
Qcur-8,ROPE,0.001875,1281.109219,8192,5698600,128x16x1x1,0x0x0,128x16x1x1
Vcur-8,MUL_MAT,0.030052,1281.142916,4096,5698600,1024x1x1x1,0x0x0,1024x1x1x1
Vcur-8,RESHAPE,0.000469,1281.147604,4096,5698600,128x8x1x1,0x0x0,128x8x1x1
Kcur-8,MUL_MAT,0.120677,1281.271979,4096,5698600,1024x1x1x1,0x0x0,1024x1x1x1
Kcur-8,RESHAPE,0.000313,1281.276771,4096,5698600,128x8x1x1,0x0x0,128x8x1x1
norm-8,RMS_NORM,0.083177,1281.363750,4096,5698600,128x8x1x1,0x0x0,128x8x1x1
Kcur_normed-8,MUL,0.001302,1281.369791,4096,5698600,128x8x1x1,0x0x0,128x8x1x1
Kcur-8,ROPE,0.001771,1281.375208,4096,5698600,128x8x1x1,0x0x0,128x8x1x1
Kcur-8 (view),VIEW,0.000417,1281.379219,4096,5698600,1024x1x1x1,0x0x0,1024x1x1x1
cache_k_l8 (view),SET_ROWS,0.039688,1281.422552,83886080,5698600,1024x40960x1x1,0x0x0,1024x40960x1x1
Vcur-8 (view),VIEW,0.000261,1281.427448,4096,5698600,1024x1x1x1,0x0x0,1024x1x1x1
cache_v_l8 (view),SET_ROWS,0.014427,1281.445677,83886080,5698600,1024x40960x1x1,0x0x0,1024x40960x1x1
Qcur-8 (view),VIEW,0.000416,1281.450416,8192,5698600,128x16x1x1,0x0x0,128x16x1x1
Qcur-8 (view) (permuted),PERMUTE,0.014792,1281.468906,8192,5698600,128x1x16x1,0x0x0,128x1x16x1
cache_k_l8 (view),VIEW,0.000260,1281.473437,524288,5698600,128x8x256x1,0x0x0,128x8x256x1
cache_k_l8 (view) (permuted),PERMUTE,0.014323,1281.495156,524288,5698600,128x256x8x1,0x0x0,128x256x8x1
cache_v_l8 (view),VIEW,0.000417,1281.499948,524288,5698600,128x8x256x1,0x0x0,128x8x256x1
cache_v_l8 (view) (permuted),PERMUTE,0.010364,1281.514114,524288,5698600,128x256x8x1,0x0x0,128x256x8x1
node_305,FLASH_ATTN_EXT,0.044740,1281.563125,8192,5698600,128x16x1x1,0x0x0,128x16x1x1
kqv_out-8,RESHAPE,0.000781,1281.568177,8192,5698600,2048x1x1x1,0x0x0,2048x1x1x1
node_307,MUL_MAT,0.133281,1281.705104,8192,5698600,2048x1x1x1,0x0x0,2048x1x1x1
ffn_inp-8,ADD,0.001718,1281.711666,8192,5698600,2048x1x1x1,0x0x0,2048x1x1x1
norm-8,RMS_NORM,0.003229,1281.718698,8192,5698600,2048x1x1x1,0x0x0,2048x1x1x1
ffn_norm-8,MUL,0.001407,1281.723646,8192,5698600,2048x1x1x1,0x0x0,2048x1x1x1
ffn_gate-8,MUL_MAT,0.152552,1281.879791,24576,5698600,6144x1x1x1,0x0x0,6144x1x1x1
ffn_up-8,MUL_MAT,0.151823,1282.035885,24576,5698600,6144x1x1x1,0x0x0,6144x1x1x1
ffn_swiglu-8,GLU,0.004323,1282.044844,24576,5698600,6144x1x1x1,0x0x0,6144x1x1x1
ffn_out-8,MUL_MAT,0.175625,1282.224479,8192,5698600,2048x1x1x1,0x0x0,2048x1x1x1
l_out-8,ADD,0.001354,1282.230260,8192,5698600,2048x1x1x1,0x0x0,2048x1x1x1
norm-9,RMS_NORM,0.003386,1282.237344,8192,5698600,2048x1x1x1,0x0x0,2048x1x1x1
attn_norm-9,MUL,0.001719,1282.242760,8192,5698600,2048x1x1x1,0x0x0,2048x1x1x1
Qcur-9,MUL_MAT,0.057083,1282.303489,8192,5698600,2048x1x1x1,0x0x0,2048x1x1x1
Qcur-9,RESHAPE,0.000364,1282.308333,8192,5698600,128x16x1x1,0x0x0,128x16x1x1
norm-9,RMS_NORM,0.088125,1282.400364,8192,5698600,128x16x1x1,0x0x0,128x16x1x1
Qcur_normed-9,MUL,0.001666,1282.406614,8192,5698600,128x16x1x1,0x0x0,128x16x1x1
Qcur-9,ROPE,0.002084,1282.412344,8192,5698600,128x16x1x1,0x0x0,128x16x1x1
Vcur-9,MUL_MAT,0.030105,1282.446094,4096,5698600,1024x1x1x1,0x0x0,1024x1x1x1
Vcur-9,RESHAPE,0.000417,1282.450625,4096,5698600,128x8x1x1,0x0x0,128x8x1x1
Kcur-9,MUL_MAT,0.118541,1282.572916,4096,5698600,1024x1x1x1,0x0x0,1024x1x1x1
Kcur-9,RESHAPE,0.000260,1282.577812,4096,5698600,128x8x1x1,0x0x0,128x8x1x1
norm-9,RMS_NORM,0.065781,1282.647291,4096,5698600,128x8x1x1,0x0x0,128x8x1x1
Kcur_normed-9,MUL,0.001250,1282.653177,4096,5698600,128x8x1x1,0x0x0,128x8x1x1
Kcur-9,ROPE,0.001718,1282.658541,4096,5698600,128x8x1x1,0x0x0,128x8x1x1
Kcur-9 (view),VIEW,0.000313,1282.662396,4096,5698600,1024x1x1x1,0x0x0,1024x1x1x1
cache_k_l9 (view),SET_ROWS,0.040209,1282.706198,83886080,5698600,1024x40960x1x1,0x0x0,1024x40960x1x1
Vcur-9 (view),VIEW,0.000417,1282.711146,4096,5698600,1024x1x1x1,0x0x0,1024x1x1x1
cache_v_l9 (view),SET_ROWS,0.017291,1282.732239,83886080,5698600,1024x40960x1x1,0x0x0,1024x40960x1x1
Qcur-9 (view),VIEW,0.000313,1282.736927,8192,5698600,128x16x1x1,0x0x0,128x16x1x1
Qcur-9 (view) (permuted),PERMUTE,0.016042,1282.756823,8192,5698600,128x1x16x1,0x0x0,128x1x16x1
cache_k_l9 (view),VIEW,0.000468,1282.761562,524288,5698600,128x8x256x1,0x0x0,128x8x256x1
cache_k_l9 (view) (permuted),PERMUTE,0.014323,1282.779739,524288,5698600,128x256x8x1,0x0x0,128x256x8x1
cache_v_l9 (view),VIEW,0.000313,1282.784375,524288,5698600,128x8x256x1,0x0x0,128x8x256x1
cache_v_l9 (view) (permuted),PERMUTE,0.016719,1282.804896,524288,5698600,128x256x8x1,0x0x0,128x256x8x1
node_340,FLASH_ATTN_EXT,0.045365,1282.854531,8192,5698600,128x16x1x1,0x0x0,128x16x1x1
kqv_out-9,RESHAPE,0.000260,1282.858854,8192,5698600,2048x1x1x1,0x0x0,2048x1x1x1
node_342,MUL_MAT,0.136927,1282.999531,8192,5698600,2048x1x1x1,0x0x0,2048x1x1x1
ffn_inp-9,ADD,0.001354,1283.005625,8192,5698600,2048x1x1x1,0x0x0,2048x1x1x1
norm-9,RMS_NORM,0.003281,1283.012552,8192,5698600,2048x1x1x1,0x0x0,2048x1x1x1
ffn_norm-9,MUL,0.001510,1283.017656,8192,5698600,2048x1x1x1,0x0x0,2048x1x1x1
ffn_gate-9,MUL_MAT,0.152969,1283.174323,24576,5698600,6144x1x1x1,0x0x0,6144x1x1x1
ffn_up-9,MUL_MAT,0.152291,1283.331041,24576,5698600,6144x1x1x1,0x0x0,6144x1x1x1
ffn_swiglu-9,GLU,0.004375,1283.339687,24576,5698600,6144x1x1x1,0x0x0,6144x1x1x1
ffn_out-9,MUL_MAT,0.175156,1283.518906,8192,5698600,2048x1x1x1,0x0x0,2048x1x1x1
l_out-9,ADD,0.001354,1283.524531,8192,5698600,2048x1x1x1,0x0x0,2048x1x1x1
norm-10,RMS_NORM,0.003333,1283.531666,8192,5698600,2048x1x1x1,0x0x0,2048x1x1x1
attn_norm-10,MUL,0.001354,1283.540260,8192,5698600,2048x1x1x1,0x0x0,2048x1x1x1
Qcur-10,MUL_MAT,0.058386,1283.602552,8192,5698600,2048x1x1x1,0x0x0,2048x1x1x1
Qcur-10,RESHAPE,0.000312,1283.607031,8192,5698600,128x16x1x1,0x0x0,128x16x1x1
norm-10,RMS_NORM,0.079896,1283.690937,8192,5698600,128x16x1x1,0x0x0,128x16x1x1
Qcur_normed-10,MUL,0.001823,1283.697344,8192,5698600,128x16x1x1,0x0x0,128x16x1x1
Qcur-10,ROPE,0.001927,1283.703021,8192,5698600,128x16x1x1,0x0x0,128x16x1x1
Vcur-10,MUL_MAT,0.030782,1283.737344,4096,5698600,1024x1x1x1,0x0x0,1024x1x1x1
Vcur-10,RESHAPE,0.000313,1283.741927,4096,5698600,128x8x1x1,0x0x0,128x8x1x1
Kcur-10,MUL_MAT,0.113177,1283.858906,4096,5698600,1024x1x1x1,0x0x0,1024x1x1x1
Kcur-10,RESHAPE,0.000313,1283.863750,4096,5698600,128x8x1x1,0x0x0,128x8x1x1
norm-10,RMS_NORM,0.064010,1283.931562,4096,5698600,128x8x1x1,0x0x0,128x8x1x1
Kcur_normed-10,MUL,0.001302,1283.937500,4096,5698600,128x8x1x1,0x0x0,128x8x1x1
Kcur-10,ROPE,0.001927,1283.943073,4096,5698600,128x8x1x1,0x0x0,128x8x1x1
Kcur-10 (view),VIEW,0.000417,1283.947083,4096,5698600,1024x1x1x1,0x0x0,1024x1x1x1
cache_k_l10 (view),SET_ROWS,0.032760,1283.983541,83886080,5698600,1024x40960x1x1,0x0x0,1024x40960x1x1
Vcur-10 (view),VIEW,0.000469,1283.988594,4096,5698600,1024x1x1x1,0x0x0,1024x1x1x1
cache_v_l10 (view),SET_ROWS,0.014896,1284.007344,83886080,5698600,1024x40960x1x1,0x0x0,1024x40960x1x1
Qcur-10 (view),VIEW,0.000417,1284.012083,8192,5698600,128x16x1x1,0x0x0,128x16x1x1
Qcur-10 (view) (permuted),PERMUTE,0.013542,1284.029375,8192,5698600,128x1x16x1,0x0x0,128x1x16x1
cache_k_l10 (view),VIEW,0.000260,1284.033958,524288,5698600,128x8x256x1,0x0x0,128x8x256x1
cache_k_l10 (view) (permuted),PERMUTE,0.014532,1284.052344,524288,5698600,128x256x8x1,0x0x0,128x256x8x1
cache_v_l10 (view),VIEW,0.000417,1284.057031,524288,5698600,128x8x256x1,0x0x0,128x8x256x1
cache_v_l10 (view) (permuted),PERMUTE,0.014011,1284.074844,524288,5698600,128x256x8x1,0x0x0,128x256x8x1
node_375,FLASH_ATTN_EXT,0.048073,1284.127083,8192,5698600,128x16x1x1,0x0x0,128x16x1x1
kqv_out-10,RESHAPE,0.000260,1284.131458,8192,5698600,2048x1x1x1,0x0x0,2048x1x1x1
node_377,MUL_MAT,0.134063,1284.269323,8192,5698600,2048x1x1x1,0x0x0,2048x1x1x1
ffn_inp-10,ADD,0.001511,1284.275521,8192,5698600,2048x1x1x1,0x0x0,2048x1x1x1
norm-10,RMS_NORM,0.003333,1284.282604,8192,5698600,2048x1x1x1,0x0x0,2048x1x1x1
ffn_norm-10,MUL,0.001354,1284.287552,8192,5698600,2048x1x1x1,0x0x0,2048x1x1x1
ffn_gate-10,MUL_MAT,0.152812,1284.444062,24576,5698600,6144x1x1x1,0x0x0,6144x1x1x1
ffn_up-10,MUL_MAT,0.170261,1284.618646,24576,5698600,6144x1x1x1,0x0x0,6144x1x1x1
ffn_swiglu-10,GLU,0.004271,1284.627812,24576,5698600,6144x1x1x1,0x0x0,6144x1x1x1
ffn_out-10,MUL_MAT,0.174948,1284.806875,8192,5698600,2048x1x1x1,0x0x0,2048x1x1x1
l_out-10,ADD,0.001302,1284.812552,8192,5698600,2048x1x1x1,0x0x0,2048x1x1x1
norm-11,RMS_NORM,0.003385,1284.819583,8192,5698600,2048x1x1x1,0x0x0,2048x1x1x1
attn_norm-11,MUL,0.001510,1284.824739,8192,5698600,2048x1x1x1,0x0x0,2048x1x1x1
Qcur-11,MUL_MAT,0.058333,1284.886666,8192,5698600,2048x1x1x1,0x0x0,2048x1x1x1
Qcur-11,RESHAPE,0.000313,1284.891250,8192,5698600,128x16x1x1,0x0x0,128x16x1x1
norm-11,RMS_NORM,0.088490,1284.983594,8192,5698600,128x16x1x1,0x0x0,128x16x1x1
Qcur_normed-11,MUL,0.001823,1284.989896,8192,5698600,128x16x1x1,0x0x0,128x16x1x1
Qcur-11,ROPE,0.002084,1284.995625,8192,5698600,128x16x1x1,0x0x0,128x16x1x1
Vcur-11,MUL_MAT,0.030312,1285.029583,4096,5698600,1024x1x1x1,0x0x0,1024x1x1x1
Vcur-11,RESHAPE,0.000312,1285.034062,4096,5698600,128x8x1x1,0x0x0,128x8x1x1
Kcur-11,MUL_MAT,0.119323,1285.157083,4096,5698600,1024x1x1x1,0x0x0,1024x1x1x1
Kcur-11,RESHAPE,0.000313,1285.161979,4096,5698600,128x8x1x1,0x0x0,128x8x1x1
norm-11,RMS_NORM,0.082708,1285.248437,4096,5698600,128x8x1x1,0x0x0,128x8x1x1
Kcur_normed-11,MUL,0.001302,1285.254375,4096,5698600,128x8x1x1,0x0x0,128x8x1x1
Kcur-11,ROPE,0.001718,1285.259739,4096,5698600,128x8x1x1,0x0x0,128x8x1x1
Kcur-11 (view),VIEW,0.000469,1285.263802,4096,5698600,1024x1x1x1,0x0x0,1024x1x1x1
cache_k_l11 (view),SET_ROWS,0.035937,1285.303385,83886080,5698600,1024x40960x1x1,0x0x0,1024x40960x1x1
Vcur-11 (view),VIEW,0.000312,1285.311666,4096,5698600,1024x1x1x1,0x0x0,1024x1x1x1
cache_v_l11 (view),SET_ROWS,0.017500,1285.333437,83886080,5698600,1024x40960x1x1,0x0x0,1024x40960x1x1
Qcur-11 (view),VIEW,0.000261,1285.338073,8192,5698600,128x16x1x1,0x0x0,128x16x1x1
Qcur-11 (view) (permuted),PERMUTE,0.012968,1285.354791,8192,5698600,128x1x16x1,0x0x0,128x1x16x1
cache_k_l11 (view),VIEW,0.000417,1285.359531,524288,5698600,128x8x256x1,0x0x0,128x8x256x1
cache_k_l11 (view) (permuted),PERMUTE,0.016667,1285.380052,524288,5698600,128x256x8x1,0x0x0,128x256x8x1
cache_v_l11 (view),VIEW,0.000416,1285.384791,524288,5698600,128x8x256x1,0x0x0,128x8x256x1
cache_v_l11 (view) (permuted),PERMUTE,0.014062,1285.402760,524288,5698600,128x256x8x1,0x0x0,128x256x8x1
node_410,FLASH_ATTN_EXT,0.046563,1285.453594,8192,5698600,128x16x1x1,0x0x0,128x16x1x1
kqv_out-11,RESHAPE,0.000313,1285.458021,8192,5698600,2048x1x1x1,0x0x0,2048x1x1x1
node_412,MUL_MAT,0.133385,1285.595156,8192,5698600,2048x1x1x1,0x0x0,2048x1x1x1
ffn_inp-11,ADD,0.001459,1285.601094,8192,5698600,2048x1x1x1,0x0x0,2048x1x1x1
norm-11,RMS_NORM,0.003177,1285.608073,8192,5698600,2048x1x1x1,0x0x0,2048x1x1x1
ffn_norm-11,MUL,0.001511,1285.613177,8192,5698600,2048x1x1x1,0x0x0,2048x1x1x1
ffn_gate-11,MUL_MAT,0.151718,1285.768489,24576,5698600,6144x1x1x1,0x0x0,6144x1x1x1
ffn_up-11,MUL_MAT,0.151667,1285.924531,24576,5698600,6144x1x1x1,0x0x0,6144x1x1x1
ffn_swiglu-11,GLU,0.004115,1285.933021,24576,5698600,6144x1x1x1,0x0x0,6144x1x1x1
ffn_out-11,MUL_MAT,0.174271,1286.111302,8192,5698600,2048x1x1x1,0x0x0,2048x1x1x1
l_out-11,ADD,0.001458,1286.117187,8192,5698600,2048x1x1x1,0x0x0,2048x1x1x1
norm-12,RMS_NORM,0.003386,1286.124323,8192,5698600,2048x1x1x1,0x0x0,2048x1x1x1
attn_norm-12,MUL,0.001614,1286.129583,8192,5698600,2048x1x1x1,0x0x0,2048x1x1x1
Qcur-12,MUL_MAT,0.057292,1286.190521,8192,5698600,2048x1x1x1,0x0x0,2048x1x1x1
Qcur-12,RESHAPE,0.000312,1286.195156,8192,5698600,128x16x1x1,0x0x0,128x16x1x1
norm-12,RMS_NORM,0.093490,1286.292396,8192,5698600,128x16x1x1,0x0x0,128x16x1x1
Qcur_normed-12,MUL,0.001719,1286.298646,8192,5698600,128x16x1x1,0x0x0,128x16x1x1
Qcur-12,ROPE,0.001979,1286.304166,8192,5698600,128x16x1x1,0x0x0,128x16x1x1
Vcur-12,MUL_MAT,0.030261,1286.338021,4096,5698600,1024x1x1x1,0x0x0,1024x1x1x1
Vcur-12,RESHAPE,0.000313,1286.342500,4096,5698600,128x8x1x1,0x0x0,128x8x1x1
Kcur-12,MUL_MAT,0.112343,1286.458541,4096,5698600,1024x1x1x1,0x0x0,1024x1x1x1
Kcur-12,RESHAPE,0.000364,1286.463489,4096,5698600,128x8x1x1,0x0x0,128x8x1x1
norm-12,RMS_NORM,0.080572,1286.547916,4096,5698600,128x8x1x1,0x0x0,128x8x1x1
Kcur_normed-12,MUL,0.001302,1286.553854,4096,5698600,128x8x1x1,0x0x0,128x8x1x1
Kcur-12,ROPE,0.001614,1286.559062,4096,5698600,128x8x1x1,0x0x0,128x8x1x1
Kcur-12 (view),VIEW,0.000417,1286.563073,4096,5698600,1024x1x1x1,0x0x0,1024x1x1x1
cache_k_l12 (view),SET_ROWS,0.040416,1286.607135,83886080,5698600,1024x40960x1x1,0x0x0,1024x40960x1x1
Vcur-12 (view),VIEW,0.000313,1286.611875,4096,5698600,1024x1x1x1,0x0x0,1024x1x1x1
cache_v_l12 (view),SET_ROWS,0.014271,1286.629844,83886080,5698600,1024x40960x1x1,0x0x0,1024x40960x1x1
Qcur-12 (view),VIEW,0.000260,1286.634531,8192,5698600,128x16x1x1,0x0x0,128x16x1x1
Qcur-12 (view) (permuted),PERMUTE,0.016198,1286.654635,8192,5698600,128x1x16x1,0x0x0,128x1x16x1
cache_k_l12 (view),VIEW,0.000417,1286.659427,524288,5698600,128x8x256x1,0x0x0,128x8x256x1
cache_k_l12 (view) (permuted),PERMUTE,0.016615,1286.680000,524288,5698600,128x256x8x1,0x0x0,128x256x8x1
cache_v_l12 (view),VIEW,0.000520,1286.684791,524288,5698600,128x8x256x1,0x0x0,128x8x256x1
cache_v_l12 (view) (permuted),PERMUTE,0.012864,1286.701510,524288,5698600,128x256x8x1,0x0x0,128x256x8x1
node_445,FLASH_ATTN_EXT,0.046146,1286.751927,8192,5698600,128x16x1x1,0x0x0,128x16x1x1
kqv_out-12,RESHAPE,0.000313,1286.756302,8192,5698600,2048x1x1x1,0x0x0,2048x1x1x1
node_447,MUL_MAT,0.135000,1286.894948,8192,5698600,2048x1x1x1,0x0x0,2048x1x1x1
ffn_inp-12,ADD,0.001354,1286.900989,8192,5698600,2048x1x1x1,0x0x0,2048x1x1x1
norm-12,RMS_NORM,0.003230,1286.907969,8192,5698600,2048x1x1x1,0x0x0,2048x1x1x1
ffn_norm-12,MUL,0.001406,1286.915833,8192,5698600,2048x1x1x1,0x0x0,2048x1x1x1
ffn_gate-12,MUL_MAT,0.151042,1287.070781,24576,5698600,6144x1x1x1,0x0x0,6144x1x1x1
ffn_up-12,MUL_MAT,0.359948,1287.435052,24576,5698600,6144x1x1x1,0x0x0,6144x1x1x1
ffn_swiglu-12,GLU,0.287552,1287.727291,24576,5698600,6144x1x1x1,0x0x0,6144x1x1x1
ffn_out-12,MUL_MAT,0.175625,1287.907239,8192,5698600,2048x1x1x1,0x0x0,2048x1x1x1
l_out-12,ADD,0.001354,1287.913073,8192,5698600,2048x1x1x1,0x0x0,2048x1x1x1
norm-13,RMS_NORM,0.003438,1287.920104,8192,5698600,2048x1x1x1,0x0x0,2048x1x1x1
attn_norm-13,MUL,0.001406,1287.925104,8192,5698600,2048x1x1x1,0x0x0,2048x1x1x1
Qcur-13,MUL_MAT,0.057812,1287.986510,8192,5698600,2048x1x1x1,0x0x0,2048x1x1x1
Qcur-13,RESHAPE,0.000313,1287.991094,8192,5698600,128x16x1x1,0x0x0,128x16x1x1
norm-13,RMS_NORM,4.571979,1292.567031,8192,5698600,128x16x1x1,0x0x0,128x16x1x1
Qcur_normed-13,MUL,7.994895,1300.566666,8192,5698600,128x16x1x1,0x0x0,128x16x1x1
Qcur-13,ROPE,3.995261,1304.566771,8192,5698600,128x16x1x1,0x0x0,128x16x1x1
Vcur-13,MUL_MAT,8.024531,1312.595625,4096,5698600,1024x1x1x1,0x0x0,1024x1x1x1
Vcur-13,RESHAPE,0.000313,1312.600521,4096,5698600,128x8x1x1,0x0x0,128x8x1x1
Kcur-13,MUL_MAT,0.181302,1312.785729,4096,5698600,1024x1x1x1,0x0x0,1024x1x1x1
Kcur-13,RESHAPE,0.000469,1312.790885,4096,5698600,128x8x1x1,0x0x0,128x8x1x1
norm-13,RMS_NORM,0.100104,1312.894791,4096,5698600,128x8x1x1,0x0x0,128x8x1x1
Kcur_normed-13,MUL,0.001718,1312.900937,4096,5698600,128x8x1x1,0x0x0,128x8x1x1
Kcur-13,ROPE,0.002292,1312.906927,4096,5698600,128x8x1x1,0x0x0,128x8x1x1
Kcur-13 (view),VIEW,0.000312,1312.910885,4096,5698600,1024x1x1x1,0x0x0,1024x1x1x1
cache_k_l13 (view),SET_ROWS,0.041094,1312.955625,83886080,5698600,1024x40960x1x1,0x0x0,1024x40960x1x1
Vcur-13 (view),VIEW,0.000313,1312.960573,4096,5698600,1024x1x1x1,0x0x0,1024x1x1x1
cache_v_l13 (view),SET_ROWS,0.019531,1312.983854,83886080,5698600,1024x40960x1x1,0x0x0,1024x40960x1x1
Qcur-13 (view),VIEW,0.000469,1312.988854,8192,5698600,128x16x1x1,0x0x0,128x16x1x1
Qcur-13 (view) (permuted),PERMUTE,0.018437,1313.010885,8192,5698600,128x1x16x1,0x0x0,128x1x16x1
cache_k_l13 (view),VIEW,0.000260,1313.015364,524288,5698600,128x8x256x1,0x0x0,128x8x256x1
cache_k_l13 (view) (permuted),PERMUTE,0.020000,1313.039166,524288,5698600,128x256x8x1,0x0x0,128x256x8x1
cache_v_l13 (view),VIEW,0.000313,1313.043750,524288,5698600,128x8x256x1,0x0x0,128x8x256x1
cache_v_l13 (view) (permuted),PERMUTE,0.019219,1313.066927,524288,5698600,128x256x8x1,0x0x0,128x256x8x1
node_480,FLASH_ATTN_EXT,0.044635,1313.115989,8192,5698600,128x16x1x1,0x0x0,128x16x1x1
kqv_out-13,RESHAPE,0.000261,1313.120469,8192,5698600,2048x1x1x1,0x0x0,2048x1x1x1
node_482,MUL_MAT,0.150365,1313.274479,8192,5698600,2048x1x1x1,0x0x0,2048x1x1x1
ffn_inp-13,ADD,0.001406,1313.280364,8192,5698600,2048x1x1x1,0x0x0,2048x1x1x1
norm-13,RMS_NORM,0.003178,1313.287344,8192,5698600,2048x1x1x1,0x0x0,2048x1x1x1
ffn_norm-13,MUL,0.001355,1313.292396,8192,5698600,2048x1x1x1,0x0x0,2048x1x1x1
ffn_gate-13,MUL_MAT,0.159011,1313.454948,24576,5698600,6144x1x1x1,0x0x0,6144x1x1x1
ffn_up-13,MUL_MAT,0.159583,1313.618958,24576,5698600,6144x1x1x1,0x0x0,6144x1x1x1
ffn_swiglu-13,GLU,0.004115,1313.628021,24576,5698600,6144x1x1x1,0x0x0,6144x1x1x1
ffn_out-13,MUL_MAT,0.181771,1313.813802,8192,5698600,2048x1x1x1,0x0x0,2048x1x1x1
l_out-13,ADD,0.001354,1313.819375,8192,5698600,2048x1x1x1,0x0x0,2048x1x1x1
norm-14,RMS_NORM,0.003333,1313.826406,8192,5698600,2048x1x1x1,0x0x0,2048x1x1x1
attn_norm-14,MUL,0.001354,1313.831406,8192,5698600,2048x1x1x1,0x0x0,2048x1x1x1
Qcur-14,MUL_MAT,0.059948,1313.895052,8192,5698600,2048x1x1x1,0x0x0,2048x1x1x1
Qcur-14,RESHAPE,0.000312,1313.899687,8192,5698600,128x16x1x1,0x0x0,128x16x1x1
norm-14,RMS_NORM,0.095781,1313.999427,8192,5698600,128x16x1x1,0x0x0,128x16x1x1
Qcur_normed-14,MUL,0.002083,1314.005937,8192,5698600,128x16x1x1,0x0x0,128x16x1x1
Qcur-14,ROPE,0.001927,1314.011510,8192,5698600,128x16x1x1,0x0x0,128x16x1x1
Vcur-14,MUL_MAT,0.032188,1314.047396,4096,5698600,1024x1x1x1,0x0x0,1024x1x1x1
Vcur-14,RESHAPE,0.000469,1314.052031,4096,5698600,128x8x1x1,0x0x0,128x8x1x1
Kcur-14,MUL_MAT,0.100260,1314.155937,4096,5698600,1024x1x1x1,0x0x0,1024x1x1x1
Kcur-14,RESHAPE,0.000469,1314.164375,4096,5698600,128x8x1x1,0x0x0,128x8x1x1
norm-14,RMS_NORM,0.087656,1314.256041,4096,5698600,128x8x1x1,0x0x0,128x8x1x1
Kcur_normed-14,MUL,0.001302,1314.261666,4096,5698600,128x8x1x1,0x0x0,128x8x1x1
Kcur-14,ROPE,0.001719,1314.266979,4096,5698600,128x8x1x1,0x0x0,128x8x1x1
Kcur-14 (view),VIEW,0.000468,1314.270989,4096,5698600,1024x1x1x1,0x0x0,1024x1x1x1
cache_k_l14 (view),SET_ROWS,0.023854,1314.298437,83886080,5698600,1024x40960x1x1,0x0x0,1024x40960x1x1
Vcur-14 (view),VIEW,0.000261,1314.303073,4096,5698600,1024x1x1x1,0x0x0,1024x1x1x1
cache_v_l14 (view),SET_ROWS,0.028073,1314.334948,83886080,5698600,1024x40960x1x1,0x0x0,1024x40960x1x1
Qcur-14 (view),VIEW,0.012604,1314.351927,8192,5698600,128x16x1x1,0x0x0,128x16x1x1
Qcur-14 (view) (permuted),PERMUTE,0.022031,1314.378229,8192,5698600,128x1x16x1,0x0x0,128x1x16x1
cache_k_l14 (view),VIEW,0.000312,1314.382812,524288,5698600,128x8x256x1,0x0x0,128x8x256x1
cache_k_l14 (view) (permuted),PERMUTE,0.017292,1314.403854,524288,5698600,128x256x8x1,0x0x0,128x256x8x1
cache_v_l14 (view),VIEW,0.000260,1314.408385,524288,5698600,128x8x256x1,0x0x0,128x8x256x1
cache_v_l14 (view) (permuted),PERMUTE,0.020730,1314.432969,524288,5698600,128x256x8x1,0x0x0,128x256x8x1
node_515,FLASH_ATTN_EXT,0.055104,1314.492500,8192,5698600,128x16x1x1,0x0x0,128x16x1x1
kqv_out-14,RESHAPE,0.000313,1314.496979,8192,5698600,2048x1x1x1,0x0x0,2048x1x1x1
node_517,MUL_MAT,0.149896,1314.650573,8192,5698600,2048x1x1x1,0x0x0,2048x1x1x1
ffn_inp-14,ADD,0.001510,1314.656562,8192,5698600,2048x1x1x1,0x0x0,2048x1x1x1
norm-14,RMS_NORM,0.003334,1314.663594,8192,5698600,2048x1x1x1,0x0x0,2048x1x1x1
ffn_norm-14,MUL,0.001459,1314.668646,8192,5698600,2048x1x1x1,0x0x0,2048x1x1x1
ffn_gate-14,MUL_MAT,0.159115,1314.831406,24576,5698600,6144x1x1x1,0x0x0,6144x1x1x1
ffn_up-14,MUL_MAT,0.159271,1314.995052,24576,5698600,6144x1x1x1,0x0x0,6144x1x1x1
ffn_swiglu-14,GLU,0.004479,1315.003854,24576,5698600,6144x1x1x1,0x0x0,6144x1x1x1
ffn_out-14,MUL_MAT,0.182917,1315.190833,8192,5698600,2048x1x1x1,0x0x0,2048x1x1x1
l_out-14,ADD,0.001511,1315.196771,8192,5698600,2048x1x1x1,0x0x0,2048x1x1x1
norm-15,RMS_NORM,0.003385,1315.203854,8192,5698600,2048x1x1x1,0x0x0,2048x1x1x1
attn_norm-15,MUL,0.001458,1315.208958,8192,5698600,2048x1x1x1,0x0x0,2048x1x1x1
Qcur-15,MUL_MAT,0.059375,1315.272031,8192,5698600,2048x1x1x1,0x0x0,2048x1x1x1
Qcur-15,RESHAPE,0.000312,1315.276614,8192,5698600,128x16x1x1,0x0x0,128x16x1x1
norm-15,RMS_NORM,0.087604,1315.368177,8192,5698600,128x16x1x1,0x0x0,128x16x1x1
Qcur_normed-15,MUL,0.001875,1315.374427,8192,5698600,128x16x1x1,0x0x0,128x16x1x1
Qcur-15,ROPE,0.001927,1315.380000,8192,5698600,128x16x1x1,0x0x0,128x16x1x1
Vcur-15,MUL_MAT,0.031145,1315.414739,4096,5698600,1024x1x1x1,0x0x0,1024x1x1x1
Vcur-15,RESHAPE,0.000469,1315.419323,4096,5698600,128x8x1x1,0x0x0,128x8x1x1
Kcur-15,MUL_MAT,0.101250,1315.524219,4096,5698600,1024x1x1x1,0x0x0,1024x1x1x1
Kcur-15,RESHAPE,0.000312,1315.529166,4096,5698600,128x8x1x1,0x0x0,128x8x1x1
norm-15,RMS_NORM,0.090052,1315.622812,4096,5698600,128x8x1x1,0x0x0,128x8x1x1
Kcur_normed-15,MUL,0.001094,1315.628333,4096,5698600,128x8x1x1,0x0x0,128x8x1x1
Kcur-15,ROPE,0.001667,1315.633698,4096,5698600,128x8x1x1,0x0x0,128x8x1x1
Kcur-15 (view),VIEW,0.000468,1315.637812,4096,5698600,1024x1x1x1,0x0x0,1024x1x1x1
cache_k_l15 (view),SET_ROWS,0.041719,1315.683177,83886080,5698600,1024x40960x1x1,0x0x0,1024x40960x1x1
Vcur-15 (view),VIEW,0.000261,1315.687969,4096,5698600,1024x1x1x1,0x0x0,1024x1x1x1
cache_v_l15 (view),SET_ROWS,0.021355,1315.713021,83886080,5698600,1024x40960x1x1,0x0x0,1024x40960x1x1
Qcur-15 (view),VIEW,0.000468,1315.717864,8192,5698600,128x16x1x1,0x0x0,128x16x1x1
Qcur-15 (view) (permuted),PERMUTE,0.017448,1315.738958,8192,5698600,128x1x16x1,0x0x0,128x1x16x1
cache_k_l15 (view),VIEW,0.000260,1315.743489,524288,5698600,128x8x256x1,0x0x0,128x8x256x1
cache_k_l15 (view) (permuted),PERMUTE,0.026511,1315.773802,524288,5698600,128x256x8x1,0x0x0,128x256x8x1
cache_v_l15 (view),VIEW,0.000312,1315.778333,524288,5698600,128x8x256x1,0x0x0,128x8x256x1
cache_v_l15 (view) (permuted),PERMUTE,0.016302,1315.802239,524288,5698600,128x256x8x1,0x0x0,128x256x8x1
node_550,FLASH_ATTN_EXT,0.044375,1315.851198,8192,5698600,128x16x1x1,0x0x0,128x16x1x1
kqv_out-15,RESHAPE,0.000313,1315.855521,8192,5698600,2048x1x1x1,0x0x0,2048x1x1x1
node_552,MUL_MAT,0.154010,1316.013281,8192,5698600,2048x1x1x1,0x0x0,2048x1x1x1
ffn_inp-15,ADD,0.001458,1316.019531,8192,5698600,2048x1x1x1,0x0x0,2048x1x1x1
norm-15,RMS_NORM,0.003177,1316.026614,8192,5698600,2048x1x1x1,0x0x0,2048x1x1x1
ffn_norm-15,MUL,0.001511,1316.031771,8192,5698600,2048x1x1x1,0x0x0,2048x1x1x1
ffn_gate-15,MUL_MAT,0.157604,1316.192864,24576,5698600,6144x1x1x1,0x0x0,6144x1x1x1
ffn_up-15,MUL_MAT,0.224375,1316.421614,24576,5698600,6144x1x1x1,0x0x0,6144x1x1x1
ffn_swiglu-15,GLU,0.012656,1316.438802,24576,5698600,6144x1x1x1,0x0x0,6144x1x1x1
ffn_out-15,MUL_MAT,0.199844,1316.642760,8192,5698600,2048x1x1x1,0x0x0,2048x1x1x1
l_out-15,ADD,0.001354,1316.648698,8192,5698600,2048x1x1x1,0x0x0,2048x1x1x1
norm-16,RMS_NORM,0.003385,1316.655833,8192,5698600,2048x1x1x1,0x0x0,2048x1x1x1
attn_norm-16,MUL,0.003594,1316.663073,8192,5698600,2048x1x1x1,0x0x0,2048x1x1x1
Qcur-16,MUL_MAT,0.059531,1316.726406,8192,5698600,2048x1x1x1,0x0x0,2048x1x1x1
Qcur-16,RESHAPE,0.000261,1316.731146,8192,5698600,128x16x1x1,0x0x0,128x16x1x1
norm-16,RMS_NORM,0.097396,1316.832396,8192,5698600,128x16x1x1,0x0x0,128x16x1x1
Qcur_normed-16,MUL,0.001875,1316.838594,8192,5698600,128x16x1x1,0x0x0,128x16x1x1
Qcur-16,ROPE,0.001823,1316.844010,8192,5698600,128x16x1x1,0x0x0,128x16x1x1
Vcur-16,MUL_MAT,0.031094,1316.878854,4096,5698600,1024x1x1x1,0x0x0,1024x1x1x1
Vcur-16,RESHAPE,0.000312,1316.883333,4096,5698600,128x8x1x1,0x0x0,128x8x1x1
Kcur-16,MUL_MAT,0.122500,1317.009583,4096,5698600,1024x1x1x1,0x0x0,1024x1x1x1
Kcur-16,RESHAPE,0.000469,1317.014635,4096,5698600,128x8x1x1,0x0x0,128x8x1x1
norm-16,RMS_NORM,0.072604,1317.090937,4096,5698600,128x8x1x1,0x0x0,128x8x1x1
Kcur_normed-16,MUL,0.001407,1317.096719,4096,5698600,128x8x1x1,0x0x0,128x8x1x1
Kcur-16,ROPE,0.001771,1317.102083,4096,5698600,128x8x1x1,0x0x0,128x8x1x1
Kcur-16 (view),VIEW,0.000417,1317.106094,4096,5698600,1024x1x1x1,0x0x0,1024x1x1x1
cache_k_l16 (view),SET_ROWS,0.043490,1317.153229,83886080,5698600,1024x40960x1x1,0x0x0,1024x40960x1x1
Vcur-16 (view),VIEW,0.000261,1317.158125,4096,5698600,1024x1x1x1,0x0x0,1024x1x1x1
cache_v_l16 (view),SET_ROWS,0.013177,1317.174948,83886080,5698600,1024x40960x1x1,0x0x0,1024x40960x1x1
Qcur-16 (view),VIEW,0.000312,1317.179687,8192,5698600,128x16x1x1,0x0x0,128x16x1x1
Qcur-16 (view) (permuted),PERMUTE,0.016667,1317.199948,8192,5698600,128x1x16x1,0x0x0,128x1x16x1
cache_k_l16 (view),VIEW,0.000573,1317.204739,524288,5698600,128x8x256x1,0x0x0,128x8x256x1
cache_k_l16 (view) (permuted),PERMUTE,0.010625,1317.219114,524288,5698600,128x256x8x1,0x0x0,128x256x8x1
cache_v_l16 (view),VIEW,0.000417,1317.223802,524288,5698600,128x8x256x1,0x0x0,128x8x256x1
cache_v_l16 (view) (permuted),PERMUTE,0.021354,1317.248958,524288,5698600,128x256x8x1,0x0x0,128x256x8x1
node_585,FLASH_ATTN_EXT,0.046146,1317.299427,8192,5698600,128x16x1x1,0x0x0,128x16x1x1
kqv_out-16,RESHAPE,0.000312,1317.303906,8192,5698600,2048x1x1x1,0x0x0,2048x1x1x1
node_587,MUL_MAT,0.146406,1317.453958,8192,5698600,2048x1x1x1,0x0x0,2048x1x1x1
ffn_inp-16,ADD,0.001459,1317.459948,8192,5698600,2048x1x1x1,0x0x0,2048x1x1x1
norm-16,RMS_NORM,0.003281,1317.466979,8192,5698600,2048x1x1x1,0x0x0,2048x1x1x1
ffn_norm-16,MUL,0.001562,1317.472135,8192,5698600,2048x1x1x1,0x0x0,2048x1x1x1
ffn_gate-16,MUL_MAT,0.157552,1317.633489,24576,5698600,6144x1x1x1,0x0x0,6144x1x1x1
ffn_up-16,MUL_MAT,0.158959,1317.796823,24576,5698600,6144x1x1x1,0x0x0,6144x1x1x1
ffn_swiglu-16,GLU,0.004322,1317.805416,24576,5698600,6144x1x1x1,0x0x0,6144x1x1x1
ffn_out-16,MUL_MAT,0.183542,1317.992969,8192,5698600,2048x1x1x1,0x0x0,2048x1x1x1
l_out-16,ADD,0.001302,1317.998750,8192,5698600,2048x1x1x1,0x0x0,2048x1x1x1
norm-17,RMS_NORM,0.003437,1318.005885,8192,5698600,2048x1x1x1,0x0x0,2048x1x1x1
attn_norm-17,MUL,0.001354,1318.010833,8192,5698600,2048x1x1x1,0x0x0,2048x1x1x1
Qcur-17,MUL_MAT,0.060104,1318.074583,8192,5698600,2048x1x1x1,0x0x0,2048x1x1x1
Qcur-17,RESHAPE,0.000261,1318.082500,8192,5698600,128x16x1x1,0x0x0,128x16x1x1
norm-17,RMS_NORM,0.092709,1318.179375,8192,5698600,128x16x1x1,0x0x0,128x16x1x1
Qcur_normed-17,MUL,0.001823,1318.185677,8192,5698600,128x16x1x1,0x0x0,128x16x1x1
Qcur-17,ROPE,0.001770,1318.191041,8192,5698600,128x16x1x1,0x0x0,128x16x1x1
Vcur-17,MUL_MAT,0.031979,1318.226666,4096,5698600,1024x1x1x1,0x0x0,1024x1x1x1
Vcur-17,RESHAPE,0.000469,1318.231250,4096,5698600,128x8x1x1,0x0x0,128x8x1x1
Kcur-17,MUL_MAT,0.124323,1318.359375,4096,5698600,1024x1x1x1,0x0x0,1024x1x1x1
Kcur-17,RESHAPE,0.000469,1318.364271,4096,5698600,128x8x1x1,0x0x0,128x8x1x1
norm-17,RMS_NORM,0.092083,1318.460104,4096,5698600,128x8x1x1,0x0x0,128x8x1x1
Kcur_normed-17,MUL,0.001458,1318.465885,4096,5698600,128x8x1x1,0x0x0,128x8x1x1
Kcur-17,ROPE,0.001667,1318.471250,4096,5698600,128x8x1x1,0x0x0,128x8x1x1
Kcur-17 (view),VIEW,0.000312,1318.475208,4096,5698600,1024x1x1x1,0x0x0,1024x1x1x1
cache_k_l17 (view),SET_ROWS,0.042083,1318.520937,83886080,5698600,1024x40960x1x1,0x0x0,1024x40960x1x1
Vcur-17 (view),VIEW,0.000260,1318.525833,4096,5698600,1024x1x1x1,0x0x0,1024x1x1x1
cache_v_l17 (view),SET_ROWS,0.016666,1318.546041,83886080,5698600,1024x40960x1x1,0x0x0,1024x40960x1x1
Qcur-17 (view),VIEW,0.000521,1318.550885,8192,5698600,128x16x1x1,0x0x0,128x16x1x1
Qcur-17 (view) (permuted),PERMUTE,0.017396,1318.571979,8192,5698600,128x1x16x1,0x0x0,128x1x16x1
cache_k_l17 (view),VIEW,0.000260,1318.576562,524288,5698600,128x8x256x1,0x0x0,128x8x256x1
cache_k_l17 (view) (permuted),PERMUTE,0.016875,1318.597344,524288,5698600,128x256x8x1,0x0x0,128x256x8x1
cache_v_l17 (view),VIEW,0.000261,1318.601823,524288,5698600,128x8x256x1,0x0x0,128x8x256x1
cache_v_l17 (view) (permuted),PERMUTE,0.021875,1318.627500,524288,5698600,128x256x8x1,0x0x0,128x256x8x1
node_620,FLASH_ATTN_EXT,0.042552,1318.674427,8192,5698600,128x16x1x1,0x0x0,128x16x1x1
kqv_out-17,RESHAPE,0.000417,1318.678906,8192,5698600,2048x1x1x1,0x0x0,2048x1x1x1
node_622,MUL_MAT,0.148958,1318.831510,8192,5698600,2048x1x1x1,0x0x0,2048x1x1x1
ffn_inp-17,ADD,0.001510,1318.837708,8192,5698600,2048x1x1x1,0x0x0,2048x1x1x1
norm-17,RMS_NORM,0.003334,1318.844844,8192,5698600,2048x1x1x1,0x0x0,2048x1x1x1
ffn_norm-17,MUL,0.001250,1318.849844,8192,5698600,2048x1x1x1,0x0x0,2048x1x1x1
ffn_gate-17,MUL_MAT,0.159011,1319.012552,24576,5698600,6144x1x1x1,0x0x0,6144x1x1x1
ffn_up-17,MUL_MAT,0.158854,1319.175729,24576,5698600,6144x1x1x1,0x0x0,6144x1x1x1
ffn_swiglu-17,GLU,0.004167,1319.184427,24576,5698600,6144x1x1x1,0x0x0,6144x1x1x1
ffn_out-17,MUL_MAT,0.180833,1319.369166,8192,5698600,2048x1x1x1,0x0x0,2048x1x1x1
l_out-17,ADD,0.001303,1319.374844,8192,5698600,2048x1x1x1,0x0x0,2048x1x1x1
norm-18,RMS_NORM,0.003334,1319.381875,8192,5698600,2048x1x1x1,0x0x0,2048x1x1x1
attn_norm-18,MUL,0.001354,1319.386875,8192,5698600,2048x1x1x1,0x0x0,2048x1x1x1
Qcur-18,MUL_MAT,0.060520,1319.450989,8192,5698600,2048x1x1x1,0x0x0,2048x1x1x1
Qcur-18,RESHAPE,0.000313,1319.455677,8192,5698600,128x16x1x1,0x0x0,128x16x1x1
norm-18,RMS_NORM,0.075521,1319.535156,8192,5698600,128x16x1x1,0x0x0,128x16x1x1
Qcur_normed-18,MUL,0.001667,1319.541146,8192,5698600,128x16x1x1,0x0x0,128x16x1x1
Qcur-18,ROPE,0.001875,1319.546823,8192,5698600,128x16x1x1,0x0x0,128x16x1x1
Vcur-18,MUL_MAT,0.031198,1319.581562,4096,5698600,1024x1x1x1,0x0x0,1024x1x1x1
Vcur-18,RESHAPE,0.000417,1319.586250,4096,5698600,128x8x1x1,0x0x0,128x8x1x1
Kcur-18,MUL_MAT,0.122135,1319.712083,4096,5698600,1024x1x1x1,0x0x0,1024x1x1x1
Kcur-18,RESHAPE,0.000469,1319.716979,4096,5698600,128x8x1x1,0x0x0,128x8x1x1
norm-18,RMS_NORM,0.094844,1319.815521,4096,5698600,128x8x1x1,0x0x0,128x8x1x1
Kcur_normed-18,MUL,0.001250,1319.821146,4096,5698600,128x8x1x1,0x0x0,128x8x1x1
Kcur-18,ROPE,0.001770,1319.826614,4096,5698600,128x8x1x1,0x0x0,128x8x1x1
Kcur-18 (view),VIEW,0.000313,1319.830573,4096,5698600,1024x1x1x1,0x0x0,1024x1x1x1
cache_k_l18 (view),SET_ROWS,0.043230,1319.877396,83886080,5698600,1024x40960x1x1,0x0x0,1024x40960x1x1
Vcur-18 (view),VIEW,0.000260,1319.882083,4096,5698600,1024x1x1x1,0x0x0,1024x1x1x1
cache_v_l18 (view),SET_ROWS,0.022656,1319.908281,83886080,5698600,1024x40960x1x1,0x0x0,1024x40960x1x1
Qcur-18 (view),VIEW,0.000469,1319.916458,8192,5698600,128x16x1x1,0x0x0,128x16x1x1
Qcur-18 (view) (permuted),PERMUTE,0.021042,1319.941354,8192,5698600,128x1x16x1,0x0x0,128x1x16x1
cache_k_l18 (view),VIEW,0.000312,1319.945937,524288,5698600,128x8x256x1,0x0x0,128x8x256x1
cache_k_l18 (view) (permuted),PERMUTE,0.017500,1319.967135,524288,5698600,128x256x8x1,0x0x0,128x256x8x1
cache_v_l18 (view),VIEW,0.000260,1319.971562,524288,5698600,128x8x256x1,0x0x0,128x8x256x1
cache_v_l18 (view) (permuted),PERMUTE,0.009271,1319.984583,524288,5698600,128x256x8x1,0x0x0,128x256x8x1
node_655,FLASH_ATTN_EXT,0.027031,1320.015729,8192,5698600,128x16x1x1,0x0x0,128x16x1x1
kqv_out-18,RESHAPE,0.000312,1320.020156,8192,5698600,2048x1x1x1,0x0x0,2048x1x1x1
node_657,MUL_MAT,0.150208,1320.173906,8192,5698600,2048x1x1x1,0x0x0,2048x1x1x1
ffn_inp-18,ADD,0.001302,1320.179896,8192,5698600,2048x1x1x1,0x0x0,2048x1x1x1
norm-18,RMS_NORM,0.003333,1320.186979,8192,5698600,2048x1x1x1,0x0x0,2048x1x1x1
ffn_norm-18,MUL,0.001302,1320.192031,8192,5698600,2048x1x1x1,0x0x0,2048x1x1x1
ffn_gate-18,MUL_MAT,0.158125,1320.353854,24576,5698600,6144x1x1x1,0x0x0,6144x1x1x1
ffn_up-18,MUL_MAT,0.158854,1320.517187,24576,5698600,6144x1x1x1,0x0x0,6144x1x1x1
ffn_swiglu-18,GLU,0.004115,1320.525677,24576,5698600,6144x1x1x1,0x0x0,6144x1x1x1
ffn_out-18,MUL_MAT,0.198125,1320.727864,8192,5698600,2048x1x1x1,0x0x0,2048x1x1x1
l_out-18,ADD,0.001458,1320.734010,8192,5698600,2048x1x1x1,0x0x0,2048x1x1x1
norm-19,RMS_NORM,0.003386,1320.741094,8192,5698600,2048x1x1x1,0x0x0,2048x1x1x1
attn_norm-19,MUL,0.001459,1320.746146,8192,5698600,2048x1x1x1,0x0x0,2048x1x1x1
Qcur-19,MUL_MAT,0.059322,1320.809166,8192,5698600,2048x1x1x1,0x0x0,2048x1x1x1
Qcur-19,RESHAPE,0.000312,1320.813958,8192,5698600,128x16x1x1,0x0x0,128x16x1x1
norm-19,RMS_NORM,0.096302,1320.914166,8192,5698600,128x16x1x1,0x0x0,128x16x1x1
Qcur_normed-19,MUL,0.001667,1320.920208,8192,5698600,128x16x1x1,0x0x0,128x16x1x1
Qcur-19,ROPE,0.002135,1320.926041,8192,5698600,128x16x1x1,0x0x0,128x16x1x1
Vcur-19,MUL_MAT,0.171250,1321.100937,4096,5698600,1024x1x1x1,0x0x0,1024x1x1x1
Vcur-19,RESHAPE,0.000313,1321.105625,4096,5698600,128x8x1x1,0x0x0,128x8x1x1
Kcur-19,MUL_MAT,0.120364,1321.229687,4096,5698600,1024x1x1x1,0x0x0,1024x1x1x1
Kcur-19,RESHAPE,0.000468,1321.234739,4096,5698600,128x8x1x1,0x0x0,128x8x1x1
norm-19,RMS_NORM,0.095677,1321.334166,4096,5698600,128x8x1x1,0x0x0,128x8x1x1
Kcur_normed-19,MUL,0.001407,1321.339844,4096,5698600,128x8x1x1,0x0x0,128x8x1x1
Kcur-19,ROPE,0.001823,1321.345312,4096,5698600,128x8x1x1,0x0x0,128x8x1x1
Kcur-19 (view),VIEW,0.000417,1321.349375,4096,5698600,1024x1x1x1,0x0x0,1024x1x1x1
cache_k_l19 (view),SET_ROWS,0.041666,1321.394687,83886080,5698600,1024x40960x1x1,0x0x0,1024x40960x1x1
Vcur-19 (view),VIEW,0.000313,1321.399427,4096,5698600,1024x1x1x1,0x0x0,1024x1x1x1
cache_v_l19 (view),SET_ROWS,0.012031,1321.415104,83886080,5698600,1024x40960x1x1,0x0x0,1024x40960x1x1
Qcur-19 (view),VIEW,0.000521,1321.419948,8192,5698600,128x16x1x1,0x0x0,128x16x1x1
Qcur-19 (view) (permuted),PERMUTE,0.017291,1321.440885,8192,5698600,128x1x16x1,0x0x0,128x1x16x1
cache_k_l19 (view),VIEW,0.000260,1321.445312,524288,5698600,128x8x256x1,0x0x0,128x8x256x1
cache_k_l19 (view) (permuted),PERMUTE,0.024375,1321.473489,524288,5698600,128x256x8x1,0x0x0,128x256x8x1
cache_v_l19 (view),VIEW,0.000469,1321.478177,524288,5698600,128x8x256x1,0x0x0,128x8x256x1
cache_v_l19 (view) (permuted),PERMUTE,0.021406,1321.503385,524288,5698600,128x256x8x1,0x0x0,128x256x8x1
node_690,FLASH_ATTN_EXT,0.046458,1321.554062,8192,5698600,128x16x1x1,0x0x0,128x16x1x1
kqv_out-19,RESHAPE,0.000312,1321.558437,8192,5698600,2048x1x1x1,0x0x0,2048x1x1x1
node_692,MUL_MAT,0.137084,1321.699271,8192,5698600,2048x1x1x1,0x0x0,2048x1x1x1
ffn_inp-19,ADD,0.001354,1321.705000,8192,5698600,2048x1x1x1,0x0x0,2048x1x1x1
norm-19,RMS_NORM,0.003385,1321.712135,8192,5698600,2048x1x1x1,0x0x0,2048x1x1x1
ffn_norm-19,MUL,0.001302,1321.717083,8192,5698600,2048x1x1x1,0x0x0,2048x1x1x1
ffn_gate-19,MUL_MAT,0.158177,1321.878854,24576,5698600,6144x1x1x1,0x0x0,6144x1x1x1
ffn_up-19,MUL_MAT,0.158177,1322.041510,24576,5698600,6144x1x1x1,0x0x0,6144x1x1x1
ffn_swiglu-19,GLU,0.004270,1322.053489,24576,5698600,6144x1x1x1,0x0x0,6144x1x1x1
ffn_out-19,MUL_MAT,0.183490,1322.241250,8192,5698600,2048x1x1x1,0x0x0,2048x1x1x1
l_out-19,ADD,0.001354,1322.246979,8192,5698600,2048x1x1x1,0x0x0,2048x1x1x1
norm-20,RMS_NORM,0.003333,1322.253958,8192,5698600,2048x1x1x1,0x0x0,2048x1x1x1
attn_norm-20,MUL,0.001510,1322.259114,8192,5698600,2048x1x1x1,0x0x0,2048x1x1x1
Qcur-20,MUL_MAT,0.059896,1322.322604,8192,5698600,2048x1x1x1,0x0x0,2048x1x1x1
Qcur-20,RESHAPE,0.000312,1322.327239,8192,5698600,128x16x1x1,0x0x0,128x16x1x1
norm-20,RMS_NORM,0.094531,1322.425833,8192,5698600,128x16x1x1,0x0x0,128x16x1x1
Qcur_normed-20,MUL,0.001771,1322.432083,8192,5698600,128x16x1x1,0x0x0,128x16x1x1
Qcur-20,ROPE,0.001823,1322.437552,8192,5698600,128x16x1x1,0x0x0,128x16x1x1
Vcur-20,MUL_MAT,0.031302,1322.472604,4096,5698600,1024x1x1x1,0x0x0,1024x1x1x1
Vcur-20,RESHAPE,0.000468,1322.477239,4096,5698600,128x8x1x1,0x0x0,128x8x1x1
Kcur-20,MUL_MAT,0.125729,1322.606666,4096,5698600,1024x1x1x1,0x0x0,1024x1x1x1
Kcur-20,RESHAPE,0.000312,1322.611510,4096,5698600,128x8x1x1,0x0x0,128x8x1x1
norm-20,RMS_NORM,0.081198,1322.696406,4096,5698600,128x8x1x1,0x0x0,128x8x1x1
Kcur_normed-20,MUL,0.001354,1322.702135,4096,5698600,128x8x1x1,0x0x0,128x8x1x1
Kcur-20,ROPE,0.001875,1322.707604,4096,5698600,128x8x1x1,0x0x0,128x8x1x1
Kcur-20 (view),VIEW,0.000312,1322.711510,4096,5698600,1024x1x1x1,0x0x0,1024x1x1x1
cache_k_l20 (view),SET_ROWS,0.040573,1322.755781,83886080,5698600,1024x40960x1x1,0x0x0,1024x40960x1x1
Vcur-20 (view),VIEW,0.000313,1322.760625,4096,5698600,1024x1x1x1,0x0x0,1024x1x1x1
cache_v_l20 (view),SET_ROWS,0.022187,1322.786406,83886080,5698600,1024x40960x1x1,0x0x0,1024x40960x1x1
Qcur-20 (view),VIEW,0.000417,1322.791198,8192,5698600,128x16x1x1,0x0x0,128x16x1x1
Qcur-20 (view) (permuted),PERMUTE,0.021250,1322.816094,8192,5698600,128x1x16x1,0x0x0,128x1x16x1
cache_k_l20 (view),VIEW,0.000468,1322.820989,524288,5698600,128x8x256x1,0x0x0,128x8x256x1
cache_k_l20 (view) (permuted),PERMUTE,0.020521,1322.845208,524288,5698600,128x256x8x1,0x0x0,128x256x8x1
cache_v_l20 (view),VIEW,0.000417,1322.849844,524288,5698600,128x8x256x1,0x0x0,128x8x256x1
cache_v_l20 (view) (permuted),PERMUTE,0.010417,1322.863906,524288,5698600,128x256x8x1,0x0x0,128x256x8x1
node_725,FLASH_ATTN_EXT,0.039739,1322.907864,8192,5698600,128x16x1x1,0x0x0,128x16x1x1
kqv_out-20,RESHAPE,0.000260,1322.912239,8192,5698600,2048x1x1x1,0x0x0,2048x1x1x1
node_727,MUL_MAT,0.151302,1323.067239,8192,5698600,2048x1x1x1,0x0x0,2048x1x1x1
ffn_inp-20,ADD,0.001510,1323.073333,8192,5698600,2048x1x1x1,0x0x0,2048x1x1x1
norm-20,RMS_NORM,0.003177,1323.080260,8192,5698600,2048x1x1x1,0x0x0,2048x1x1x1
ffn_norm-20,MUL,0.001510,1323.085364,8192,5698600,2048x1x1x1,0x0x0,2048x1x1x1
ffn_gate-20,MUL_MAT,0.157344,1323.246406,24576,5698600,6144x1x1x1,0x0x0,6144x1x1x1
ffn_up-20,MUL_MAT,0.157656,1323.408385,24576,5698600,6144x1x1x1,0x0x0,6144x1x1x1
ffn_swiglu-20,GLU,0.004375,1323.417135,24576,5698600,6144x1x1x1,0x0x0,6144x1x1x1
ffn_out-20,MUL_MAT,0.183125,1323.604271,8192,5698600,2048x1x1x1,0x0x0,2048x1x1x1
l_out-20,ADD,0.001511,1323.610052,8192,5698600,2048x1x1x1,0x0x0,2048x1x1x1
norm-21,RMS_NORM,0.003490,1323.617344,8192,5698600,2048x1x1x1,0x0x0,2048x1x1x1
attn_norm-21,MUL,0.001407,1323.622396,8192,5698600,2048x1x1x1,0x0x0,2048x1x1x1
Qcur-21,MUL_MAT,0.059896,1323.685885,8192,5698600,2048x1x1x1,0x0x0,2048x1x1x1
Qcur-21,RESHAPE,0.000365,1323.690573,8192,5698600,128x16x1x1,0x0x0,128x16x1x1
norm-21,RMS_NORM,0.070208,1323.764635,8192,5698600,128x16x1x1,0x0x0,128x16x1x1
Qcur_normed-21,MUL,0.001823,1323.770729,8192,5698600,128x16x1x1,0x0x0,128x16x1x1
Qcur-21,ROPE,0.001927,1323.776302,8192,5698600,128x16x1x1,0x0x0,128x16x1x1
Vcur-21,MUL_MAT,0.031614,1323.811510,4096,5698600,1024x1x1x1,0x0x0,1024x1x1x1
Vcur-21,RESHAPE,0.000469,1323.816198,4096,5698600,128x8x1x1,0x0x0,128x8x1x1
Kcur-21,MUL_MAT,0.122291,1323.942135,4096,5698600,1024x1x1x1,0x0x0,1024x1x1x1
Kcur-21,RESHAPE,0.000468,1323.947187,4096,5698600,128x8x1x1,0x0x0,128x8x1x1
norm-21,RMS_NORM,0.088282,1324.039219,4096,5698600,128x8x1x1,0x0x0,128x8x1x1
Kcur_normed-21,MUL,0.001354,1324.048125,4096,5698600,128x8x1x1,0x0x0,128x8x1x1
Kcur-21,ROPE,0.001667,1324.053698,4096,5698600,128x8x1x1,0x0x0,128x8x1x1
Kcur-21 (view),VIEW,0.000313,1324.057500,4096,5698600,1024x1x1x1,0x0x0,1024x1x1x1
cache_k_l21 (view),SET_ROWS,0.042812,1324.104010,83886080,5698600,1024x40960x1x1,0x0x0,1024x40960x1x1
Vcur-21 (view),VIEW,0.000260,1324.108906,4096,5698600,1024x1x1x1,0x0x0,1024x1x1x1
cache_v_l21 (view),SET_ROWS,0.011406,1324.123958,83886080,5698600,1024x40960x1x1,0x0x0,1024x40960x1x1
Qcur-21 (view),VIEW,0.000469,1324.128646,8192,5698600,128x16x1x1,0x0x0,128x16x1x1
Qcur-21 (view) (permuted),PERMUTE,0.017136,1324.149427,8192,5698600,128x1x16x1,0x0x0,128x1x16x1
cache_k_l21 (view),VIEW,0.000260,1324.153906,524288,5698600,128x8x256x1,0x0x0,128x8x256x1
cache_k_l21 (view) (permuted),PERMUTE,0.025052,1324.182656,524288,5698600,128x256x8x1,0x0x0,128x256x8x1
cache_v_l21 (view),VIEW,0.000469,1324.187344,524288,5698600,128x8x256x1,0x0x0,128x8x256x1
cache_v_l21 (view) (permuted),PERMUTE,0.025468,1324.216562,524288,5698600,128x256x8x1,0x0x0,128x256x8x1
node_760,FLASH_ATTN_EXT,0.043333,1324.264114,8192,5698600,128x16x1x1,0x0x0,128x16x1x1
kqv_out-21,RESHAPE,0.000312,1324.268437,8192,5698600,2048x1x1x1,0x0x0,2048x1x1x1
node_762,MUL_MAT,0.150000,1324.422187,8192,5698600,2048x1x1x1,0x0x0,2048x1x1x1
ffn_inp-21,ADD,0.001355,1324.427969,8192,5698600,2048x1x1x1,0x0x0,2048x1x1x1
norm-21,RMS_NORM,0.003229,1324.435052,8192,5698600,2048x1x1x1,0x0x0,2048x1x1x1
ffn_norm-21,MUL,0.001354,1324.440156,8192,5698600,2048x1x1x1,0x0x0,2048x1x1x1
ffn_gate-21,MUL_MAT,0.178385,1324.622187,24576,5698600,6144x1x1x1,0x0x0,6144x1x1x1
ffn_up-21,MUL_MAT,0.158750,1324.785781,24576,5698600,6144x1x1x1,0x0x0,6144x1x1x1
ffn_swiglu-21,GLU,0.004271,1324.794687,24576,5698600,6144x1x1x1,0x0x0,6144x1x1x1
ffn_out-21,MUL_MAT,0.183750,1324.982396,8192,5698600,2048x1x1x1,0x0x0,2048x1x1x1
l_out-21,ADD,0.001354,1324.988281,8192,5698600,2048x1x1x1,0x0x0,2048x1x1x1
norm-22,RMS_NORM,0.003385,1324.995364,8192,5698600,2048x1x1x1,0x0x0,2048x1x1x1
attn_norm-22,MUL,0.001406,1325.000416,8192,5698600,2048x1x1x1,0x0x0,2048x1x1x1
Qcur-22,MUL_MAT,0.059375,1325.063333,8192,5698600,2048x1x1x1,0x0x0,2048x1x1x1
Qcur-22,RESHAPE,0.000313,1325.067969,8192,5698600,128x16x1x1,0x0x0,128x16x1x1
norm-22,RMS_NORM,0.092760,1325.164479,8192,5698600,128x16x1x1,0x0x0,128x16x1x1
Qcur_normed-22,MUL,0.001875,1325.170833,8192,5698600,128x16x1x1,0x0x0,128x16x1x1
Qcur-22,ROPE,0.001823,1325.176354,8192,5698600,128x16x1x1,0x0x0,128x16x1x1
Vcur-22,MUL_MAT,0.031666,1325.211666,4096,5698600,1024x1x1x1,0x0x0,1024x1x1x1
Vcur-22,RESHAPE,0.000313,1325.216354,4096,5698600,128x8x1x1,0x0x0,128x8x1x1
Kcur-22,MUL_MAT,0.117760,1325.337916,4096,5698600,1024x1x1x1,0x0x0,1024x1x1x1
Kcur-22,RESHAPE,0.000468,1325.342812,4096,5698600,128x8x1x1,0x0x0,128x8x1x1
norm-22,RMS_NORM,0.089271,1325.435781,4096,5698600,128x8x1x1,0x0x0,128x8x1x1
Kcur_normed-22,MUL,0.001406,1325.441406,4096,5698600,128x8x1x1,0x0x0,128x8x1x1
Kcur-22,ROPE,0.001771,1325.446875,4096,5698600,128x8x1x1,0x0x0,128x8x1x1
Kcur-22 (view),VIEW,0.000469,1325.450885,4096,5698600,1024x1x1x1,0x0x0,1024x1x1x1
cache_k_l22 (view),SET_ROWS,0.044115,1325.498750,83886080,5698600,1024x40960x1x1,0x0x0,1024x40960x1x1
Vcur-22 (view),VIEW,0.000312,1325.503489,4096,5698600,1024x1x1x1,0x0x0,1024x1x1x1
cache_v_l22 (view),SET_ROWS,0.012344,1325.519427,83886080,5698600,1024x40960x1x1,0x0x0,1024x40960x1x1
Qcur-22 (view),VIEW,0.000416,1325.524114,8192,5698600,128x16x1x1,0x0x0,128x16x1x1
Qcur-22 (view) (permuted),PERMUTE,0.016146,1325.543906,8192,5698600,128x1x16x1,0x0x0,128x1x16x1
cache_k_l22 (view),VIEW,0.000521,1325.548750,524288,5698600,128x8x256x1,0x0x0,128x8x256x1
cache_k_l22 (view) (permuted),PERMUTE,0.022239,1325.574791,524288,5698600,128x256x8x1,0x0x0,128x256x8x1
cache_v_l22 (view),VIEW,0.000313,1325.579479,524288,5698600,128x8x256x1,0x0x0,128x8x256x1
cache_v_l22 (view) (permuted),PERMUTE,0.019010,1325.602291,524288,5698600,128x256x8x1,0x0x0,128x256x8x1
node_795,FLASH_ATTN_EXT,0.041562,1325.648385,8192,5698600,128x16x1x1,0x0x0,128x16x1x1
kqv_out-22,RESHAPE,0.000417,1325.656198,8192,5698600,2048x1x1x1,0x0x0,2048x1x1x1
node_797,MUL_MAT,0.143958,1325.804114,8192,5698600,2048x1x1x1,0x0x0,2048x1x1x1
ffn_inp-22,ADD,0.001303,1325.809844,8192,5698600,2048x1x1x1,0x0x0,2048x1x1x1
norm-22,RMS_NORM,0.003334,1325.816875,8192,5698600,2048x1x1x1,0x0x0,2048x1x1x1
ffn_norm-22,MUL,0.001302,1325.821823,8192,5698600,2048x1x1x1,0x0x0,2048x1x1x1
ffn_gate-22,MUL_MAT,0.158697,1325.984166,24576,5698600,6144x1x1x1,0x0x0,6144x1x1x1
ffn_up-22,MUL_MAT,0.158906,1326.147656,24576,5698600,6144x1x1x1,0x0x0,6144x1x1x1
ffn_swiglu-22,GLU,0.004219,1326.156198,24576,5698600,6144x1x1x1,0x0x0,6144x1x1x1
ffn_out-22,MUL_MAT,0.184479,1326.344635,8192,5698600,2048x1x1x1,0x0x0,2048x1x1x1
l_out-22,ADD,0.001354,1326.350364,8192,5698600,2048x1x1x1,0x0x0,2048x1x1x1
norm-23,RMS_NORM,0.003386,1326.357396,8192,5698600,2048x1x1x1,0x0x0,2048x1x1x1
attn_norm-23,MUL,0.001615,1326.362604,8192,5698600,2048x1x1x1,0x0x0,2048x1x1x1
Qcur-23,MUL_MAT,0.059531,1326.425729,8192,5698600,2048x1x1x1,0x0x0,2048x1x1x1
Qcur-23,RESHAPE,0.000312,1326.430364,8192,5698600,128x16x1x1,0x0x0,128x16x1x1
norm-23,RMS_NORM,2.159479,1328.593750,8192,5698600,128x16x1x1,0x0x0,128x16x1x1
Qcur_normed-23,MUL,0.001823,1328.600312,8192,5698600,128x16x1x1,0x0x0,128x16x1x1
Qcur-23,ROPE,0.002083,1328.605989,8192,5698600,128x16x1x1,0x0x0,128x16x1x1
Vcur-23,MUL_MAT,0.031354,1328.640937,4096,5698600,1024x1x1x1,0x0x0,1024x1x1x1
Vcur-23,RESHAPE,0.000312,1328.645364,4096,5698600,128x8x1x1,0x0x0,128x8x1x1
Kcur-23,MUL_MAT,0.113229,1328.762291,4096,5698600,1024x1x1x1,0x0x0,1024x1x1x1
Kcur-23,RESHAPE,0.000521,1328.767448,4096,5698600,128x8x1x1,0x0x0,128x8x1x1
norm-23,RMS_NORM,0.083020,1328.854166,4096,5698600,128x8x1x1,0x0x0,128x8x1x1
Kcur_normed-23,MUL,0.001406,1328.860260,4096,5698600,128x8x1x1,0x0x0,128x8x1x1
Kcur-23,ROPE,0.001771,1328.865625,4096,5698600,128x8x1x1,0x0x0,128x8x1x1
Kcur-23 (view),VIEW,0.000313,1328.869427,4096,5698600,1024x1x1x1,0x0x0,1024x1x1x1
cache_k_l23 (view),SET_ROWS,0.032760,1328.905885,83886080,5698600,1024x40960x1x1,0x0x0,1024x40960x1x1
Vcur-23 (view),VIEW,0.000260,1328.910833,4096,5698600,1024x1x1x1,0x0x0,1024x1x1x1
cache_v_l23 (view),SET_ROWS,0.015990,1328.930729,83886080,5698600,1024x40960x1x1,0x0x0,1024x40960x1x1
Qcur-23 (view),VIEW,0.000416,1328.935364,8192,5698600,128x16x1x1,0x0x0,128x16x1x1
Qcur-23 (view) (permuted),PERMUTE,0.013593,1328.952812,8192,5698600,128x1x16x1,0x0x0,128x1x16x1
cache_k_l23 (view),VIEW,0.000417,1328.957448,524288,5698600,128x8x256x1,0x0x0,128x8x256x1
cache_k_l23 (view) (permuted),PERMUTE,0.016458,1328.977812,524288,5698600,128x256x8x1,0x0x0,128x256x8x1
cache_v_l23 (view),VIEW,0.000261,1328.982344,524288,5698600,128x8x256x1,0x0x0,128x8x256x1
cache_v_l23 (view) (permuted),PERMUTE,0.009843,1328.996041,524288,5698600,128x256x8x1,0x0x0,128x256x8x1
node_830,FLASH_ATTN_EXT,0.028750,1329.029010,8192,5698600,128x16x1x1,0x0x0,128x16x1x1
kqv_out-23,RESHAPE,0.000260,1329.033385,8192,5698600,2048x1x1x1,0x0x0,2048x1x1x1
node_832,MUL_MAT,0.138958,1329.175989,8192,5698600,2048x1x1x1,0x0x0,2048x1x1x1
ffn_inp-23,ADD,0.001406,1329.182135,8192,5698600,2048x1x1x1,0x0x0,2048x1x1x1
norm-23,RMS_NORM,0.003334,1329.189219,8192,5698600,2048x1x1x1,0x0x0,2048x1x1x1
ffn_norm-23,MUL,0.001510,1329.194479,8192,5698600,2048x1x1x1,0x0x0,2048x1x1x1
ffn_gate-23,MUL_MAT,0.158854,1329.356927,24576,5698600,6144x1x1x1,0x0x0,6144x1x1x1
ffn_up-23,MUL_MAT,0.158437,1329.519635,24576,5698600,6144x1x1x1,0x0x0,6144x1x1x1
ffn_swiglu-23,GLU,0.004167,1329.528229,24576,5698600,6144x1x1x1,0x0x0,6144x1x1x1
ffn_out-23,MUL_MAT,0.183855,1329.716094,8192,5698600,2048x1x1x1,0x0x0,2048x1x1x1
l_out-23,ADD,0.001875,1329.722239,8192,5698600,2048x1x1x1,0x0x0,2048x1x1x1
norm-24,RMS_NORM,0.003334,1329.729219,8192,5698600,2048x1x1x1,0x0x0,2048x1x1x1
attn_norm-24,MUL,0.001355,1329.734219,8192,5698600,2048x1x1x1,0x0x0,2048x1x1x1
Qcur-24,MUL_MAT,0.060209,1329.797969,8192,5698600,2048x1x1x1,0x0x0,2048x1x1x1
Qcur-24,RESHAPE,0.000261,1329.802448,8192,5698600,128x16x1x1,0x0x0,128x16x1x1
norm-24,RMS_NORM,0.090208,1329.896562,8192,5698600,128x16x1x1,0x0x0,128x16x1x1
Qcur_normed-24,MUL,0.002031,1329.906458,8192,5698600,128x16x1x1,0x0x0,128x16x1x1
Qcur-24,ROPE,0.001980,1329.912344,8192,5698600,128x16x1x1,0x0x0,128x16x1x1
Vcur-24,MUL_MAT,0.031771,1329.947760,4096,5698600,1024x1x1x1,0x0x0,1024x1x1x1
Vcur-24,RESHAPE,0.000312,1329.952291,4096,5698600,128x8x1x1,0x0x0,128x8x1x1
Kcur-24,MUL_MAT,0.120573,1330.076458,4096,5698600,1024x1x1x1,0x0x0,1024x1x1x1
Kcur-24,RESHAPE,0.000469,1330.081406,4096,5698600,128x8x1x1,0x0x0,128x8x1x1
norm-24,RMS_NORM,0.078281,1330.163437,4096,5698600,128x8x1x1,0x0x0,128x8x1x1
Kcur_normed-24,MUL,0.001355,1330.169219,4096,5698600,128x8x1x1,0x0x0,128x8x1x1
Kcur-24,ROPE,0.001719,1330.174531,4096,5698600,128x8x1x1,0x0x0,128x8x1x1
Kcur-24 (view),VIEW,0.000468,1330.178489,4096,5698600,1024x1x1x1,0x0x0,1024x1x1x1
cache_k_l24 (view),SET_ROWS,0.038958,1330.221041,83886080,5698600,1024x40960x1x1,0x0x0,1024x40960x1x1
Vcur-24 (view),VIEW,0.000313,1330.225729,4096,5698600,1024x1x1x1,0x0x0,1024x1x1x1
cache_v_l24 (view),SET_ROWS,0.014323,1330.243698,83886080,5698600,1024x40960x1x1,0x0x0,1024x40960x1x1
Qcur-24 (view),VIEW,0.000260,1330.248229,8192,5698600,128x16x1x1,0x0x0,128x16x1x1
Qcur-24 (view) (permuted),PERMUTE,0.014583,1330.266666,8192,5698600,128x1x16x1,0x0x0,128x1x16x1
cache_k_l24 (view),VIEW,0.000417,1330.271302,524288,5698600,128x8x256x1,0x0x0,128x8x256x1
cache_k_l24 (view) (permuted),PERMUTE,0.012604,1330.287656,524288,5698600,128x256x8x1,0x0x0,128x256x8x1
cache_v_l24 (view),VIEW,0.000312,1330.292187,524288,5698600,128x8x256x1,0x0x0,128x8x256x1
cache_v_l24 (view) (permuted),PERMUTE,0.014636,1330.310625,524288,5698600,128x256x8x1,0x0x0,128x256x8x1
node_865,FLASH_ATTN_EXT,0.046979,1330.361823,8192,5698600,128x16x1x1,0x0x0,128x16x1x1
kqv_out-24,RESHAPE,0.000261,1330.366250,8192,5698600,2048x1x1x1,0x0x0,2048x1x1x1
node_867,MUL_MAT,0.143437,1330.513437,8192,5698600,2048x1x1x1,0x0x0,2048x1x1x1
ffn_inp-24,ADD,0.001510,1330.519635,8192,5698600,2048x1x1x1,0x0x0,2048x1x1x1
norm-24,RMS_NORM,0.003177,1330.526562,8192,5698600,2048x1x1x1,0x0x0,2048x1x1x1
ffn_norm-24,MUL,0.001510,1330.531666,8192,5698600,2048x1x1x1,0x0x0,2048x1x1x1
ffn_gate-24,MUL_MAT,0.157761,1330.693125,24576,5698600,6144x1x1x1,0x0x0,6144x1x1x1
ffn_up-24,MUL_MAT,0.158281,1330.855729,24576,5698600,6144x1x1x1,0x0x0,6144x1x1x1
ffn_swiglu-24,GLU,0.004479,1330.864531,24576,5698600,6144x1x1x1,0x0x0,6144x1x1x1
ffn_out-24,MUL_MAT,0.180416,1331.049062,8192,5698600,2048x1x1x1,0x0x0,2048x1x1x1
l_out-24,ADD,0.001302,1331.054687,8192,5698600,2048x1x1x1,0x0x0,2048x1x1x1
norm-25,RMS_NORM,0.003333,1331.061666,8192,5698600,2048x1x1x1,0x0x0,2048x1x1x1
attn_norm-25,MUL,0.001458,1331.066666,8192,5698600,2048x1x1x1,0x0x0,2048x1x1x1
Qcur-25,MUL_MAT,0.060938,1331.131198,8192,5698600,2048x1x1x1,0x0x0,2048x1x1x1
Qcur-25,RESHAPE,0.000312,1331.136041,8192,5698600,128x16x1x1,0x0x0,128x16x1x1
norm-25,RMS_NORM,0.081927,1331.221823,8192,5698600,128x16x1x1,0x0x0,128x16x1x1
Qcur_normed-25,MUL,0.001719,1331.228229,8192,5698600,128x16x1x1,0x0x0,128x16x1x1
Qcur-25,ROPE,0.002187,1331.234166,8192,5698600,128x16x1x1,0x0x0,128x16x1x1
Vcur-25,MUL_MAT,0.032552,1331.270312,4096,5698600,1024x1x1x1,0x0x0,1024x1x1x1
Vcur-25,RESHAPE,0.000313,1331.274844,4096,5698600,128x8x1x1,0x0x0,128x8x1x1
Kcur-25,MUL_MAT,0.110782,1331.389323,4096,5698600,1024x1x1x1,0x0x0,1024x1x1x1
Kcur-25,RESHAPE,0.000469,1331.394427,4096,5698600,128x8x1x1,0x0x0,128x8x1x1
norm-25,RMS_NORM,0.080573,1331.478594,4096,5698600,128x8x1x1,0x0x0,128x8x1x1
Kcur_normed-25,MUL,0.001458,1331.484583,4096,5698600,128x8x1x1,0x0x0,128x8x1x1
Kcur-25,ROPE,0.001667,1331.489948,4096,5698600,128x8x1x1,0x0x0,128x8x1x1
Kcur-25 (view),VIEW,0.000313,1331.493854,4096,5698600,1024x1x1x1,0x0x0,1024x1x1x1
cache_k_l25 (view),SET_ROWS,0.038750,1331.536302,83886080,5698600,1024x40960x1x1,0x0x0,1024x40960x1x1
Vcur-25 (view),VIEW,0.000469,1331.541146,4096,5698600,1024x1x1x1,0x0x0,1024x1x1x1
cache_v_l25 (view),SET_ROWS,0.014896,1331.559844,83886080,5698600,1024x40960x1x1,0x0x0,1024x40960x1x1
Qcur-25 (view),VIEW,0.000469,1331.564479,8192,5698600,128x16x1x1,0x0x0,128x16x1x1
Qcur-25 (view) (permuted),PERMUTE,0.014271,1331.582500,8192,5698600,128x1x16x1,0x0x0,128x1x16x1
cache_k_l25 (view),VIEW,0.000469,1331.590208,524288,5698600,128x8x256x1,0x0x0,128x8x256x1
cache_k_l25 (view) (permuted),PERMUTE,0.014895,1331.609114,524288,5698600,128x256x8x1,0x0x0,128x256x8x1
cache_v_l25 (view),VIEW,0.000313,1331.613802,524288,5698600,128x8x256x1,0x0x0,128x8x256x1
cache_v_l25 (view) (permuted),PERMUTE,0.011406,1331.628906,524288,5698600,128x256x8x1,0x0x0,128x256x8x1
node_900,FLASH_ATTN_EXT,0.045469,1331.678750,8192,5698600,128x16x1x1,0x0x0,128x16x1x1
kqv_out-25,RESHAPE,0.000313,1331.683177,8192,5698600,2048x1x1x1,0x0x0,2048x1x1x1
node_902,MUL_MAT,0.143646,1331.830469,8192,5698600,2048x1x1x1,0x0x0,2048x1x1x1
ffn_inp-25,ADD,0.001458,1331.836927,8192,5698600,2048x1x1x1,0x0x0,2048x1x1x1
norm-25,RMS_NORM,0.003229,1331.843906,8192,5698600,2048x1x1x1,0x0x0,2048x1x1x1
ffn_norm-25,MUL,0.001406,1331.849010,8192,5698600,2048x1x1x1,0x0x0,2048x1x1x1
ffn_gate-25,MUL_MAT,0.158385,1332.010989,24576,5698600,6144x1x1x1,0x0x0,6144x1x1x1
ffn_up-25,MUL_MAT,0.158541,1332.174010,24576,5698600,6144x1x1x1,0x0x0,6144x1x1x1
ffn_swiglu-25,GLU,0.004167,1332.182604,24576,5698600,6144x1x1x1,0x0x0,6144x1x1x1
ffn_out-25,MUL_MAT,0.161407,1332.348073,8192,5698600,2048x1x1x1,0x0x0,2048x1x1x1
l_out-25,ADD,0.001354,1332.353802,8192,5698600,2048x1x1x1,0x0x0,2048x1x1x1
norm-26,RMS_NORM,0.003333,1332.360729,8192,5698600,2048x1x1x1,0x0x0,2048x1x1x1
attn_norm-26,MUL,0.001719,1332.366094,8192,5698600,2048x1x1x1,0x0x0,2048x1x1x1
Qcur-26,MUL_MAT,0.059219,1332.428906,8192,5698600,2048x1x1x1,0x0x0,2048x1x1x1
Qcur-26,RESHAPE,0.000313,1332.433698,8192,5698600,128x16x1x1,0x0x0,128x16x1x1
norm-26,RMS_NORM,0.083021,1332.520677,8192,5698600,128x16x1x1,0x0x0,128x16x1x1
Qcur_normed-26,MUL,0.001719,1332.526979,8192,5698600,128x16x1x1,0x0x0,128x16x1x1
Qcur-26,ROPE,0.001928,1332.532969,8192,5698600,128x16x1x1,0x0x0,128x16x1x1
Vcur-26,MUL_MAT,0.068802,1332.605364,4096,5698600,1024x1x1x1,0x0x0,1024x1x1x1
Vcur-26,RESHAPE,0.000312,1332.610208,4096,5698600,128x8x1x1,0x0x0,128x8x1x1
Kcur-26,MUL_MAT,0.587760,1333.201666,4096,5698600,1024x1x1x1,0x0x0,1024x1x1x1
Kcur-26,RESHAPE,0.000469,1333.207031,4096,5698600,128x8x1x1,0x0x0,128x8x1x1
norm-26,RMS_NORM,0.176615,1333.387396,4096,5698600,128x8x1x1,0x0x0,128x8x1x1
Kcur_normed-26,MUL,0.068229,1333.460208,4096,5698600,128x8x1x1,0x0x0,128x8x1x1
Kcur-26,ROPE,0.002240,1333.466302,4096,5698600,128x8x1x1,0x0x0,128x8x1x1
Kcur-26 (view),VIEW,0.000468,1333.470364,4096,5698600,1024x1x1x1,0x0x0,1024x1x1x1
cache_k_l26 (view),SET_ROWS,0.059011,1333.533073,83886080,5698600,1024x40960x1x1,0x0x0,1024x40960x1x1
Vcur-26 (view),VIEW,0.000312,1333.537916,4096,5698600,1024x1x1x1,0x0x0,1024x1x1x1
cache_v_l26 (view),SET_ROWS,0.016666,1333.558437,83886080,5698600,1024x40960x1x1,0x0x0,1024x40960x1x1
Qcur-26 (view),VIEW,0.000313,1333.563125,8192,5698600,128x16x1x1,0x0x0,128x16x1x1
Qcur-26 (view) (permuted),PERMUTE,0.013698,1333.580625,8192,5698600,128x1x16x1,0x0x0,128x1x16x1
cache_k_l26 (view),VIEW,0.000468,1333.585416,524288,5698600,128x8x256x1,0x0x0,128x8x256x1
cache_k_l26 (view) (permuted),PERMUTE,0.016718,1333.606041,524288,5698600,128x256x8x1,0x0x0,128x256x8x1
cache_v_l26 (view),VIEW,0.000416,1333.610885,524288,5698600,128x8x256x1,0x0x0,128x8x256x1
cache_v_l26 (view) (permuted),PERMUTE,0.016511,1333.631250,524288,5698600,128x256x8x1,0x0x0,128x256x8x1
node_935,FLASH_ATTN_EXT,0.221927,1333.857448,8192,5698600,128x16x1x1,0x0x0,128x16x1x1
kqv_out-26,RESHAPE,0.000312,1333.862031,8192,5698600,2048x1x1x1,0x0x0,2048x1x1x1
node_937,MUL_MAT,0.158073,1334.023698,8192,5698600,2048x1x1x1,0x0x0,2048x1x1x1
ffn_inp-26,ADD,0.001563,1334.029948,8192,5698600,2048x1x1x1,0x0x0,2048x1x1x1
norm-26,RMS_NORM,0.003177,1334.036875,8192,5698600,2048x1x1x1,0x0x0,2048x1x1x1
ffn_norm-26,MUL,0.001406,1334.041927,8192,5698600,2048x1x1x1,0x0x0,2048x1x1x1
ffn_gate-26,MUL_MAT,0.158489,1334.204010,24576,5698600,6144x1x1x1,0x0x0,6144x1x1x1
ffn_up-26,MUL_MAT,0.158854,1334.367239,24576,5698600,6144x1x1x1,0x0x0,6144x1x1x1
ffn_swiglu-26,GLU,0.004375,1334.375989,24576,5698600,6144x1x1x1,0x0x0,6144x1x1x1
ffn_out-26,MUL_MAT,0.172083,1334.552239,8192,5698600,2048x1x1x1,0x0x0,2048x1x1x1
l_out-26,ADD,0.001302,1334.561146,8192,5698600,2048x1x1x1,0x0x0,2048x1x1x1
norm-27,RMS_NORM,0.003385,1334.568437,8192,5698600,2048x1x1x1,0x0x0,2048x1x1x1
attn_norm-27,MUL,0.001615,1334.573698,8192,5698600,2048x1x1x1,0x0x0,2048x1x1x1
Qcur-27,MUL_MAT,0.059219,1334.636458,8192,5698600,2048x1x1x1,0x0x0,2048x1x1x1
Qcur-27,RESHAPE,0.000313,1334.641146,8192,5698600,128x16x1x1,0x0x0,128x16x1x1
norm-27,RMS_NORM,0.088385,1334.733385,8192,5698600,128x16x1x1,0x0x0,128x16x1x1
Qcur_normed-27,MUL,0.001875,1334.739687,8192,5698600,128x16x1x1,0x0x0,128x16x1x1
Qcur-27,ROPE,0.002084,1334.745469,8192,5698600,128x16x1x1,0x0x0,128x16x1x1
Vcur-27,MUL_MAT,0.031198,1334.780260,4096,5698600,1024x1x1x1,0x0x0,1024x1x1x1
Vcur-27,RESHAPE,0.000417,1334.784948,4096,5698600,128x8x1x1,0x0x0,128x8x1x1
Kcur-27,MUL_MAT,0.117865,1334.906875,4096,5698600,1024x1x1x1,0x0x0,1024x1x1x1
Kcur-27,RESHAPE,0.000469,1334.911823,4096,5698600,128x8x1x1,0x0x0,128x8x1x1
norm-27,RMS_NORM,0.079114,1334.994739,4096,5698600,128x8x1x1,0x0x0,128x8x1x1
Kcur_normed-27,MUL,0.001146,1335.000312,4096,5698600,128x8x1x1,0x0x0,128x8x1x1
Kcur-27,ROPE,0.001927,1335.005885,4096,5698600,128x8x1x1,0x0x0,128x8x1x1
Kcur-27 (view),VIEW,0.000469,1335.009896,4096,5698600,1024x1x1x1,0x0x0,1024x1x1x1
cache_k_l27 (view),SET_ROWS,0.039427,1335.052916,83886080,5698600,1024x40960x1x1,0x0x0,1024x40960x1x1
Vcur-27 (view),VIEW,0.000312,1335.057760,4096,5698600,1024x1x1x1,0x0x0,1024x1x1x1
cache_v_l27 (view),SET_ROWS,0.014584,1335.076198,83886080,5698600,1024x40960x1x1,0x0x0,1024x40960x1x1
Qcur-27 (view),VIEW,0.000313,1335.080729,8192,5698600,128x16x1x1,0x0x0,128x16x1x1
Qcur-27 (view) (permuted),PERMUTE,0.010781,1335.095312,8192,5698600,128x1x16x1,0x0x0,128x1x16x1
cache_k_l27 (view),VIEW,0.000260,1335.099687,524288,5698600,128x8x256x1,0x0x0,128x8x256x1
cache_k_l27 (view) (permuted),PERMUTE,0.013229,1335.116614,524288,5698600,128x256x8x1,0x0x0,128x256x8x1
cache_v_l27 (view),VIEW,0.000261,1335.121146,524288,5698600,128x8x256x1,0x0x0,128x8x256x1
cache_v_l27 (view) (permuted),PERMUTE,0.013177,1335.138229,524288,5698600,128x256x8x1,0x0x0,128x256x8x1
node_970,FLASH_ATTN_EXT,0.030781,1335.173281,8192,5698600,128x16x1x1,0x0x0,128x16x1x1
kqv_out-27,RESHAPE,0.000468,1335.177864,8192,5698600,2048x1x1x1,0x0x0,2048x1x1x1
node_972,MUL_MAT,0.143282,1335.324844,8192,5698600,2048x1x1x1,0x0x0,2048x1x1x1
node_973,GET_ROWS,0.000990,1335.330469,8192,5698600,2048x1x1x1,0x0x0,2048x1x1x1
node_974,GET_ROWS,0.040260,1335.374635,8192,5698600,2048x1x1x1,0x0x0,2048x1x1x1
ffn_inp-27,ADD,0.042031,1335.421041,8192,5698600,2048x1x1x1,0x0x0,2048x1x1x1
norm-27,RMS_NORM,0.003229,1335.428177,8192,5698600,2048x1x1x1,0x0x0,2048x1x1x1
ffn_norm-27,MUL,0.001562,1335.433281,8192,5698600,2048x1x1x1,0x0x0,2048x1x1x1
ffn_gate-27,MUL_MAT,0.150677,1335.587604,24576,5698600,6144x1x1x1,0x0x0,6144x1x1x1
ffn_up-27,MUL_MAT,0.158437,1335.750260,24576,5698600,6144x1x1x1,0x0x0,6144x1x1x1
ffn_swiglu-27,GLU,0.004323,1335.759271,24576,5698600,6144x1x1x1,0x0x0,6144x1x1x1
ffn_out-27,MUL_MAT,0.181354,1335.944635,8192,5698600,2048x1x1x1,0x0x0,2048x1x1x1
l_out-27,ADD,0.001407,1335.950573,8192,5698600,2048x1x1x1,0x0x0,2048x1x1x1
norm,RMS_NORM,0.003073,1335.957396,8192,5698600,2048x1x1x1,0x0x0,2048x1x1x1
result_norm,MUL,0.001771,1335.962708,8192,5698600,2048x1x1x1,0x0x0,2048x1x1x1
result_output,MUL_MAT,4.847344,1340.813750,607744,5698600,151936x1x1x1,0x0x0,151936x1x1x1
embd,GET_ROWS,0.001927,1341.183385,8192,5698600,2048x1x1x1,0x0x0,2048x1x1x1
norm-0,RMS_NORM,0.332084,1341.521146,8192,5698600,2048x1x1x1,0x0x0,2048x1x1x1
attn_norm-0,MUL,0.001614,1341.527708,8192,5698600,2048x1x1x1,0x0x0,2048x1x1x1
Qcur-0,MUL_MAT,0.060937,1341.592656,8192,5698600,2048x1x1x1,0x0x0,2048x1x1x1
Qcur-0,RESHAPE,0.000312,1341.597239,8192,5698600,128x16x1x1,0x0x0,128x16x1x1
norm-0,RMS_NORM,0.143333,1341.744531,8192,5698600,128x16x1x1,0x0x0,128x16x1x1
Qcur_normed-0,MUL,0.001719,1341.750781,8192,5698600,128x16x1x1,0x0x0,128x16x1x1
Qcur-0,ROPE,0.002292,1341.756719,8192,5698600,128x16x1x1,0x0x0,128x16x1x1
Vcur-0,MUL_MAT,0.031980,1341.792344,4096,5698600,1024x1x1x1,0x0x0,1024x1x1x1
Vcur-0,RESHAPE,0.000469,1341.803750,4096,5698600,128x8x1x1,0x0x0,128x8x1x1
Kcur-0,MUL_MAT,0.132656,1341.940416,4096,5698600,1024x1x1x1,0x0x0,1024x1x1x1
Kcur-0,RESHAPE,0.000417,1341.945521,4096,5698600,128x8x1x1,0x0x0,128x8x1x1
norm-0,RMS_NORM,0.090052,1342.039427,4096,5698600,128x8x1x1,0x0x0,128x8x1x1
Kcur_normed-0,MUL,0.009636,1342.053698,4096,5698600,128x8x1x1,0x0x0,128x8x1x1
Kcur-0,ROPE,0.004687,1342.062135,4096,5698600,128x8x1x1,0x0x0,128x8x1x1
Kcur-0 (view),VIEW,0.000469,1342.066406,4096,5698600,1024x1x1x1,0x0x0,1024x1x1x1
cache_k_l0 (view),SET_ROWS,0.032031,1342.102083,83886080,5698600,1024x40960x1x1,0x0x0,1024x40960x1x1
Vcur-0 (view),VIEW,0.000260,1342.107083,4096,5698600,1024x1x1x1,0x0x0,1024x1x1x1
cache_v_l0 (view),SET_ROWS,0.017188,1342.128073,83886080,5698600,1024x40960x1x1,0x0x0,1024x40960x1x1
Qcur-0 (view),VIEW,0.000260,1342.132656,8192,5698600,128x16x1x1,0x0x0,128x16x1x1
Qcur-0 (view) (permuted),PERMUTE,0.013073,1342.149583,8192,5698600,128x1x16x1,0x0x0,128x1x16x1
cache_k_l0 (view),VIEW,0.000521,1342.154687,524288,5698600,128x8x256x1,0x0x0,128x8x256x1
cache_k_l0 (view) (permuted),PERMUTE,0.019583,1342.178281,524288,5698600,128x256x8x1,0x0x0,128x256x8x1
cache_v_l0 (view),VIEW,0.000312,1342.182812,524288,5698600,128x8x256x1,0x0x0,128x8x256x1
cache_v_l0 (view) (permuted),PERMUTE,0.018073,1342.204635,524288,5698600,128x256x8x1,0x0x0,128x256x8x1
node_25,FLASH_ATTN_EXT,0.017032,1342.226094,8192,5698600,128x16x1x1,0x0x0,128x16x1x1
kqv_out-0,RESHAPE,0.000313,1342.230677,8192,5698600,2048x1x1x1,0x0x0,2048x1x1x1
node_27,MUL_MAT,0.161302,1342.395677,8192,5698600,2048x1x1x1,0x0x0,2048x1x1x1
ffn_inp-0,ADD,0.003645,1342.404166,8192,5698600,2048x1x1x1,0x0x0,2048x1x1x1
norm-0,RMS_NORM,0.003229,1342.411198,8192,5698600,2048x1x1x1,0x0x0,2048x1x1x1
ffn_norm-0,MUL,0.001510,1342.416406,8192,5698600,2048x1x1x1,0x0x0,2048x1x1x1
ffn_gate-0,MUL_MAT,0.158854,1342.578854,24576,5698600,6144x1x1x1,0x0x0,6144x1x1x1
ffn_up-0,MUL_MAT,0.156927,1342.740416,24576,5698600,6144x1x1x1,0x0x0,6144x1x1x1
ffn_swiglu-0,GLU,0.004583,1342.749531,24576,5698600,6144x1x1x1,0x0x0,6144x1x1x1
ffn_out-0,MUL_MAT,0.193593,1342.947187,8192,5698600,2048x1x1x1,0x0x0,2048x1x1x1
l_out-0,ADD,0.001354,1342.953073,8192,5698600,2048x1x1x1,0x0x0,2048x1x1x1
norm-1,RMS_NORM,0.003333,1342.960104,8192,5698600,2048x1x1x1,0x0x0,2048x1x1x1
attn_norm-1,MUL,0.001458,1342.965104,8192,5698600,2048x1x1x1,0x0x0,2048x1x1x1
Qcur-1,MUL_MAT,0.059375,1343.028073,8192,5698600,2048x1x1x1,0x0x0,2048x1x1x1
Qcur-1,RESHAPE,0.000260,1343.032864,8192,5698600,128x16x1x1,0x0x0,128x16x1x1
norm-1,RMS_NORM,0.090364,1343.127291,8192,5698600,128x16x1x1,0x0x0,128x16x1x1
Qcur_normed-1,MUL,0.001823,1343.133854,8192,5698600,128x16x1x1,0x0x0,128x16x1x1
Qcur-1,ROPE,0.002135,1343.139583,8192,5698600,128x16x1x1,0x0x0,128x16x1x1
Vcur-1,MUL_MAT,0.037708,1343.180989,4096,5698600,1024x1x1x1,0x0x0,1024x1x1x1
Vcur-1,RESHAPE,0.000417,1343.185677,4096,5698600,128x8x1x1,0x0x0,128x8x1x1
Kcur-1,MUL_MAT,0.136614,1343.325989,4096,5698600,1024x1x1x1,0x0x0,1024x1x1x1
Kcur-1,RESHAPE,0.000312,1343.330937,4096,5698600,128x8x1x1,0x0x0,128x8x1x1
norm-1,RMS_NORM,0.079063,1343.413646,4096,5698600,128x8x1x1,0x0x0,128x8x1x1
Kcur_normed-1,MUL,0.051198,1343.469479,4096,5698600,128x8x1x1,0x0x0,128x8x1x1
Kcur-1,ROPE,0.001771,1343.474948,4096,5698600,128x8x1x1,0x0x0,128x8x1x1
Kcur-1 (view),VIEW,0.000469,1343.478958,4096,5698600,1024x1x1x1,0x0x0,1024x1x1x1
cache_k_l1 (view),SET_ROWS,0.034167,1343.516771,83886080,5698600,1024x40960x1x1,0x0x0,1024x40960x1x1
Vcur-1 (view),VIEW,0.000312,1343.521562,4096,5698600,1024x1x1x1,0x0x0,1024x1x1x1
cache_v_l1 (view),SET_ROWS,0.017188,1343.542552,83886080,5698600,1024x40960x1x1,0x0x0,1024x40960x1x1
Qcur-1 (view),VIEW,0.000468,1343.547291,8192,5698600,128x16x1x1,0x0x0,128x16x1x1
Qcur-1 (view) (permuted),PERMUTE,0.011458,1343.562552,8192,5698600,128x1x16x1,0x0x0,128x1x16x1
cache_k_l1 (view),VIEW,0.000313,1343.566979,524288,5698600,128x8x256x1,0x0x0,128x8x256x1
cache_k_l1 (view) (permuted),PERMUTE,0.007812,1343.578437,524288,5698600,128x256x8x1,0x0x0,128x256x8x1
cache_v_l1 (view),VIEW,0.000417,1343.587552,524288,5698600,128x8x256x1,0x0x0,128x8x256x1
cache_v_l1 (view) (permuted),PERMUTE,0.025990,1343.617604,524288,5698600,128x256x8x1,0x0x0,128x256x8x1
node_60,FLASH_ATTN_EXT,0.058750,1343.680885,8192,5698600,128x16x1x1,0x0x0,128x16x1x1
kqv_out-1,RESHAPE,0.000260,1343.685781,8192,5698600,2048x1x1x1,0x0x0,2048x1x1x1
node_62,MUL_MAT,0.142031,1343.831614,8192,5698600,2048x1x1x1,0x0x0,2048x1x1x1
ffn_inp-1,ADD,0.001354,1343.837604,8192,5698600,2048x1x1x1,0x0x0,2048x1x1x1
norm-1,RMS_NORM,0.003177,1343.844583,8192,5698600,2048x1x1x1,0x0x0,2048x1x1x1
ffn_norm-1,MUL,0.001563,1343.849844,8192,5698600,2048x1x1x1,0x0x0,2048x1x1x1
ffn_gate-1,MUL_MAT,0.159167,1344.012604,24576,5698600,6144x1x1x1,0x0x0,6144x1x1x1
ffn_up-1,MUL_MAT,0.159375,1344.176458,24576,5698600,6144x1x1x1,0x0x0,6144x1x1x1
ffn_swiglu-1,GLU,0.004375,1344.185416,24576,5698600,6144x1x1x1,0x0x0,6144x1x1x1
ffn_out-1,MUL_MAT,0.194323,1344.383698,8192,5698600,2048x1x1x1,0x0x0,2048x1x1x1
l_out-1,ADD,0.001511,1344.389896,8192,5698600,2048x1x1x1,0x0x0,2048x1x1x1
norm-2,RMS_NORM,0.003333,1344.396979,8192,5698600,2048x1x1x1,0x0x0,2048x1x1x1
attn_norm-2,MUL,0.001666,1344.402291,8192,5698600,2048x1x1x1,0x0x0,2048x1x1x1
Qcur-2,MUL_MAT,0.059792,1344.465729,8192,5698600,2048x1x1x1,0x0x0,2048x1x1x1
Qcur-2,RESHAPE,0.000416,1344.470416,8192,5698600,128x16x1x1,0x0x0,128x16x1x1
norm-2,RMS_NORM,0.099740,1344.574323,8192,5698600,128x16x1x1,0x0x0,128x16x1x1
Qcur_normed-2,MUL,0.001875,1344.580937,8192,5698600,128x16x1x1,0x0x0,128x16x1x1
Qcur-2,ROPE,0.001927,1344.586510,8192,5698600,128x16x1x1,0x0x0,128x16x1x1
Vcur-2,MUL_MAT,0.032396,1344.622552,4096,5698600,1024x1x1x1,0x0x0,1024x1x1x1
Vcur-2,RESHAPE,0.000313,1344.626979,4096,5698600,128x8x1x1,0x0x0,128x8x1x1
Kcur-2,MUL_MAT,0.112239,1344.742916,4096,5698600,1024x1x1x1,0x0x0,1024x1x1x1
Kcur-2,RESHAPE,0.000416,1344.747812,4096,5698600,128x8x1x1,0x0x0,128x8x1x1
norm-2,RMS_NORM,0.081771,1344.833333,4096,5698600,128x8x1x1,0x0x0,128x8x1x1
Kcur_normed-2,MUL,0.001355,1344.839271,4096,5698600,128x8x1x1,0x0x0,128x8x1x1
Kcur-2,ROPE,0.001823,1344.844687,4096,5698600,128x8x1x1,0x0x0,128x8x1x1
Kcur-2 (view),VIEW,0.000261,1344.848594,4096,5698600,1024x1x1x1,0x0x0,1024x1x1x1
cache_k_l2 (view),SET_ROWS,0.040000,1344.892396,83886080,5698600,1024x40960x1x1,0x0x0,1024x40960x1x1
Vcur-2 (view),VIEW,0.000312,1344.897239,4096,5698600,1024x1x1x1,0x0x0,1024x1x1x1
cache_v_l2 (view),SET_ROWS,0.013854,1344.914791,83886080,5698600,1024x40960x1x1,0x0x0,1024x40960x1x1
Qcur-2 (view),VIEW,0.000416,1344.919635,8192,5698600,128x16x1x1,0x0x0,128x16x1x1
Qcur-2 (view) (permuted),PERMUTE,0.015677,1344.939166,8192,5698600,128x1x16x1,0x0x0,128x1x16x1
cache_k_l2 (view),VIEW,0.000469,1344.943802,524288,5698600,128x8x256x1,0x0x0,128x8x256x1
cache_k_l2 (view) (permuted),PERMUTE,0.014271,1344.961927,524288,5698600,128x256x8x1,0x0x0,128x256x8x1
cache_v_l2 (view),VIEW,0.000416,1344.966614,524288,5698600,128x8x256x1,0x0x0,128x8x256x1
cache_v_l2 (view) (permuted),PERMUTE,0.016614,1344.987187,524288,5698600,128x256x8x1,0x0x0,128x256x8x1
node_95,FLASH_ATTN_EXT,0.035573,1345.027031,8192,5698600,128x16x1x1,0x0x0,128x16x1x1
kqv_out-2,RESHAPE,0.000313,1345.031719,8192,5698600,2048x1x1x1,0x0x0,2048x1x1x1
node_97,MUL_MAT,0.149584,1345.185000,8192,5698600,2048x1x1x1,0x0x0,2048x1x1x1
ffn_inp-2,ADD,0.001459,1345.191094,8192,5698600,2048x1x1x1,0x0x0,2048x1x1x1
norm-2,RMS_NORM,0.003230,1345.197969,8192,5698600,2048x1x1x1,0x0x0,2048x1x1x1
ffn_norm-2,MUL,0.001406,1345.203125,8192,5698600,2048x1x1x1,0x0x0,2048x1x1x1
ffn_gate-2,MUL_MAT,0.158489,1345.365208,24576,5698600,6144x1x1x1,0x0x0,6144x1x1x1
ffn_up-2,MUL_MAT,0.162084,1345.531771,24576,5698600,6144x1x1x1,0x0x0,6144x1x1x1
ffn_swiglu-2,GLU,0.004270,1345.540416,24576,5698600,6144x1x1x1,0x0x0,6144x1x1x1
ffn_out-2,MUL_MAT,0.194739,1345.739114,8192,5698600,2048x1x1x1,0x0x0,2048x1x1x1
l_out-2,ADD,0.001302,1345.744791,8192,5698600,2048x1x1x1,0x0x0,2048x1x1x1
norm-3,RMS_NORM,0.003333,1345.751927,8192,5698600,2048x1x1x1,0x0x0,2048x1x1x1
attn_norm-3,MUL,0.001458,1345.757135,8192,5698600,2048x1x1x1,0x0x0,2048x1x1x1
Qcur-3,MUL_MAT,0.060312,1345.821041,8192,5698600,2048x1x1x1,0x0x0,2048x1x1x1
Qcur-3,RESHAPE,0.000364,1345.830260,8192,5698600,128x16x1x1,0x0x0,128x16x1x1
norm-3,RMS_NORM,0.087916,1345.922291,8192,5698600,128x16x1x1,0x0x0,128x16x1x1
Qcur_normed-3,MUL,0.001979,1345.928906,8192,5698600,128x16x1x1,0x0x0,128x16x1x1
Qcur-3,ROPE,0.001979,1345.934531,8192,5698600,128x16x1x1,0x0x0,128x16x1x1
Vcur-3,MUL_MAT,0.032187,1345.970416,4096,5698600,1024x1x1x1,0x0x0,1024x1x1x1
Vcur-3,RESHAPE,0.000313,1345.974948,4096,5698600,128x8x1x1,0x0x0,128x8x1x1
Kcur-3,MUL_MAT,0.109427,1346.088073,4096,5698600,1024x1x1x1,0x0x0,1024x1x1x1
Kcur-3,RESHAPE,0.000417,1346.093177,4096,5698600,128x8x1x1,0x0x0,128x8x1x1
norm-3,RMS_NORM,0.094114,1346.190989,4096,5698600,128x8x1x1,0x0x0,128x8x1x1
Kcur_normed-3,MUL,0.001302,1346.196979,4096,5698600,128x8x1x1,0x0x0,128x8x1x1
Kcur-3,ROPE,0.001927,1346.202552,4096,5698600,128x8x1x1,0x0x0,128x8x1x1
Kcur-3 (view),VIEW,0.000260,1346.206354,4096,5698600,1024x1x1x1,0x0x0,1024x1x1x1
cache_k_l3 (view),SET_ROWS,0.032083,1346.242083,83886080,5698600,1024x40960x1x1,0x0x0,1024x40960x1x1
Vcur-3 (view),VIEW,0.000261,1346.246771,4096,5698600,1024x1x1x1,0x0x0,1024x1x1x1
cache_v_l3 (view),SET_ROWS,0.017448,1346.268021,83886080,5698600,1024x40960x1x1,0x0x0,1024x40960x1x1
Qcur-3 (view),VIEW,0.000416,1346.272812,8192,5698600,128x16x1x1,0x0x0,128x16x1x1
Qcur-3 (view) (permuted),PERMUTE,0.014010,1346.290781,8192,5698600,128x1x16x1,0x0x0,128x1x16x1
cache_k_l3 (view),VIEW,0.000417,1346.295469,524288,5698600,128x8x256x1,0x0x0,128x8x256x1
cache_k_l3 (view) (permuted),PERMUTE,0.016562,1346.315833,524288,5698600,128x256x8x1,0x0x0,128x256x8x1
cache_v_l3 (view),VIEW,0.000417,1346.320521,524288,5698600,128x8x256x1,0x0x0,128x8x256x1
cache_v_l3 (view) (permuted),PERMUTE,0.016406,1346.340781,524288,5698600,128x256x8x1,0x0x0,128x256x8x1
node_130,FLASH_ATTN_EXT,0.036666,1346.381666,8192,5698600,128x16x1x1,0x0x0,128x16x1x1
kqv_out-3,RESHAPE,0.000312,1346.386458,8192,5698600,2048x1x1x1,0x0x0,2048x1x1x1
node_132,MUL_MAT,0.147031,1346.537239,8192,5698600,2048x1x1x1,0x0x0,2048x1x1x1
ffn_inp-3,ADD,0.001510,1346.543437,8192,5698600,2048x1x1x1,0x0x0,2048x1x1x1
norm-3,RMS_NORM,0.003230,1346.550469,8192,5698600,2048x1x1x1,0x0x0,2048x1x1x1
ffn_norm-3,MUL,0.001355,1346.555469,8192,5698600,2048x1x1x1,0x0x0,2048x1x1x1
ffn_gate-3,MUL_MAT,0.158229,1346.717448,24576,5698600,6144x1x1x1,0x0x0,6144x1x1x1
ffn_up-3,MUL_MAT,0.158594,1346.880521,24576,5698600,6144x1x1x1,0x0x0,6144x1x1x1
ffn_swiglu-3,GLU,0.004271,1346.889427,24576,5698600,6144x1x1x1,0x0x0,6144x1x1x1
ffn_out-3,MUL_MAT,0.183282,1347.076719,8192,5698600,2048x1x1x1,0x0x0,2048x1x1x1
l_out-3,ADD,0.001355,1347.082344,8192,5698600,2048x1x1x1,0x0x0,2048x1x1x1
norm-4,RMS_NORM,0.003542,1347.089479,8192,5698600,2048x1x1x1,0x0x0,2048x1x1x1
attn_norm-4,MUL,0.001510,1347.094531,8192,5698600,2048x1x1x1,0x0x0,2048x1x1x1
Qcur-4,MUL_MAT,0.059583,1347.157760,8192,5698600,2048x1x1x1,0x0x0,2048x1x1x1
Qcur-4,RESHAPE,0.000313,1347.162344,8192,5698600,128x16x1x1,0x0x0,128x16x1x1
norm-4,RMS_NORM,0.080104,1347.246302,8192,5698600,128x16x1x1,0x0x0,128x16x1x1
Qcur_normed-4,MUL,0.001823,1347.252760,8192,5698600,128x16x1x1,0x0x0,128x16x1x1
Qcur-4,ROPE,0.001979,1347.258385,8192,5698600,128x16x1x1,0x0x0,128x16x1x1
Vcur-4,MUL_MAT,0.031198,1347.293229,4096,5698600,1024x1x1x1,0x0x0,1024x1x1x1
Vcur-4,RESHAPE,0.000312,1347.297708,4096,5698600,128x8x1x1,0x0x0,128x8x1x1
Kcur-4,MUL_MAT,0.112552,1347.413958,4096,5698600,1024x1x1x1,0x0x0,1024x1x1x1
Kcur-4,RESHAPE,0.000417,1347.418958,4096,5698600,128x8x1x1,0x0x0,128x8x1x1
norm-4,RMS_NORM,0.081302,1347.504010,4096,5698600,128x8x1x1,0x0x0,128x8x1x1
Kcur_normed-4,MUL,0.001198,1347.509844,4096,5698600,128x8x1x1,0x0x0,128x8x1x1
Kcur-4,ROPE,0.001823,1347.515312,4096,5698600,128x8x1x1,0x0x0,128x8x1x1
Kcur-4 (view),VIEW,0.000469,1347.519375,4096,5698600,1024x1x1x1,0x0x0,1024x1x1x1
cache_k_l4 (view),SET_ROWS,0.038281,1347.561302,83886080,5698600,1024x40960x1x1,0x0x0,1024x40960x1x1
Vcur-4 (view),VIEW,0.000261,1347.566146,4096,5698600,1024x1x1x1,0x0x0,1024x1x1x1
cache_v_l4 (view),SET_ROWS,0.025052,1347.595104,83886080,5698600,1024x40960x1x1,0x0x0,1024x40960x1x1
Qcur-4 (view),VIEW,0.017604,1347.626979,8192,5698600,128x16x1x1,0x0x0,128x16x1x1
Qcur-4 (view) (permuted),PERMUTE,0.000417,1347.631927,8192,5698600,128x1x16x1,0x0x0,128x1x16x1
cache_k_l4 (view),VIEW,0.017969,1347.653958,524288,5698600,128x8x256x1,0x0x0,128x8x256x1
cache_k_l4 (view) (permuted),PERMUTE,0.000833,1347.659062,524288,5698600,128x256x8x1,0x0x0,128x256x8x1
cache_v_l4 (view),VIEW,0.000625,1347.663385,524288,5698600,128x8x256x1,0x0x0,128x8x256x1
cache_v_l4 (view) (permuted),PERMUTE,0.000469,1347.667500,524288,5698600,128x256x8x1,0x0x0,128x256x8x1
node_165,FLASH_ATTN_EXT,0.073906,1347.745104,8192,5698600,128x16x1x1,0x0x0,128x16x1x1
kqv_out-4,RESHAPE,0.000313,1347.749948,8192,5698600,2048x1x1x1,0x0x0,2048x1x1x1
node_167,MUL_MAT,0.140989,1347.894739,8192,5698600,2048x1x1x1,0x0x0,2048x1x1x1
ffn_inp-4,ADD,0.001354,1347.900833,8192,5698600,2048x1x1x1,0x0x0,2048x1x1x1
norm-4,RMS_NORM,0.003229,1347.907812,8192,5698600,2048x1x1x1,0x0x0,2048x1x1x1
ffn_norm-4,MUL,0.001458,1347.912916,8192,5698600,2048x1x1x1,0x0x0,2048x1x1x1
ffn_gate-4,MUL_MAT,0.157396,1348.073958,24576,5698600,6144x1x1x1,0x0x0,6144x1x1x1
ffn_up-4,MUL_MAT,0.158750,1348.237135,24576,5698600,6144x1x1x1,0x0x0,6144x1x1x1
ffn_swiglu-4,GLU,0.004271,1348.245781,24576,5698600,6144x1x1x1,0x0x0,6144x1x1x1
ffn_out-4,MUL_MAT,0.182343,1348.432187,8192,5698600,2048x1x1x1,0x0x0,2048x1x1x1
l_out-4,ADD,0.001459,1348.437969,8192,5698600,2048x1x1x1,0x0x0,2048x1x1x1
norm-5,RMS_NORM,0.003333,1348.445052,8192,5698600,2048x1x1x1,0x0x0,2048x1x1x1
attn_norm-5,MUL,0.001666,1348.450364,8192,5698600,2048x1x1x1,0x0x0,2048x1x1x1
Qcur-5,MUL_MAT,0.060156,1348.514062,8192,5698600,2048x1x1x1,0x0x0,2048x1x1x1
Qcur-5,RESHAPE,0.000417,1348.518958,8192,5698600,128x16x1x1,0x0x0,128x16x1x1
norm-5,RMS_NORM,0.091718,1348.614739,8192,5698600,128x16x1x1,0x0x0,128x16x1x1
Qcur_normed-5,MUL,0.001823,1348.621458,8192,5698600,128x16x1x1,0x0x0,128x16x1x1
Qcur-5,ROPE,0.001875,1348.626927,8192,5698600,128x16x1x1,0x0x0,128x16x1x1
Vcur-5,MUL_MAT,0.039010,1348.669635,4096,5698600,1024x1x1x1,0x0x0,1024x1x1x1
Vcur-5,RESHAPE,0.000417,1348.674531,4096,5698600,128x8x1x1,0x0x0,128x8x1x1
Kcur-5,MUL_MAT,0.111979,1348.790208,4096,5698600,1024x1x1x1,0x0x0,1024x1x1x1
Kcur-5,RESHAPE,0.000416,1348.795312,4096,5698600,128x8x1x1,0x0x0,128x8x1x1
norm-5,RMS_NORM,0.078698,1348.877760,4096,5698600,128x8x1x1,0x0x0,128x8x1x1
Kcur_normed-5,MUL,0.001406,1348.883802,4096,5698600,128x8x1x1,0x0x0,128x8x1x1
Kcur-5,ROPE,0.001718,1348.889062,4096,5698600,128x8x1x1,0x0x0,128x8x1x1
Kcur-5 (view),VIEW,0.000469,1348.893125,4096,5698600,1024x1x1x1,0x0x0,1024x1x1x1
cache_k_l5 (view),SET_ROWS,0.040156,1348.936875,83886080,5698600,1024x40960x1x1,0x0x0,1024x40960x1x1
Vcur-5 (view),VIEW,0.000468,1348.941666,4096,5698600,1024x1x1x1,0x0x0,1024x1x1x1
cache_v_l5 (view),SET_ROWS,0.014479,1348.959948,83886080,5698600,1024x40960x1x1,0x0x0,1024x40960x1x1
Qcur-5 (view),VIEW,0.000260,1348.964687,8192,5698600,128x16x1x1,0x0x0,128x16x1x1
Qcur-5 (view) (permuted),PERMUTE,0.010938,1348.979479,8192,5698600,128x1x16x1,0x0x0,128x1x16x1
cache_k_l5 (view),VIEW,0.000573,1348.984271,524288,5698600,128x8x256x1,0x0x0,128x8x256x1
cache_k_l5 (view) (permuted),PERMUTE,0.013698,1349.001823,524288,5698600,128x256x8x1,0x0x0,128x256x8x1
cache_v_l5 (view),VIEW,0.000312,1349.006458,524288,5698600,128x8x256x1,0x0x0,128x8x256x1
cache_v_l5 (view) (permuted),PERMUTE,0.016563,1349.026823,524288,5698600,128x256x8x1,0x0x0,128x256x8x1
node_200,FLASH_ATTN_EXT,0.047448,1349.078594,8192,5698600,128x16x1x1,0x0x0,128x16x1x1
kqv_out-5,RESHAPE,0.000313,1349.083021,8192,5698600,2048x1x1x1,0x0x0,2048x1x1x1
node_202,MUL_MAT,0.143333,1349.230052,8192,5698600,2048x1x1x1,0x0x0,2048x1x1x1
ffn_inp-5,ADD,0.001354,1349.235833,8192,5698600,2048x1x1x1,0x0x0,2048x1x1x1
norm-5,RMS_NORM,0.003229,1349.242864,8192,5698600,2048x1x1x1,0x0x0,2048x1x1x1
ffn_norm-5,MUL,0.001354,1349.247916,8192,5698600,2048x1x1x1,0x0x0,2048x1x1x1
ffn_gate-5,MUL_MAT,0.159011,1349.410677,24576,5698600,6144x1x1x1,0x0x0,6144x1x1x1
ffn_up-5,MUL_MAT,0.160260,1349.575416,24576,5698600,6144x1x1x1,0x0x0,6144x1x1x1
ffn_swiglu-5,GLU,0.004271,1349.588021,24576,5698600,6144x1x1x1,0x0x0,6144x1x1x1
ffn_out-5,MUL_MAT,0.182657,1349.774844,8192,5698600,2048x1x1x1,0x0x0,2048x1x1x1
l_out-5,ADD,0.001406,1349.780625,8192,5698600,2048x1x1x1,0x0x0,2048x1x1x1
norm-6,RMS_NORM,0.003385,1349.787708,8192,5698600,2048x1x1x1,0x0x0,2048x1x1x1
attn_norm-6,MUL,0.001510,1349.792812,8192,5698600,2048x1x1x1,0x0x0,2048x1x1x1
Qcur-6,MUL_MAT,0.059531,1349.855885,8192,5698600,2048x1x1x1,0x0x0,2048x1x1x1
Qcur-6,RESHAPE,0.000469,1349.860677,8192,5698600,128x16x1x1,0x0x0,128x16x1x1
norm-6,RMS_NORM,0.083229,1349.947708,8192,5698600,128x16x1x1,0x0x0,128x16x1x1
Qcur_normed-6,MUL,0.001875,1349.954271,8192,5698600,128x16x1x1,0x0x0,128x16x1x1
Qcur-6,ROPE,0.001823,1349.959687,8192,5698600,128x16x1x1,0x0x0,128x16x1x1
Vcur-6,MUL_MAT,0.031406,1349.994687,4096,5698600,1024x1x1x1,0x0x0,1024x1x1x1
Vcur-6,RESHAPE,0.000260,1349.999166,4096,5698600,128x8x1x1,0x0x0,128x8x1x1
Kcur-6,MUL_MAT,0.176666,1350.179635,4096,5698600,1024x1x1x1,0x0x0,1024x1x1x1
Kcur-6,RESHAPE,0.000468,1350.184791,4096,5698600,128x8x1x1,0x0x0,128x8x1x1
norm-6,RMS_NORM,0.087240,1350.275781,4096,5698600,128x8x1x1,0x0x0,128x8x1x1
Kcur_normed-6,MUL,0.001407,1350.281823,4096,5698600,128x8x1x1,0x0x0,128x8x1x1
Kcur-6,ROPE,0.051718,1350.337291,4096,5698600,128x8x1x1,0x0x0,128x8x1x1
Kcur-6 (view),VIEW,0.000313,1350.341302,4096,5698600,1024x1x1x1,0x0x0,1024x1x1x1
cache_k_l6 (view),SET_ROWS,0.045781,1350.390729,83886080,5698600,1024x40960x1x1,0x0x0,1024x40960x1x1
Vcur-6 (view),VIEW,0.009896,1350.405052,4096,5698600,1024x1x1x1,0x0x0,1024x1x1x1
cache_v_l6 (view),SET_ROWS,0.029427,1350.438698,83886080,5698600,1024x40960x1x1,0x0x0,1024x40960x1x1
Qcur-6 (view),VIEW,0.000416,1350.443489,8192,5698600,128x16x1x1,0x0x0,128x16x1x1
Qcur-6 (view) (permuted),PERMUTE,0.023750,1350.471041,8192,5698600,128x1x16x1,0x0x0,128x1x16x1
cache_k_l6 (view),VIEW,0.000469,1350.475885,524288,5698600,128x8x256x1,0x0x0,128x8x256x1
cache_k_l6 (view) (permuted),PERMUTE,0.017657,1350.497396,524288,5698600,128x256x8x1,0x0x0,128x256x8x1
cache_v_l6 (view),VIEW,0.000260,1350.501979,524288,5698600,128x8x256x1,0x0x0,128x8x256x1
cache_v_l6 (view) (permuted),PERMUTE,0.009323,1350.515156,524288,5698600,128x256x8x1,0x0x0,128x256x8x1
node_235,FLASH_ATTN_EXT,10.166770,1360.686041,8192,5698600,128x16x1x1,0x0x0,128x16x1x1
kqv_out-6,RESHAPE,0.000469,1360.691198,8192,5698600,2048x1x1x1,0x0x0,2048x1x1x1
node_237,MUL_MAT,0.241197,1360.936041,8192,5698600,2048x1x1x1,0x0x0,2048x1x1x1
ffn_inp-6,ADD,0.001302,1360.941927,8192,5698600,2048x1x1x1,0x0x0,2048x1x1x1
norm-6,RMS_NORM,0.003177,1360.948854,8192,5698600,2048x1x1x1,0x0x0,2048x1x1x1
ffn_norm-6,MUL,0.001458,1360.953958,8192,5698600,2048x1x1x1,0x0x0,2048x1x1x1
ffn_gate-6,MUL_MAT,0.159115,1361.116719,24576,5698600,6144x1x1x1,0x0x0,6144x1x1x1
ffn_up-6,MUL_MAT,0.161302,1361.282500,24576,5698600,6144x1x1x1,0x0x0,6144x1x1x1
ffn_swiglu-6,GLU,0.004167,1361.291198,24576,5698600,6144x1x1x1,0x0x0,6144x1x1x1
ffn_out-6,MUL_MAT,0.181406,1361.476666,8192,5698600,2048x1x1x1,0x0x0,2048x1x1x1
l_out-6,ADD,0.001302,1361.482239,8192,5698600,2048x1x1x1,0x0x0,2048x1x1x1
norm-7,RMS_NORM,0.003334,1361.489323,8192,5698600,2048x1x1x1,0x0x0,2048x1x1x1
attn_norm-7,MUL,0.001458,1361.494479,8192,5698600,2048x1x1x1,0x0x0,2048x1x1x1
Qcur-7,MUL_MAT,0.059739,1361.557916,8192,5698600,2048x1x1x1,0x0x0,2048x1x1x1
Qcur-7,RESHAPE,0.000417,1361.562656,8192,5698600,128x16x1x1,0x0x0,128x16x1x1
norm-7,RMS_NORM,0.154688,1361.721198,8192,5698600,128x16x1x1,0x0x0,128x16x1x1
Qcur_normed-7,MUL,0.002396,1361.728229,8192,5698600,128x16x1x1,0x0x0,128x16x1x1
Qcur-7,ROPE,0.002135,1361.734062,8192,5698600,128x16x1x1,0x0x0,128x16x1x1
Vcur-7,MUL_MAT,0.032552,1361.770312,4096,5698600,1024x1x1x1,0x0x0,1024x1x1x1
Vcur-7,RESHAPE,0.000364,1361.774739,4096,5698600,128x8x1x1,0x0x0,128x8x1x1
Kcur-7,MUL_MAT,0.089688,1361.868177,4096,5698600,1024x1x1x1,0x0x0,1024x1x1x1
Kcur-7,RESHAPE,0.000417,1361.873177,4096,5698600,128x8x1x1,0x0x0,128x8x1x1
norm-7,RMS_NORM,0.056458,1361.933385,4096,5698600,128x8x1x1,0x0x0,128x8x1x1
Kcur_normed-7,MUL,0.001407,1361.939219,4096,5698600,128x8x1x1,0x0x0,128x8x1x1
Kcur-7,ROPE,0.001927,1361.948489,4096,5698600,128x8x1x1,0x0x0,128x8x1x1
Kcur-7 (view),VIEW,0.000312,1361.952656,4096,5698600,1024x1x1x1,0x0x0,1024x1x1x1
cache_k_l7 (view),SET_ROWS,0.024271,1361.980625,83886080,5698600,1024x40960x1x1,0x0x0,1024x40960x1x1
Vcur-7 (view),VIEW,0.000260,1361.985312,4096,5698600,1024x1x1x1,0x0x0,1024x1x1x1
cache_v_l7 (view),SET_ROWS,0.012136,1362.001198,83886080,5698600,1024x40960x1x1,0x0x0,1024x40960x1x1
Qcur-7 (view),VIEW,0.000416,1362.005989,8192,5698600,128x16x1x1,0x0x0,128x16x1x1
Qcur-7 (view) (permuted),PERMUTE,0.014531,1362.024166,8192,5698600,128x1x16x1,0x0x0,128x1x16x1
cache_k_l7 (view),VIEW,0.000417,1362.028906,524288,5698600,128x8x256x1,0x0x0,128x8x256x1
cache_k_l7 (view) (permuted),PERMUTE,0.017240,1362.050156,524288,5698600,128x256x8x1,0x0x0,128x256x8x1
cache_v_l7 (view),VIEW,0.000469,1362.054948,524288,5698600,128x8x256x1,0x0x0,128x8x256x1
cache_v_l7 (view) (permuted),PERMUTE,0.010781,1362.069531,524288,5698600,128x256x8x1,0x0x0,128x256x8x1
node_270,FLASH_ATTN_EXT,0.036458,1362.110260,8192,5698600,128x16x1x1,0x0x0,128x16x1x1
kqv_out-7,RESHAPE,0.000312,1362.114739,8192,5698600,2048x1x1x1,0x0x0,2048x1x1x1
node_272,MUL_MAT,0.116042,1362.234479,8192,5698600,2048x1x1x1,0x0x0,2048x1x1x1
ffn_inp-7,ADD,0.001459,1362.240469,8192,5698600,2048x1x1x1,0x0x0,2048x1x1x1
norm-7,RMS_NORM,0.003177,1362.247500,8192,5698600,2048x1x1x1,0x0x0,2048x1x1x1
ffn_norm-7,MUL,0.001510,1362.252708,8192,5698600,2048x1x1x1,0x0x0,2048x1x1x1
ffn_gate-7,MUL_MAT,0.164323,1362.420729,24576,5698600,6144x1x1x1,0x0x0,6144x1x1x1
ffn_up-7,MUL_MAT,0.163854,1362.588750,24576,5698600,6144x1x1x1,0x0x0,6144x1x1x1
ffn_swiglu-7,GLU,0.004270,1362.597291,24576,5698600,6144x1x1x1,0x0x0,6144x1x1x1
ffn_out-7,MUL_MAT,0.188073,1362.789427,8192,5698600,2048x1x1x1,0x0x0,2048x1x1x1
l_out-7,ADD,0.001510,1362.795312,8192,5698600,2048x1x1x1,0x0x0,2048x1x1x1
norm-8,RMS_NORM,0.003282,1362.802344,8192,5698600,2048x1x1x1,0x0x0,2048x1x1x1
attn_norm-8,MUL,0.001459,1362.807396,8192,5698600,2048x1x1x1,0x0x0,2048x1x1x1
Qcur-8,MUL_MAT,0.062500,1362.873541,8192,5698600,2048x1x1x1,0x0x0,2048x1x1x1
Qcur-8,RESHAPE,0.000313,1362.878229,8192,5698600,128x16x1x1,0x0x0,128x16x1x1
norm-8,RMS_NORM,0.053333,1362.935416,8192,5698600,128x16x1x1,0x0x0,128x16x1x1
Qcur_normed-8,MUL,0.001927,1362.941771,8192,5698600,128x16x1x1,0x0x0,128x16x1x1
Qcur-8,ROPE,0.001927,1362.947448,8192,5698600,128x16x1x1,0x0x0,128x16x1x1
Vcur-8,MUL_MAT,0.032969,1362.984010,4096,5698600,1024x1x1x1,0x0x0,1024x1x1x1
Vcur-8,RESHAPE,0.000469,1362.988646,4096,5698600,128x8x1x1,0x0x0,128x8x1x1
Kcur-8,MUL_MAT,0.089062,1363.081458,4096,5698600,1024x1x1x1,0x0x0,1024x1x1x1
Kcur-8,RESHAPE,0.000261,1363.086146,4096,5698600,128x8x1x1,0x0x0,128x8x1x1
norm-8,RMS_NORM,0.055729,1363.145625,4096,5698600,128x8x1x1,0x0x0,128x8x1x1
Kcur_normed-8,MUL,0.001354,1363.151406,4096,5698600,128x8x1x1,0x0x0,128x8x1x1
Kcur-8,ROPE,0.001875,1363.156875,4096,5698600,128x8x1x1,0x0x0,128x8x1x1
Kcur-8 (view),VIEW,0.000260,1363.160781,4096,5698600,1024x1x1x1,0x0x0,1024x1x1x1
cache_k_l8 (view),SET_ROWS,0.019427,1363.183958,83886080,5698600,1024x40960x1x1,0x0x0,1024x40960x1x1
Vcur-8 (view),VIEW,0.000417,1363.188802,4096,5698600,1024x1x1x1,0x0x0,1024x1x1x1
cache_v_l8 (view),SET_ROWS,0.014219,1363.206927,83886080,5698600,1024x40960x1x1,0x0x0,1024x40960x1x1
Qcur-8 (view),VIEW,0.000260,1363.211458,8192,5698600,128x16x1x1,0x0x0,128x16x1x1
Qcur-8 (view) (permuted),PERMUTE,0.014011,1363.229219,8192,5698600,128x1x16x1,0x0x0,128x1x16x1
cache_k_l8 (view),VIEW,0.000313,1363.233594,524288,5698600,128x8x256x1,0x0x0,128x8x256x1
cache_k_l8 (view) (permuted),PERMUTE,0.007813,1363.245052,524288,5698600,128x256x8x1,0x0x0,128x256x8x1
cache_v_l8 (view),VIEW,0.004688,1363.253854,524288,5698600,128x8x256x1,0x0x0,128x8x256x1
cache_v_l8 (view) (permuted),PERMUTE,0.014427,1363.272396,524288,5698600,128x256x8x1,0x0x0,128x256x8x1
node_305,FLASH_ATTN_EXT,0.035833,1363.312552,8192,5698600,128x16x1x1,0x0x0,128x16x1x1
kqv_out-8,RESHAPE,0.000313,1363.316719,8192,5698600,2048x1x1x1,0x0x0,2048x1x1x1
node_307,MUL_MAT,0.116407,1363.436823,8192,5698600,2048x1x1x1,0x0x0,2048x1x1x1
ffn_inp-8,ADD,0.001354,1363.446406,8192,5698600,2048x1x1x1,0x0x0,2048x1x1x1
norm-8,RMS_NORM,0.003229,1363.453698,8192,5698600,2048x1x1x1,0x0x0,2048x1x1x1
ffn_norm-8,MUL,0.001355,1363.458646,8192,5698600,2048x1x1x1,0x0x0,2048x1x1x1
ffn_gate-8,MUL_MAT,0.163542,1363.625833,24576,5698600,6144x1x1x1,0x0x0,6144x1x1x1
ffn_up-8,MUL_MAT,0.163593,1363.794062,24576,5698600,6144x1x1x1,0x0x0,6144x1x1x1
ffn_swiglu-8,GLU,0.004375,1363.802969,24576,5698600,6144x1x1x1,0x0x0,6144x1x1x1
ffn_out-8,MUL_MAT,0.189062,1363.996041,8192,5698600,2048x1x1x1,0x0x0,2048x1x1x1
l_out-8,ADD,0.001354,1364.001666,8192,5698600,2048x1x1x1,0x0x0,2048x1x1x1
norm-9,RMS_NORM,0.003437,1364.008958,8192,5698600,2048x1x1x1,0x0x0,2048x1x1x1
attn_norm-9,MUL,0.001406,1364.014114,8192,5698600,2048x1x1x1,0x0x0,2048x1x1x1
Qcur-9,MUL_MAT,0.062709,1364.080469,8192,5698600,2048x1x1x1,0x0x0,2048x1x1x1
Qcur-9,RESHAPE,0.000313,1364.085000,8192,5698600,128x16x1x1,0x0x0,128x16x1x1
norm-9,RMS_NORM,0.057344,1364.146354,8192,5698600,128x16x1x1,0x0x0,128x16x1x1
Qcur_normed-9,MUL,0.001927,1364.152656,8192,5698600,128x16x1x1,0x0x0,128x16x1x1
Qcur-9,ROPE,0.002031,1364.158385,8192,5698600,128x16x1x1,0x0x0,128x16x1x1
Vcur-9,MUL_MAT,0.032500,1364.194531,4096,5698600,1024x1x1x1,0x0x0,1024x1x1x1
Vcur-9,RESHAPE,0.000260,1364.199010,4096,5698600,128x8x1x1,0x0x0,128x8x1x1
Kcur-9,MUL_MAT,0.064688,1364.267500,4096,5698600,1024x1x1x1,0x0x0,1024x1x1x1
Kcur-9,RESHAPE,0.000313,1364.272500,4096,5698600,128x8x1x1,0x0x0,128x8x1x1
norm-9,RMS_NORM,0.056094,1364.332396,4096,5698600,128x8x1x1,0x0x0,128x8x1x1
Kcur_normed-9,MUL,0.001406,1364.338281,4096,5698600,128x8x1x1,0x0x0,128x8x1x1
Kcur-9,ROPE,0.001979,1364.343906,4096,5698600,128x8x1x1,0x0x0,128x8x1x1
Kcur-9 (view),VIEW,0.000469,1364.348021,4096,5698600,1024x1x1x1,0x0x0,1024x1x1x1
cache_k_l9 (view),SET_ROWS,0.023959,1364.375625,83886080,5698600,1024x40960x1x1,0x0x0,1024x40960x1x1
Vcur-9 (view),VIEW,0.000312,1364.380937,4096,5698600,1024x1x1x1,0x0x0,1024x1x1x1
cache_v_l9 (view),SET_ROWS,0.013542,1364.398177,83886080,5698600,1024x40960x1x1,0x0x0,1024x40960x1x1
Qcur-9 (view),VIEW,0.000417,1364.402969,8192,5698600,128x16x1x1,0x0x0,128x16x1x1
Qcur-9 (view) (permuted),PERMUTE,0.016250,1364.422969,8192,5698600,128x1x16x1,0x0x0,128x1x16x1
cache_k_l9 (view),VIEW,0.005313,1364.432604,524288,5698600,128x8x256x1,0x0x0,128x8x256x1
cache_k_l9 (view) (permuted),PERMUTE,0.019062,1364.455833,524288,5698600,128x256x8x1,0x0x0,128x256x8x1
cache_v_l9 (view),VIEW,0.000417,1364.460625,524288,5698600,128x8x256x1,0x0x0,128x8x256x1
cache_v_l9 (view) (permuted),PERMUTE,0.023333,1364.487864,524288,5698600,128x256x8x1,0x0x0,128x256x8x1
node_340,FLASH_ATTN_EXT,0.021615,1364.513854,8192,5698600,128x16x1x1,0x0x0,128x16x1x1
kqv_out-9,RESHAPE,0.000312,1364.518281,8192,5698600,2048x1x1x1,0x0x0,2048x1x1x1
node_342,MUL_MAT,0.151458,1364.673385,8192,5698600,2048x1x1x1,0x0x0,2048x1x1x1
ffn_inp-9,ADD,0.001458,1364.679635,8192,5698600,2048x1x1x1,0x0x0,2048x1x1x1
norm-9,RMS_NORM,0.003230,1364.686719,8192,5698600,2048x1x1x1,0x0x0,2048x1x1x1
ffn_norm-9,MUL,0.001354,1364.691823,8192,5698600,2048x1x1x1,0x0x0,2048x1x1x1
ffn_gate-9,MUL_MAT,0.165000,1364.860521,24576,5698600,6144x1x1x1,0x0x0,6144x1x1x1
ffn_up-9,MUL_MAT,0.166406,1365.031510,24576,5698600,6144x1x1x1,0x0x0,6144x1x1x1
ffn_swiglu-9,GLU,0.004271,1365.040104,24576,5698600,6144x1x1x1,0x0x0,6144x1x1x1
ffn_out-9,MUL_MAT,0.189896,1365.234010,8192,5698600,2048x1x1x1,0x0x0,2048x1x1x1
l_out-9,ADD,0.001354,1365.239635,8192,5698600,2048x1x1x1,0x0x0,2048x1x1x1
norm-10,RMS_NORM,0.003385,1365.246666,8192,5698600,2048x1x1x1,0x0x0,2048x1x1x1
attn_norm-10,MUL,0.001459,1365.251771,8192,5698600,2048x1x1x1,0x0x0,2048x1x1x1
Qcur-10,MUL_MAT,0.062291,1365.317760,8192,5698600,2048x1x1x1,0x0x0,2048x1x1x1
Qcur-10,RESHAPE,0.000313,1365.322344,8192,5698600,128x16x1x1,0x0x0,128x16x1x1
norm-10,RMS_NORM,0.049114,1365.375364,8192,5698600,128x16x1x1,0x0x0,128x16x1x1
Qcur_normed-10,MUL,0.001823,1365.381562,8192,5698600,128x16x1x1,0x0x0,128x16x1x1
Qcur-10,ROPE,0.002136,1365.387344,8192,5698600,128x16x1x1,0x0x0,128x16x1x1
Vcur-10,MUL_MAT,0.032553,1365.423594,4096,5698600,1024x1x1x1,0x0x0,1024x1x1x1
Vcur-10,RESHAPE,0.000313,1365.431771,4096,5698600,128x8x1x1,0x0x0,128x8x1x1
Kcur-10,MUL_MAT,0.087813,1365.523594,4096,5698600,1024x1x1x1,0x0x0,1024x1x1x1
Kcur-10,RESHAPE,0.000468,1365.528541,4096,5698600,128x8x1x1,0x0x0,128x8x1x1
norm-10,RMS_NORM,0.056979,1365.589375,4096,5698600,128x8x1x1,0x0x0,128x8x1x1
Kcur_normed-10,MUL,0.001406,1365.595208,4096,5698600,128x8x1x1,0x0x0,128x8x1x1
Kcur-10,ROPE,0.001823,1365.600625,4096,5698600,128x8x1x1,0x0x0,128x8x1x1
Kcur-10 (view),VIEW,0.000468,1365.604791,4096,5698600,1024x1x1x1,0x0x0,1024x1x1x1
cache_k_l10 (view),SET_ROWS,0.024271,1365.632760,83886080,5698600,1024x40960x1x1,0x0x0,1024x40960x1x1
Vcur-10 (view),VIEW,0.000261,1365.637344,4096,5698600,1024x1x1x1,0x0x0,1024x1x1x1
cache_v_l10 (view),SET_ROWS,0.012395,1365.653541,83886080,5698600,1024x40960x1x1,0x0x0,1024x40960x1x1
Qcur-10 (view),VIEW,0.000625,1365.658489,8192,5698600,128x16x1x1,0x0x0,128x16x1x1
Qcur-10 (view) (permuted),PERMUTE,0.012761,1365.675052,8192,5698600,128x1x16x1,0x0x0,128x1x16x1
cache_k_l10 (view),VIEW,0.000573,1365.679896,524288,5698600,128x8x256x1,0x0x0,128x8x256x1
cache_k_l10 (view) (permuted),PERMUTE,0.013437,1365.697239,524288,5698600,128x256x8x1,0x0x0,128x256x8x1
cache_v_l10 (view),VIEW,0.004531,1365.705937,524288,5698600,128x8x256x1,0x0x0,128x8x256x1
cache_v_l10 (view) (permuted),PERMUTE,0.014427,1365.724583,524288,5698600,128x256x8x1,0x0x0,128x256x8x1
node_375,FLASH_ATTN_EXT,0.016875,1365.745677,8192,5698600,128x16x1x1,0x0x0,128x16x1x1
kqv_out-10,RESHAPE,0.000313,1365.750104,8192,5698600,2048x1x1x1,0x0x0,2048x1x1x1
node_377,MUL_MAT,0.115781,1365.869531,8192,5698600,2048x1x1x1,0x0x0,2048x1x1x1
ffn_inp-10,ADD,0.001354,1365.875364,8192,5698600,2048x1x1x1,0x0x0,2048x1x1x1
norm-10,RMS_NORM,0.003230,1365.882396,8192,5698600,2048x1x1x1,0x0x0,2048x1x1x1
ffn_norm-10,MUL,0.001406,1365.887552,8192,5698600,2048x1x1x1,0x0x0,2048x1x1x1
ffn_gate-10,MUL_MAT,0.164635,1366.055833,24576,5698600,6144x1x1x1,0x0x0,6144x1x1x1
ffn_up-10,MUL_MAT,0.165365,1366.225677,24576,5698600,6144x1x1x1,0x0x0,6144x1x1x1
ffn_swiglu-10,GLU,0.004375,1366.234427,24576,5698600,6144x1x1x1,0x0x0,6144x1x1x1
ffn_out-10,MUL_MAT,0.188021,1366.426510,8192,5698600,2048x1x1x1,0x0x0,2048x1x1x1
l_out-10,ADD,0.001406,1366.432500,8192,5698600,2048x1x1x1,0x0x0,2048x1x1x1
norm-11,RMS_NORM,0.003333,1366.439531,8192,5698600,2048x1x1x1,0x0x0,2048x1x1x1
attn_norm-11,MUL,0.001614,1366.444791,8192,5698600,2048x1x1x1,0x0x0,2048x1x1x1
Qcur-11,MUL_MAT,0.062500,1366.510937,8192,5698600,2048x1x1x1,0x0x0,2048x1x1x1
Qcur-11,RESHAPE,0.000261,1366.515573,8192,5698600,128x16x1x1,0x0x0,128x16x1x1
norm-11,RMS_NORM,0.057500,1366.576979,8192,5698600,128x16x1x1,0x0x0,128x16x1x1
Qcur_normed-11,MUL,0.002083,1366.583385,8192,5698600,128x16x1x1,0x0x0,128x16x1x1
Qcur-11,ROPE,0.001927,1366.588854,8192,5698600,128x16x1x1,0x0x0,128x16x1x1
Vcur-11,MUL_MAT,0.032396,1366.624844,4096,5698600,1024x1x1x1,0x0x0,1024x1x1x1
Vcur-11,RESHAPE,0.000417,1366.629479,4096,5698600,128x8x1x1,0x0x0,128x8x1x1
Kcur-11,MUL_MAT,0.079635,1366.712864,4096,5698600,1024x1x1x1,0x0x0,1024x1x1x1
Kcur-11,RESHAPE,0.000416,1366.717812,4096,5698600,128x8x1x1,0x0x0,128x8x1x1
norm-11,RMS_NORM,0.056667,1366.778229,4096,5698600,128x8x1x1,0x0x0,128x8x1x1
Kcur_normed-11,MUL,0.001354,1366.784010,4096,5698600,128x8x1x1,0x0x0,128x8x1x1
Kcur-11,ROPE,0.001823,1366.789479,4096,5698600,128x8x1x1,0x0x0,128x8x1x1
Kcur-11 (view),VIEW,0.000417,1366.793594,4096,5698600,1024x1x1x1,0x0x0,1024x1x1x1
cache_k_l11 (view),SET_ROWS,0.024167,1366.821458,83886080,5698600,1024x40960x1x1,0x0x0,1024x40960x1x1
Vcur-11 (view),VIEW,0.000261,1366.826094,4096,5698600,1024x1x1x1,0x0x0,1024x1x1x1
cache_v_l11 (view),SET_ROWS,0.012657,1366.842448,83886080,5698600,1024x40960x1x1,0x0x0,1024x40960x1x1
Qcur-11 (view),VIEW,0.000469,1366.847083,8192,5698600,128x16x1x1,0x0x0,128x16x1x1
Qcur-11 (view) (permuted),PERMUTE,0.017188,1366.867969,8192,5698600,128x1x16x1,0x0x0,128x1x16x1
cache_k_l11 (view),VIEW,0.000573,1366.872812,524288,5698600,128x8x256x1,0x0x0,128x8x256x1
cache_k_l11 (view) (permuted),PERMUTE,0.013437,1366.890156,524288,5698600,128x256x8x1,0x0x0,128x256x8x1
cache_v_l11 (view),VIEW,0.000364,1366.897916,524288,5698600,128x8x256x1,0x0x0,128x8x256x1
cache_v_l11 (view) (permuted),PERMUTE,0.019219,1366.921198,524288,5698600,128x256x8x1,0x0x0,128x256x8x1
node_410,FLASH_ATTN_EXT,0.035521,1366.961146,8192,5698600,128x16x1x1,0x0x0,128x16x1x1
kqv_out-11,RESHAPE,0.000313,1366.965469,8192,5698600,2048x1x1x1,0x0x0,2048x1x1x1
node_412,MUL_MAT,0.117344,1367.086458,8192,5698600,2048x1x1x1,0x0x0,2048x1x1x1
ffn_inp-11,ADD,0.001407,1367.092448,8192,5698600,2048x1x1x1,0x0x0,2048x1x1x1
norm-11,RMS_NORM,0.003229,1367.099427,8192,5698600,2048x1x1x1,0x0x0,2048x1x1x1
ffn_norm-11,MUL,0.001406,1367.104479,8192,5698600,2048x1x1x1,0x0x0,2048x1x1x1
ffn_gate-11,MUL_MAT,0.163906,1367.272031,24576,5698600,6144x1x1x1,0x0x0,6144x1x1x1
ffn_up-11,MUL_MAT,0.164271,1367.440521,24576,5698600,6144x1x1x1,0x0x0,6144x1x1x1
ffn_swiglu-11,GLU,0.004271,1367.449271,24576,5698600,6144x1x1x1,0x0x0,6144x1x1x1
ffn_out-11,MUL_MAT,0.189740,1367.643021,8192,5698600,2048x1x1x1,0x0x0,2048x1x1x1
l_out-11,ADD,0.001354,1367.648906,8192,5698600,2048x1x1x1,0x0x0,2048x1x1x1
norm-12,RMS_NORM,0.003333,1367.655781,8192,5698600,2048x1x1x1,0x0x0,2048x1x1x1
attn_norm-12,MUL,0.001614,1367.661041,8192,5698600,2048x1x1x1,0x0x0,2048x1x1x1
Qcur-12,MUL_MAT,0.061407,1367.726094,8192,5698600,2048x1x1x1,0x0x0,2048x1x1x1
Qcur-12,RESHAPE,0.000261,1367.730625,8192,5698600,128x16x1x1,0x0x0,128x16x1x1
norm-12,RMS_NORM,0.056354,1367.790781,8192,5698600,128x16x1x1,0x0x0,128x16x1x1
Qcur_normed-12,MUL,0.001979,1367.797135,8192,5698600,128x16x1x1,0x0x0,128x16x1x1
Qcur-12,ROPE,0.002031,1367.802812,8192,5698600,128x16x1x1,0x0x0,128x16x1x1
Vcur-12,MUL_MAT,0.032708,1367.839166,4096,5698600,1024x1x1x1,0x0x0,1024x1x1x1
Vcur-12,RESHAPE,0.000313,1367.843854,4096,5698600,128x8x1x1,0x0x0,128x8x1x1
Kcur-12,MUL_MAT,0.085521,1367.933021,4096,5698600,1024x1x1x1,0x0x0,1024x1x1x1
Kcur-12,RESHAPE,0.000416,1367.937916,4096,5698600,128x8x1x1,0x0x0,128x8x1x1
norm-12,RMS_NORM,0.055053,1367.996719,4096,5698600,128x8x1x1,0x0x0,128x8x1x1
Kcur_normed-12,MUL,0.001354,1368.002291,4096,5698600,128x8x1x1,0x0x0,128x8x1x1
Kcur-12,ROPE,0.001875,1368.007969,4096,5698600,128x8x1x1,0x0x0,128x8x1x1
Kcur-12 (view),VIEW,0.000469,1368.011979,4096,5698600,1024x1x1x1,0x0x0,1024x1x1x1
cache_k_l12 (view),SET_ROWS,0.020208,1368.035885,83886080,5698600,1024x40960x1x1,0x0x0,1024x40960x1x1
Vcur-12 (view),VIEW,0.000313,1368.040677,4096,5698600,1024x1x1x1,0x0x0,1024x1x1x1
cache_v_l12 (view),SET_ROWS,0.018281,1368.062864,83886080,5698600,1024x40960x1x1,0x0x0,1024x40960x1x1
Qcur-12 (view),VIEW,0.000469,1368.067708,8192,5698600,128x16x1x1,0x0x0,128x16x1x1
Qcur-12 (view) (permuted),PERMUTE,0.013646,1368.085000,8192,5698600,128x1x16x1,0x0x0,128x1x16x1
cache_k_l12 (view),VIEW,0.001614,1368.090937,524288,5698600,128x8x256x1,0x0x0,128x8x256x1
cache_k_l12 (view) (permuted),PERMUTE,0.021145,1368.116041,524288,5698600,128x256x8x1,0x0x0,128x256x8x1
cache_v_l12 (view),VIEW,0.000417,1368.120781,524288,5698600,128x8x256x1,0x0x0,128x8x256x1
cache_v_l12 (view) (permuted),PERMUTE,0.012917,1368.137500,524288,5698600,128x256x8x1,0x0x0,128x256x8x1
node_445,FLASH_ATTN_EXT,0.029114,1368.170833,8192,5698600,128x16x1x1,0x0x0,128x16x1x1
kqv_out-12,RESHAPE,0.000468,1368.175364,8192,5698600,2048x1x1x1,0x0x0,2048x1x1x1
node_447,MUL_MAT,0.115573,1368.294635,8192,5698600,2048x1x1x1,0x0x0,2048x1x1x1
ffn_inp-12,ADD,0.001666,1368.300885,8192,5698600,2048x1x1x1,0x0x0,2048x1x1x1
norm-12,RMS_NORM,0.003230,1368.307969,8192,5698600,2048x1x1x1,0x0x0,2048x1x1x1
ffn_norm-12,MUL,0.001563,1368.313177,8192,5698600,2048x1x1x1,0x0x0,2048x1x1x1
ffn_gate-12,MUL_MAT,0.163906,1368.480729,24576,5698600,6144x1x1x1,0x0x0,6144x1x1x1
ffn_up-12,MUL_MAT,0.179844,1368.664844,24576,5698600,6144x1x1x1,0x0x0,6144x1x1x1
ffn_swiglu-12,GLU,0.004167,1368.673802,24576,5698600,6144x1x1x1,0x0x0,6144x1x1x1
ffn_out-12,MUL_MAT,0.188697,1368.866666,8192,5698600,2048x1x1x1,0x0x0,2048x1x1x1
l_out-12,ADD,0.001354,1368.872604,8192,5698600,2048x1x1x1,0x0x0,2048x1x1x1
norm-13,RMS_NORM,0.003385,1368.879635,8192,5698600,2048x1x1x1,0x0x0,2048x1x1x1
attn_norm-13,MUL,0.001771,1368.888281,8192,5698600,2048x1x1x1,0x0x0,2048x1x1x1
Qcur-13,MUL_MAT,0.062917,1368.955104,8192,5698600,2048x1x1x1,0x0x0,2048x1x1x1
Qcur-13,RESHAPE,0.000312,1368.959739,8192,5698600,128x16x1x1,0x0x0,128x16x1x1
norm-13,RMS_NORM,0.057760,1369.021354,8192,5698600,128x16x1x1,0x0x0,128x16x1x1
Qcur_normed-13,MUL,0.001823,1369.027448,8192,5698600,128x16x1x1,0x0x0,128x16x1x1
Qcur-13,ROPE,0.001927,1369.033073,8192,5698600,128x16x1x1,0x0x0,128x16x1x1
Vcur-13,MUL_MAT,0.032864,1369.069635,4096,5698600,1024x1x1x1,0x0x0,1024x1x1x1
Vcur-13,RESHAPE,0.000313,1369.074219,4096,5698600,128x8x1x1,0x0x0,128x8x1x1
Kcur-13,MUL_MAT,0.089010,1369.166979,4096,5698600,1024x1x1x1,0x0x0,1024x1x1x1
Kcur-13,RESHAPE,0.000469,1369.171823,4096,5698600,128x8x1x1,0x0x0,128x8x1x1
norm-13,RMS_NORM,0.055729,1369.231198,4096,5698600,128x8x1x1,0x0x0,128x8x1x1
Kcur_normed-13,MUL,0.001302,1369.236771,4096,5698600,128x8x1x1,0x0x0,128x8x1x1
Kcur-13,ROPE,0.001979,1369.242448,4096,5698600,128x8x1x1,0x0x0,128x8x1x1
Kcur-13 (view),VIEW,0.000469,1369.246510,4096,5698600,1024x1x1x1,0x0x0,1024x1x1x1
cache_k_l13 (view),SET_ROWS,0.020208,1369.270364,83886080,5698600,1024x40960x1x1,0x0x0,1024x40960x1x1
Vcur-13 (view),VIEW,0.000417,1369.275156,4096,5698600,1024x1x1x1,0x0x0,1024x1x1x1
cache_v_l13 (view),SET_ROWS,0.014792,1369.293646,83886080,5698600,1024x40960x1x1,0x0x0,1024x40960x1x1
Qcur-13 (view),VIEW,0.000416,1369.298437,8192,5698600,128x16x1x1,0x0x0,128x16x1x1
Qcur-13 (view) (permuted),PERMUTE,0.015625,1369.317916,8192,5698600,128x1x16x1,0x0x0,128x1x16x1
cache_k_l13 (view),VIEW,0.000313,1369.322448,524288,5698600,128x8x256x1,0x0x0,128x8x256x1
cache_k_l13 (view) (permuted),PERMUTE,0.011719,1369.338021,524288,5698600,128x256x8x1,0x0x0,128x256x8x1
cache_v_l13 (view),VIEW,0.000261,1369.342552,524288,5698600,128x8x256x1,0x0x0,128x8x256x1
cache_v_l13 (view) (permuted),PERMUTE,0.011979,1369.358385,524288,5698600,128x256x8x1,0x0x0,128x256x8x1
node_480,FLASH_ATTN_EXT,0.042136,1369.404896,8192,5698600,128x16x1x1,0x0x0,128x16x1x1
kqv_out-13,RESHAPE,0.000313,1369.409427,8192,5698600,2048x1x1x1,0x0x0,2048x1x1x1
node_482,MUL_MAT,0.242916,1369.655989,8192,5698600,2048x1x1x1,0x0x0,2048x1x1x1
ffn_inp-13,ADD,0.134219,1369.794896,8192,5698600,2048x1x1x1,0x0x0,2048x1x1x1
norm-13,RMS_NORM,0.003177,1369.802135,8192,5698600,2048x1x1x1,0x0x0,2048x1x1x1
ffn_norm-13,MUL,0.001510,1369.807291,8192,5698600,2048x1x1x1,0x0x0,2048x1x1x1
ffn_gate-13,MUL_MAT,0.164271,1369.975260,24576,5698600,6144x1x1x1,0x0x0,6144x1x1x1
ffn_up-13,MUL_MAT,0.164427,1370.144166,24576,5698600,6144x1x1x1,0x0x0,6144x1x1x1
ffn_swiglu-13,GLU,0.004166,1370.152864,24576,5698600,6144x1x1x1,0x0x0,6144x1x1x1
ffn_out-13,MUL_MAT,0.187968,1370.344791,8192,5698600,2048x1x1x1,0x0x0,2048x1x1x1
l_out-13,ADD,0.001406,1370.350677,8192,5698600,2048x1x1x1,0x0x0,2048x1x1x1
norm-14,RMS_NORM,0.003385,1370.357864,8192,5698600,2048x1x1x1,0x0x0,2048x1x1x1
attn_norm-14,MUL,0.001459,1370.363021,8192,5698600,2048x1x1x1,0x0x0,2048x1x1x1
Qcur-14,MUL_MAT,0.061718,1370.428437,8192,5698600,2048x1x1x1,0x0x0,2048x1x1x1
Qcur-14,RESHAPE,0.000313,1370.433021,8192,5698600,128x16x1x1,0x0x0,128x16x1x1
norm-14,RMS_NORM,0.058802,1370.495573,8192,5698600,128x16x1x1,0x0x0,128x16x1x1
Qcur_normed-14,MUL,0.001875,1370.501875,8192,5698600,128x16x1x1,0x0x0,128x16x1x1
Qcur-14,ROPE,0.002031,1370.507552,8192,5698600,128x16x1x1,0x0x0,128x16x1x1
Vcur-14,MUL_MAT,0.033750,1370.545052,4096,5698600,1024x1x1x1,0x0x0,1024x1x1x1
Vcur-14,RESHAPE,0.000312,1370.549635,4096,5698600,128x8x1x1,0x0x0,128x8x1x1
Kcur-14,MUL_MAT,0.085521,1370.638906,4096,5698600,1024x1x1x1,0x0x0,1024x1x1x1
Kcur-14,RESHAPE,0.000417,1370.643854,4096,5698600,128x8x1x1,0x0x0,128x8x1x1
norm-14,RMS_NORM,0.056614,1370.704166,4096,5698600,128x8x1x1,0x0x0,128x8x1x1
Kcur_normed-14,MUL,0.001458,1370.710052,4096,5698600,128x8x1x1,0x0x0,128x8x1x1
Kcur-14,ROPE,0.002031,1370.715729,4096,5698600,128x8x1x1,0x0x0,128x8x1x1
Kcur-14 (view),VIEW,0.000416,1370.719687,4096,5698600,1024x1x1x1,0x0x0,1024x1x1x1
cache_k_l14 (view),SET_ROWS,0.015417,1370.738750,83886080,5698600,1024x40960x1x1,0x0x0,1024x40960x1x1
Vcur-14 (view),VIEW,0.000469,1370.746979,4096,5698600,1024x1x1x1,0x0x0,1024x1x1x1
cache_v_l14 (view),SET_ROWS,0.019218,1370.770416,83886080,5698600,1024x40960x1x1,0x0x0,1024x40960x1x1
Qcur-14 (view),VIEW,0.000572,1370.775416,8192,5698600,128x16x1x1,0x0x0,128x16x1x1
Qcur-14 (view) (permuted),PERMUTE,0.005365,1370.784427,8192,5698600,128x1x16x1,0x0x0,128x1x16x1
cache_k_l14 (view),VIEW,0.009167,1370.797604,524288,5698600,128x8x256x1,0x0x0,128x8x256x1
cache_k_l14 (view) (permuted),PERMUTE,0.000260,1370.802031,524288,5698600,128x256x8x1,0x0x0,128x256x8x1
cache_v_l14 (view),VIEW,0.006198,1370.812187,524288,5698600,128x8x256x1,0x0x0,128x8x256x1
cache_v_l14 (view) (permuted),PERMUTE,0.000416,1370.816562,524288,5698600,128x256x8x1,0x0x0,128x256x8x1
node_515,FLASH_ATTN_EXT,0.035053,1370.855469,8192,5698600,128x16x1x1,0x0x0,128x16x1x1
kqv_out-14,RESHAPE,0.000312,1370.860208,8192,5698600,2048x1x1x1,0x0x0,2048x1x1x1
node_517,MUL_MAT,0.116719,1370.980677,8192,5698600,2048x1x1x1,0x0x0,2048x1x1x1
ffn_inp-14,ADD,0.001615,1370.986823,8192,5698600,2048x1x1x1,0x0x0,2048x1x1x1
norm-14,RMS_NORM,0.003229,1370.993802,8192,5698600,2048x1x1x1,0x0x0,2048x1x1x1
ffn_norm-14,MUL,0.001458,1370.998906,8192,5698600,2048x1x1x1,0x0x0,2048x1x1x1
ffn_gate-14,MUL_MAT,0.164271,1371.166823,24576,5698600,6144x1x1x1,0x0x0,6144x1x1x1
ffn_up-14,MUL_MAT,0.165677,1371.336823,24576,5698600,6144x1x1x1,0x0x0,6144x1x1x1
ffn_swiglu-14,GLU,0.004166,1371.345364,24576,5698600,6144x1x1x1,0x0x0,6144x1x1x1
ffn_out-14,MUL_MAT,0.189583,1371.538958,8192,5698600,2048x1x1x1,0x0x0,2048x1x1x1
l_out-14,ADD,0.001302,1371.544635,8192,5698600,2048x1x1x1,0x0x0,2048x1x1x1
norm-15,RMS_NORM,0.003281,1371.551666,8192,5698600,2048x1x1x1,0x0x0,2048x1x1x1
attn_norm-15,MUL,0.001719,1371.557031,8192,5698600,2048x1x1x1,0x0x0,2048x1x1x1
Qcur-15,MUL_MAT,0.061771,1371.622500,8192,5698600,2048x1x1x1,0x0x0,2048x1x1x1
Qcur-15,RESHAPE,0.000312,1371.627239,8192,5698600,128x16x1x1,0x0x0,128x16x1x1
norm-15,RMS_NORM,0.057656,1371.688750,8192,5698600,128x16x1x1,0x0x0,128x16x1x1
Qcur_normed-15,MUL,0.001823,1371.695156,8192,5698600,128x16x1x1,0x0x0,128x16x1x1
Qcur-15,ROPE,0.002083,1371.700885,8192,5698600,128x16x1x1,0x0x0,128x16x1x1
Vcur-15,MUL_MAT,0.032656,1371.737187,4096,5698600,1024x1x1x1,0x0x0,1024x1x1x1
Vcur-15,RESHAPE,0.000469,1371.741771,4096,5698600,128x8x1x1,0x0x0,128x8x1x1
Kcur-15,MUL_MAT,0.085885,1371.831406,4096,5698600,1024x1x1x1,0x0x0,1024x1x1x1
Kcur-15,RESHAPE,0.000469,1371.836250,4096,5698600,128x8x1x1,0x0x0,128x8x1x1
norm-15,RMS_NORM,0.055156,1371.895156,4096,5698600,128x8x1x1,0x0x0,128x8x1x1
Kcur_normed-15,MUL,0.001406,1371.900833,4096,5698600,128x8x1x1,0x0x0,128x8x1x1
Kcur-15,ROPE,0.001979,1371.906458,4096,5698600,128x8x1x1,0x0x0,128x8x1x1
Kcur-15 (view),VIEW,0.000312,1371.910416,4096,5698600,1024x1x1x1,0x0x0,1024x1x1x1
cache_k_l15 (view),SET_ROWS,0.020261,1371.934427,83886080,5698600,1024x40960x1x1,0x0x0,1024x40960x1x1
Vcur-15 (view),VIEW,0.000260,1371.939062,4096,5698600,1024x1x1x1,0x0x0,1024x1x1x1
cache_v_l15 (view),SET_ROWS,0.014687,1371.957708,83886080,5698600,1024x40960x1x1,0x0x0,1024x40960x1x1
Qcur-15 (view),VIEW,0.000417,1371.962396,8192,5698600,128x16x1x1,0x0x0,128x16x1x1
Qcur-15 (view) (permuted),PERMUTE,0.020521,1371.986823,8192,5698600,128x1x16x1,0x0x0,128x1x16x1
cache_k_l15 (view),VIEW,0.000572,1371.991666,524288,5698600,128x8x256x1,0x0x0,128x8x256x1
cache_k_l15 (view) (permuted),PERMUTE,0.009948,1372.005521,524288,5698600,128x256x8x1,0x0x0,128x256x8x1
cache_v_l15 (view),VIEW,0.000469,1372.010052,524288,5698600,128x8x256x1,0x0x0,128x8x256x1
cache_v_l15 (view) (permuted),PERMUTE,0.013333,1372.027135,524288,5698600,128x256x8x1,0x0x0,128x256x8x1
node_550,FLASH_ATTN_EXT,0.022396,1372.053698,8192,5698600,128x16x1x1,0x0x0,128x16x1x1
kqv_out-15,RESHAPE,0.000312,1372.058281,8192,5698600,2048x1x1x1,0x0x0,2048x1x1x1
node_552,MUL_MAT,0.116927,1372.178802,8192,5698600,2048x1x1x1,0x0x0,2048x1x1x1
ffn_inp-15,ADD,0.001667,1372.184844,8192,5698600,2048x1x1x1,0x0x0,2048x1x1x1
norm-15,RMS_NORM,0.003229,1372.191875,8192,5698600,2048x1x1x1,0x0x0,2048x1x1x1
ffn_norm-15,MUL,0.001510,1372.197031,8192,5698600,2048x1x1x1,0x0x0,2048x1x1x1
ffn_gate-15,MUL_MAT,0.163385,1372.367083,24576,5698600,6144x1x1x1,0x0x0,6144x1x1x1
ffn_up-15,MUL_MAT,0.164063,1372.535573,24576,5698600,6144x1x1x1,0x0x0,6144x1x1x1
ffn_swiglu-15,GLU,0.004114,1372.544062,24576,5698600,6144x1x1x1,0x0x0,6144x1x1x1
ffn_out-15,MUL_MAT,0.202864,1372.751041,8192,5698600,2048x1x1x1,0x0x0,2048x1x1x1
l_out-15,ADD,0.001354,1372.756927,8192,5698600,2048x1x1x1,0x0x0,2048x1x1x1
norm-16,RMS_NORM,0.003385,1372.764010,8192,5698600,2048x1x1x1,0x0x0,2048x1x1x1
attn_norm-16,MUL,0.001823,1372.769531,8192,5698600,2048x1x1x1,0x0x0,2048x1x1x1
Qcur-16,MUL_MAT,0.062500,1372.835729,8192,5698600,2048x1x1x1,0x0x0,2048x1x1x1
Qcur-16,RESHAPE,0.000312,1372.840312,8192,5698600,128x16x1x1,0x0x0,128x16x1x1
norm-16,RMS_NORM,0.057083,1372.901302,8192,5698600,128x16x1x1,0x0x0,128x16x1x1
Qcur_normed-16,MUL,0.001979,1372.907604,8192,5698600,128x16x1x1,0x0x0,128x16x1x1
Qcur-16,ROPE,0.002083,1372.913281,8192,5698600,128x16x1x1,0x0x0,128x16x1x1
Vcur-16,MUL_MAT,0.032760,1372.949635,4096,5698600,1024x1x1x1,0x0x0,1024x1x1x1
Vcur-16,RESHAPE,0.000312,1372.954062,4096,5698600,128x8x1x1,0x0x0,128x8x1x1
Kcur-16,MUL_MAT,0.087084,1373.044896,4096,5698600,1024x1x1x1,0x0x0,1024x1x1x1
Kcur-16,RESHAPE,0.000416,1373.049739,4096,5698600,128x8x1x1,0x0x0,128x8x1x1
norm-16,RMS_NORM,0.056041,1373.109635,4096,5698600,128x8x1x1,0x0x0,128x8x1x1
Kcur_normed-16,MUL,0.001406,1373.115312,4096,5698600,128x8x1x1,0x0x0,128x8x1x1
Kcur-16,ROPE,0.001875,1373.120781,4096,5698600,128x8x1x1,0x0x0,128x8x1x1
Kcur-16 (view),VIEW,0.000260,1373.124635,4096,5698600,1024x1x1x1,0x0x0,1024x1x1x1
cache_k_l16 (view),SET_ROWS,0.024115,1373.152448,83886080,5698600,1024x40960x1x1,0x0x0,1024x40960x1x1
Vcur-16 (view),VIEW,0.000312,1373.157187,4096,5698600,1024x1x1x1,0x0x0,1024x1x1x1
cache_v_l16 (view),SET_ROWS,0.012136,1373.173125,83886080,5698600,1024x40960x1x1,0x0x0,1024x40960x1x1
Qcur-16 (view),VIEW,0.000416,1373.177864,8192,5698600,128x16x1x1,0x0x0,128x16x1x1
Qcur-16 (view) (permuted),PERMUTE,0.018593,1373.200312,8192,5698600,128x1x16x1,0x0x0,128x1x16x1
cache_k_l16 (view),VIEW,0.000417,1373.205000,524288,5698600,128x8x256x1,0x0x0,128x8x256x1
cache_k_l16 (view) (permuted),PERMUTE,0.013229,1373.222187,524288,5698600,128x256x8x1,0x0x0,128x256x8x1
cache_v_l16 (view),VIEW,0.000260,1373.226614,524288,5698600,128x8x256x1,0x0x0,128x8x256x1
cache_v_l16 (view) (permuted),PERMUTE,0.011719,1373.242083,524288,5698600,128x256x8x1,0x0x0,128x256x8x1
node_585,FLASH_ATTN_EXT,0.034844,1373.281198,8192,5698600,128x16x1x1,0x0x0,128x16x1x1
kqv_out-16,RESHAPE,0.000469,1373.285781,8192,5698600,2048x1x1x1,0x0x0,2048x1x1x1
node_587,MUL_MAT,0.115365,1373.404844,8192,5698600,2048x1x1x1,0x0x0,2048x1x1x1
ffn_inp-16,ADD,0.001510,1373.410937,8192,5698600,2048x1x1x1,0x0x0,2048x1x1x1
norm-16,RMS_NORM,0.003229,1373.417916,8192,5698600,2048x1x1x1,0x0x0,2048x1x1x1
ffn_norm-16,MUL,0.001407,1373.422969,8192,5698600,2048x1x1x1,0x0x0,2048x1x1x1
ffn_gate-16,MUL_MAT,0.164323,1373.590989,24576,5698600,6144x1x1x1,0x0x0,6144x1x1x1
ffn_up-16,MUL_MAT,0.241041,1373.836562,24576,5698600,6144x1x1x1,0x0x0,6144x1x1x1
ffn_swiglu-16,GLU,0.125208,1373.966562,24576,5698600,6144x1x1x1,0x0x0,6144x1x1x1
ffn_out-16,MUL_MAT,0.189063,1374.160000,8192,5698600,2048x1x1x1,0x0x0,2048x1x1x1
l_out-16,ADD,0.001458,1374.165989,8192,5698600,2048x1x1x1,0x0x0,2048x1x1x1
norm-17,RMS_NORM,0.003334,1374.173125,8192,5698600,2048x1x1x1,0x0x0,2048x1x1x1
attn_norm-17,MUL,0.001458,1374.178177,8192,5698600,2048x1x1x1,0x0x0,2048x1x1x1
Qcur-17,MUL_MAT,0.062187,1374.244010,8192,5698600,2048x1x1x1,0x0x0,2048x1x1x1
Qcur-17,RESHAPE,0.000313,1374.248594,8192,5698600,128x16x1x1,0x0x0,128x16x1x1
norm-17,RMS_NORM,0.129428,1374.382344,8192,5698600,128x16x1x1,0x0x0,128x16x1x1
Qcur_normed-17,MUL,0.038906,1374.425625,8192,5698600,128x16x1x1,0x0x0,128x16x1x1
Qcur-17,ROPE,0.002135,1374.431510,8192,5698600,128x16x1x1,0x0x0,128x16x1x1
Vcur-17,MUL_MAT,0.032656,1374.467812,4096,5698600,1024x1x1x1,0x0x0,1024x1x1x1
Vcur-17,RESHAPE,0.000469,1374.472448,4096,5698600,128x8x1x1,0x0x0,128x8x1x1
Kcur-17,MUL_MAT,0.447239,1374.923385,4096,5698600,1024x1x1x1,0x0x0,1024x1x1x1
Kcur-17,RESHAPE,0.000469,1374.931927,4096,5698600,128x8x1x1,0x0x0,128x8x1x1
norm-17,RMS_NORM,0.145521,1375.081562,4096,5698600,128x8x1x1,0x0x0,128x8x1x1
Kcur_normed-17,MUL,0.001407,1375.087344,4096,5698600,128x8x1x1,0x0x0,128x8x1x1
Kcur-17,ROPE,0.001980,1375.092969,4096,5698600,128x8x1x1,0x0x0,128x8x1x1
Kcur-17 (view),VIEW,0.000417,1375.097031,4096,5698600,1024x1x1x1,0x0x0,1024x1x1x1
cache_k_l17 (view),SET_ROWS,0.045938,1375.146719,83886080,5698600,1024x40960x1x1,0x0x0,1024x40960x1x1
Vcur-17 (view),VIEW,0.000260,1375.151510,4096,5698600,1024x1x1x1,0x0x0,1024x1x1x1
cache_v_l17 (view),SET_ROWS,0.010573,1375.165885,83886080,5698600,1024x40960x1x1,0x0x0,1024x40960x1x1
Qcur-17 (view),VIEW,0.000417,1375.170729,8192,5698600,128x16x1x1,0x0x0,128x16x1x1
Qcur-17 (view) (permuted),PERMUTE,0.015990,1375.190573,8192,5698600,128x1x16x1,0x0x0,128x1x16x1
cache_k_l17 (view),VIEW,0.000208,1375.195208,524288,5698600,128x8x256x1,0x0x0,128x8x256x1
cache_k_l17 (view) (permuted),PERMUTE,0.021042,1375.220208,524288,5698600,128x256x8x1,0x0x0,128x256x8x1
cache_v_l17 (view),VIEW,0.000260,1375.224739,524288,5698600,128x8x256x1,0x0x0,128x8x256x1
cache_v_l17 (view) (permuted),PERMUTE,0.019739,1375.248541,524288,5698600,128x256x8x1,0x0x0,128x256x8x1
node_620,FLASH_ATTN_EXT,0.186927,1375.439948,8192,5698600,128x16x1x1,0x0x0,128x16x1x1
kqv_out-17,RESHAPE,0.000313,1375.444479,8192,5698600,2048x1x1x1,0x0x0,2048x1x1x1
node_622,MUL_MAT,0.119167,1375.567448,8192,5698600,2048x1x1x1,0x0x0,2048x1x1x1
ffn_inp-17,ADD,0.045365,1375.617500,8192,5698600,2048x1x1x1,0x0x0,2048x1x1x1
norm-17,RMS_NORM,0.009010,1375.630260,8192,5698600,2048x1x1x1,0x0x0,2048x1x1x1
ffn_norm-17,MUL,0.045625,1375.679687,8192,5698600,2048x1x1x1,0x0x0,2048x1x1x1
ffn_gate-17,MUL_MAT,0.164844,1375.848281,24576,5698600,6144x1x1x1,0x0x0,6144x1x1x1
ffn_up-17,MUL_MAT,0.177917,1376.030781,24576,5698600,6144x1x1x1,0x0x0,6144x1x1x1
ffn_swiglu-17,GLU,0.004323,1376.039479,24576,5698600,6144x1x1x1,0x0x0,6144x1x1x1
ffn_out-17,MUL_MAT,0.189428,1376.232969,8192,5698600,2048x1x1x1,0x0x0,2048x1x1x1
l_out-17,ADD,0.001406,1376.238906,8192,5698600,2048x1x1x1,0x0x0,2048x1x1x1
norm-18,RMS_NORM,0.003385,1376.245885,8192,5698600,2048x1x1x1,0x0x0,2048x1x1x1
attn_norm-18,MUL,0.001406,1376.251041,8192,5698600,2048x1x1x1,0x0x0,2048x1x1x1
Qcur-18,MUL_MAT,1.131511,1377.386146,8192,5698600,2048x1x1x1,0x0x0,2048x1x1x1
Qcur-18,RESHAPE,0.000312,1377.391041,8192,5698600,128x16x1x1,0x0x0,128x16x1x1
norm-18,RMS_NORM,0.053177,1377.447916,8192,5698600,128x16x1x1,0x0x0,128x16x1x1
Qcur_normed-18,MUL,0.001718,1377.454062,8192,5698600,128x16x1x1,0x0x0,128x16x1x1
Qcur-18,ROPE,0.001875,1377.459531,8192,5698600,128x16x1x1,0x0x0,128x16x1x1
Vcur-18,MUL_MAT,0.032187,1377.495364,4096,5698600,1024x1x1x1,0x0x0,1024x1x1x1
Vcur-18,RESHAPE,0.000313,1377.499948,4096,5698600,128x8x1x1,0x0x0,128x8x1x1
Kcur-18,MUL_MAT,0.537708,1378.041458,4096,5698600,1024x1x1x1,0x0x0,1024x1x1x1
Kcur-18,RESHAPE,0.000417,1378.046406,4096,5698600,128x8x1x1,0x0x0,128x8x1x1
norm-18,RMS_NORM,0.038542,1378.088750,4096,5698600,128x8x1x1,0x0x0,128x8x1x1
Kcur_normed-18,MUL,0.001354,1378.094531,4096,5698600,128x8x1x1,0x0x0,128x8x1x1
Kcur-18,ROPE,0.001979,1378.100104,4096,5698600,128x8x1x1,0x0x0,128x8x1x1
Kcur-18 (view),VIEW,0.000469,1378.104219,4096,5698600,1024x1x1x1,0x0x0,1024x1x1x1
cache_k_l18 (view),SET_ROWS,0.024688,1378.132604,83886080,5698600,1024x40960x1x1,0x0x0,1024x40960x1x1
Vcur-18 (view),VIEW,0.000313,1378.137396,4096,5698600,1024x1x1x1,0x0x0,1024x1x1x1
cache_v_l18 (view),SET_ROWS,0.012187,1378.153385,83886080,5698600,1024x40960x1x1,0x0x0,1024x40960x1x1
Qcur-18 (view),VIEW,0.000469,1378.158125,8192,5698600,128x16x1x1,0x0x0,128x16x1x1
Qcur-18 (view) (permuted),PERMUTE,0.015885,1378.177656,8192,5698600,128x1x16x1,0x0x0,128x1x16x1
cache_k_l18 (view),VIEW,0.000521,1378.182500,524288,5698600,128x8x256x1,0x0x0,128x8x256x1
cache_k_l18 (view) (permuted),PERMUTE,0.011614,1378.197916,524288,5698600,128x256x8x1,0x0x0,128x256x8x1
cache_v_l18 (view),VIEW,0.000313,1378.202344,524288,5698600,128x8x256x1,0x0x0,128x8x256x1
cache_v_l18 (view) (permuted),PERMUTE,0.007448,1378.213594,524288,5698600,128x256x8x1,0x0x0,128x256x8x1
node_655,FLASH_ATTN_EXT,0.011041,1378.232135,8192,5698600,128x16x1x1,0x0x0,128x16x1x1
kqv_out-18,RESHAPE,0.000260,1378.236562,8192,5698600,2048x1x1x1,0x0x0,2048x1x1x1
node_657,MUL_MAT,0.115573,1378.355885,8192,5698600,2048x1x1x1,0x0x0,2048x1x1x1
ffn_inp-18,ADD,0.001459,1378.361875,8192,5698600,2048x1x1x1,0x0x0,2048x1x1x1
norm-18,RMS_NORM,0.003229,1378.368802,8192,5698600,2048x1x1x1,0x0x0,2048x1x1x1
ffn_norm-18,MUL,0.001458,1378.373854,8192,5698600,2048x1x1x1,0x0x0,2048x1x1x1
ffn_gate-18,MUL_MAT,0.164583,1378.541979,24576,5698600,6144x1x1x1,0x0x0,6144x1x1x1
ffn_up-18,MUL_MAT,0.165052,1378.711458,24576,5698600,6144x1x1x1,0x0x0,6144x1x1x1
ffn_swiglu-18,GLU,0.004115,1378.720104,24576,5698600,6144x1x1x1,0x0x0,6144x1x1x1
ffn_out-18,MUL_MAT,0.188282,1378.912344,8192,5698600,2048x1x1x1,0x0x0,2048x1x1x1
l_out-18,ADD,0.001510,1378.918385,8192,5698600,2048x1x1x1,0x0x0,2048x1x1x1
norm-19,RMS_NORM,0.003386,1378.925469,8192,5698600,2048x1x1x1,0x0x0,2048x1x1x1
attn_norm-19,MUL,0.001563,1378.930729,8192,5698600,2048x1x1x1,0x0x0,2048x1x1x1
Qcur-19,MUL_MAT,0.061979,1378.996302,8192,5698600,2048x1x1x1,0x0x0,2048x1x1x1
Qcur-19,RESHAPE,0.000312,1379.001041,8192,5698600,128x16x1x1,0x0x0,128x16x1x1
norm-19,RMS_NORM,0.048593,1379.053541,8192,5698600,128x16x1x1,0x0x0,128x16x1x1
Qcur_normed-19,MUL,0.001719,1379.059583,8192,5698600,128x16x1x1,0x0x0,128x16x1x1
Qcur-19,ROPE,0.001979,1379.065208,8192,5698600,128x16x1x1,0x0x0,128x16x1x1
Vcur-19,MUL_MAT,0.032500,1379.101354,4096,5698600,1024x1x1x1,0x0x0,1024x1x1x1
Vcur-19,RESHAPE,0.000417,1379.106094,4096,5698600,128x8x1x1,0x0x0,128x8x1x1
Kcur-19,MUL_MAT,0.097447,1379.207291,4096,5698600,1024x1x1x1,0x0x0,1024x1x1x1
Kcur-19,RESHAPE,0.000312,1379.212187,4096,5698600,128x8x1x1,0x0x0,128x8x1x1
norm-19,RMS_NORM,0.040157,1379.256146,4096,5698600,128x8x1x1,0x0x0,128x8x1x1
Kcur_normed-19,MUL,0.001406,1379.261875,4096,5698600,128x8x1x1,0x0x0,128x8x1x1
Kcur-19,ROPE,0.001875,1379.267291,4096,5698600,128x8x1x1,0x0x0,128x8x1x1
Kcur-19 (view),VIEW,0.000417,1379.271302,4096,5698600,1024x1x1x1,0x0x0,1024x1x1x1
cache_k_l19 (view),SET_ROWS,0.019479,1379.294479,83886080,5698600,1024x40960x1x1,0x0x0,1024x40960x1x1
Vcur-19 (view),VIEW,0.000260,1379.299062,4096,5698600,1024x1x1x1,0x0x0,1024x1x1x1
cache_v_l19 (view),SET_ROWS,0.014219,1379.316979,83886080,5698600,1024x40960x1x1,0x0x0,1024x40960x1x1
Qcur-19 (view),VIEW,0.000417,1379.321823,8192,5698600,128x16x1x1,0x0x0,128x16x1x1
Qcur-19 (view) (permuted),PERMUTE,0.014166,1379.339635,8192,5698600,128x1x16x1,0x0x0,128x1x16x1
cache_k_l19 (view),VIEW,0.000260,1379.344062,524288,5698600,128x8x256x1,0x0x0,128x8x256x1
cache_k_l19 (view) (permuted),PERMUTE,0.010625,1379.358489,524288,5698600,128x256x8x1,0x0x0,128x256x8x1
cache_v_l19 (view),VIEW,0.000469,1379.363021,524288,5698600,128x8x256x1,0x0x0,128x8x256x1
cache_v_l19 (view) (permuted),PERMUTE,0.013333,1379.380052,524288,5698600,128x256x8x1,0x0x0,128x256x8x1
node_690,FLASH_ATTN_EXT,0.037656,1379.421979,8192,5698600,128x16x1x1,0x0x0,128x16x1x1
kqv_out-19,RESHAPE,0.000364,1379.426458,8192,5698600,2048x1x1x1,0x0x0,2048x1x1x1
node_692,MUL_MAT,0.117187,1379.547239,8192,5698600,2048x1x1x1,0x0x0,2048x1x1x1
ffn_inp-19,ADD,0.004166,1379.555885,8192,5698600,2048x1x1x1,0x0x0,2048x1x1x1
norm-19,RMS_NORM,0.003177,1379.562760,8192,5698600,2048x1x1x1,0x0x0,2048x1x1x1
ffn_norm-19,MUL,0.001354,1379.567760,8192,5698600,2048x1x1x1,0x0x0,2048x1x1x1
ffn_gate-19,MUL_MAT,0.163958,1379.735312,24576,5698600,6144x1x1x1,0x0x0,6144x1x1x1
ffn_up-19,MUL_MAT,0.164428,1379.904219,24576,5698600,6144x1x1x1,0x0x0,6144x1x1x1
ffn_swiglu-19,GLU,0.004219,1379.912760,24576,5698600,6144x1x1x1,0x0x0,6144x1x1x1
ffn_out-19,MUL_MAT,0.164895,1380.081666,8192,5698600,2048x1x1x1,0x0x0,2048x1x1x1
l_out-19,ADD,0.001458,1380.087656,8192,5698600,2048x1x1x1,0x0x0,2048x1x1x1
norm-20,RMS_NORM,0.003333,1380.094687,8192,5698600,2048x1x1x1,0x0x0,2048x1x1x1
attn_norm-20,MUL,0.001406,1380.099791,8192,5698600,2048x1x1x1,0x0x0,2048x1x1x1
Qcur-20,MUL_MAT,0.062188,1380.165573,8192,5698600,2048x1x1x1,0x0x0,2048x1x1x1
Qcur-20,RESHAPE,0.000468,1380.173437,8192,5698600,128x16x1x1,0x0x0,128x16x1x1
norm-20,RMS_NORM,0.035000,1380.212708,8192,5698600,128x16x1x1,0x0x0,128x16x1x1
Qcur_normed-20,MUL,0.001771,1380.218854,8192,5698600,128x16x1x1,0x0x0,128x16x1x1
Qcur-20,ROPE,0.001875,1380.224375,8192,5698600,128x16x1x1,0x0x0,128x16x1x1
Vcur-20,MUL_MAT,0.034114,1380.262187,4096,5698600,1024x1x1x1,0x0x0,1024x1x1x1
Vcur-20,RESHAPE,0.000521,1380.266927,4096,5698600,128x8x1x1,0x0x0,128x8x1x1
Kcur-20,MUL_MAT,0.097031,1380.367760,4096,5698600,1024x1x1x1,0x0x0,1024x1x1x1
Kcur-20,RESHAPE,0.000416,1380.372760,4096,5698600,128x8x1x1,0x0x0,128x8x1x1
norm-20,RMS_NORM,0.056615,1380.433125,4096,5698600,128x8x1x1,0x0x0,128x8x1x1
Kcur_normed-20,MUL,0.001511,1380.438802,4096,5698600,128x8x1x1,0x0x0,128x8x1x1
Kcur-20,ROPE,0.002031,1380.444479,4096,5698600,128x8x1x1,0x0x0,128x8x1x1
Kcur-20 (view),VIEW,0.000417,1380.448594,4096,5698600,1024x1x1x1,0x0x0,1024x1x1x1
cache_k_l20 (view),SET_ROWS,0.024323,1380.476614,83886080,5698600,1024x40960x1x1,0x0x0,1024x40960x1x1
Vcur-20 (view),VIEW,0.000313,1380.481302,4096,5698600,1024x1x1x1,0x0x0,1024x1x1x1
cache_v_l20 (view),SET_ROWS,0.012864,1380.497916,83886080,5698600,1024x40960x1x1,0x0x0,1024x40960x1x1
Qcur-20 (view),VIEW,0.000417,1380.502656,8192,5698600,128x16x1x1,0x0x0,128x16x1x1
Qcur-20 (view) (permuted),PERMUTE,0.018594,1380.525000,8192,5698600,128x1x16x1,0x0x0,128x1x16x1
cache_k_l20 (view),VIEW,0.000417,1380.529948,524288,5698600,128x8x256x1,0x0x0,128x8x256x1
cache_k_l20 (view) (permuted),PERMUTE,0.009844,1380.543594,524288,5698600,128x256x8x1,0x0x0,128x256x8x1
cache_v_l20 (view),VIEW,0.000313,1380.548021,524288,5698600,128x8x256x1,0x0x0,128x8x256x1
cache_v_l20 (view) (permuted),PERMUTE,0.013802,1380.581823,524288,5698600,128x256x8x1,0x0x0,128x256x8x1
node_725,FLASH_ATTN_EXT,0.019427,1380.605833,8192,5698600,128x16x1x1,0x0x0,128x16x1x1
kqv_out-20,RESHAPE,0.000469,1380.610521,8192,5698600,2048x1x1x1,0x0x0,2048x1x1x1
node_727,MUL_MAT,0.120313,1380.734479,8192,5698600,2048x1x1x1,0x0x0,2048x1x1x1
ffn_inp-20,ADD,0.001458,1380.740729,8192,5698600,2048x1x1x1,0x0x0,2048x1x1x1
norm-20,RMS_NORM,0.004479,1380.748958,8192,5698600,2048x1x1x1,0x0x0,2048x1x1x1
ffn_norm-20,MUL,0.001510,1380.754114,8192,5698600,2048x1x1x1,0x0x0,2048x1x1x1
ffn_gate-20,MUL_MAT,0.163333,1380.921041,24576,5698600,6144x1x1x1,0x0x0,6144x1x1x1
ffn_up-20,MUL_MAT,0.164011,1381.089375,24576,5698600,6144x1x1x1,0x0x0,6144x1x1x1
ffn_swiglu-20,GLU,0.004167,1381.098229,24576,5698600,6144x1x1x1,0x0x0,6144x1x1x1
ffn_out-20,MUL_MAT,0.182761,1381.285000,8192,5698600,2048x1x1x1,0x0x0,2048x1x1x1
l_out-20,ADD,0.001354,1381.290937,8192,5698600,2048x1x1x1,0x0x0,2048x1x1x1
norm-21,RMS_NORM,0.003334,1381.298021,8192,5698600,2048x1x1x1,0x0x0,2048x1x1x1
attn_norm-21,MUL,0.001666,1381.303385,8192,5698600,2048x1x1x1,0x0x0,2048x1x1x1
Qcur-21,MUL_MAT,0.061927,1381.368854,8192,5698600,2048x1x1x1,0x0x0,2048x1x1x1
Qcur-21,RESHAPE,0.000312,1381.373437,8192,5698600,128x16x1x1,0x0x0,128x16x1x1
norm-21,RMS_NORM,0.057344,1381.434635,8192,5698600,128x16x1x1,0x0x0,128x16x1x1
Qcur_normed-21,MUL,0.001823,1381.440781,8192,5698600,128x16x1x1,0x0x0,128x16x1x1
Qcur-21,ROPE,0.002083,1381.446458,8192,5698600,128x16x1x1,0x0x0,128x16x1x1
Vcur-21,MUL_MAT,0.032708,1381.482760,4096,5698600,1024x1x1x1,0x0x0,1024x1x1x1
Vcur-21,RESHAPE,0.000417,1381.487448,4096,5698600,128x8x1x1,0x0x0,128x8x1x1
Kcur-21,MUL_MAT,0.086302,1381.577396,4096,5698600,1024x1x1x1,0x0x0,1024x1x1x1
Kcur-21,RESHAPE,0.000416,1381.582291,4096,5698600,128x8x1x1,0x0x0,128x8x1x1
norm-21,RMS_NORM,0.325468,1381.911562,4096,5698600,128x8x1x1,0x0x0,128x8x1x1
Kcur_normed-21,MUL,0.001407,1381.917448,4096,5698600,128x8x1x1,0x0x0,128x8x1x1
Kcur-21,ROPE,0.001667,1381.922708,4096,5698600,128x8x1x1,0x0x0,128x8x1x1
Kcur-21 (view),VIEW,0.000469,1381.926719,4096,5698600,1024x1x1x1,0x0x0,1024x1x1x1
cache_k_l21 (view),SET_ROWS,0.023855,1381.954271,83886080,5698600,1024x40960x1x1,0x0x0,1024x40960x1x1
Vcur-21 (view),VIEW,0.000312,1381.958958,4096,5698600,1024x1x1x1,0x0x0,1024x1x1x1
cache_v_l21 (view),SET_ROWS,0.014323,1381.977135,83886080,5698600,1024x40960x1x1,0x0x0,1024x40960x1x1
Qcur-21 (view),VIEW,0.000364,1381.985364,8192,5698600,128x16x1x1,0x0x0,128x16x1x1
Qcur-21 (view) (permuted),PERMUTE,0.018802,1382.007812,8192,5698600,128x1x16x1,0x0x0,128x1x16x1
cache_k_l21 (view),VIEW,0.000469,1382.012760,524288,5698600,128x8x256x1,0x0x0,128x8x256x1
cache_k_l21 (view) (permuted),PERMUTE,0.014688,1382.031146,524288,5698600,128x256x8x1,0x0x0,128x256x8x1
cache_v_l21 (view),VIEW,0.000313,1382.035677,524288,5698600,128x8x256x1,0x0x0,128x8x256x1
cache_v_l21 (view) (permuted),PERMUTE,0.016198,1382.055625,524288,5698600,128x256x8x1,0x0x0,128x256x8x1
node_760,FLASH_ATTN_EXT,0.051927,1382.111823,8192,5698600,128x16x1x1,0x0x0,128x16x1x1
kqv_out-21,RESHAPE,0.000313,1382.116250,8192,5698600,2048x1x1x1,0x0x0,2048x1x1x1
node_762,MUL_MAT,0.117291,1382.237239,8192,5698600,2048x1x1x1,0x0x0,2048x1x1x1
ffn_inp-21,ADD,0.001406,1382.243177,8192,5698600,2048x1x1x1,0x0x0,2048x1x1x1
norm-21,RMS_NORM,0.003229,1382.250156,8192,5698600,2048x1x1x1,0x0x0,2048x1x1x1
ffn_norm-21,MUL,0.001406,1382.255208,8192,5698600,2048x1x1x1,0x0x0,2048x1x1x1
ffn_gate-21,MUL_MAT,0.164844,1382.423646,24576,5698600,6144x1x1x1,0x0x0,6144x1x1x1
ffn_up-21,MUL_MAT,0.165573,1382.593698,24576,5698600,6144x1x1x1,0x0x0,6144x1x1x1
ffn_swiglu-21,GLU,0.004375,1382.602344,24576,5698600,6144x1x1x1,0x0x0,6144x1x1x1
ffn_out-21,MUL_MAT,0.189792,1382.796302,8192,5698600,2048x1x1x1,0x0x0,2048x1x1x1
l_out-21,ADD,0.001354,1382.802135,8192,5698600,2048x1x1x1,0x0x0,2048x1x1x1
norm-22,RMS_NORM,0.003386,1382.809219,8192,5698600,2048x1x1x1,0x0x0,2048x1x1x1
attn_norm-22,MUL,0.001719,1382.814583,8192,5698600,2048x1x1x1,0x0x0,2048x1x1x1
Qcur-22,MUL_MAT,0.061510,1382.879635,8192,5698600,2048x1x1x1,0x0x0,2048x1x1x1
Qcur-22,RESHAPE,0.000313,1382.884219,8192,5698600,128x16x1x1,0x0x0,128x16x1x1
norm-22,RMS_NORM,0.035312,1382.923437,8192,5698600,128x16x1x1,0x0x0,128x16x1x1
Qcur_normed-22,MUL,0.001979,1382.929739,8192,5698600,128x16x1x1,0x0x0,128x16x1x1
Qcur-22,ROPE,0.001979,1382.935312,8192,5698600,128x16x1x1,0x0x0,128x16x1x1
Vcur-22,MUL_MAT,0.032657,1382.971719,4096,5698600,1024x1x1x1,0x0x0,1024x1x1x1
Vcur-22,RESHAPE,0.000260,1382.976354,4096,5698600,128x8x1x1,0x0x0,128x8x1x1
Kcur-22,MUL_MAT,0.086458,1383.066510,4096,5698600,1024x1x1x1,0x0x0,1024x1x1x1
Kcur-22,RESHAPE,0.000417,1383.071406,4096,5698600,128x8x1x1,0x0x0,128x8x1x1
norm-22,RMS_NORM,0.056302,1383.131562,4096,5698600,128x8x1x1,0x0x0,128x8x1x1
Kcur_normed-22,MUL,0.001302,1383.137239,4096,5698600,128x8x1x1,0x0x0,128x8x1x1
Kcur-22,ROPE,0.002031,1383.142916,4096,5698600,128x8x1x1,0x0x0,128x8x1x1
Kcur-22 (view),VIEW,0.000469,1383.146875,4096,5698600,1024x1x1x1,0x0x0,1024x1x1x1
cache_k_l22 (view),SET_ROWS,0.024427,1383.175052,83886080,5698600,1024x40960x1x1,0x0x0,1024x40960x1x1
Vcur-22 (view),VIEW,0.000261,1383.180000,4096,5698600,1024x1x1x1,0x0x0,1024x1x1x1
cache_v_l22 (view),SET_ROWS,0.012344,1383.196198,83886080,5698600,1024x40960x1x1,0x0x0,1024x40960x1x1
Qcur-22 (view),VIEW,0.000468,1383.200937,8192,5698600,128x16x1x1,0x0x0,128x16x1x1
Qcur-22 (view) (permuted),PERMUTE,0.015573,1383.220364,8192,5698600,128x1x16x1,0x0x0,128x1x16x1
cache_k_l22 (view),VIEW,0.000312,1383.224791,524288,5698600,128x8x256x1,0x0x0,128x8x256x1
cache_k_l22 (view) (permuted),PERMUTE,0.011406,1383.240104,524288,5698600,128x256x8x1,0x0x0,128x256x8x1
cache_v_l22 (view),VIEW,0.000781,1383.245208,524288,5698600,128x8x256x1,0x0x0,128x8x256x1
cache_v_l22 (view) (permuted),PERMUTE,0.011146,1383.260000,524288,5698600,128x256x8x1,0x0x0,128x256x8x1
node_795,FLASH_ATTN_EXT,0.041198,1383.305625,8192,5698600,128x16x1x1,0x0x0,128x16x1x1
kqv_out-22,RESHAPE,0.000313,1383.310104,8192,5698600,2048x1x1x1,0x0x0,2048x1x1x1
node_797,MUL_MAT,0.117396,1383.431198,8192,5698600,2048x1x1x1,0x0x0,2048x1x1x1
ffn_inp-22,ADD,0.001302,1383.437083,8192,5698600,2048x1x1x1,0x0x0,2048x1x1x1
norm-22,RMS_NORM,0.003229,1383.444010,8192,5698600,2048x1x1x1,0x0x0,2048x1x1x1
ffn_norm-22,MUL,0.001354,1383.449010,8192,5698600,2048x1x1x1,0x0x0,2048x1x1x1
ffn_gate-22,MUL_MAT,0.164479,1383.617187,24576,5698600,6144x1x1x1,0x0x0,6144x1x1x1
ffn_up-22,MUL_MAT,0.165000,1383.786979,24576,5698600,6144x1x1x1,0x0x0,6144x1x1x1
ffn_swiglu-22,GLU,0.004323,1383.799531,24576,5698600,6144x1x1x1,0x0x0,6144x1x1x1
ffn_out-22,MUL_MAT,0.189427,1383.993125,8192,5698600,2048x1x1x1,0x0x0,2048x1x1x1
l_out-22,ADD,0.001406,1383.999010,8192,5698600,2048x1x1x1,0x0x0,2048x1x1x1
norm-23,RMS_NORM,0.003333,1384.006041,8192,5698600,2048x1x1x1,0x0x0,2048x1x1x1
attn_norm-23,MUL,0.001406,1384.011250,8192,5698600,2048x1x1x1,0x0x0,2048x1x1x1
Qcur-23,MUL_MAT,0.061823,1384.076719,8192,5698600,2048x1x1x1,0x0x0,2048x1x1x1
Qcur-23,RESHAPE,0.000313,1384.081354,8192,5698600,128x16x1x1,0x0x0,128x16x1x1
norm-23,RMS_NORM,0.034792,1384.120104,8192,5698600,128x16x1x1,0x0x0,128x16x1x1
Qcur_normed-23,MUL,0.001927,1384.126406,8192,5698600,128x16x1x1,0x0x0,128x16x1x1
Qcur-23,ROPE,0.002031,1384.132187,8192,5698600,128x16x1x1,0x0x0,128x16x1x1
Vcur-23,MUL_MAT,0.032604,1384.168385,4096,5698600,1024x1x1x1,0x0x0,1024x1x1x1
Vcur-23,RESHAPE,0.000313,1384.173021,4096,5698600,128x8x1x1,0x0x0,128x8x1x1
Kcur-23,MUL_MAT,0.088542,1384.265208,4096,5698600,1024x1x1x1,0x0x0,1024x1x1x1
Kcur-23,RESHAPE,0.000417,1384.270104,4096,5698600,128x8x1x1,0x0x0,128x8x1x1
norm-23,RMS_NORM,0.055677,1384.329531,4096,5698600,128x8x1x1,0x0x0,128x8x1x1
Kcur_normed-23,MUL,0.001406,1384.335260,4096,5698600,128x8x1x1,0x0x0,128x8x1x1
Kcur-23,ROPE,0.001823,1384.340729,4096,5698600,128x8x1x1,0x0x0,128x8x1x1
Kcur-23 (view),VIEW,0.000312,1384.344583,4096,5698600,1024x1x1x1,0x0x0,1024x1x1x1
cache_k_l23 (view),SET_ROWS,0.024531,1384.372760,83886080,5698600,1024x40960x1x1,0x0x0,1024x40960x1x1
Vcur-23 (view),VIEW,0.000261,1384.377448,4096,5698600,1024x1x1x1,0x0x0,1024x1x1x1
cache_v_l23 (view),SET_ROWS,0.012343,1384.393541,83886080,5698600,1024x40960x1x1,0x0x0,1024x40960x1x1
Qcur-23 (view),VIEW,0.000468,1384.398437,8192,5698600,128x16x1x1,0x0x0,128x16x1x1
Qcur-23 (view) (permuted),PERMUTE,0.021198,1384.423437,8192,5698600,128x1x16x1,0x0x0,128x1x16x1
cache_k_l23 (view),VIEW,0.000625,1384.428385,524288,5698600,128x8x256x1,0x0x0,128x8x256x1
cache_k_l23 (view) (permuted),PERMUTE,0.013021,1384.445156,524288,5698600,128x256x8x1,0x0x0,128x256x8x1
cache_v_l23 (view),VIEW,0.000260,1384.449531,524288,5698600,128x8x256x1,0x0x0,128x8x256x1
cache_v_l23 (view) (permuted),PERMUTE,0.011667,1384.465052,524288,5698600,128x256x8x1,0x0x0,128x256x8x1
node_830,FLASH_ATTN_EXT,0.028854,1384.498229,8192,5698600,128x16x1x1,0x0x0,128x16x1x1
kqv_out-23,RESHAPE,0.000313,1384.502604,8192,5698600,2048x1x1x1,0x0x0,2048x1x1x1
node_832,MUL_MAT,0.118802,1384.625104,8192,5698600,2048x1x1x1,0x0x0,2048x1x1x1
ffn_inp-23,ADD,0.001355,1384.631094,8192,5698600,2048x1x1x1,0x0x0,2048x1x1x1
norm-23,RMS_NORM,0.003282,1384.638073,8192,5698600,2048x1x1x1,0x0x0,2048x1x1x1
ffn_norm-23,MUL,0.001354,1384.643073,8192,5698600,2048x1x1x1,0x0x0,2048x1x1x1
ffn_gate-23,MUL_MAT,0.163386,1384.810052,24576,5698600,6144x1x1x1,0x0x0,6144x1x1x1
ffn_up-23,MUL_MAT,0.164427,1384.978958,24576,5698600,6144x1x1x1,0x0x0,6144x1x1x1
ffn_swiglu-23,GLU,0.004219,1384.987552,24576,5698600,6144x1x1x1,0x0x0,6144x1x1x1
ffn_out-23,MUL_MAT,0.188855,1385.180521,8192,5698600,2048x1x1x1,0x0x0,2048x1x1x1
l_out-23,ADD,0.001459,1385.186250,8192,5698600,2048x1x1x1,0x0x0,2048x1x1x1
norm-24,RMS_NORM,0.003437,1385.193385,8192,5698600,2048x1x1x1,0x0x0,2048x1x1x1
attn_norm-24,MUL,0.001458,1385.198489,8192,5698600,2048x1x1x1,0x0x0,2048x1x1x1
Qcur-24,MUL_MAT,0.061823,1385.263958,8192,5698600,2048x1x1x1,0x0x0,2048x1x1x1
Qcur-24,RESHAPE,0.000365,1385.268750,8192,5698600,128x16x1x1,0x0x0,128x16x1x1
norm-24,RMS_NORM,0.056458,1385.329114,8192,5698600,128x16x1x1,0x0x0,128x16x1x1
Qcur_normed-24,MUL,0.001875,1385.335364,8192,5698600,128x16x1x1,0x0x0,128x16x1x1
Qcur-24,ROPE,0.001979,1385.340937,8192,5698600,128x16x1x1,0x0x0,128x16x1x1
Vcur-24,MUL_MAT,0.033073,1385.377552,4096,5698600,1024x1x1x1,0x0x0,1024x1x1x1
Vcur-24,RESHAPE,0.000260,1385.382083,4096,5698600,128x8x1x1,0x0x0,128x8x1x1
Kcur-24,MUL_MAT,0.086354,1385.472239,4096,5698600,1024x1x1x1,0x0x0,1024x1x1x1
Kcur-24,RESHAPE,0.000416,1385.477187,4096,5698600,128x8x1x1,0x0x0,128x8x1x1
norm-24,RMS_NORM,0.054584,1385.535521,4096,5698600,128x8x1x1,0x0x0,128x8x1x1
Kcur_normed-24,MUL,0.001354,1385.544427,4096,5698600,128x8x1x1,0x0x0,128x8x1x1
Kcur-24,ROPE,0.002031,1385.550416,4096,5698600,128x8x1x1,0x0x0,128x8x1x1
Kcur-24 (view),VIEW,0.000469,1385.554375,4096,5698600,1024x1x1x1,0x0x0,1024x1x1x1
cache_k_l24 (view),SET_ROWS,0.019739,1385.577864,83886080,5698600,1024x40960x1x1,0x0x0,1024x40960x1x1
Vcur-24 (view),VIEW,0.000260,1385.582708,4096,5698600,1024x1x1x1,0x0x0,1024x1x1x1
cache_v_l24 (view),SET_ROWS,0.013438,1385.600000,83886080,5698600,1024x40960x1x1,0x0x0,1024x40960x1x1
Qcur-24 (view),VIEW,0.000468,1385.604791,8192,5698600,128x16x1x1,0x0x0,128x16x1x1
Qcur-24 (view) (permuted),PERMUTE,0.019843,1385.628489,8192,5698600,128x1x16x1,0x0x0,128x1x16x1
cache_k_l24 (view),VIEW,0.000469,1385.633229,524288,5698600,128x8x256x1,0x0x0,128x8x256x1
cache_k_l24 (view) (permuted),PERMUTE,0.013021,1385.649948,524288,5698600,128x256x8x1,0x0x0,128x256x8x1
cache_v_l24 (view),VIEW,0.000572,1385.654791,524288,5698600,128x8x256x1,0x0x0,128x8x256x1
cache_v_l24 (view) (permuted),PERMUTE,0.016771,1385.675469,524288,5698600,128x256x8x1,0x0x0,128x256x8x1
node_865,FLASH_ATTN_EXT,0.037031,1385.716875,8192,5698600,128x16x1x1,0x0x0,128x16x1x1
kqv_out-24,RESHAPE,0.000313,1385.721302,8192,5698600,2048x1x1x1,0x0x0,2048x1x1x1
node_867,MUL_MAT,0.115937,1385.840937,8192,5698600,2048x1x1x1,0x0x0,2048x1x1x1
ffn_inp-24,ADD,0.001354,1385.846823,8192,5698600,2048x1x1x1,0x0x0,2048x1x1x1
norm-24,RMS_NORM,0.003281,1385.853854,8192,5698600,2048x1x1x1,0x0x0,2048x1x1x1
ffn_norm-24,MUL,0.001354,1385.858802,8192,5698600,2048x1x1x1,0x0x0,2048x1x1x1
ffn_gate-24,MUL_MAT,0.163437,1386.025885,24576,5698600,6144x1x1x1,0x0x0,6144x1x1x1
ffn_up-24,MUL_MAT,0.164532,1386.194844,24576,5698600,6144x1x1x1,0x0x0,6144x1x1x1
ffn_swiglu-24,GLU,0.004375,1386.204010,24576,5698600,6144x1x1x1,0x0x0,6144x1x1x1
ffn_out-24,MUL_MAT,0.188125,1386.396198,8192,5698600,2048x1x1x1,0x0x0,2048x1x1x1
l_out-24,ADD,0.001302,1386.401823,8192,5698600,2048x1x1x1,0x0x0,2048x1x1x1
norm-25,RMS_NORM,0.003385,1386.408958,8192,5698600,2048x1x1x1,0x0x0,2048x1x1x1
attn_norm-25,MUL,0.001667,1386.414323,8192,5698600,2048x1x1x1,0x0x0,2048x1x1x1
Qcur-25,MUL_MAT,0.061979,1386.480000,8192,5698600,2048x1x1x1,0x0x0,2048x1x1x1
Qcur-25,RESHAPE,0.000312,1386.484635,8192,5698600,128x16x1x1,0x0x0,128x16x1x1
norm-25,RMS_NORM,0.056094,1386.544583,8192,5698600,128x16x1x1,0x0x0,128x16x1x1
Qcur_normed-25,MUL,0.001927,1386.550833,8192,5698600,128x16x1x1,0x0x0,128x16x1x1
Qcur-25,ROPE,0.001927,1386.556354,8192,5698600,128x16x1x1,0x0x0,128x16x1x1
Vcur-25,MUL_MAT,0.032135,1386.592135,4096,5698600,1024x1x1x1,0x0x0,1024x1x1x1
Vcur-25,RESHAPE,0.000313,1386.596771,4096,5698600,128x8x1x1,0x0x0,128x8x1x1
Kcur-25,MUL_MAT,0.086197,1386.686666,4096,5698600,1024x1x1x1,0x0x0,1024x1x1x1
Kcur-25,RESHAPE,0.000468,1386.691614,4096,5698600,128x8x1x1,0x0x0,128x8x1x1
norm-25,RMS_NORM,0.055625,1386.750989,4096,5698600,128x8x1x1,0x0x0,128x8x1x1
Kcur_normed-25,MUL,0.001407,1386.756719,4096,5698600,128x8x1x1,0x0x0,128x8x1x1
Kcur-25,ROPE,0.001980,1386.762344,4096,5698600,128x8x1x1,0x0x0,128x8x1x1
Kcur-25 (view),VIEW,0.000417,1386.766302,4096,5698600,1024x1x1x1,0x0x0,1024x1x1x1
cache_k_l25 (view),SET_ROWS,0.024114,1386.794166,83886080,5698600,1024x40960x1x1,0x0x0,1024x40960x1x1
Vcur-25 (view),VIEW,0.000312,1386.798958,4096,5698600,1024x1x1x1,0x0x0,1024x1x1x1
cache_v_l25 (view),SET_ROWS,0.012448,1386.815000,83886080,5698600,1024x40960x1x1,0x0x0,1024x40960x1x1
Qcur-25 (view),VIEW,0.004271,1386.823646,8192,5698600,128x16x1x1,0x0x0,128x16x1x1
Qcur-25 (view) (permuted),PERMUTE,0.015573,1386.843333,8192,5698600,128x1x16x1,0x0x0,128x1x16x1
cache_k_l25 (view),VIEW,0.000885,1386.848437,524288,5698600,128x8x256x1,0x0x0,128x8x256x1
cache_k_l25 (view) (permuted),PERMUTE,0.011198,1386.863385,524288,5698600,128x256x8x1,0x0x0,128x256x8x1
cache_v_l25 (view),VIEW,0.000313,1386.867969,524288,5698600,128x8x256x1,0x0x0,128x8x256x1
cache_v_l25 (view) (permuted),PERMUTE,0.010989,1386.882708,524288,5698600,128x256x8x1,0x0x0,128x256x8x1
node_900,FLASH_ATTN_EXT,0.037031,1386.923906,8192,5698600,128x16x1x1,0x0x0,128x16x1x1
kqv_out-25,RESHAPE,0.000261,1386.928177,8192,5698600,2048x1x1x1,0x0x0,2048x1x1x1
node_902,MUL_MAT,0.114218,1387.049062,8192,5698600,2048x1x1x1,0x0x0,2048x1x1x1
ffn_inp-25,ADD,0.001355,1387.054896,8192,5698600,2048x1x1x1,0x0x0,2048x1x1x1
norm-25,RMS_NORM,0.003229,1387.061875,8192,5698600,2048x1x1x1,0x0x0,2048x1x1x1
ffn_norm-25,MUL,0.001511,1387.066927,8192,5698600,2048x1x1x1,0x0x0,2048x1x1x1
ffn_gate-25,MUL_MAT,0.164114,1387.234687,24576,5698600,6144x1x1x1,0x0x0,6144x1x1x1
ffn_up-25,MUL_MAT,0.164792,1387.404427,24576,5698600,6144x1x1x1,0x0x0,6144x1x1x1
ffn_swiglu-25,GLU,0.004427,1387.413177,24576,5698600,6144x1x1x1,0x0x0,6144x1x1x1
ffn_out-25,MUL_MAT,0.189636,1387.606823,8192,5698600,2048x1x1x1,0x0x0,2048x1x1x1
l_out-25,ADD,0.001354,1387.612916,8192,5698600,2048x1x1x1,0x0x0,2048x1x1x1
norm-26,RMS_NORM,0.003334,1387.620000,8192,5698600,2048x1x1x1,0x0x0,2048x1x1x1
attn_norm-26,MUL,0.001510,1387.625208,8192,5698600,2048x1x1x1,0x0x0,2048x1x1x1
Qcur-26,MUL_MAT,0.062552,1387.691406,8192,5698600,2048x1x1x1,0x0x0,2048x1x1x1
Qcur-26,RESHAPE,0.000312,1387.696041,8192,5698600,128x16x1x1,0x0x0,128x16x1x1
norm-26,RMS_NORM,0.037604,1387.737500,8192,5698600,128x16x1x1,0x0x0,128x16x1x1
Qcur_normed-26,MUL,0.001667,1387.743594,8192,5698600,128x16x1x1,0x0x0,128x16x1x1
Qcur-26,ROPE,0.001927,1387.749166,8192,5698600,128x16x1x1,0x0x0,128x16x1x1
Vcur-26,MUL_MAT,0.033073,1387.785833,4096,5698600,1024x1x1x1,0x0x0,1024x1x1x1
Vcur-26,RESHAPE,0.000260,1387.790416,4096,5698600,128x8x1x1,0x0x0,128x8x1x1
Kcur-26,MUL_MAT,0.086771,1387.880937,4096,5698600,1024x1x1x1,0x0x0,1024x1x1x1
Kcur-26,RESHAPE,0.000313,1387.885729,4096,5698600,128x8x1x1,0x0x0,128x8x1x1
norm-26,RMS_NORM,0.055156,1387.944635,4096,5698600,128x8x1x1,0x0x0,128x8x1x1
Kcur_normed-26,MUL,0.001406,1387.950416,4096,5698600,128x8x1x1,0x0x0,128x8x1x1
Kcur-26,ROPE,0.001823,1387.955781,4096,5698600,128x8x1x1,0x0x0,128x8x1x1
Kcur-26 (view),VIEW,0.000417,1387.959896,4096,5698600,1024x1x1x1,0x0x0,1024x1x1x1
cache_k_l26 (view),SET_ROWS,0.024011,1387.987552,83886080,5698600,1024x40960x1x1,0x0x0,1024x40960x1x1
Vcur-26 (view),VIEW,0.000312,1387.992291,4096,5698600,1024x1x1x1,0x0x0,1024x1x1x1
cache_v_l26 (view),SET_ROWS,0.012708,1388.008854,83886080,5698600,1024x40960x1x1,0x0x0,1024x40960x1x1
Qcur-26 (view),VIEW,0.000417,1388.013646,8192,5698600,128x16x1x1,0x0x0,128x16x1x1
Qcur-26 (view) (permuted),PERMUTE,0.012864,1388.030260,8192,5698600,128x1x16x1,0x0x0,128x1x16x1
cache_k_l26 (view),VIEW,0.000469,1388.034844,524288,5698600,128x8x256x1,0x0x0,128x8x256x1
cache_k_l26 (view) (permuted),PERMUTE,0.014323,1388.053125,524288,5698600,128x256x8x1,0x0x0,128x256x8x1
cache_v_l26 (view),VIEW,0.000416,1388.057916,524288,5698600,128x8x256x1,0x0x0,128x8x256x1
cache_v_l26 (view) (permuted),PERMUTE,0.012239,1388.074062,524288,5698600,128x256x8x1,0x0x0,128x256x8x1
node_935,FLASH_ATTN_EXT,0.034167,1388.112396,8192,5698600,128x16x1x1,0x0x0,128x16x1x1
kqv_out-26,RESHAPE,0.000261,1388.116771,8192,5698600,2048x1x1x1,0x0x0,2048x1x1x1
node_937,MUL_MAT,0.115104,1388.235573,8192,5698600,2048x1x1x1,0x0x0,2048x1x1x1
ffn_inp-26,ADD,0.001458,1388.241510,8192,5698600,2048x1x1x1,0x0x0,2048x1x1x1
norm-26,RMS_NORM,0.003230,1388.248594,8192,5698600,2048x1x1x1,0x0x0,2048x1x1x1
ffn_norm-26,MUL,0.001407,1388.253646,8192,5698600,2048x1x1x1,0x0x0,2048x1x1x1
ffn_gate-26,MUL_MAT,0.164688,1388.421927,24576,5698600,6144x1x1x1,0x0x0,6144x1x1x1
ffn_up-26,MUL_MAT,0.187813,1388.614323,24576,5698600,6144x1x1x1,0x0x0,6144x1x1x1
ffn_swiglu-26,GLU,0.004271,1388.623385,24576,5698600,6144x1x1x1,0x0x0,6144x1x1x1
ffn_out-26,MUL_MAT,0.189062,1388.816510,8192,5698600,2048x1x1x1,0x0x0,2048x1x1x1
l_out-26,ADD,0.001354,1388.822135,8192,5698600,2048x1x1x1,0x0x0,2048x1x1x1
norm-27,RMS_NORM,0.003386,1388.829271,8192,5698600,2048x1x1x1,0x0x0,2048x1x1x1
attn_norm-27,MUL,0.001771,1388.834687,8192,5698600,2048x1x1x1,0x0x0,2048x1x1x1
Qcur-27,MUL_MAT,0.061459,1388.899896,8192,5698600,2048x1x1x1,0x0x0,2048x1x1x1
Qcur-27,RESHAPE,0.000260,1388.904531,8192,5698600,128x16x1x1,0x0x0,128x16x1x1
norm-27,RMS_NORM,0.035000,1388.943385,8192,5698600,128x16x1x1,0x0x0,128x16x1x1
Qcur_normed-27,MUL,0.001771,1388.949531,8192,5698600,128x16x1x1,0x0x0,128x16x1x1
Qcur-27,ROPE,0.002083,1388.958437,8192,5698600,128x16x1x1,0x0x0,128x16x1x1
Vcur-27,MUL_MAT,0.033958,1388.996302,4096,5698600,1024x1x1x1,0x0x0,1024x1x1x1
Vcur-27,RESHAPE,0.000417,1389.001094,4096,5698600,128x8x1x1,0x0x0,128x8x1x1
Kcur-27,MUL_MAT,0.088333,1389.093177,4096,5698600,1024x1x1x1,0x0x0,1024x1x1x1
Kcur-27,RESHAPE,0.000261,1389.097969,4096,5698600,128x8x1x1,0x0x0,128x8x1x1
norm-27,RMS_NORM,0.056354,1389.158073,4096,5698600,128x8x1x1,0x0x0,128x8x1x1
Kcur_normed-27,MUL,0.001354,1389.163906,4096,5698600,128x8x1x1,0x0x0,128x8x1x1
Kcur-27,ROPE,0.001927,1389.169479,4096,5698600,128x8x1x1,0x0x0,128x8x1x1
Kcur-27 (view),VIEW,0.000416,1389.173489,4096,5698600,1024x1x1x1,0x0x0,1024x1x1x1
cache_k_l27 (view),SET_ROWS,0.024219,1389.201250,83886080,5698600,1024x40960x1x1,0x0x0,1024x40960x1x1
Vcur-27 (view),VIEW,0.000312,1389.205937,4096,5698600,1024x1x1x1,0x0x0,1024x1x1x1
cache_v_l27 (view),SET_ROWS,0.012344,1389.222083,83886080,5698600,1024x40960x1x1,0x0x0,1024x40960x1x1
Qcur-27 (view),VIEW,0.000469,1389.226927,8192,5698600,128x16x1x1,0x0x0,128x16x1x1
Qcur-27 (view) (permuted),PERMUTE,0.015104,1389.245833,8192,5698600,128x1x16x1,0x0x0,128x1x16x1
cache_k_l27 (view),VIEW,0.000417,1389.250625,524288,5698600,128x8x256x1,0x0x0,128x8x256x1
cache_k_l27 (view) (permuted),PERMUTE,0.015833,1389.270260,524288,5698600,128x256x8x1,0x0x0,128x256x8x1
cache_v_l27 (view),VIEW,0.000365,1389.275104,524288,5698600,128x8x256x1,0x0x0,128x8x256x1
cache_v_l27 (view) (permuted),PERMUTE,0.011614,1389.290260,524288,5698600,128x256x8x1,0x0x0,128x256x8x1
node_970,FLASH_ATTN_EXT,0.028333,1389.322812,8192,5698600,128x16x1x1,0x0x0,128x16x1x1
kqv_out-27,RESHAPE,0.000312,1389.327187,8192,5698600,2048x1x1x1,0x0x0,2048x1x1x1
node_972,MUL_MAT,0.117344,1389.448333,8192,5698600,2048x1x1x1,0x0x0,2048x1x1x1
node_973,GET_ROWS,0.001146,1389.453854,8192,5698600,2048x1x1x1,0x0x0,2048x1x1x1
node_974,GET_ROWS,0.021354,1389.478854,8192,5698600,2048x1x1x1,0x0x0,2048x1x1x1
ffn_inp-27,ADD,0.030469,1389.513750,8192,5698600,2048x1x1x1,0x0x0,2048x1x1x1
norm-27,RMS_NORM,0.003177,1389.520729,8192,5698600,2048x1x1x1,0x0x0,2048x1x1x1
ffn_norm-27,MUL,0.001354,1389.525833,8192,5698600,2048x1x1x1,0x0x0,2048x1x1x1
ffn_gate-27,MUL_MAT,0.159948,1389.689427,24576,5698600,6144x1x1x1,0x0x0,6144x1x1x1
ffn_up-27,MUL_MAT,0.163854,1389.857708,24576,5698600,6144x1x1x1,0x0x0,6144x1x1x1
ffn_swiglu-27,GLU,0.004428,1389.866719,24576,5698600,6144x1x1x1,0x0x0,6144x1x1x1
ffn_out-27,MUL_MAT,0.187292,1390.058073,8192,5698600,2048x1x1x1,0x0x0,2048x1x1x1
l_out-27,ADD,0.001458,1390.063958,8192,5698600,2048x1x1x1,0x0x0,2048x1x1x1
norm,RMS_NORM,0.003125,1390.070885,8192,5698600,2048x1x1x1,0x0x0,2048x1x1x1
result_norm,MUL,0.001719,1390.076146,8192,5698600,2048x1x1x1,0x0x0,2048x1x1x1
result_output,MUL_MAT,4.954322,1395.034166,607744,5698600,151936x1x1x1,0x0x0,151936x1x1x1
embd,GET_ROWS,0.002135,1395.362031,8192,5698600,2048x1x1x1,0x0x0,2048x1x1x1
norm-0,RMS_NORM,0.179792,1395.548333,8192,5698600,2048x1x1x1,0x0x0,2048x1x1x1
attn_norm-0,MUL,0.001562,1395.554687,8192,5698600,2048x1x1x1,0x0x0,2048x1x1x1
Qcur-0,MUL_MAT,0.062084,1395.620573,8192,5698600,2048x1x1x1,0x0x0,2048x1x1x1
Qcur-0,RESHAPE,0.000312,1395.625260,8192,5698600,128x16x1x1,0x0x0,128x16x1x1
norm-0,RMS_NORM,0.119895,1395.749114,8192,5698600,128x16x1x1,0x0x0,128x16x1x1
Qcur_normed-0,MUL,0.001927,1395.755573,8192,5698600,128x16x1x1,0x0x0,128x16x1x1
Qcur-0,ROPE,0.002291,1395.761562,8192,5698600,128x16x1x1,0x0x0,128x16x1x1
Vcur-0,MUL_MAT,0.035313,1395.800521,4096,5698600,1024x1x1x1,0x0x0,1024x1x1x1
Vcur-0,RESHAPE,0.000313,1395.805000,4096,5698600,128x8x1x1,0x0x0,128x8x1x1
Kcur-0,MUL_MAT,0.162552,1395.971354,4096,5698600,1024x1x1x1,0x0x0,1024x1x1x1
Kcur-0,RESHAPE,0.000469,1395.976250,4096,5698600,128x8x1x1,0x0x0,128x8x1x1
norm-0,RMS_NORM,0.090260,1396.070260,4096,5698600,128x8x1x1,0x0x0,128x8x1x1
Kcur_normed-0,MUL,0.001354,1396.076041,4096,5698600,128x8x1x1,0x0x0,128x8x1x1
Kcur-0,ROPE,0.001771,1396.081458,4096,5698600,128x8x1x1,0x0x0,128x8x1x1
Kcur-0 (view),VIEW,0.000312,1396.085416,4096,5698600,1024x1x1x1,0x0x0,1024x1x1x1
cache_k_l0 (view),SET_ROWS,0.025052,1396.121979,83886080,5698600,1024x40960x1x1,0x0x0,1024x40960x1x1
Vcur-0 (view),VIEW,0.000313,1396.126875,4096,5698600,1024x1x1x1,0x0x0,1024x1x1x1
cache_v_l0 (view),SET_ROWS,0.012188,1396.142969,83886080,5698600,1024x40960x1x1,0x0x0,1024x40960x1x1
Qcur-0 (view),VIEW,0.004584,1396.151823,8192,5698600,128x16x1x1,0x0x0,128x16x1x1
Qcur-0 (view) (permuted),PERMUTE,0.015989,1396.172187,8192,5698600,128x1x16x1,0x0x0,128x1x16x1
cache_k_l0 (view),VIEW,0.005052,1396.181458,524288,5698600,128x8x256x1,0x0x0,128x8x256x1
cache_k_l0 (view) (permuted),PERMUTE,0.012917,1396.198646,524288,5698600,128x256x8x1,0x0x0,128x256x8x1
cache_v_l0 (view),VIEW,0.001823,1396.204687,524288,5698600,128x8x256x1,0x0x0,128x8x256x1
cache_v_l0 (view) (permuted),PERMUTE,0.014011,1396.222552,524288,5698600,128x256x8x1,0x0x0,128x256x8x1
node_25,FLASH_ATTN_EXT,0.028281,1396.255104,8192,5698600,128x16x1x1,0x0x0,128x16x1x1
kqv_out-0,RESHAPE,0.000261,1396.259427,8192,5698600,2048x1x1x1,0x0x0,2048x1x1x1
node_27,MUL_MAT,0.111042,1396.374271,8192,5698600,2048x1x1x1,0x0x0,2048x1x1x1
ffn_inp-0,ADD,0.001406,1396.380208,8192,5698600,2048x1x1x1,0x0x0,2048x1x1x1
norm-0,RMS_NORM,0.003230,1396.387344,8192,5698600,2048x1x1x1,0x0x0,2048x1x1x1
ffn_norm-0,MUL,0.001459,1396.392500,8192,5698600,2048x1x1x1,0x0x0,2048x1x1x1
ffn_gate-0,MUL_MAT,0.185416,1396.581562,24576,5698600,6144x1x1x1,0x0x0,6144x1x1x1
ffn_up-0,MUL_MAT,0.165000,1396.751146,24576,5698600,6144x1x1x1,0x0x0,6144x1x1x1
ffn_swiglu-0,GLU,0.004531,1396.760625,24576,5698600,6144x1x1x1,0x0x0,6144x1x1x1
ffn_out-0,MUL_MAT,0.172084,1396.936771,8192,5698600,2048x1x1x1,0x0x0,2048x1x1x1
l_out-0,ADD,0.001354,1396.942552,8192,5698600,2048x1x1x1,0x0x0,2048x1x1x1
norm-1,RMS_NORM,0.003333,1396.949635,8192,5698600,2048x1x1x1,0x0x0,2048x1x1x1
attn_norm-1,MUL,0.001667,1396.954948,8192,5698600,2048x1x1x1,0x0x0,2048x1x1x1
Qcur-1,MUL_MAT,0.054947,1397.013541,8192,5698600,2048x1x1x1,0x0x0,2048x1x1x1
Qcur-1,RESHAPE,0.000469,1397.018385,8192,5698600,128x16x1x1,0x0x0,128x16x1x1
norm-1,RMS_NORM,0.079635,1397.102031,8192,5698600,128x16x1x1,0x0x0,128x16x1x1
Qcur_normed-1,MUL,0.006042,1397.112604,8192,5698600,128x16x1x1,0x0x0,128x16x1x1
Qcur-1,ROPE,0.002031,1397.118229,8192,5698600,128x16x1x1,0x0x0,128x16x1x1
Vcur-1,MUL_MAT,0.032604,1397.154427,4096,5698600,1024x1x1x1,0x0x0,1024x1x1x1
Vcur-1,RESHAPE,0.000416,1397.159166,4096,5698600,128x8x1x1,0x0x0,128x8x1x1
Kcur-1,MUL_MAT,0.068646,1397.231562,4096,5698600,1024x1x1x1,0x0x0,1024x1x1x1
Kcur-1,RESHAPE,0.000469,1397.236719,4096,5698600,128x8x1x1,0x0x0,128x8x1x1
norm-1,RMS_NORM,0.033020,1397.273489,4096,5698600,128x8x1x1,0x0x0,128x8x1x1
Kcur_normed-1,MUL,0.001302,1397.279114,4096,5698600,128x8x1x1,0x0x0,128x8x1x1
Kcur-1,ROPE,0.001927,1397.284687,4096,5698600,128x8x1x1,0x0x0,128x8x1x1
Kcur-1 (view),VIEW,0.000313,1397.288594,4096,5698600,1024x1x1x1,0x0x0,1024x1x1x1
cache_k_l1 (view),SET_ROWS,0.024375,1397.316614,83886080,5698600,1024x40960x1x1,0x0x0,1024x40960x1x1
Vcur-1 (view),VIEW,0.000312,1397.321406,4096,5698600,1024x1x1x1,0x0x0,1024x1x1x1
cache_v_l1 (view),SET_ROWS,0.012656,1397.337812,83886080,5698600,1024x40960x1x1,0x0x0,1024x40960x1x1
Qcur-1 (view),VIEW,0.000469,1397.342552,8192,5698600,128x16x1x1,0x0x0,128x16x1x1
Qcur-1 (view) (permuted),PERMUTE,0.012604,1397.358854,8192,5698600,128x1x16x1,0x0x0,128x1x16x1
cache_k_l1 (view),VIEW,0.000521,1397.363594,524288,5698600,128x8x256x1,0x0x0,128x8x256x1
cache_k_l1 (view) (permuted),PERMUTE,0.013125,1397.380573,524288,5698600,128x256x8x1,0x0x0,128x256x8x1
cache_v_l1 (view),VIEW,0.000417,1397.385208,524288,5698600,128x8x256x1,0x0x0,128x8x256x1
cache_v_l1 (view) (permuted),PERMUTE,0.015417,1397.404531,524288,5698600,128x256x8x1,0x0x0,128x256x8x1
node_60,FLASH_ATTN_EXT,0.035989,1397.444739,8192,5698600,128x16x1x1,0x0x0,128x16x1x1
kqv_out-1,RESHAPE,0.000313,1397.449219,8192,5698600,2048x1x1x1,0x0x0,2048x1x1x1
node_62,MUL_MAT,0.116406,1397.569375,8192,5698600,2048x1x1x1,0x0x0,2048x1x1x1
ffn_inp-1,ADD,0.001354,1397.575208,8192,5698600,2048x1x1x1,0x0x0,2048x1x1x1
norm-1,RMS_NORM,0.003229,1397.582083,8192,5698600,2048x1x1x1,0x0x0,2048x1x1x1
ffn_norm-1,MUL,0.001458,1397.591302,8192,5698600,2048x1x1x1,0x0x0,2048x1x1x1
ffn_gate-1,MUL_MAT,0.164375,1397.759635,24576,5698600,6144x1x1x1,0x0x0,6144x1x1x1
ffn_up-1,MUL_MAT,0.164375,1397.928489,24576,5698600,6144x1x1x1,0x0x0,6144x1x1x1
ffn_swiglu-1,GLU,0.004427,1397.937500,24576,5698600,6144x1x1x1,0x0x0,6144x1x1x1
ffn_out-1,MUL_MAT,0.201928,1398.143594,8192,5698600,2048x1x1x1,0x0x0,2048x1x1x1
l_out-1,ADD,0.001302,1398.149375,8192,5698600,2048x1x1x1,0x0x0,2048x1x1x1
norm-2,RMS_NORM,0.003333,1398.156354,8192,5698600,2048x1x1x1,0x0x0,2048x1x1x1
attn_norm-2,MUL,0.001614,1398.161614,8192,5698600,2048x1x1x1,0x0x0,2048x1x1x1
Qcur-2,MUL_MAT,0.062344,1398.227604,8192,5698600,2048x1x1x1,0x0x0,2048x1x1x1
Qcur-2,RESHAPE,0.000260,1398.232135,8192,5698600,128x16x1x1,0x0x0,128x16x1x1
norm-2,RMS_NORM,0.060573,1398.296614,8192,5698600,128x16x1x1,0x0x0,128x16x1x1
Qcur_normed-2,MUL,0.002032,1398.303021,8192,5698600,128x16x1x1,0x0x0,128x16x1x1
Qcur-2,ROPE,0.002084,1398.308750,8192,5698600,128x16x1x1,0x0x0,128x16x1x1
Vcur-2,MUL_MAT,0.032760,1398.345208,4096,5698600,1024x1x1x1,0x0x0,1024x1x1x1
Vcur-2,RESHAPE,0.000312,1398.349739,4096,5698600,128x8x1x1,0x0x0,128x8x1x1
Kcur-2,MUL_MAT,0.086875,1398.440260,4096,5698600,1024x1x1x1,0x0x0,1024x1x1x1
Kcur-2,RESHAPE,0.000521,1398.445260,4096,5698600,128x8x1x1,0x0x0,128x8x1x1
norm-2,RMS_NORM,0.056094,1398.505208,4096,5698600,128x8x1x1,0x0x0,128x8x1x1
Kcur_normed-2,MUL,0.001354,1398.510885,4096,5698600,128x8x1x1,0x0x0,128x8x1x1
Kcur-2,ROPE,0.001875,1398.516354,4096,5698600,128x8x1x1,0x0x0,128x8x1x1
Kcur-2 (view),VIEW,0.000468,1398.520416,4096,5698600,1024x1x1x1,0x0x0,1024x1x1x1
cache_k_l2 (view),SET_ROWS,0.023750,1398.547760,83886080,5698600,1024x40960x1x1,0x0x0,1024x40960x1x1
Vcur-2 (view),VIEW,0.000469,1398.552708,4096,5698600,1024x1x1x1,0x0x0,1024x1x1x1
cache_v_l2 (view),SET_ROWS,0.021042,1398.577656,83886080,5698600,1024x40960x1x1,0x0x0,1024x40960x1x1
Qcur-2 (view),VIEW,0.000365,1398.582448,8192,5698600,128x16x1x1,0x0x0,128x16x1x1
Qcur-2 (view) (permuted),PERMUTE,0.012083,1398.598229,8192,5698600,128x1x16x1,0x0x0,128x1x16x1
cache_k_l2 (view),VIEW,0.000468,1398.602916,524288,5698600,128x8x256x1,0x0x0,128x8x256x1
cache_k_l2 (view) (permuted),PERMUTE,0.013385,1398.620156,524288,5698600,128x256x8x1,0x0x0,128x256x8x1
cache_v_l2 (view),VIEW,0.000417,1398.624948,524288,5698600,128x8x256x1,0x0x0,128x8x256x1
cache_v_l2 (view) (permuted),PERMUTE,0.019948,1398.648802,524288,5698600,128x256x8x1,0x0x0,128x256x8x1
node_95,FLASH_ATTN_EXT,0.038698,1398.691771,8192,5698600,128x16x1x1,0x0x0,128x16x1x1
kqv_out-2,RESHAPE,0.000313,1398.696250,8192,5698600,2048x1x1x1,0x0x0,2048x1x1x1
node_97,MUL_MAT,0.115573,1398.815625,8192,5698600,2048x1x1x1,0x0x0,2048x1x1x1
ffn_inp-2,ADD,0.001458,1398.821614,8192,5698600,2048x1x1x1,0x0x0,2048x1x1x1
norm-2,RMS_NORM,0.003230,1398.828646,8192,5698600,2048x1x1x1,0x0x0,2048x1x1x1
ffn_norm-2,MUL,0.001510,1398.833854,8192,5698600,2048x1x1x1,0x0x0,2048x1x1x1
ffn_gate-2,MUL_MAT,0.165156,1399.002708,24576,5698600,6144x1x1x1,0x0x0,6144x1x1x1
ffn_up-2,MUL_MAT,0.165521,1399.172708,24576,5698600,6144x1x1x1,0x0x0,6144x1x1x1
ffn_swiglu-2,GLU,0.004167,1399.181250,24576,5698600,6144x1x1x1,0x0x0,6144x1x1x1
ffn_out-2,MUL_MAT,0.203438,1399.388698,8192,5698600,2048x1x1x1,0x0x0,2048x1x1x1
l_out-2,ADD,0.001354,1399.394531,8192,5698600,2048x1x1x1,0x0x0,2048x1x1x1
norm-3,RMS_NORM,0.003281,1399.401510,8192,5698600,2048x1x1x1,0x0x0,2048x1x1x1
attn_norm-3,MUL,0.001615,1399.406875,8192,5698600,2048x1x1x1,0x0x0,2048x1x1x1
Qcur-3,MUL_MAT,0.062240,1399.472656,8192,5698600,2048x1x1x1,0x0x0,2048x1x1x1
Qcur-3,RESHAPE,0.000365,1399.477396,8192,5698600,128x16x1x1,0x0x0,128x16x1x1
norm-3,RMS_NORM,0.056406,1399.537812,8192,5698600,128x16x1x1,0x0x0,128x16x1x1
Qcur_normed-3,MUL,0.001928,1399.544219,8192,5698600,128x16x1x1,0x0x0,128x16x1x1
Qcur-3,ROPE,0.002240,1399.550156,8192,5698600,128x16x1x1,0x0x0,128x16x1x1
Vcur-3,MUL_MAT,0.033021,1399.586875,4096,5698600,1024x1x1x1,0x0x0,1024x1x1x1
Vcur-3,RESHAPE,0.000468,1399.591614,4096,5698600,128x8x1x1,0x0x0,128x8x1x1
Kcur-3,MUL_MAT,0.137865,1399.733281,4096,5698600,1024x1x1x1,0x0x0,1024x1x1x1
Kcur-3,RESHAPE,0.000365,1399.741979,4096,5698600,128x8x1x1,0x0x0,128x8x1x1
norm-3,RMS_NORM,0.078959,1399.824948,4096,5698600,128x8x1x1,0x0x0,128x8x1x1
Kcur_normed-3,MUL,0.001458,1399.830833,4096,5698600,128x8x1x1,0x0x0,128x8x1x1
Kcur-3,ROPE,0.001979,1399.836458,4096,5698600,128x8x1x1,0x0x0,128x8x1x1
Kcur-3 (view),VIEW,0.000417,1399.840469,4096,5698600,1024x1x1x1,0x0x0,1024x1x1x1
cache_k_l3 (view),SET_ROWS,0.024010,1399.868281,83886080,5698600,1024x40960x1x1,0x0x0,1024x40960x1x1
Vcur-3 (view),VIEW,0.000261,1399.873021,4096,5698600,1024x1x1x1,0x0x0,1024x1x1x1
cache_v_l3 (view),SET_ROWS,0.019636,1399.896302,83886080,5698600,1024x40960x1x1,0x0x0,1024x40960x1x1
Qcur-3 (view),VIEW,0.000261,1399.901146,8192,5698600,128x16x1x1,0x0x0,128x16x1x1
Qcur-3 (view) (permuted),PERMUTE,0.017864,1399.922812,8192,5698600,128x1x16x1,0x0x0,128x1x16x1
cache_k_l3 (view),VIEW,0.000469,1399.927656,524288,5698600,128x8x256x1,0x0x0,128x8x256x1
cache_k_l3 (view) (permuted),PERMUTE,0.013438,1399.944896,524288,5698600,128x256x8x1,0x0x0,128x256x8x1
cache_v_l3 (view),VIEW,0.000261,1399.949323,524288,5698600,128x8x256x1,0x0x0,128x8x256x1
cache_v_l3 (view) (permuted),PERMUTE,0.009844,1399.963021,524288,5698600,128x256x8x1,0x0x0,128x256x8x1
node_130,FLASH_ATTN_EXT,0.012136,1399.979323,8192,5698600,128x16x1x1,0x0x0,128x16x1x1
kqv_out-3,RESHAPE,0.000313,1399.983750,8192,5698600,2048x1x1x1,0x0x0,2048x1x1x1
node_132,MUL_MAT,0.116719,1400.104219,8192,5698600,2048x1x1x1,0x0x0,2048x1x1x1
ffn_inp-3,ADD,0.001406,1400.110208,8192,5698600,2048x1x1x1,0x0x0,2048x1x1x1
norm-3,RMS_NORM,0.003177,1400.117187,8192,5698600,2048x1x1x1,0x0x0,2048x1x1x1
ffn_norm-3,MUL,0.001615,1400.122500,8192,5698600,2048x1x1x1,0x0x0,2048x1x1x1
ffn_gate-3,MUL_MAT,0.163906,1400.290156,24576,5698600,6144x1x1x1,0x0x0,6144x1x1x1
ffn_up-3,MUL_MAT,0.164167,1400.458698,24576,5698600,6144x1x1x1,0x0x0,6144x1x1x1
ffn_swiglu-3,GLU,0.004323,1400.467604,24576,5698600,6144x1x1x1,0x0x0,6144x1x1x1
ffn_out-3,MUL_MAT,0.212500,1400.684166,8192,5698600,2048x1x1x1,0x0x0,2048x1x1x1
l_out-3,ADD,0.001406,1400.690364,8192,5698600,2048x1x1x1,0x0x0,2048x1x1x1
norm-4,RMS_NORM,0.003386,1400.697552,8192,5698600,2048x1x1x1,0x0x0,2048x1x1x1
attn_norm-4,MUL,0.001666,1400.702812,8192,5698600,2048x1x1x1,0x0x0,2048x1x1x1
Qcur-4,MUL_MAT,0.061979,1400.768385,8192,5698600,2048x1x1x1,0x0x0,2048x1x1x1
Qcur-4,RESHAPE,0.000313,1400.772969,8192,5698600,128x16x1x1,0x0x0,128x16x1x1
norm-4,RMS_NORM,0.075937,1400.852916,8192,5698600,128x16x1x1,0x0x0,128x16x1x1
Qcur_normed-4,MUL,0.040104,1400.897500,8192,5698600,128x16x1x1,0x0x0,128x16x1x1
Qcur-4,ROPE,0.002188,1400.903646,8192,5698600,128x16x1x1,0x0x0,128x16x1x1
Vcur-4,MUL_MAT,0.032709,1400.940000,4096,5698600,1024x1x1x1,0x0x0,1024x1x1x1
Vcur-4,RESHAPE,0.000468,1400.944687,4096,5698600,128x8x1x1,0x0x0,128x8x1x1
Kcur-4,MUL_MAT,0.086406,1401.034739,4096,5698600,1024x1x1x1,0x0x0,1024x1x1x1
Kcur-4,RESHAPE,0.000468,1401.039687,4096,5698600,128x8x1x1,0x0x0,128x8x1x1
norm-4,RMS_NORM,0.056302,1401.099635,4096,5698600,128x8x1x1,0x0x0,128x8x1x1
Kcur_normed-4,MUL,0.001302,1401.105208,4096,5698600,128x8x1x1,0x0x0,128x8x1x1
Kcur-4,ROPE,0.001927,1401.110781,4096,5698600,128x8x1x1,0x0x0,128x8x1x1
Kcur-4 (view),VIEW,0.000417,1401.114844,4096,5698600,1024x1x1x1,0x0x0,1024x1x1x1
cache_k_l4 (view),SET_ROWS,0.023386,1401.141823,83886080,5698600,1024x40960x1x1,0x0x0,1024x40960x1x1
Vcur-4 (view),VIEW,0.000312,1401.146510,4096,5698600,1024x1x1x1,0x0x0,1024x1x1x1
cache_v_l4 (view),SET_ROWS,0.012448,1401.162812,83886080,5698600,1024x40960x1x1,0x0x0,1024x40960x1x1
Qcur-4 (view),VIEW,0.000469,1401.167656,8192,5698600,128x16x1x1,0x0x0,128x16x1x1
Qcur-4 (view) (permuted),PERMUTE,0.018073,1401.189739,8192,5698600,128x1x16x1,0x0x0,128x1x16x1
cache_k_l4 (view),VIEW,0.000417,1401.194479,524288,5698600,128x8x256x1,0x0x0,128x8x256x1
cache_k_l4 (view) (permuted),PERMUTE,0.013385,1401.211614,524288,5698600,128x256x8x1,0x0x0,128x256x8x1
cache_v_l4 (view),VIEW,0.000261,1401.216302,524288,5698600,128x8x256x1,0x0x0,128x8x256x1
cache_v_l4 (view) (permuted),PERMUTE,0.011354,1401.231562,524288,5698600,128x256x8x1,0x0x0,128x256x8x1
node_165,FLASH_ATTN_EXT,0.025260,1401.264739,8192,5698600,128x16x1x1,0x0x0,128x16x1x1
kqv_out-4,RESHAPE,0.000417,1401.269479,8192,5698600,2048x1x1x1,0x0x0,2048x1x1x1
node_167,MUL_MAT,0.116406,1401.389583,8192,5698600,2048x1x1x1,0x0x0,2048x1x1x1
ffn_inp-4,ADD,0.001615,1401.395625,8192,5698600,2048x1x1x1,0x0x0,2048x1x1x1
norm-4,RMS_NORM,0.003177,1401.402604,8192,5698600,2048x1x1x1,0x0x0,2048x1x1x1
ffn_norm-4,MUL,0.001406,1401.407760,8192,5698600,2048x1x1x1,0x0x0,2048x1x1x1
ffn_gate-4,MUL_MAT,0.163073,1401.574531,24576,5698600,6144x1x1x1,0x0x0,6144x1x1x1
ffn_up-4,MUL_MAT,0.166198,1401.745156,24576,5698600,6144x1x1x1,0x0x0,6144x1x1x1
ffn_swiglu-4,GLU,0.004115,1401.753646,24576,5698600,6144x1x1x1,0x0x0,6144x1x1x1
ffn_out-4,MUL_MAT,0.188281,1401.945937,8192,5698600,2048x1x1x1,0x0x0,2048x1x1x1
l_out-4,ADD,0.001354,1401.951666,8192,5698600,2048x1x1x1,0x0x0,2048x1x1x1
norm-5,RMS_NORM,0.003333,1401.958802,8192,5698600,2048x1x1x1,0x0x0,2048x1x1x1
attn_norm-5,MUL,0.001406,1401.963958,8192,5698600,2048x1x1x1,0x0x0,2048x1x1x1
Qcur-5,MUL_MAT,0.062500,1402.030000,8192,5698600,2048x1x1x1,0x0x0,2048x1x1x1
Qcur-5,RESHAPE,0.000312,1402.034739,8192,5698600,128x16x1x1,0x0x0,128x16x1x1
norm-5,RMS_NORM,0.056042,1402.094583,8192,5698600,128x16x1x1,0x0x0,128x16x1x1
Qcur_normed-5,MUL,0.001979,1402.100885,8192,5698600,128x16x1x1,0x0x0,128x16x1x1
Qcur-5,ROPE,0.001927,1402.106458,8192,5698600,128x16x1x1,0x0x0,128x16x1x1
Vcur-5,MUL_MAT,0.032812,1402.142864,4096,5698600,1024x1x1x1,0x0x0,1024x1x1x1
Vcur-5,RESHAPE,0.000313,1402.147396,4096,5698600,128x8x1x1,0x0x0,128x8x1x1
Kcur-5,MUL_MAT,0.086979,1402.238125,4096,5698600,1024x1x1x1,0x0x0,1024x1x1x1
Kcur-5,RESHAPE,0.000417,1402.243125,4096,5698600,128x8x1x1,0x0x0,128x8x1x1
norm-5,RMS_NORM,0.054948,1402.301927,4096,5698600,128x8x1x1,0x0x0,128x8x1x1
Kcur_normed-5,MUL,0.001250,1402.307500,4096,5698600,128x8x1x1,0x0x0,128x8x1x1
Kcur-5,ROPE,0.001823,1402.313021,4096,5698600,128x8x1x1,0x0x0,128x8x1x1
Kcur-5 (view),VIEW,0.000313,1402.316875,4096,5698600,1024x1x1x1,0x0x0,1024x1x1x1
cache_k_l5 (view),SET_ROWS,0.025052,1402.345573,83886080,5698600,1024x40960x1x1,0x0x0,1024x40960x1x1
Vcur-5 (view),VIEW,0.000416,1402.350364,4096,5698600,1024x1x1x1,0x0x0,1024x1x1x1
cache_v_l5 (view),SET_ROWS,0.012657,1402.366771,83886080,5698600,1024x40960x1x1,0x0x0,1024x40960x1x1
Qcur-5 (view),VIEW,0.004323,1402.375312,8192,5698600,128x16x1x1,0x0x0,128x16x1x1
Qcur-5 (view) (permuted),PERMUTE,0.015990,1402.395573,8192,5698600,128x1x16x1,0x0x0,128x1x16x1
cache_k_l5 (view),VIEW,0.004062,1402.403906,524288,5698600,128x8x256x1,0x0x0,128x8x256x1
cache_k_l5 (view) (permuted),PERMUTE,0.009895,1402.417916,524288,5698600,128x256x8x1,0x0x0,128x256x8x1
cache_v_l5 (view),VIEW,0.000313,1402.422500,524288,5698600,128x8x256x1,0x0x0,128x8x256x1
cache_v_l5 (view) (permuted),PERMUTE,0.011667,1402.438021,524288,5698600,128x256x8x1,0x0x0,128x256x8x1
node_200,FLASH_ATTN_EXT,0.028594,1402.470885,8192,5698600,128x16x1x1,0x0x0,128x16x1x1
kqv_out-5,RESHAPE,0.000312,1402.475260,8192,5698600,2048x1x1x1,0x0x0,2048x1x1x1
node_202,MUL_MAT,0.094896,1402.573854,8192,5698600,2048x1x1x1,0x0x0,2048x1x1x1
ffn_inp-5,ADD,0.001302,1402.579635,8192,5698600,2048x1x1x1,0x0x0,2048x1x1x1
norm-5,RMS_NORM,0.003177,1402.586666,8192,5698600,2048x1x1x1,0x0x0,2048x1x1x1
ffn_norm-5,MUL,0.001355,1402.591771,8192,5698600,2048x1x1x1,0x0x0,2048x1x1x1
ffn_gate-5,MUL_MAT,0.164010,1402.759479,24576,5698600,6144x1x1x1,0x0x0,6144x1x1x1
ffn_up-5,MUL_MAT,0.164635,1402.928541,24576,5698600,6144x1x1x1,0x0x0,6144x1x1x1
ffn_swiglu-5,GLU,0.004167,1402.937031,24576,5698600,6144x1x1x1,0x0x0,6144x1x1x1
ffn_out-5,MUL_MAT,0.188697,1403.129791,8192,5698600,2048x1x1x1,0x0x0,2048x1x1x1
l_out-5,ADD,0.001407,1403.135573,8192,5698600,2048x1x1x1,0x0x0,2048x1x1x1
norm-6,RMS_NORM,0.003333,1403.142604,8192,5698600,2048x1x1x1,0x0x0,2048x1x1x1
attn_norm-6,MUL,0.001614,1403.147864,8192,5698600,2048x1x1x1,0x0x0,2048x1x1x1
Qcur-6,MUL_MAT,0.062136,1403.213646,8192,5698600,2048x1x1x1,0x0x0,2048x1x1x1
Qcur-6,RESHAPE,0.000261,1403.218177,8192,5698600,128x16x1x1,0x0x0,128x16x1x1
norm-6,RMS_NORM,0.057031,1403.283333,8192,5698600,128x16x1x1,0x0x0,128x16x1x1
Qcur_normed-6,MUL,0.001927,1403.289791,8192,5698600,128x16x1x1,0x0x0,128x16x1x1
Qcur-6,ROPE,0.002136,1403.295625,8192,5698600,128x16x1x1,0x0x0,128x16x1x1
Vcur-6,MUL_MAT,0.032760,1403.332135,4096,5698600,1024x1x1x1,0x0x0,1024x1x1x1
Vcur-6,RESHAPE,0.000312,1403.336510,4096,5698600,128x8x1x1,0x0x0,128x8x1x1
Kcur-6,MUL_MAT,0.088542,1403.428802,4096,5698600,1024x1x1x1,0x0x0,1024x1x1x1
Kcur-6,RESHAPE,0.000417,1403.433594,4096,5698600,128x8x1x1,0x0x0,128x8x1x1
norm-6,RMS_NORM,0.056093,1403.493437,4096,5698600,128x8x1x1,0x0x0,128x8x1x1
Kcur_normed-6,MUL,0.001406,1403.499114,4096,5698600,128x8x1x1,0x0x0,128x8x1x1
Kcur-6,ROPE,0.002031,1403.504739,4096,5698600,128x8x1x1,0x0x0,128x8x1x1
Kcur-6 (view),VIEW,0.000469,1403.508802,4096,5698600,1024x1x1x1,0x0x0,1024x1x1x1
cache_k_l6 (view),SET_ROWS,0.017708,1403.530156,83886080,5698600,1024x40960x1x1,0x0x0,1024x40960x1x1
Vcur-6 (view),VIEW,0.000417,1403.535052,4096,5698600,1024x1x1x1,0x0x0,1024x1x1x1
cache_v_l6 (view),SET_ROWS,0.013281,1403.553229,83886080,5698600,1024x40960x1x1,0x0x0,1024x40960x1x1
Qcur-6 (view),VIEW,0.000260,1403.557812,8192,5698600,128x16x1x1,0x0x0,128x16x1x1
Qcur-6 (view) (permuted),PERMUTE,0.011458,1403.573229,8192,5698600,128x1x16x1,0x0x0,128x1x16x1
cache_k_l6 (view),VIEW,0.004323,1403.581875,524288,5698600,128x8x256x1,0x0x0,128x8x256x1
cache_k_l6 (view) (permuted),PERMUTE,0.012604,1403.598541,524288,5698600,128x256x8x1,0x0x0,128x256x8x1
cache_v_l6 (view),VIEW,0.000521,1403.603385,524288,5698600,128x8x256x1,0x0x0,128x8x256x1
cache_v_l6 (view) (permuted),PERMUTE,0.013698,1403.620937,524288,5698600,128x256x8x1,0x0x0,128x256x8x1
node_235,FLASH_ATTN_EXT,0.039115,1403.664323,8192,5698600,128x16x1x1,0x0x0,128x16x1x1
kqv_out-6,RESHAPE,0.000313,1403.668698,8192,5698600,2048x1x1x1,0x0x0,2048x1x1x1
node_237,MUL_MAT,0.117396,1403.789687,8192,5698600,2048x1x1x1,0x0x0,2048x1x1x1
ffn_inp-6,ADD,0.001406,1403.795625,8192,5698600,2048x1x1x1,0x0x0,2048x1x1x1
norm-6,RMS_NORM,0.003229,1403.802604,8192,5698600,2048x1x1x1,0x0x0,2048x1x1x1
ffn_norm-6,MUL,0.001354,1403.807604,8192,5698600,2048x1x1x1,0x0x0,2048x1x1x1
ffn_gate-6,MUL_MAT,0.164166,1403.975364,24576,5698600,6144x1x1x1,0x0x0,6144x1x1x1
ffn_up-6,MUL_MAT,0.164948,1404.144948,24576,5698600,6144x1x1x1,0x0x0,6144x1x1x1
ffn_swiglu-6,GLU,0.004114,1404.153385,24576,5698600,6144x1x1x1,0x0x0,6144x1x1x1
ffn_out-6,MUL_MAT,0.157500,1404.314896,8192,5698600,2048x1x1x1,0x0x0,2048x1x1x1
l_out-6,ADD,0.001354,1404.320625,8192,5698600,2048x1x1x1,0x0x0,2048x1x1x1
norm-7,RMS_NORM,0.003281,1404.327656,8192,5698600,2048x1x1x1,0x0x0,2048x1x1x1
attn_norm-7,MUL,0.001614,1404.332916,8192,5698600,2048x1x1x1,0x0x0,2048x1x1x1
Qcur-7,MUL_MAT,0.061771,1404.398281,8192,5698600,2048x1x1x1,0x0x0,2048x1x1x1
Qcur-7,RESHAPE,0.000312,1404.402916,8192,5698600,128x16x1x1,0x0x0,128x16x1x1
norm-7,RMS_NORM,0.034218,1404.440989,8192,5698600,128x16x1x1,0x0x0,128x16x1x1
Qcur_normed-7,MUL,0.001927,1404.447291,8192,5698600,128x16x1x1,0x0x0,128x16x1x1
Qcur-7,ROPE,0.002032,1404.453021,8192,5698600,128x16x1x1,0x0x0,128x16x1x1
Vcur-7,MUL_MAT,0.032708,1404.489427,4096,5698600,1024x1x1x1,0x0x0,1024x1x1x1
Vcur-7,RESHAPE,0.000312,1404.493958,4096,5698600,128x8x1x1,0x0x0,128x8x1x1
Kcur-7,MUL_MAT,0.104896,1404.602760,4096,5698600,1024x1x1x1,0x0x0,1024x1x1x1
Kcur-7,RESHAPE,0.000312,1404.607812,4096,5698600,128x8x1x1,0x0x0,128x8x1x1
norm-7,RMS_NORM,0.052500,1404.664010,4096,5698600,128x8x1x1,0x0x0,128x8x1x1
Kcur_normed-7,MUL,0.001406,1404.669791,4096,5698600,128x8x1x1,0x0x0,128x8x1x1
Kcur-7,ROPE,0.001875,1404.675364,4096,5698600,128x8x1x1,0x0x0,128x8x1x1
Kcur-7 (view),VIEW,0.000313,1404.679219,4096,5698600,1024x1x1x1,0x0x0,1024x1x1x1
cache_k_l7 (view),SET_ROWS,0.019219,1404.702135,83886080,5698600,1024x40960x1x1,0x0x0,1024x40960x1x1
Vcur-7 (view),VIEW,0.000313,1404.706771,4096,5698600,1024x1x1x1,0x0x0,1024x1x1x1
cache_v_l7 (view),SET_ROWS,0.014739,1404.725364,83886080,5698600,1024x40960x1x1,0x0x0,1024x40960x1x1
Qcur-7 (view),VIEW,0.000313,1404.730104,8192,5698600,128x16x1x1,0x0x0,128x16x1x1
Qcur-7 (view) (permuted),PERMUTE,0.020833,1404.754791,8192,5698600,128x1x16x1,0x0x0,128x1x16x1
cache_k_l7 (view),VIEW,0.004948,1404.764010,524288,5698600,128x8x256x1,0x0x0,128x8x256x1
cache_k_l7 (view) (permuted),PERMUTE,0.013542,1404.781771,524288,5698600,128x256x8x1,0x0x0,128x256x8x1
cache_v_l7 (view),VIEW,0.000417,1404.786406,524288,5698600,128x8x256x1,0x0x0,128x8x256x1
cache_v_l7 (view) (permuted),PERMUTE,0.014219,1404.804479,524288,5698600,128x256x8x1,0x0x0,128x256x8x1
node_270,FLASH_ATTN_EXT,0.024740,1404.833646,8192,5698600,128x16x1x1,0x0x0,128x16x1x1
kqv_out-7,RESHAPE,0.000468,1404.838437,8192,5698600,2048x1x1x1,0x0x0,2048x1x1x1
node_272,MUL_MAT,0.117136,1404.959271,8192,5698600,2048x1x1x1,0x0x0,2048x1x1x1
ffn_inp-7,ADD,0.001406,1404.965208,8192,5698600,2048x1x1x1,0x0x0,2048x1x1x1
norm-7,RMS_NORM,0.003177,1404.972187,8192,5698600,2048x1x1x1,0x0x0,2048x1x1x1
ffn_norm-7,MUL,0.001406,1404.977291,8192,5698600,2048x1x1x1,0x0x0,2048x1x1x1
ffn_gate-7,MUL_MAT,0.163854,1405.144635,24576,5698600,6144x1x1x1,0x0x0,6144x1x1x1
ffn_up-7,MUL_MAT,0.163489,1405.312812,24576,5698600,6144x1x1x1,0x0x0,6144x1x1x1
ffn_swiglu-7,GLU,0.004115,1405.324479,24576,5698600,6144x1x1x1,0x0x0,6144x1x1x1
ffn_out-7,MUL_MAT,0.162395,1405.491041,8192,5698600,2048x1x1x1,0x0x0,2048x1x1x1
l_out-7,ADD,0.001406,1405.496979,8192,5698600,2048x1x1x1,0x0x0,2048x1x1x1
norm-8,RMS_NORM,0.003281,1405.503906,8192,5698600,2048x1x1x1,0x0x0,2048x1x1x1
attn_norm-8,MUL,0.001562,1405.509114,8192,5698600,2048x1x1x1,0x0x0,2048x1x1x1
Qcur-8,MUL_MAT,0.062084,1405.574948,8192,5698600,2048x1x1x1,0x0x0,2048x1x1x1
Qcur-8,RESHAPE,0.000312,1405.579635,8192,5698600,128x16x1x1,0x0x0,128x16x1x1
norm-8,RMS_NORM,0.034323,1405.617864,8192,5698600,128x16x1x1,0x0x0,128x16x1x1
Qcur_normed-8,MUL,0.001823,1405.624010,8192,5698600,128x16x1x1,0x0x0,128x16x1x1
Qcur-8,ROPE,0.001979,1405.629687,8192,5698600,128x16x1x1,0x0x0,128x16x1x1
Vcur-8,MUL_MAT,0.032396,1405.665729,4096,5698600,1024x1x1x1,0x0x0,1024x1x1x1
Vcur-8,RESHAPE,0.000312,1405.670260,4096,5698600,128x8x1x1,0x0x0,128x8x1x1
Kcur-8,MUL_MAT,0.088959,1405.763021,4096,5698600,1024x1x1x1,0x0x0,1024x1x1x1
Kcur-8,RESHAPE,0.000468,1405.767864,4096,5698600,128x8x1x1,0x0x0,128x8x1x1
norm-8,RMS_NORM,0.055990,1405.827604,4096,5698600,128x8x1x1,0x0x0,128x8x1x1
Kcur_normed-8,MUL,0.001563,1405.833594,4096,5698600,128x8x1x1,0x0x0,128x8x1x1
Kcur-8,ROPE,0.001823,1405.838958,4096,5698600,128x8x1x1,0x0x0,128x8x1x1
Kcur-8 (view),VIEW,0.000312,1405.842916,4096,5698600,1024x1x1x1,0x0x0,1024x1x1x1
cache_k_l8 (view),SET_ROWS,0.019532,1405.866146,83886080,5698600,1024x40960x1x1,0x0x0,1024x40960x1x1
Vcur-8 (view),VIEW,0.000468,1405.870989,4096,5698600,1024x1x1x1,0x0x0,1024x1x1x1
cache_v_l8 (view),SET_ROWS,0.014843,1405.889791,83886080,5698600,1024x40960x1x1,0x0x0,1024x40960x1x1
Qcur-8 (view),VIEW,0.000521,1405.894844,8192,5698600,128x16x1x1,0x0x0,128x16x1x1
Qcur-8 (view) (permuted),PERMUTE,0.019219,1405.918021,8192,5698600,128x1x16x1,0x0x0,128x1x16x1
cache_k_l8 (view),VIEW,0.000468,1405.922812,524288,5698600,128x8x256x1,0x0x0,128x8x256x1
cache_k_l8 (view) (permuted),PERMUTE,0.013020,1405.939739,524288,5698600,128x256x8x1,0x0x0,128x256x8x1
cache_v_l8 (view),VIEW,0.011302,1405.955364,524288,5698600,128x8x256x1,0x0x0,128x8x256x1
cache_v_l8 (view) (permuted),PERMUTE,0.006667,1405.966354,524288,5698600,128x256x8x1,0x0x0,128x256x8x1
node_305,FLASH_ATTN_EXT,0.042135,1406.012708,8192,5698600,128x16x1x1,0x0x0,128x16x1x1
kqv_out-8,RESHAPE,0.000469,1406.017396,8192,5698600,2048x1x1x1,0x0x0,2048x1x1x1
node_307,MUL_MAT,0.117968,1406.139062,8192,5698600,2048x1x1x1,0x0x0,2048x1x1x1
ffn_inp-8,ADD,0.001406,1406.145156,8192,5698600,2048x1x1x1,0x0x0,2048x1x1x1
norm-8,RMS_NORM,0.003177,1406.152031,8192,5698600,2048x1x1x1,0x0x0,2048x1x1x1
ffn_norm-8,MUL,0.001614,1406.157291,8192,5698600,2048x1x1x1,0x0x0,2048x1x1x1
ffn_gate-8,MUL_MAT,0.163594,1406.324531,24576,5698600,6144x1x1x1,0x0x0,6144x1x1x1
ffn_up-8,MUL_MAT,0.164115,1406.493229,24576,5698600,6144x1x1x1,0x0x0,6144x1x1x1
ffn_swiglu-8,GLU,0.004271,1406.501979,24576,5698600,6144x1x1x1,0x0x0,6144x1x1x1
ffn_out-8,MUL_MAT,0.191562,1406.697656,8192,5698600,2048x1x1x1,0x0x0,2048x1x1x1
l_out-8,ADD,0.001406,1406.703281,8192,5698600,2048x1x1x1,0x0x0,2048x1x1x1
norm-9,RMS_NORM,0.003333,1406.710260,8192,5698600,2048x1x1x1,0x0x0,2048x1x1x1
attn_norm-9,MUL,0.001719,1406.715625,8192,5698600,2048x1x1x1,0x0x0,2048x1x1x1
Qcur-9,MUL_MAT,0.061875,1406.781250,8192,5698600,2048x1x1x1,0x0x0,2048x1x1x1
Qcur-9,RESHAPE,0.000364,1406.785989,8192,5698600,128x16x1x1,0x0x0,128x16x1x1
norm-9,RMS_NORM,0.034688,1406.824427,8192,5698600,128x16x1x1,0x0x0,128x16x1x1
Qcur_normed-9,MUL,0.001771,1406.830521,8192,5698600,128x16x1x1,0x0x0,128x16x1x1
Qcur-9,ROPE,0.001979,1406.836041,8192,5698600,128x16x1x1,0x0x0,128x16x1x1
Vcur-9,MUL_MAT,0.032813,1406.872448,4096,5698600,1024x1x1x1,0x0x0,1024x1x1x1
Vcur-9,RESHAPE,0.000260,1406.876979,4096,5698600,128x8x1x1,0x0x0,128x8x1x1
Kcur-9,MUL_MAT,0.065365,1406.946094,4096,5698600,1024x1x1x1,0x0x0,1024x1x1x1
Kcur-9,RESHAPE,0.000468,1406.951041,4096,5698600,128x8x1x1,0x0x0,128x8x1x1
norm-9,RMS_NORM,0.055677,1407.010364,4096,5698600,128x8x1x1,0x0x0,128x8x1x1
Kcur_normed-9,MUL,0.001459,1407.016094,4096,5698600,128x8x1x1,0x0x0,128x8x1x1
Kcur-9,ROPE,0.002083,1407.025312,4096,5698600,128x8x1x1,0x0x0,128x8x1x1
Kcur-9 (view),VIEW,0.000469,1407.029583,4096,5698600,1024x1x1x1,0x0x0,1024x1x1x1
cache_k_l9 (view),SET_ROWS,0.024583,1407.057916,83886080,5698600,1024x40960x1x1,0x0x0,1024x40960x1x1
Vcur-9 (view),VIEW,0.000260,1407.062604,4096,5698600,1024x1x1x1,0x0x0,1024x1x1x1
cache_v_l9 (view),SET_ROWS,0.012708,1407.079114,83886080,5698600,1024x40960x1x1,0x0x0,1024x40960x1x1
Qcur-9 (view),VIEW,0.000416,1407.084010,8192,5698600,128x16x1x1,0x0x0,128x16x1x1
Qcur-9 (view) (permuted),PERMUTE,0.018438,1407.106198,8192,5698600,128x1x16x1,0x0x0,128x1x16x1
cache_k_l9 (view),VIEW,0.000416,1407.110989,524288,5698600,128x8x256x1,0x0x0,128x8x256x1
cache_k_l9 (view) (permuted),PERMUTE,0.012553,1407.127344,524288,5698600,128x256x8x1,0x0x0,128x256x8x1
cache_v_l9 (view),VIEW,0.000313,1407.131979,524288,5698600,128x8x256x1,0x0x0,128x8x256x1
cache_v_l9 (view) (permuted),PERMUTE,0.011302,1407.147135,524288,5698600,128x256x8x1,0x0x0,128x256x8x1
node_340,FLASH_ATTN_EXT,0.028802,1407.180104,8192,5698600,128x16x1x1,0x0x0,128x16x1x1
kqv_out-9,RESHAPE,0.000468,1407.184687,8192,5698600,2048x1x1x1,0x0x0,2048x1x1x1
node_342,MUL_MAT,0.115417,1407.303854,8192,5698600,2048x1x1x1,0x0x0,2048x1x1x1
ffn_inp-9,ADD,0.001563,1407.309948,8192,5698600,2048x1x1x1,0x0x0,2048x1x1x1
norm-9,RMS_NORM,0.003229,1407.316875,8192,5698600,2048x1x1x1,0x0x0,2048x1x1x1
ffn_norm-9,MUL,0.001354,1407.321927,8192,5698600,2048x1x1x1,0x0x0,2048x1x1x1
ffn_gate-9,MUL_MAT,0.164479,1407.490052,24576,5698600,6144x1x1x1,0x0x0,6144x1x1x1
ffn_up-9,MUL_MAT,0.164792,1407.659531,24576,5698600,6144x1x1x1,0x0x0,6144x1x1x1
ffn_swiglu-9,GLU,0.004271,1407.668229,24576,5698600,6144x1x1x1,0x0x0,6144x1x1x1
ffn_out-9,MUL_MAT,0.187083,1407.859427,8192,5698600,2048x1x1x1,0x0x0,2048x1x1x1
l_out-9,ADD,0.001875,1407.865729,8192,5698600,2048x1x1x1,0x0x0,2048x1x1x1
norm-10,RMS_NORM,0.003333,1407.872812,8192,5698600,2048x1x1x1,0x0x0,2048x1x1x1
attn_norm-10,MUL,0.001563,1407.877969,8192,5698600,2048x1x1x1,0x0x0,2048x1x1x1
Qcur-10,MUL_MAT,0.063282,1407.944844,8192,5698600,2048x1x1x1,0x0x0,2048x1x1x1
Qcur-10,RESHAPE,0.000260,1407.949531,8192,5698600,128x16x1x1,0x0x0,128x16x1x1
norm-10,RMS_NORM,0.059219,1408.012552,8192,5698600,128x16x1x1,0x0x0,128x16x1x1
Qcur_normed-10,MUL,0.001823,1408.018802,8192,5698600,128x16x1x1,0x0x0,128x16x1x1
Qcur-10,ROPE,0.001927,1408.024479,8192,5698600,128x16x1x1,0x0x0,128x16x1x1
Vcur-10,MUL_MAT,0.032396,1408.060573,4096,5698600,1024x1x1x1,0x0x0,1024x1x1x1
Vcur-10,RESHAPE,0.000312,1408.065156,4096,5698600,128x8x1x1,0x0x0,128x8x1x1
Kcur-10,MUL_MAT,0.087604,1408.156458,4096,5698600,1024x1x1x1,0x0x0,1024x1x1x1
Kcur-10,RESHAPE,0.000417,1408.161406,4096,5698600,128x8x1x1,0x0x0,128x8x1x1
norm-10,RMS_NORM,0.056198,1408.221354,4096,5698600,128x8x1x1,0x0x0,128x8x1x1
Kcur_normed-10,MUL,0.001354,1408.227083,4096,5698600,128x8x1x1,0x0x0,128x8x1x1
Kcur-10,ROPE,0.002031,1408.232760,4096,5698600,128x8x1x1,0x0x0,128x8x1x1
Kcur-10 (view),VIEW,0.000365,1408.236719,4096,5698600,1024x1x1x1,0x0x0,1024x1x1x1
cache_k_l10 (view),SET_ROWS,0.024219,1408.264635,83886080,5698600,1024x40960x1x1,0x0x0,1024x40960x1x1
Vcur-10 (view),VIEW,0.000313,1408.269427,4096,5698600,1024x1x1x1,0x0x0,1024x1x1x1
cache_v_l10 (view),SET_ROWS,0.011979,1408.285156,83886080,5698600,1024x40960x1x1,0x0x0,1024x40960x1x1
Qcur-10 (view),VIEW,0.000573,1408.290104,8192,5698600,128x16x1x1,0x0x0,128x16x1x1
Qcur-10 (view) (permuted),PERMUTE,0.019792,1408.313698,8192,5698600,128x1x16x1,0x0x0,128x1x16x1
cache_k_l10 (view),VIEW,0.000416,1408.318489,524288,5698600,128x8x256x1,0x0x0,128x8x256x1
cache_k_l10 (view) (permuted),PERMUTE,0.012812,1408.335208,524288,5698600,128x256x8x1,0x0x0,128x256x8x1
cache_v_l10 (view),VIEW,0.000313,1408.339844,524288,5698600,128x8x256x1,0x0x0,128x8x256x1
cache_v_l10 (view) (permuted),PERMUTE,0.011563,1408.355052,524288,5698600,128x256x8x1,0x0x0,128x256x8x1
node_375,FLASH_ATTN_EXT,0.028073,1408.387448,8192,5698600,128x16x1x1,0x0x0,128x16x1x1
kqv_out-10,RESHAPE,0.000313,1408.391771,8192,5698600,2048x1x1x1,0x0x0,2048x1x1x1
node_377,MUL_MAT,0.117605,1408.516094,8192,5698600,2048x1x1x1,0x0x0,2048x1x1x1
ffn_inp-10,ADD,0.001406,1408.522239,8192,5698600,2048x1x1x1,0x0x0,2048x1x1x1
norm-10,RMS_NORM,0.003229,1408.529166,8192,5698600,2048x1x1x1,0x0x0,2048x1x1x1
ffn_norm-10,MUL,0.001407,1408.534323,8192,5698600,2048x1x1x1,0x0x0,2048x1x1x1
ffn_gate-10,MUL_MAT,0.174479,1408.712448,24576,5698600,6144x1x1x1,0x0x0,6144x1x1x1
ffn_up-10,MUL_MAT,0.164844,1408.881719,24576,5698600,6144x1x1x1,0x0x0,6144x1x1x1
ffn_swiglu-10,GLU,0.004218,1408.890416,24576,5698600,6144x1x1x1,0x0x0,6144x1x1x1
ffn_out-10,MUL_MAT,0.157083,1409.051510,8192,5698600,2048x1x1x1,0x0x0,2048x1x1x1
l_out-10,ADD,0.001407,1409.057396,8192,5698600,2048x1x1x1,0x0x0,2048x1x1x1
norm-11,RMS_NORM,0.003281,1409.064375,8192,5698600,2048x1x1x1,0x0x0,2048x1x1x1
attn_norm-11,MUL,0.001666,1409.069739,8192,5698600,2048x1x1x1,0x0x0,2048x1x1x1
Qcur-11,MUL_MAT,0.062865,1409.136250,8192,5698600,2048x1x1x1,0x0x0,2048x1x1x1
Qcur-11,RESHAPE,0.000312,1409.140833,8192,5698600,128x16x1x1,0x0x0,128x16x1x1
norm-11,RMS_NORM,0.057709,1409.202448,8192,5698600,128x16x1x1,0x0x0,128x16x1x1
Qcur_normed-11,MUL,0.001927,1409.208750,8192,5698600,128x16x1x1,0x0x0,128x16x1x1
Qcur-11,ROPE,0.001979,1409.214427,8192,5698600,128x16x1x1,0x0x0,128x16x1x1
Vcur-11,MUL_MAT,0.033020,1409.251041,4096,5698600,1024x1x1x1,0x0x0,1024x1x1x1
Vcur-11,RESHAPE,0.000313,1409.255573,4096,5698600,128x8x1x1,0x0x0,128x8x1x1
Kcur-11,MUL_MAT,0.087084,1409.346250,4096,5698600,1024x1x1x1,0x0x0,1024x1x1x1
Kcur-11,RESHAPE,0.000469,1409.351250,4096,5698600,128x8x1x1,0x0x0,128x8x1x1
norm-11,RMS_NORM,0.056614,1409.411614,4096,5698600,128x8x1x1,0x0x0,128x8x1x1
Kcur_normed-11,MUL,0.001302,1409.417239,4096,5698600,128x8x1x1,0x0x0,128x8x1x1
Kcur-11,ROPE,0.001875,1409.422812,4096,5698600,128x8x1x1,0x0x0,128x8x1x1
Kcur-11 (view),VIEW,0.000313,1409.426719,4096,5698600,1024x1x1x1,0x0x0,1024x1x1x1
cache_k_l11 (view),SET_ROWS,0.024375,1409.454739,83886080,5698600,1024x40960x1x1,0x0x0,1024x40960x1x1
Vcur-11 (view),VIEW,0.000365,1409.459531,4096,5698600,1024x1x1x1,0x0x0,1024x1x1x1
cache_v_l11 (view),SET_ROWS,0.012864,1409.476041,83886080,5698600,1024x40960x1x1,0x0x0,1024x40960x1x1
Qcur-11 (view),VIEW,0.000417,1409.480677,8192,5698600,128x16x1x1,0x0x0,128x16x1x1
Qcur-11 (view) (permuted),PERMUTE,0.011667,1409.496094,8192,5698600,128x1x16x1,0x0x0,128x1x16x1
cache_k_l11 (view),VIEW,0.000417,1409.500781,524288,5698600,128x8x256x1,0x0x0,128x8x256x1
cache_k_l11 (view) (permuted),PERMUTE,0.014792,1409.519427,524288,5698600,128x256x8x1,0x0x0,128x256x8x1
cache_v_l11 (view),VIEW,0.000312,1409.524062,524288,5698600,128x8x256x1,0x0x0,128x8x256x1
cache_v_l11 (view) (permuted),PERMUTE,0.013593,1409.541562,524288,5698600,128x256x8x1,0x0x0,128x256x8x1
node_410,FLASH_ATTN_EXT,0.035781,1409.581562,8192,5698600,128x16x1x1,0x0x0,128x16x1x1
kqv_out-11,RESHAPE,0.000469,1409.586094,8192,5698600,2048x1x1x1,0x0x0,2048x1x1x1
node_412,MUL_MAT,0.116563,1409.706302,8192,5698600,2048x1x1x1,0x0x0,2048x1x1x1
ffn_inp-11,ADD,0.001354,1409.712291,8192,5698600,2048x1x1x1,0x0x0,2048x1x1x1
norm-11,RMS_NORM,0.003229,1409.719323,8192,5698600,2048x1x1x1,0x0x0,2048x1x1x1
ffn_norm-11,MUL,0.001562,1409.724531,8192,5698600,2048x1x1x1,0x0x0,2048x1x1x1
ffn_gate-11,MUL_MAT,0.163385,1409.891562,24576,5698600,6144x1x1x1,0x0x0,6144x1x1x1
ffn_up-11,MUL_MAT,0.164219,1410.060104,24576,5698600,6144x1x1x1,0x0x0,6144x1x1x1
ffn_swiglu-11,GLU,0.004271,1410.068698,24576,5698600,6144x1x1x1,0x0x0,6144x1x1x1
ffn_out-11,MUL_MAT,0.188854,1410.261562,8192,5698600,2048x1x1x1,0x0x0,2048x1x1x1
l_out-11,ADD,0.001354,1410.267604,8192,5698600,2048x1x1x1,0x0x0,2048x1x1x1
norm-12,RMS_NORM,0.003281,1410.274531,8192,5698600,2048x1x1x1,0x0x0,2048x1x1x1
attn_norm-12,MUL,0.001563,1410.279844,8192,5698600,2048x1x1x1,0x0x0,2048x1x1x1
Qcur-12,MUL_MAT,0.062396,1410.345937,8192,5698600,2048x1x1x1,0x0x0,2048x1x1x1
Qcur-12,RESHAPE,0.000313,1410.350573,8192,5698600,128x16x1x1,0x0x0,128x16x1x1
norm-12,RMS_NORM,0.057500,1410.411875,8192,5698600,128x16x1x1,0x0x0,128x16x1x1
Qcur_normed-12,MUL,0.001875,1410.418177,8192,5698600,128x16x1x1,0x0x0,128x16x1x1
Qcur-12,ROPE,0.002240,1410.427500,8192,5698600,128x16x1x1,0x0x0,128x16x1x1
Vcur-12,MUL_MAT,0.032448,1410.463958,4096,5698600,1024x1x1x1,0x0x0,1024x1x1x1
Vcur-12,RESHAPE,0.000312,1410.468437,4096,5698600,128x8x1x1,0x0x0,128x8x1x1
Kcur-12,MUL_MAT,0.089011,1410.561146,4096,5698600,1024x1x1x1,0x0x0,1024x1x1x1
Kcur-12,RESHAPE,0.000468,1410.565989,4096,5698600,128x8x1x1,0x0x0,128x8x1x1
norm-12,RMS_NORM,0.029584,1410.599323,4096,5698600,128x8x1x1,0x0x0,128x8x1x1
Kcur_normed-12,MUL,0.001511,1410.605052,4096,5698600,128x8x1x1,0x0x0,128x8x1x1
Kcur-12,ROPE,0.001771,1410.610469,4096,5698600,128x8x1x1,0x0x0,128x8x1x1
Kcur-12 (view),VIEW,0.000313,1410.614375,4096,5698600,1024x1x1x1,0x0x0,1024x1x1x1
cache_k_l12 (view),SET_ROWS,0.019479,1410.637448,83886080,5698600,1024x40960x1x1,0x0x0,1024x40960x1x1
Vcur-12 (view),VIEW,0.000469,1410.642500,4096,5698600,1024x1x1x1,0x0x0,1024x1x1x1
cache_v_l12 (view),SET_ROWS,0.014167,1410.660469,83886080,5698600,1024x40960x1x1,0x0x0,1024x40960x1x1
Qcur-12 (view),VIEW,0.000416,1410.665364,8192,5698600,128x16x1x1,0x0x0,128x16x1x1
Qcur-12 (view) (permuted),PERMUTE,0.020104,1410.689323,8192,5698600,128x1x16x1,0x0x0,128x1x16x1
cache_k_l12 (view),VIEW,0.003333,1410.696927,524288,5698600,128x8x256x1,0x0x0,128x8x256x1
cache_k_l12 (view) (permuted),PERMUTE,0.011302,1410.712448,524288,5698600,128x256x8x1,0x0x0,128x256x8x1
cache_v_l12 (view),VIEW,0.000990,1410.717656,524288,5698600,128x8x256x1,0x0x0,128x8x256x1
cache_v_l12 (view) (permuted),PERMUTE,0.013750,1410.735364,524288,5698600,128x256x8x1,0x0x0,128x256x8x1
node_445,FLASH_ATTN_EXT,0.024688,1410.764271,8192,5698600,128x16x1x1,0x0x0,128x16x1x1
kqv_out-12,RESHAPE,0.000313,1410.768854,8192,5698600,2048x1x1x1,0x0x0,2048x1x1x1
node_447,MUL_MAT,0.115416,1410.887916,8192,5698600,2048x1x1x1,0x0x0,2048x1x1x1
ffn_inp-12,ADD,0.001458,1410.893854,8192,5698600,2048x1x1x1,0x0x0,2048x1x1x1
norm-12,RMS_NORM,0.003229,1410.900989,8192,5698600,2048x1x1x1,0x0x0,2048x1x1x1
ffn_norm-12,MUL,0.001354,1410.906250,8192,5698600,2048x1x1x1,0x0x0,2048x1x1x1
ffn_gate-12,MUL_MAT,0.163958,1411.073854,24576,5698600,6144x1x1x1,0x0x0,6144x1x1x1
ffn_up-12,MUL_MAT,0.163854,1411.242239,24576,5698600,6144x1x1x1,0x0x0,6144x1x1x1
ffn_swiglu-12,GLU,0.004271,1411.250885,24576,5698600,6144x1x1x1,0x0x0,6144x1x1x1
ffn_out-12,MUL_MAT,0.188177,1411.443177,8192,5698600,2048x1x1x1,0x0x0,2048x1x1x1
l_out-12,ADD,0.001354,1411.449010,8192,5698600,2048x1x1x1,0x0x0,2048x1x1x1
norm-13,RMS_NORM,0.003386,1411.456146,8192,5698600,2048x1x1x1,0x0x0,2048x1x1x1
attn_norm-13,MUL,0.001562,1411.461458,8192,5698600,2048x1x1x1,0x0x0,2048x1x1x1
Qcur-13,MUL_MAT,0.062917,1411.527969,8192,5698600,2048x1x1x1,0x0x0,2048x1x1x1
Qcur-13,RESHAPE,0.000313,1411.532604,8192,5698600,128x16x1x1,0x0x0,128x16x1x1
norm-13,RMS_NORM,0.057917,1411.594323,8192,5698600,128x16x1x1,0x0x0,128x16x1x1
Qcur_normed-13,MUL,0.001875,1411.600625,8192,5698600,128x16x1x1,0x0x0,128x16x1x1
Qcur-13,ROPE,0.002135,1411.606406,8192,5698600,128x16x1x1,0x0x0,128x16x1x1
Vcur-13,MUL_MAT,0.033750,1411.643802,4096,5698600,1024x1x1x1,0x0x0,1024x1x1x1
Vcur-13,RESHAPE,0.000833,1411.648854,4096,5698600,128x8x1x1,0x0x0,128x8x1x1
Kcur-13,MUL_MAT,0.086823,1411.739531,4096,5698600,1024x1x1x1,0x0x0,1024x1x1x1
Kcur-13,RESHAPE,0.000417,1411.744375,4096,5698600,128x8x1x1,0x0x0,128x8x1x1
norm-13,RMS_NORM,0.057135,1411.805312,4096,5698600,128x8x1x1,0x0x0,128x8x1x1
Kcur_normed-13,MUL,0.001302,1411.810937,4096,5698600,128x8x1x1,0x0x0,128x8x1x1
Kcur-13,ROPE,0.001823,1411.816354,4096,5698600,128x8x1x1,0x0x0,128x8x1x1
Kcur-13 (view),VIEW,0.000417,1411.820469,4096,5698600,1024x1x1x1,0x0x0,1024x1x1x1
cache_k_l13 (view),SET_ROWS,0.015937,1411.840208,83886080,5698600,1024x40960x1x1,0x0x0,1024x40960x1x1
Vcur-13 (view),VIEW,0.000261,1411.844948,4096,5698600,1024x1x1x1,0x0x0,1024x1x1x1
cache_v_l13 (view),SET_ROWS,0.013229,1411.861979,83886080,5698600,1024x40960x1x1,0x0x0,1024x40960x1x1
Qcur-13 (view),VIEW,0.000469,1411.866771,8192,5698600,128x16x1x1,0x0x0,128x16x1x1
Qcur-13 (view) (permuted),PERMUTE,0.019948,1411.890573,8192,5698600,128x1x16x1,0x0x0,128x1x16x1
cache_k_l13 (view),VIEW,0.004479,1411.899479,524288,5698600,128x8x256x1,0x0x0,128x8x256x1
cache_k_l13 (view) (permuted),PERMUTE,0.016146,1411.923177,524288,5698600,128x256x8x1,0x0x0,128x256x8x1
cache_v_l13 (view),VIEW,0.000781,1411.928385,524288,5698600,128x8x256x1,0x0x0,128x8x256x1
cache_v_l13 (view) (permuted),PERMUTE,0.010104,1411.942239,524288,5698600,128x256x8x1,0x0x0,128x256x8x1
node_480,FLASH_ATTN_EXT,0.043646,1411.990052,8192,5698600,128x16x1x1,0x0x0,128x16x1x1
kqv_out-13,RESHAPE,0.000312,1411.994531,8192,5698600,2048x1x1x1,0x0x0,2048x1x1x1
node_482,MUL_MAT,0.117448,1412.115833,8192,5698600,2048x1x1x1,0x0x0,2048x1x1x1
ffn_inp-13,ADD,0.001563,1412.121927,8192,5698600,2048x1x1x1,0x0x0,2048x1x1x1
norm-13,RMS_NORM,0.003229,1412.128906,8192,5698600,2048x1x1x1,0x0x0,2048x1x1x1
ffn_norm-13,MUL,0.001354,1412.133854,8192,5698600,2048x1x1x1,0x0x0,2048x1x1x1
ffn_gate-13,MUL_MAT,0.165000,1412.302656,24576,5698600,6144x1x1x1,0x0x0,6144x1x1x1
ffn_up-13,MUL_MAT,0.165469,1412.472604,24576,5698600,6144x1x1x1,0x0x0,6144x1x1x1
ffn_swiglu-13,GLU,0.004375,1412.481562,24576,5698600,6144x1x1x1,0x0x0,6144x1x1x1
ffn_out-13,MUL_MAT,0.176406,1412.662135,8192,5698600,2048x1x1x1,0x0x0,2048x1x1x1
l_out-13,ADD,0.001562,1412.668385,8192,5698600,2048x1x1x1,0x0x0,2048x1x1x1
norm-14,RMS_NORM,0.003334,1412.675625,8192,5698600,2048x1x1x1,0x0x0,2048x1x1x1
attn_norm-14,MUL,0.001771,1412.681198,8192,5698600,2048x1x1x1,0x0x0,2048x1x1x1
Qcur-14,MUL_MAT,0.062760,1412.747708,8192,5698600,2048x1x1x1,0x0x0,2048x1x1x1
Qcur-14,RESHAPE,0.000313,1412.752344,8192,5698600,128x16x1x1,0x0x0,128x16x1x1
norm-14,RMS_NORM,0.056458,1412.812656,8192,5698600,128x16x1x1,0x0x0,128x16x1x1
Qcur_normed-14,MUL,0.002240,1412.819323,8192,5698600,128x16x1x1,0x0x0,128x16x1x1
Qcur-14,ROPE,0.002239,1412.825260,8192,5698600,128x16x1x1,0x0x0,128x16x1x1
Vcur-14,MUL_MAT,0.032500,1412.861458,4096,5698600,1024x1x1x1,0x0x0,1024x1x1x1
Vcur-14,RESHAPE,0.000312,1412.865833,4096,5698600,128x8x1x1,0x0x0,128x8x1x1
Kcur-14,MUL_MAT,0.087083,1412.956614,4096,5698600,1024x1x1x1,0x0x0,1024x1x1x1
Kcur-14,RESHAPE,0.000417,1412.961406,4096,5698600,128x8x1x1,0x0x0,128x8x1x1
norm-14,RMS_NORM,0.056250,1413.021354,4096,5698600,128x8x1x1,0x0x0,128x8x1x1
Kcur_normed-14,MUL,0.001354,1413.027448,4096,5698600,128x8x1x1,0x0x0,128x8x1x1
Kcur-14,ROPE,0.001875,1413.033073,4096,5698600,128x8x1x1,0x0x0,128x8x1x1
Kcur-14 (view),VIEW,0.000416,1413.037135,4096,5698600,1024x1x1x1,0x0x0,1024x1x1x1
cache_k_l14 (view),SET_ROWS,0.015417,1413.056198,83886080,5698600,1024x40960x1x1,0x0x0,1024x40960x1x1
Vcur-14 (view),VIEW,0.000417,1413.061094,4096,5698600,1024x1x1x1,0x0x0,1024x1x1x1
cache_v_l14 (view),SET_ROWS,0.013854,1413.078698,83886080,5698600,1024x40960x1x1,0x0x0,1024x40960x1x1
Qcur-14 (view),VIEW,0.000260,1413.083385,8192,5698600,128x16x1x1,0x0x0,128x16x1x1
Qcur-14 (view) (permuted),PERMUTE,0.011615,1413.098698,8192,5698600,128x1x16x1,0x0x0,128x1x16x1
cache_k_l14 (view),VIEW,0.000312,1413.103385,524288,5698600,128x8x256x1,0x0x0,128x8x256x1
cache_k_l14 (view) (permuted),PERMUTE,0.011250,1413.118437,524288,5698600,128x256x8x1,0x0x0,128x256x8x1
cache_v_l14 (view),VIEW,0.000313,1413.122969,524288,5698600,128x8x256x1,0x0x0,128x8x256x1
cache_v_l14 (view) (permuted),PERMUTE,0.014635,1413.141354,524288,5698600,128x256x8x1,0x0x0,128x256x8x1
node_515,FLASH_ATTN_EXT,0.035781,1413.181458,8192,5698600,128x16x1x1,0x0x0,128x16x1x1
kqv_out-14,RESHAPE,0.000312,1413.185937,8192,5698600,2048x1x1x1,0x0x0,2048x1x1x1
node_517,MUL_MAT,0.118229,1413.307864,8192,5698600,2048x1x1x1,0x0x0,2048x1x1x1
ffn_inp-14,ADD,0.001354,1413.313698,8192,5698600,2048x1x1x1,0x0x0,2048x1x1x1
norm-14,RMS_NORM,0.003229,1413.320677,8192,5698600,2048x1x1x1,0x0x0,2048x1x1x1
ffn_norm-14,MUL,0.001354,1413.325729,8192,5698600,2048x1x1x1,0x0x0,2048x1x1x1
ffn_gate-14,MUL_MAT,0.164010,1413.493281,24576,5698600,6144x1x1x1,0x0x0,6144x1x1x1
ffn_up-14,MUL_MAT,0.164896,1413.662656,24576,5698600,6144x1x1x1,0x0x0,6144x1x1x1
ffn_swiglu-14,GLU,0.004375,1413.671510,24576,5698600,6144x1x1x1,0x0x0,6144x1x1x1
ffn_out-14,MUL_MAT,0.189531,1413.865104,8192,5698600,2048x1x1x1,0x0x0,2048x1x1x1
l_out-14,ADD,0.001354,1413.870729,8192,5698600,2048x1x1x1,0x0x0,2048x1x1x1
norm-15,RMS_NORM,0.003281,1413.881302,8192,5698600,2048x1x1x1,0x0x0,2048x1x1x1
attn_norm-15,MUL,0.001511,1413.886719,8192,5698600,2048x1x1x1,0x0x0,2048x1x1x1
Qcur-15,MUL_MAT,0.061719,1413.952135,8192,5698600,2048x1x1x1,0x0x0,2048x1x1x1
Qcur-15,RESHAPE,0.000313,1413.956771,8192,5698600,128x16x1x1,0x0x0,128x16x1x1
norm-15,RMS_NORM,0.057240,1414.017969,8192,5698600,128x16x1x1,0x0x0,128x16x1x1
Qcur_normed-15,MUL,0.001875,1414.024219,8192,5698600,128x16x1x1,0x0x0,128x16x1x1
Qcur-15,ROPE,0.002032,1414.029844,8192,5698600,128x16x1x1,0x0x0,128x16x1x1
Vcur-15,MUL_MAT,0.032656,1414.066250,4096,5698600,1024x1x1x1,0x0x0,1024x1x1x1
Vcur-15,RESHAPE,0.000312,1414.070833,4096,5698600,128x8x1x1,0x0x0,128x8x1x1
Kcur-15,MUL_MAT,0.064844,1414.139427,4096,5698600,1024x1x1x1,0x0x0,1024x1x1x1
Kcur-15,RESHAPE,0.000469,1414.144271,4096,5698600,128x8x1x1,0x0x0,128x8x1x1
norm-15,RMS_NORM,0.056458,1414.204427,4096,5698600,128x8x1x1,0x0x0,128x8x1x1
Kcur_normed-15,MUL,0.001406,1414.210260,4096,5698600,128x8x1x1,0x0x0,128x8x1x1
Kcur-15,ROPE,0.001771,1414.215781,4096,5698600,128x8x1x1,0x0x0,128x8x1x1
Kcur-15 (view),VIEW,0.000312,1414.219739,4096,5698600,1024x1x1x1,0x0x0,1024x1x1x1
cache_k_l15 (view),SET_ROWS,0.019844,1414.243281,83886080,5698600,1024x40960x1x1,0x0x0,1024x40960x1x1
Vcur-15 (view),VIEW,0.000365,1414.248021,4096,5698600,1024x1x1x1,0x0x0,1024x1x1x1
cache_v_l15 (view),SET_ROWS,0.014375,1414.266250,83886080,5698600,1024x40960x1x1,0x0x0,1024x40960x1x1
Qcur-15 (view),VIEW,0.000469,1414.271094,8192,5698600,128x16x1x1,0x0x0,128x16x1x1
Qcur-15 (view) (permuted),PERMUTE,0.018958,1414.293906,8192,5698600,128x1x16x1,0x0x0,128x1x16x1
cache_k_l15 (view),VIEW,0.000260,1414.298489,524288,5698600,128x8x256x1,0x0x0,128x8x256x1
cache_k_l15 (view) (permuted),PERMUTE,0.011511,1414.313802,524288,5698600,128x256x8x1,0x0x0,128x256x8x1
cache_v_l15 (view),VIEW,0.004271,1414.322396,524288,5698600,128x8x256x1,0x0x0,128x8x256x1
cache_v_l15 (view) (permuted),PERMUTE,0.012760,1414.339166,524288,5698600,128x256x8x1,0x0x0,128x256x8x1
node_550,FLASH_ATTN_EXT,0.036615,1414.380156,8192,5698600,128x16x1x1,0x0x0,128x16x1x1
kqv_out-15,RESHAPE,0.000260,1414.384531,8192,5698600,2048x1x1x1,0x0x0,2048x1x1x1
node_552,MUL_MAT,0.116927,1414.505260,8192,5698600,2048x1x1x1,0x0x0,2048x1x1x1
ffn_inp-15,ADD,0.001719,1414.511406,8192,5698600,2048x1x1x1,0x0x0,2048x1x1x1
norm-15,RMS_NORM,0.003229,1414.518437,8192,5698600,2048x1x1x1,0x0x0,2048x1x1x1
ffn_norm-15,MUL,0.001354,1414.523385,8192,5698600,2048x1x1x1,0x0x0,2048x1x1x1
ffn_gate-15,MUL_MAT,0.163229,1414.690260,24576,5698600,6144x1x1x1,0x0x0,6144x1x1x1
ffn_up-15,MUL_MAT,0.163438,1414.858073,24576,5698600,6144x1x1x1,0x0x0,6144x1x1x1
ffn_swiglu-15,GLU,0.004166,1414.866666,24576,5698600,6144x1x1x1,0x0x0,6144x1x1x1
ffn_out-15,MUL_MAT,0.187240,1415.057969,8192,5698600,2048x1x1x1,0x0x0,2048x1x1x1
l_out-15,ADD,0.001354,1415.063854,8192,5698600,2048x1x1x1,0x0x0,2048x1x1x1
norm-16,RMS_NORM,0.003333,1415.070833,8192,5698600,2048x1x1x1,0x0x0,2048x1x1x1
attn_norm-16,MUL,0.001719,1415.076198,8192,5698600,2048x1x1x1,0x0x0,2048x1x1x1
Qcur-16,MUL_MAT,0.063072,1415.142916,8192,5698600,2048x1x1x1,0x0x0,2048x1x1x1
Qcur-16,RESHAPE,0.000313,1415.147396,8192,5698600,128x16x1x1,0x0x0,128x16x1x1
norm-16,RMS_NORM,0.057656,1415.208958,8192,5698600,128x16x1x1,0x0x0,128x16x1x1
Qcur_normed-16,MUL,0.001875,1415.215260,8192,5698600,128x16x1x1,0x0x0,128x16x1x1
Qcur-16,ROPE,0.001979,1415.220989,8192,5698600,128x16x1x1,0x0x0,128x16x1x1
Vcur-16,MUL_MAT,0.032188,1415.256875,4096,5698600,1024x1x1x1,0x0x0,1024x1x1x1
Vcur-16,RESHAPE,0.000312,1415.261510,4096,5698600,128x8x1x1,0x0x0,128x8x1x1
Kcur-16,MUL_MAT,0.087031,1415.352239,4096,5698600,1024x1x1x1,0x0x0,1024x1x1x1
Kcur-16,RESHAPE,0.000468,1415.357187,4096,5698600,128x8x1x1,0x0x0,128x8x1x1
norm-16,RMS_NORM,0.055261,1415.416146,4096,5698600,128x8x1x1,0x0x0,128x8x1x1
Kcur_normed-16,MUL,0.001197,1415.421666,4096,5698600,128x8x1x1,0x0x0,128x8x1x1
Kcur-16,ROPE,0.001771,1415.427031,4096,5698600,128x8x1x1,0x0x0,128x8x1x1
Kcur-16 (view),VIEW,0.000417,1415.431146,4096,5698600,1024x1x1x1,0x0x0,1024x1x1x1
cache_k_l16 (view),SET_ROWS,0.020104,1415.457656,83886080,5698600,1024x40960x1x1,0x0x0,1024x40960x1x1
Vcur-16 (view),VIEW,0.000313,1415.462396,4096,5698600,1024x1x1x1,0x0x0,1024x1x1x1
cache_v_l16 (view),SET_ROWS,0.012969,1415.479271,83886080,5698600,1024x40960x1x1,0x0x0,1024x40960x1x1
Qcur-16 (view),VIEW,0.000625,1415.484062,8192,5698600,128x16x1x1,0x0x0,128x16x1x1
Qcur-16 (view) (permuted),PERMUTE,0.011875,1415.499739,8192,5698600,128x1x16x1,0x0x0,128x1x16x1
cache_k_l16 (view),VIEW,0.005156,1415.509166,524288,5698600,128x8x256x1,0x0x0,128x8x256x1
cache_k_l16 (view) (permuted),PERMUTE,0.015261,1415.528698,524288,5698600,128x256x8x1,0x0x0,128x256x8x1
cache_v_l16 (view),VIEW,0.000521,1415.533646,524288,5698600,128x8x256x1,0x0x0,128x8x256x1
cache_v_l16 (view) (permuted),PERMUTE,0.012865,1415.550573,524288,5698600,128x256x8x1,0x0x0,128x256x8x1
node_585,FLASH_ATTN_EXT,0.035572,1415.590416,8192,5698600,128x16x1x1,0x0x0,128x16x1x1
kqv_out-16,RESHAPE,0.000261,1415.594844,8192,5698600,2048x1x1x1,0x0x0,2048x1x1x1
node_587,MUL_MAT,0.116510,1415.715156,8192,5698600,2048x1x1x1,0x0x0,2048x1x1x1
ffn_inp-16,ADD,0.001302,1415.720833,8192,5698600,2048x1x1x1,0x0x0,2048x1x1x1
norm-16,RMS_NORM,0.003177,1415.727812,8192,5698600,2048x1x1x1,0x0x0,2048x1x1x1
ffn_norm-16,MUL,0.001407,1415.733021,8192,5698600,2048x1x1x1,0x0x0,2048x1x1x1
ffn_gate-16,MUL_MAT,0.163855,1415.900521,24576,5698600,6144x1x1x1,0x0x0,6144x1x1x1
ffn_up-16,MUL_MAT,0.163698,1416.068750,24576,5698600,6144x1x1x1,0x0x0,6144x1x1x1
ffn_swiglu-16,GLU,0.004166,1416.077760,24576,5698600,6144x1x1x1,0x0x0,6144x1x1x1
ffn_out-16,MUL_MAT,0.157656,1416.239479,8192,5698600,2048x1x1x1,0x0x0,2048x1x1x1
l_out-16,ADD,0.001459,1416.245469,8192,5698600,2048x1x1x1,0x0x0,2048x1x1x1
norm-17,RMS_NORM,0.003489,1416.252760,8192,5698600,2048x1x1x1,0x0x0,2048x1x1x1
attn_norm-17,MUL,0.001406,1416.257864,8192,5698600,2048x1x1x1,0x0x0,2048x1x1x1
Qcur-17,MUL_MAT,0.062344,1416.323958,8192,5698600,2048x1x1x1,0x0x0,2048x1x1x1
Qcur-17,RESHAPE,0.000313,1416.328646,8192,5698600,128x16x1x1,0x0x0,128x16x1x1
norm-17,RMS_NORM,0.056146,1416.388802,8192,5698600,128x16x1x1,0x0x0,128x16x1x1
Qcur_normed-17,MUL,0.001823,1416.395104,8192,5698600,128x16x1x1,0x0x0,128x16x1x1
Qcur-17,ROPE,0.001979,1416.400625,8192,5698600,128x16x1x1,0x0x0,128x16x1x1
Vcur-17,MUL_MAT,0.033802,1416.438021,4096,5698600,1024x1x1x1,0x0x0,1024x1x1x1
Vcur-17,RESHAPE,0.000312,1416.442760,4096,5698600,128x8x1x1,0x0x0,128x8x1x1
Kcur-17,MUL_MAT,0.087708,1416.534166,4096,5698600,1024x1x1x1,0x0x0,1024x1x1x1
Kcur-17,RESHAPE,0.000468,1416.539114,4096,5698600,128x8x1x1,0x0x0,128x8x1x1
norm-17,RMS_NORM,0.068177,1416.611041,4096,5698600,128x8x1x1,0x0x0,128x8x1x1
Kcur_normed-17,MUL,0.001250,1416.616927,4096,5698600,128x8x1x1,0x0x0,128x8x1x1
Kcur-17,ROPE,0.001771,1416.622448,4096,5698600,128x8x1x1,0x0x0,128x8x1x1
Kcur-17 (view),VIEW,0.000468,1416.626562,4096,5698600,1024x1x1x1,0x0x0,1024x1x1x1
cache_k_l17 (view),SET_ROWS,0.024271,1416.654583,83886080,5698600,1024x40960x1x1,0x0x0,1024x40960x1x1
Vcur-17 (view),VIEW,0.000313,1416.659271,4096,5698600,1024x1x1x1,0x0x0,1024x1x1x1
cache_v_l17 (view),SET_ROWS,0.012448,1416.675364,83886080,5698600,1024x40960x1x1,0x0x0,1024x40960x1x1
Qcur-17 (view),VIEW,0.000417,1416.680208,8192,5698600,128x16x1x1,0x0x0,128x16x1x1
Qcur-17 (view) (permuted),PERMUTE,0.012604,1416.696510,8192,5698600,128x1x16x1,0x0x0,128x1x16x1
cache_k_l17 (view),VIEW,0.000313,1416.701094,524288,5698600,128x8x256x1,0x0x0,128x8x256x1
cache_k_l17 (view) (permuted),PERMUTE,0.007864,1416.712708,524288,5698600,128x256x8x1,0x0x0,128x256x8x1
cache_v_l17 (view),VIEW,0.000521,1416.717500,524288,5698600,128x8x256x1,0x0x0,128x8x256x1
cache_v_l17 (view) (permuted),PERMUTE,0.015781,1416.737239,524288,5698600,128x256x8x1,0x0x0,128x256x8x1
node_620,FLASH_ATTN_EXT,0.035313,1416.776823,8192,5698600,128x16x1x1,0x0x0,128x16x1x1
kqv_out-17,RESHAPE,0.000313,1416.781250,8192,5698600,2048x1x1x1,0x0x0,2048x1x1x1
node_622,MUL_MAT,0.117083,1416.902083,8192,5698600,2048x1x1x1,0x0x0,2048x1x1x1
ffn_inp-17,ADD,0.001355,1416.908021,8192,5698600,2048x1x1x1,0x0x0,2048x1x1x1
norm-17,RMS_NORM,0.003281,1416.917916,8192,5698600,2048x1x1x1,0x0x0,2048x1x1x1
ffn_norm-17,MUL,0.001406,1416.923333,8192,5698600,2048x1x1x1,0x0x0,2048x1x1x1
ffn_gate-17,MUL_MAT,0.164375,1417.091406,24576,5698600,6144x1x1x1,0x0x0,6144x1x1x1
ffn_up-17,MUL_MAT,0.164219,1417.260156,24576,5698600,6144x1x1x1,0x0x0,6144x1x1x1
ffn_swiglu-17,GLU,0.004271,1417.269062,24576,5698600,6144x1x1x1,0x0x0,6144x1x1x1
ffn_out-17,MUL_MAT,0.189062,1417.462187,8192,5698600,2048x1x1x1,0x0x0,2048x1x1x1
l_out-17,ADD,0.001354,1417.467760,8192,5698600,2048x1x1x1,0x0x0,2048x1x1x1
norm-18,RMS_NORM,0.003334,1417.474948,8192,5698600,2048x1x1x1,0x0x0,2048x1x1x1
attn_norm-18,MUL,0.001510,1417.480104,8192,5698600,2048x1x1x1,0x0x0,2048x1x1x1
Qcur-18,MUL_MAT,0.062135,1417.545885,8192,5698600,2048x1x1x1,0x0x0,2048x1x1x1
Qcur-18,RESHAPE,0.000313,1417.550573,8192,5698600,128x16x1x1,0x0x0,128x16x1x1
norm-18,RMS_NORM,0.057761,1417.612396,8192,5698600,128x16x1x1,0x0x0,128x16x1x1
Qcur_normed-18,MUL,0.001771,1417.618646,8192,5698600,128x16x1x1,0x0x0,128x16x1x1
Qcur-18,ROPE,0.002032,1417.624323,8192,5698600,128x16x1x1,0x0x0,128x16x1x1
Vcur-18,MUL_MAT,0.033229,1417.661198,4096,5698600,1024x1x1x1,0x0x0,1024x1x1x1
Vcur-18,RESHAPE,0.000417,1417.665833,4096,5698600,128x8x1x1,0x0x0,128x8x1x1
Kcur-18,MUL_MAT,0.087031,1417.756614,4096,5698600,1024x1x1x1,0x0x0,1024x1x1x1
Kcur-18,RESHAPE,0.000312,1417.761406,4096,5698600,128x8x1x1,0x0x0,128x8x1x1
norm-18,RMS_NORM,0.053542,1417.818698,4096,5698600,128x8x1x1,0x0x0,128x8x1x1
Kcur_normed-18,MUL,0.001406,1417.824479,4096,5698600,128x8x1x1,0x0x0,128x8x1x1
Kcur-18,ROPE,0.001875,1417.829948,4096,5698600,128x8x1x1,0x0x0,128x8x1x1
Kcur-18 (view),VIEW,0.000312,1417.833958,4096,5698600,1024x1x1x1,0x0x0,1024x1x1x1
cache_k_l18 (view),SET_ROWS,0.024010,1417.861666,83886080,5698600,1024x40960x1x1,0x0x0,1024x40960x1x1
Vcur-18 (view),VIEW,0.000260,1417.866458,4096,5698600,1024x1x1x1,0x0x0,1024x1x1x1
cache_v_l18 (view),SET_ROWS,0.012292,1417.882396,83886080,5698600,1024x40960x1x1,0x0x0,1024x40960x1x1
Qcur-18 (view),VIEW,0.000417,1417.887083,8192,5698600,128x16x1x1,0x0x0,128x16x1x1
Qcur-18 (view) (permuted),PERMUTE,0.013021,1417.903906,8192,5698600,128x1x16x1,0x0x0,128x1x16x1
cache_k_l18 (view),VIEW,0.000469,1417.908646,524288,5698600,128x8x256x1,0x0x0,128x8x256x1
cache_k_l18 (view) (permuted),PERMUTE,0.014844,1417.927448,524288,5698600,128x256x8x1,0x0x0,128x256x8x1
cache_v_l18 (view),VIEW,0.000312,1417.932187,524288,5698600,128x8x256x1,0x0x0,128x8x256x1
cache_v_l18 (view) (permuted),PERMUTE,0.013073,1417.949010,524288,5698600,128x256x8x1,0x0x0,128x256x8x1
node_655,FLASH_ATTN_EXT,0.015729,1417.969010,8192,5698600,128x16x1x1,0x0x0,128x16x1x1
kqv_out-18,RESHAPE,0.000260,1417.973437,8192,5698600,2048x1x1x1,0x0x0,2048x1x1x1
node_657,MUL_MAT,0.114792,1418.091979,8192,5698600,2048x1x1x1,0x0x0,2048x1x1x1
ffn_inp-18,ADD,0.001406,1418.097864,8192,5698600,2048x1x1x1,0x0x0,2048x1x1x1
norm-18,RMS_NORM,0.003178,1418.104844,8192,5698600,2048x1x1x1,0x0x0,2048x1x1x1
ffn_norm-18,MUL,0.001355,1418.109844,8192,5698600,2048x1x1x1,0x0x0,2048x1x1x1
ffn_gate-18,MUL_MAT,0.164271,1418.277812,24576,5698600,6144x1x1x1,0x0x0,6144x1x1x1
ffn_up-18,MUL_MAT,0.165105,1418.447396,24576,5698600,6144x1x1x1,0x0x0,6144x1x1x1
ffn_swiglu-18,GLU,0.004323,1418.455989,24576,5698600,6144x1x1x1,0x0x0,6144x1x1x1
ffn_out-18,MUL_MAT,0.188646,1418.648646,8192,5698600,2048x1x1x1,0x0x0,2048x1x1x1
l_out-18,ADD,0.001302,1418.654375,8192,5698600,2048x1x1x1,0x0x0,2048x1x1x1
norm-19,RMS_NORM,0.003437,1418.661458,8192,5698600,2048x1x1x1,0x0x0,2048x1x1x1
attn_norm-19,MUL,0.001510,1418.666614,8192,5698600,2048x1x1x1,0x0x0,2048x1x1x1
Qcur-19,MUL_MAT,0.062448,1418.732760,8192,5698600,2048x1x1x1,0x0x0,2048x1x1x1
Qcur-19,RESHAPE,0.000313,1418.737448,8192,5698600,128x16x1x1,0x0x0,128x16x1x1
norm-19,RMS_NORM,0.057292,1418.798646,8192,5698600,128x16x1x1,0x0x0,128x16x1x1
Qcur_normed-19,MUL,0.001719,1418.804948,8192,5698600,128x16x1x1,0x0x0,128x16x1x1
Qcur-19,ROPE,0.002187,1418.810781,8192,5698600,128x16x1x1,0x0x0,128x16x1x1
Vcur-19,MUL_MAT,0.032813,1418.847344,4096,5698600,1024x1x1x1,0x0x0,1024x1x1x1
Vcur-19,RESHAPE,0.000469,1418.854948,4096,5698600,128x8x1x1,0x0x0,128x8x1x1
Kcur-19,MUL_MAT,0.089219,1418.948125,4096,5698600,1024x1x1x1,0x0x0,1024x1x1x1
Kcur-19,RESHAPE,0.000365,1418.953125,4096,5698600,128x8x1x1,0x0x0,128x8x1x1
norm-19,RMS_NORM,0.054427,1419.011354,4096,5698600,128x8x1x1,0x0x0,128x8x1x1
Kcur_normed-19,MUL,0.001250,1419.016927,4096,5698600,128x8x1x1,0x0x0,128x8x1x1
Kcur-19,ROPE,0.001875,1419.022396,4096,5698600,128x8x1x1,0x0x0,128x8x1x1
Kcur-19 (view),VIEW,0.000313,1419.026302,4096,5698600,1024x1x1x1,0x0x0,1024x1x1x1
cache_k_l19 (view),SET_ROWS,0.024948,1419.055052,83886080,5698600,1024x40960x1x1,0x0x0,1024x40960x1x1
Vcur-19 (view),VIEW,0.000417,1419.060000,4096,5698600,1024x1x1x1,0x0x0,1024x1x1x1
cache_v_l19 (view),SET_ROWS,0.020625,1419.084583,83886080,5698600,1024x40960x1x1,0x0x0,1024x40960x1x1
Qcur-19 (view),VIEW,0.000417,1419.089271,8192,5698600,128x16x1x1,0x0x0,128x16x1x1
Qcur-19 (view) (permuted),PERMUTE,0.012969,1419.105885,8192,5698600,128x1x16x1,0x0x0,128x1x16x1
cache_k_l19 (view),VIEW,0.000260,1419.110416,524288,5698600,128x8x256x1,0x0x0,128x8x256x1
cache_k_l19 (view) (permuted),PERMUTE,0.010312,1419.124791,524288,5698600,128x256x8x1,0x0x0,128x256x8x1
cache_v_l19 (view),VIEW,0.000417,1419.129375,524288,5698600,128x8x256x1,0x0x0,128x8x256x1
cache_v_l19 (view) (permuted),PERMUTE,0.013125,1419.146406,524288,5698600,128x256x8x1,0x0x0,128x256x8x1
node_690,FLASH_ATTN_EXT,0.034739,1419.185364,8192,5698600,128x16x1x1,0x0x0,128x16x1x1
kqv_out-19,RESHAPE,0.000312,1419.189791,8192,5698600,2048x1x1x1,0x0x0,2048x1x1x1
node_692,MUL_MAT,0.115573,1419.309062,8192,5698600,2048x1x1x1,0x0x0,2048x1x1x1
ffn_inp-19,ADD,0.001718,1419.315312,8192,5698600,2048x1x1x1,0x0x0,2048x1x1x1
norm-19,RMS_NORM,0.003229,1419.322291,8192,5698600,2048x1x1x1,0x0x0,2048x1x1x1
ffn_norm-19,MUL,0.001407,1419.327344,8192,5698600,2048x1x1x1,0x0x0,2048x1x1x1
ffn_gate-19,MUL_MAT,0.162969,1419.493854,24576,5698600,6144x1x1x1,0x0x0,6144x1x1x1
ffn_up-19,MUL_MAT,0.164115,1419.662604,24576,5698600,6144x1x1x1,0x0x0,6144x1x1x1
ffn_swiglu-19,GLU,0.004375,1419.671666,24576,5698600,6144x1x1x1,0x0x0,6144x1x1x1
ffn_out-19,MUL_MAT,0.157344,1419.833125,8192,5698600,2048x1x1x1,0x0x0,2048x1x1x1
l_out-19,ADD,0.001511,1419.839219,8192,5698600,2048x1x1x1,0x0x0,2048x1x1x1
norm-20,RMS_NORM,0.003281,1419.846250,8192,5698600,2048x1x1x1,0x0x0,2048x1x1x1
attn_norm-20,MUL,0.001510,1419.851406,8192,5698600,2048x1x1x1,0x0x0,2048x1x1x1
Qcur-20,MUL_MAT,0.062239,1419.917291,8192,5698600,2048x1x1x1,0x0x0,2048x1x1x1
Qcur-20,RESHAPE,0.000313,1419.921823,8192,5698600,128x16x1x1,0x0x0,128x16x1x1
norm-20,RMS_NORM,0.055833,1419.981562,8192,5698600,128x16x1x1,0x0x0,128x16x1x1
Qcur_normed-20,MUL,0.001823,1419.987760,8192,5698600,128x16x1x1,0x0x0,128x16x1x1
Qcur-20,ROPE,0.001927,1419.993385,8192,5698600,128x16x1x1,0x0x0,128x16x1x1
Vcur-20,MUL_MAT,0.033542,1420.030677,4096,5698600,1024x1x1x1,0x0x0,1024x1x1x1
Vcur-20,RESHAPE,0.000312,1420.035312,4096,5698600,128x8x1x1,0x0x0,128x8x1x1
Kcur-20,MUL_MAT,0.088125,1420.127187,4096,5698600,1024x1x1x1,0x0x0,1024x1x1x1
Kcur-20,RESHAPE,0.000313,1420.131979,4096,5698600,128x8x1x1,0x0x0,128x8x1x1
norm-20,RMS_NORM,0.055312,1420.190989,4096,5698600,128x8x1x1,0x0x0,128x8x1x1
Kcur_normed-20,MUL,0.001407,1420.196719,4096,5698600,128x8x1x1,0x0x0,128x8x1x1
Kcur-20,ROPE,0.001980,1420.202396,4096,5698600,128x8x1x1,0x0x0,128x8x1x1
Kcur-20 (view),VIEW,0.000313,1420.206354,4096,5698600,1024x1x1x1,0x0x0,1024x1x1x1
cache_k_l20 (view),SET_ROWS,0.023906,1420.234010,83886080,5698600,1024x40960x1x1,0x0x0,1024x40960x1x1
Vcur-20 (view),VIEW,0.000313,1420.238854,4096,5698600,1024x1x1x1,0x0x0,1024x1x1x1
cache_v_l20 (view),SET_ROWS,0.012656,1420.255104,83886080,5698600,1024x40960x1x1,0x0x0,1024x40960x1x1
Qcur-20 (view),VIEW,0.000521,1420.259948,8192,5698600,128x16x1x1,0x0x0,128x16x1x1
Qcur-20 (view) (permuted),PERMUTE,0.017916,1420.281614,8192,5698600,128x1x16x1,0x0x0,128x1x16x1
cache_k_l20 (view),VIEW,0.000417,1420.286354,524288,5698600,128x8x256x1,0x0x0,128x8x256x1
cache_k_l20 (view) (permuted),PERMUTE,0.013021,1420.303229,524288,5698600,128x256x8x1,0x0x0,128x256x8x1
cache_v_l20 (view),VIEW,0.000469,1420.316094,524288,5698600,128x8x256x1,0x0x0,128x8x256x1
cache_v_l20 (view) (permuted),PERMUTE,0.015521,1420.335729,524288,5698600,128x256x8x1,0x0x0,128x256x8x1
node_725,FLASH_ATTN_EXT,0.014792,1420.354844,8192,5698600,128x16x1x1,0x0x0,128x16x1x1
kqv_out-20,RESHAPE,0.000261,1420.359375,8192,5698600,2048x1x1x1,0x0x0,2048x1x1x1
node_727,MUL_MAT,0.117083,1420.480260,8192,5698600,2048x1x1x1,0x0x0,2048x1x1x1
ffn_inp-20,ADD,0.001354,1420.486198,8192,5698600,2048x1x1x1,0x0x0,2048x1x1x1
norm-20,RMS_NORM,0.003281,1420.493281,8192,5698600,2048x1x1x1,0x0x0,2048x1x1x1
ffn_norm-20,MUL,0.001354,1420.498333,8192,5698600,2048x1x1x1,0x0x0,2048x1x1x1
ffn_gate-20,MUL_MAT,0.180000,1420.681979,24576,5698600,6144x1x1x1,0x0x0,6144x1x1x1
ffn_up-20,MUL_MAT,0.163490,1420.850573,24576,5698600,6144x1x1x1,0x0x0,6144x1x1x1
ffn_swiglu-20,GLU,0.004323,1420.859531,24576,5698600,6144x1x1x1,0x0x0,6144x1x1x1
ffn_out-20,MUL_MAT,0.182916,1421.046510,8192,5698600,2048x1x1x1,0x0x0,2048x1x1x1
l_out-20,ADD,0.001354,1421.052448,8192,5698600,2048x1x1x1,0x0x0,2048x1x1x1
norm-21,RMS_NORM,0.003333,1421.059583,8192,5698600,2048x1x1x1,0x0x0,2048x1x1x1
attn_norm-21,MUL,0.001667,1421.064844,8192,5698600,2048x1x1x1,0x0x0,2048x1x1x1
Qcur-21,MUL_MAT,0.175730,1421.244219,8192,5698600,2048x1x1x1,0x0x0,2048x1x1x1
Qcur-21,RESHAPE,0.000312,1421.248906,8192,5698600,128x16x1x1,0x0x0,128x16x1x1
norm-21,RMS_NORM,0.056198,1421.309010,8192,5698600,128x16x1x1,0x0x0,128x16x1x1
Qcur_normed-21,MUL,0.001823,1421.315312,8192,5698600,128x16x1x1,0x0x0,128x16x1x1
Qcur-21,ROPE,0.001979,1421.320937,8192,5698600,128x16x1x1,0x0x0,128x16x1x1
Vcur-21,MUL_MAT,0.032708,1421.357239,4096,5698600,1024x1x1x1,0x0x0,1024x1x1x1
Vcur-21,RESHAPE,0.000313,1421.361927,4096,5698600,128x8x1x1,0x0x0,128x8x1x1
Kcur-21,MUL_MAT,0.085937,1421.451510,4096,5698600,1024x1x1x1,0x0x0,1024x1x1x1
Kcur-21,RESHAPE,0.000416,1421.456510,4096,5698600,128x8x1x1,0x0x0,128x8x1x1
norm-21,RMS_NORM,0.056771,1421.517083,4096,5698600,128x8x1x1,0x0x0,128x8x1x1
Kcur_normed-21,MUL,0.001250,1421.522760,4096,5698600,128x8x1x1,0x0x0,128x8x1x1
Kcur-21,ROPE,0.001719,1421.528229,4096,5698600,128x8x1x1,0x0x0,128x8x1x1
Kcur-21 (view),VIEW,0.000416,1421.532291,4096,5698600,1024x1x1x1,0x0x0,1024x1x1x1
cache_k_l21 (view),SET_ROWS,0.019063,1421.555052,83886080,5698600,1024x40960x1x1,0x0x0,1024x40960x1x1
Vcur-21 (view),VIEW,0.000260,1421.559635,4096,5698600,1024x1x1x1,0x0x0,1024x1x1x1
cache_v_l21 (view),SET_ROWS,0.020365,1421.583854,83886080,5698600,1024x40960x1x1,0x0x0,1024x40960x1x1
Qcur-21 (view),VIEW,0.000417,1421.588594,8192,5698600,128x16x1x1,0x0x0,128x16x1x1
Qcur-21 (view) (permuted),PERMUTE,0.011823,1421.604271,8192,5698600,128x1x16x1,0x0x0,128x1x16x1
cache_k_l21 (view),VIEW,0.005053,1421.613594,524288,5698600,128x8x256x1,0x0x0,128x8x256x1
cache_k_l21 (view) (permuted),PERMUTE,0.013281,1421.631041,524288,5698600,128x256x8x1,0x0x0,128x256x8x1
cache_v_l21 (view),VIEW,0.000313,1421.635677,524288,5698600,128x8x256x1,0x0x0,128x8x256x1
cache_v_l21 (view) (permuted),PERMUTE,0.011718,1421.651041,524288,5698600,128x256x8x1,0x0x0,128x256x8x1
node_760,FLASH_ATTN_EXT,0.027761,1421.683125,8192,5698600,128x16x1x1,0x0x0,128x16x1x1
kqv_out-21,RESHAPE,0.000260,1421.687656,8192,5698600,2048x1x1x1,0x0x0,2048x1x1x1
node_762,MUL_MAT,0.116979,1421.808385,8192,5698600,2048x1x1x1,0x0x0,2048x1x1x1
ffn_inp-21,ADD,0.001510,1421.814479,8192,5698600,2048x1x1x1,0x0x0,2048x1x1x1
norm-21,RMS_NORM,0.003177,1421.821510,8192,5698600,2048x1x1x1,0x0x0,2048x1x1x1
ffn_norm-21,MUL,0.001354,1421.826562,8192,5698600,2048x1x1x1,0x0x0,2048x1x1x1
ffn_gate-21,MUL_MAT,0.164271,1421.994479,24576,5698600,6144x1x1x1,0x0x0,6144x1x1x1
ffn_up-21,MUL_MAT,0.164479,1422.163437,24576,5698600,6144x1x1x1,0x0x0,6144x1x1x1
ffn_swiglu-21,GLU,0.004375,1422.172552,24576,5698600,6144x1x1x1,0x0x0,6144x1x1x1
ffn_out-21,MUL_MAT,0.164323,1422.340885,8192,5698600,2048x1x1x1,0x0x0,2048x1x1x1
l_out-21,ADD,0.001302,1422.346771,8192,5698600,2048x1x1x1,0x0x0,2048x1x1x1
norm-22,RMS_NORM,0.003333,1422.353906,8192,5698600,2048x1x1x1,0x0x0,2048x1x1x1
attn_norm-22,MUL,0.001667,1422.359323,8192,5698600,2048x1x1x1,0x0x0,2048x1x1x1
Qcur-22,MUL_MAT,0.062188,1422.428750,8192,5698600,2048x1x1x1,0x0x0,2048x1x1x1
Qcur-22,RESHAPE,0.000312,1422.433385,8192,5698600,128x16x1x1,0x0x0,128x16x1x1
norm-22,RMS_NORM,0.076042,1422.513281,8192,5698600,128x16x1x1,0x0x0,128x16x1x1
Qcur_normed-22,MUL,0.001875,1422.519687,8192,5698600,128x16x1x1,0x0x0,128x16x1x1
Qcur-22,ROPE,0.002084,1422.525469,8192,5698600,128x16x1x1,0x0x0,128x16x1x1
Vcur-22,MUL_MAT,0.034532,1422.563698,4096,5698600,1024x1x1x1,0x0x0,1024x1x1x1
Vcur-22,RESHAPE,0.000313,1422.568125,4096,5698600,128x8x1x1,0x0x0,128x8x1x1
Kcur-22,MUL_MAT,0.089583,1422.661406,4096,5698600,1024x1x1x1,0x0x0,1024x1x1x1
Kcur-22,RESHAPE,0.000469,1422.666302,4096,5698600,128x8x1x1,0x0x0,128x8x1x1
norm-22,RMS_NORM,0.034218,1422.704166,4096,5698600,128x8x1x1,0x0x0,128x8x1x1
Kcur_normed-22,MUL,0.001250,1422.709844,4096,5698600,128x8x1x1,0x0x0,128x8x1x1
Kcur-22,ROPE,0.001980,1422.715469,4096,5698600,128x8x1x1,0x0x0,128x8x1x1
Kcur-22 (view),VIEW,0.000313,1422.719375,4096,5698600,1024x1x1x1,0x0x0,1024x1x1x1
cache_k_l22 (view),SET_ROWS,0.020104,1422.743125,83886080,5698600,1024x40960x1x1,0x0x0,1024x40960x1x1
Vcur-22 (view),VIEW,0.000312,1422.747916,4096,5698600,1024x1x1x1,0x0x0,1024x1x1x1
cache_v_l22 (view),SET_ROWS,0.013750,1422.765416,83886080,5698600,1024x40960x1x1,0x0x0,1024x40960x1x1
Qcur-22 (view),VIEW,0.000417,1422.770156,8192,5698600,128x16x1x1,0x0x0,128x16x1x1
Qcur-22 (view) (permuted),PERMUTE,0.014583,1422.788541,8192,5698600,128x1x16x1,0x0x0,128x1x16x1
cache_k_l22 (view),VIEW,0.000261,1422.793177,524288,5698600,128x8x256x1,0x0x0,128x8x256x1
cache_k_l22 (view) (permuted),PERMUTE,0.012604,1422.809583,524288,5698600,128x256x8x1,0x0x0,128x256x8x1
cache_v_l22 (view),VIEW,0.004271,1422.818229,524288,5698600,128x8x256x1,0x0x0,128x8x256x1
cache_v_l22 (view) (permuted),PERMUTE,0.012656,1422.835052,524288,5698600,128x256x8x1,0x0x0,128x256x8x1
node_795,FLASH_ATTN_EXT,0.024322,1422.863541,8192,5698600,128x16x1x1,0x0x0,128x16x1x1
kqv_out-22,RESHAPE,0.000365,1422.868177,8192,5698600,2048x1x1x1,0x0x0,2048x1x1x1
node_797,MUL_MAT,0.121614,1422.993541,8192,5698600,2048x1x1x1,0x0x0,2048x1x1x1
ffn_inp-22,ADD,0.001458,1422.999687,8192,5698600,2048x1x1x1,0x0x0,2048x1x1x1
norm-22,RMS_NORM,0.003229,1423.006666,8192,5698600,2048x1x1x1,0x0x0,2048x1x1x1
ffn_norm-22,MUL,0.001355,1423.011719,8192,5698600,2048x1x1x1,0x0x0,2048x1x1x1
ffn_gate-22,MUL_MAT,0.161771,1423.177187,24576,5698600,6144x1x1x1,0x0x0,6144x1x1x1
ffn_up-22,MUL_MAT,0.161875,1423.343541,24576,5698600,6144x1x1x1,0x0x0,6144x1x1x1
ffn_swiglu-22,GLU,0.004271,1423.352344,24576,5698600,6144x1x1x1,0x0x0,6144x1x1x1
ffn_out-22,MUL_MAT,0.164479,1423.520833,8192,5698600,2048x1x1x1,0x0x0,2048x1x1x1
l_out-22,ADD,0.001354,1423.526875,8192,5698600,2048x1x1x1,0x0x0,2048x1x1x1
norm-23,RMS_NORM,0.003437,1423.534062,8192,5698600,2048x1x1x1,0x0x0,2048x1x1x1
attn_norm-23,MUL,0.001510,1423.539166,8192,5698600,2048x1x1x1,0x0x0,2048x1x1x1
Qcur-23,MUL_MAT,0.056354,1423.599166,8192,5698600,2048x1x1x1,0x0x0,2048x1x1x1
Qcur-23,RESHAPE,0.000313,1423.603802,8192,5698600,128x16x1x1,0x0x0,128x16x1x1
norm-23,RMS_NORM,0.057969,1423.665677,8192,5698600,128x16x1x1,0x0x0,128x16x1x1
Qcur_normed-23,MUL,0.001823,1423.671875,8192,5698600,128x16x1x1,0x0x0,128x16x1x1
Qcur-23,ROPE,0.002135,1423.677760,8192,5698600,128x16x1x1,0x0x0,128x16x1x1
Vcur-23,MUL_MAT,0.034323,1423.715729,4096,5698600,1024x1x1x1,0x0x0,1024x1x1x1
Vcur-23,RESHAPE,0.000468,1423.720312,4096,5698600,128x8x1x1,0x0x0,128x8x1x1
Kcur-23,MUL_MAT,0.087032,1423.811094,4096,5698600,1024x1x1x1,0x0x0,1024x1x1x1
Kcur-23,RESHAPE,0.000469,1423.816198,4096,5698600,128x8x1x1,0x0x0,128x8x1x1
norm-23,RMS_NORM,0.057448,1423.877396,4096,5698600,128x8x1x1,0x0x0,128x8x1x1
Kcur_normed-23,MUL,0.001458,1423.883437,4096,5698600,128x8x1x1,0x0x0,128x8x1x1
Kcur-23,ROPE,0.001979,1423.889114,4096,5698600,128x8x1x1,0x0x0,128x8x1x1
Kcur-23 (view),VIEW,0.000261,1423.893021,4096,5698600,1024x1x1x1,0x0x0,1024x1x1x1
cache_k_l23 (view),SET_ROWS,0.024739,1423.921510,83886080,5698600,1024x40960x1x1,0x0x0,1024x40960x1x1
Vcur-23 (view),VIEW,0.000417,1423.926406,4096,5698600,1024x1x1x1,0x0x0,1024x1x1x1
cache_v_l23 (view),SET_ROWS,0.019531,1423.952916,83886080,5698600,1024x40960x1x1,0x0x0,1024x40960x1x1
Qcur-23 (view),VIEW,0.004375,1423.961823,8192,5698600,128x16x1x1,0x0x0,128x16x1x1
Qcur-23 (view) (permuted),PERMUTE,0.009584,1423.975469,8192,5698600,128x1x16x1,0x0x0,128x1x16x1
cache_k_l23 (view),VIEW,0.004531,1423.984166,524288,5698600,128x8x256x1,0x0x0,128x8x256x1
cache_k_l23 (view) (permuted),PERMUTE,0.010521,1423.998958,524288,5698600,128x256x8x1,0x0x0,128x256x8x1
cache_v_l23 (view),VIEW,0.000260,1424.003385,524288,5698600,128x8x256x1,0x0x0,128x8x256x1
cache_v_l23 (view) (permuted),PERMUTE,0.010729,1424.018125,524288,5698600,128x256x8x1,0x0x0,128x256x8x1
node_830,FLASH_ATTN_EXT,0.024323,1424.046614,8192,5698600,128x16x1x1,0x0x0,128x16x1x1
kqv_out-23,RESHAPE,0.000313,1424.051146,8192,5698600,2048x1x1x1,0x0x0,2048x1x1x1
node_832,MUL_MAT,0.110989,1424.165885,8192,5698600,2048x1x1x1,0x0x0,2048x1x1x1
ffn_inp-23,ADD,0.001511,1424.171875,8192,5698600,2048x1x1x1,0x0x0,2048x1x1x1
norm-23,RMS_NORM,0.003229,1424.178854,8192,5698600,2048x1x1x1,0x0x0,2048x1x1x1
ffn_norm-23,MUL,0.001510,1424.183958,8192,5698600,2048x1x1x1,0x0x0,2048x1x1x1
ffn_gate-23,MUL_MAT,0.171979,1424.359635,24576,5698600,6144x1x1x1,0x0x0,6144x1x1x1
ffn_up-23,MUL_MAT,0.161875,1424.526198,24576,5698600,6144x1x1x1,0x0x0,6144x1x1x1
ffn_swiglu-23,GLU,0.004375,1424.535000,24576,5698600,6144x1x1x1,0x0x0,6144x1x1x1
ffn_out-23,MUL_MAT,0.188646,1424.727708,8192,5698600,2048x1x1x1,0x0x0,2048x1x1x1
l_out-23,ADD,0.001354,1424.733698,8192,5698600,2048x1x1x1,0x0x0,2048x1x1x1
norm-24,RMS_NORM,0.003281,1424.740729,8192,5698600,2048x1x1x1,0x0x0,2048x1x1x1
attn_norm-24,MUL,0.001406,1424.745833,8192,5698600,2048x1x1x1,0x0x0,2048x1x1x1
Qcur-24,MUL_MAT,0.064688,1424.814219,8192,5698600,2048x1x1x1,0x0x0,2048x1x1x1
Qcur-24,RESHAPE,0.000521,1424.819010,8192,5698600,128x16x1x1,0x0x0,128x16x1x1
norm-24,RMS_NORM,0.058646,1424.881458,8192,5698600,128x16x1x1,0x0x0,128x16x1x1
Qcur_normed-24,MUL,0.001927,1424.887812,8192,5698600,128x16x1x1,0x0x0,128x16x1x1
Qcur-24,ROPE,0.001980,1424.893594,8192,5698600,128x16x1x1,0x0x0,128x16x1x1
Vcur-24,MUL_MAT,0.033959,1424.931198,4096,5698600,1024x1x1x1,0x0x0,1024x1x1x1
Vcur-24,RESHAPE,0.000469,1424.935833,4096,5698600,128x8x1x1,0x0x0,128x8x1x1
Kcur-24,MUL_MAT,0.091146,1425.030729,4096,5698600,1024x1x1x1,0x0x0,1024x1x1x1
Kcur-24,RESHAPE,0.000469,1425.035625,4096,5698600,128x8x1x1,0x0x0,128x8x1x1
norm-24,RMS_NORM,0.057291,1425.096666,4096,5698600,128x8x1x1,0x0x0,128x8x1x1
Kcur_normed-24,MUL,0.001459,1425.102448,4096,5698600,128x8x1x1,0x0x0,128x8x1x1
Kcur-24,ROPE,0.002083,1425.108177,4096,5698600,128x8x1x1,0x0x0,128x8x1x1
Kcur-24 (view),VIEW,0.000468,1425.112291,4096,5698600,1024x1x1x1,0x0x0,1024x1x1x1
cache_k_l24 (view),SET_ROWS,0.024219,1425.140208,83886080,5698600,1024x40960x1x1,0x0x0,1024x40960x1x1
Vcur-24 (view),VIEW,0.000313,1425.145104,4096,5698600,1024x1x1x1,0x0x0,1024x1x1x1
cache_v_l24 (view),SET_ROWS,0.012448,1425.161250,83886080,5698600,1024x40960x1x1,0x0x0,1024x40960x1x1
Qcur-24 (view),VIEW,0.000469,1425.166094,8192,5698600,128x16x1x1,0x0x0,128x16x1x1
Qcur-24 (view) (permuted),PERMUTE,0.016563,1425.186302,8192,5698600,128x1x16x1,0x0x0,128x1x16x1
cache_k_l24 (view),VIEW,0.000260,1425.190833,524288,5698600,128x8x256x1,0x0x0,128x8x256x1
cache_k_l24 (view) (permuted),PERMUTE,0.013542,1425.208229,524288,5698600,128x256x8x1,0x0x0,128x256x8x1
cache_v_l24 (view),VIEW,0.000468,1425.212916,524288,5698600,128x8x256x1,0x0x0,128x8x256x1
cache_v_l24 (view) (permuted),PERMUTE,0.014115,1425.230781,524288,5698600,128x256x8x1,0x0x0,128x256x8x1
node_865,FLASH_ATTN_EXT,0.040000,1425.275104,8192,5698600,128x16x1x1,0x0x0,128x16x1x1
kqv_out-24,RESHAPE,0.000312,1425.279583,8192,5698600,2048x1x1x1,0x0x0,2048x1x1x1
node_867,MUL_MAT,0.111563,1425.394948,8192,5698600,2048x1x1x1,0x0x0,2048x1x1x1
ffn_inp-24,ADD,0.001510,1425.400989,8192,5698600,2048x1x1x1,0x0x0,2048x1x1x1
norm-24,RMS_NORM,0.003230,1425.407969,8192,5698600,2048x1x1x1,0x0x0,2048x1x1x1
ffn_norm-24,MUL,0.001355,1425.412969,8192,5698600,2048x1x1x1,0x0x0,2048x1x1x1
ffn_gate-24,MUL_MAT,0.170209,1425.589844,24576,5698600,6144x1x1x1,0x0x0,6144x1x1x1
ffn_up-24,MUL_MAT,0.171562,1425.765833,24576,5698600,6144x1x1x1,0x0x0,6144x1x1x1
ffn_swiglu-24,GLU,0.004271,1425.774531,24576,5698600,6144x1x1x1,0x0x0,6144x1x1x1
ffn_out-24,MUL_MAT,0.169792,1425.948281,8192,5698600,2048x1x1x1,0x0x0,2048x1x1x1
l_out-24,ADD,0.001510,1425.954166,8192,5698600,2048x1x1x1,0x0x0,2048x1x1x1
norm-25,RMS_NORM,0.003386,1425.961302,8192,5698600,2048x1x1x1,0x0x0,2048x1x1x1
attn_norm-25,MUL,0.001458,1425.966510,8192,5698600,2048x1x1x1,0x0x0,2048x1x1x1
Qcur-25,MUL_MAT,0.064792,1426.034896,8192,5698600,2048x1x1x1,0x0x0,2048x1x1x1
Qcur-25,RESHAPE,0.000313,1426.039427,8192,5698600,128x16x1x1,0x0x0,128x16x1x1
norm-25,RMS_NORM,0.058958,1426.102239,8192,5698600,128x16x1x1,0x0x0,128x16x1x1
Qcur_normed-25,MUL,0.001823,1426.108437,8192,5698600,128x16x1x1,0x0x0,128x16x1x1
Qcur-25,ROPE,0.002084,1426.114219,8192,5698600,128x16x1x1,0x0x0,128x16x1x1
Vcur-25,MUL_MAT,0.034271,1426.152135,4096,5698600,1024x1x1x1,0x0x0,1024x1x1x1
Vcur-25,RESHAPE,0.000834,1426.157448,4096,5698600,128x8x1x1,0x0x0,128x8x1x1
Kcur-25,MUL_MAT,0.089739,1426.251041,4096,5698600,1024x1x1x1,0x0x0,1024x1x1x1
Kcur-25,RESHAPE,0.000417,1426.255833,4096,5698600,128x8x1x1,0x0x0,128x8x1x1
norm-25,RMS_NORM,0.058073,1426.317812,4096,5698600,128x8x1x1,0x0x0,128x8x1x1
Kcur_normed-25,MUL,0.001459,1426.323646,4096,5698600,128x8x1x1,0x0x0,128x8x1x1
Kcur-25,ROPE,0.001927,1426.329166,4096,5698600,128x8x1x1,0x0x0,128x8x1x1
Kcur-25 (view),VIEW,0.000469,1426.333281,4096,5698600,1024x1x1x1,0x0x0,1024x1x1x1
cache_k_l25 (view),SET_ROWS,0.015677,1426.352708,83886080,5698600,1024x40960x1x1,0x0x0,1024x40960x1x1
Vcur-25 (view),VIEW,0.000469,1426.357448,4096,5698600,1024x1x1x1,0x0x0,1024x1x1x1
cache_v_l25 (view),SET_ROWS,0.013698,1426.374948,83886080,5698600,1024x40960x1x1,0x0x0,1024x40960x1x1
Qcur-25 (view),VIEW,0.000312,1426.379583,8192,5698600,128x16x1x1,0x0x0,128x16x1x1
Qcur-25 (view) (permuted),PERMUTE,0.012031,1426.395260,8192,5698600,128x1x16x1,0x0x0,128x1x16x1
cache_k_l25 (view),VIEW,0.000469,1426.400052,524288,5698600,128x8x256x1,0x0x0,128x8x256x1
cache_k_l25 (view) (permuted),PERMUTE,0.012865,1426.416875,524288,5698600,128x256x8x1,0x0x0,128x256x8x1
cache_v_l25 (view),VIEW,0.000885,1426.422083,524288,5698600,128x8x256x1,0x0x0,128x8x256x1
cache_v_l25 (view) (permuted),PERMUTE,0.011875,1426.437760,524288,5698600,128x256x8x1,0x0x0,128x256x8x1
node_900,FLASH_ATTN_EXT,0.038073,1426.480156,8192,5698600,128x16x1x1,0x0x0,128x16x1x1
kqv_out-25,RESHAPE,0.000312,1426.484531,8192,5698600,2048x1x1x1,0x0x0,2048x1x1x1
node_902,MUL_MAT,0.110573,1426.598854,8192,5698600,2048x1x1x1,0x0x0,2048x1x1x1
ffn_inp-25,ADD,0.001562,1426.604791,8192,5698600,2048x1x1x1,0x0x0,2048x1x1x1
norm-25,RMS_NORM,0.003230,1426.611719,8192,5698600,2048x1x1x1,0x0x0,2048x1x1x1
ffn_norm-25,MUL,0.001355,1426.616719,8192,5698600,2048x1x1x1,0x0x0,2048x1x1x1
ffn_gate-25,MUL_MAT,0.208542,1426.828958,24576,5698600,6144x1x1x1,0x0x0,6144x1x1x1
ffn_up-25,MUL_MAT,0.171979,1427.005416,24576,5698600,6144x1x1x1,0x0x0,6144x1x1x1
ffn_swiglu-25,GLU,0.004271,1427.014062,24576,5698600,6144x1x1x1,0x0x0,6144x1x1x1
ffn_out-25,MUL_MAT,0.166771,1427.184844,8192,5698600,2048x1x1x1,0x0x0,2048x1x1x1
l_out-25,ADD,0.001458,1427.190729,8192,5698600,2048x1x1x1,0x0x0,2048x1x1x1
norm-26,RMS_NORM,0.003229,1427.197656,8192,5698600,2048x1x1x1,0x0x0,2048x1x1x1
attn_norm-26,MUL,0.001458,1427.202760,8192,5698600,2048x1x1x1,0x0x0,2048x1x1x1
Qcur-26,MUL_MAT,0.055729,1427.262083,8192,5698600,2048x1x1x1,0x0x0,2048x1x1x1
Qcur-26,RESHAPE,0.000313,1427.266719,8192,5698600,128x16x1x1,0x0x0,128x16x1x1
norm-26,RMS_NORM,0.058958,1427.329583,8192,5698600,128x16x1x1,0x0x0,128x16x1x1
Qcur_normed-26,MUL,0.001667,1427.335677,8192,5698600,128x16x1x1,0x0x0,128x16x1x1
Qcur-26,ROPE,0.002031,1427.341354,8192,5698600,128x16x1x1,0x0x0,128x16x1x1
Vcur-26,MUL_MAT,0.034323,1427.379375,4096,5698600,1024x1x1x1,0x0x0,1024x1x1x1
Vcur-26,RESHAPE,0.000416,1427.384010,4096,5698600,128x8x1x1,0x0x0,128x8x1x1
Kcur-26,MUL_MAT,0.091563,1427.479375,4096,5698600,1024x1x1x1,0x0x0,1024x1x1x1
Kcur-26,RESHAPE,0.000417,1427.484271,4096,5698600,128x8x1x1,0x0x0,128x8x1x1
norm-26,RMS_NORM,0.055312,1427.546510,4096,5698600,128x8x1x1,0x0x0,128x8x1x1
Kcur_normed-26,MUL,0.001354,1427.552291,4096,5698600,128x8x1x1,0x0x0,128x8x1x1
Kcur-26,ROPE,0.001771,1427.557760,4096,5698600,128x8x1x1,0x0x0,128x8x1x1
Kcur-26 (view),VIEW,0.000313,1427.561771,4096,5698600,1024x1x1x1,0x0x0,1024x1x1x1
cache_k_l26 (view),SET_ROWS,0.023803,1427.589219,83886080,5698600,1024x40960x1x1,0x0x0,1024x40960x1x1
Vcur-26 (view),VIEW,0.000260,1427.593854,4096,5698600,1024x1x1x1,0x0x0,1024x1x1x1
cache_v_l26 (view),SET_ROWS,0.012865,1427.610469,83886080,5698600,1024x40960x1x1,0x0x0,1024x40960x1x1
Qcur-26 (view),VIEW,0.000729,1427.615573,8192,5698600,128x16x1x1,0x0x0,128x16x1x1
Qcur-26 (view) (permuted),PERMUTE,0.014843,1427.634166,8192,5698600,128x1x16x1,0x0x0,128x1x16x1
cache_k_l26 (view),VIEW,0.000521,1427.639010,524288,5698600,128x8x256x1,0x0x0,128x8x256x1
cache_k_l26 (view) (permuted),PERMUTE,0.013125,1427.656041,524288,5698600,128x256x8x1,0x0x0,128x256x8x1
cache_v_l26 (view),VIEW,0.000261,1427.660521,524288,5698600,128x8x256x1,0x0x0,128x8x256x1
cache_v_l26 (view) (permuted),PERMUTE,0.011510,1427.675729,524288,5698600,128x256x8x1,0x0x0,128x256x8x1
node_935,FLASH_ATTN_EXT,0.017135,1427.697135,8192,5698600,128x16x1x1,0x0x0,128x16x1x1
kqv_out-26,RESHAPE,0.000469,1427.701719,8192,5698600,2048x1x1x1,0x0x0,2048x1x1x1
node_937,MUL_MAT,0.111042,1427.816354,8192,5698600,2048x1x1x1,0x0x0,2048x1x1x1
ffn_inp-26,ADD,0.001354,1427.822291,8192,5698600,2048x1x1x1,0x0x0,2048x1x1x1
norm-26,RMS_NORM,0.003229,1427.829375,8192,5698600,2048x1x1x1,0x0x0,2048x1x1x1
ffn_norm-26,MUL,0.001406,1427.834375,8192,5698600,2048x1x1x1,0x0x0,2048x1x1x1
ffn_gate-26,MUL_MAT,0.171979,1428.010000,24576,5698600,6144x1x1x1,0x0x0,6144x1x1x1
ffn_up-26,MUL_MAT,0.172240,1428.186823,24576,5698600,6144x1x1x1,0x0x0,6144x1x1x1
ffn_swiglu-26,GLU,0.004271,1428.195625,24576,5698600,6144x1x1x1,0x0x0,6144x1x1x1
ffn_out-26,MUL_MAT,0.163698,1428.363385,8192,5698600,2048x1x1x1,0x0x0,2048x1x1x1
l_out-26,ADD,0.001406,1428.369114,8192,5698600,2048x1x1x1,0x0x0,2048x1x1x1
norm-27,RMS_NORM,0.003438,1428.376198,8192,5698600,2048x1x1x1,0x0x0,2048x1x1x1
attn_norm-27,MUL,0.001510,1428.381458,8192,5698600,2048x1x1x1,0x0x0,2048x1x1x1
Qcur-27,MUL_MAT,0.064844,1428.450104,8192,5698600,2048x1x1x1,0x0x0,2048x1x1x1
Qcur-27,RESHAPE,0.000260,1428.454687,8192,5698600,128x16x1x1,0x0x0,128x16x1x1
norm-27,RMS_NORM,0.058698,1428.517239,8192,5698600,128x16x1x1,0x0x0,128x16x1x1
Qcur_normed-27,MUL,0.001667,1428.523229,8192,5698600,128x16x1x1,0x0x0,128x16x1x1
Qcur-27,ROPE,0.002083,1428.529062,8192,5698600,128x16x1x1,0x0x0,128x16x1x1
Vcur-27,MUL_MAT,0.055729,1428.588489,4096,5698600,1024x1x1x1,0x0x0,1024x1x1x1
Vcur-27,RESHAPE,0.000312,1428.593385,4096,5698600,128x8x1x1,0x0x0,128x8x1x1
Kcur-27,MUL_MAT,0.095834,1428.692969,4096,5698600,1024x1x1x1,0x0x0,1024x1x1x1
Kcur-27,RESHAPE,0.000469,1428.698125,4096,5698600,128x8x1x1,0x0x0,128x8x1x1
norm-27,RMS_NORM,0.057760,1428.759687,4096,5698600,128x8x1x1,0x0x0,128x8x1x1
Kcur_normed-27,MUL,0.001407,1428.765521,4096,5698600,128x8x1x1,0x0x0,128x8x1x1
Kcur-27,ROPE,0.002083,1428.771406,4096,5698600,128x8x1x1,0x0x0,128x8x1x1
Kcur-27 (view),VIEW,0.000469,1428.775521,4096,5698600,1024x1x1x1,0x0x0,1024x1x1x1
cache_k_l27 (view),SET_ROWS,0.024479,1428.803698,83886080,5698600,1024x40960x1x1,0x0x0,1024x40960x1x1
Vcur-27 (view),VIEW,0.000312,1428.808437,4096,5698600,1024x1x1x1,0x0x0,1024x1x1x1
cache_v_l27 (view),SET_ROWS,0.012657,1428.824844,83886080,5698600,1024x40960x1x1,0x0x0,1024x40960x1x1
Qcur-27 (view),VIEW,0.000730,1428.829896,8192,5698600,128x16x1x1,0x0x0,128x16x1x1
Qcur-27 (view) (permuted),PERMUTE,0.015885,1428.849531,8192,5698600,128x1x16x1,0x0x0,128x1x16x1
cache_k_l27 (view),VIEW,0.005261,1428.859271,524288,5698600,128x8x256x1,0x0x0,128x8x256x1
cache_k_l27 (view) (permuted),PERMUTE,0.010938,1428.874271,524288,5698600,128x256x8x1,0x0x0,128x256x8x1
cache_v_l27 (view),VIEW,0.000261,1428.878802,524288,5698600,128x8x256x1,0x0x0,128x8x256x1
cache_v_l27 (view) (permuted),PERMUTE,0.000521,1428.883125,524288,5698600,128x256x8x1,0x0x0,128x256x8x1
node_970,FLASH_ATTN_EXT,0.015833,1428.905677,8192,5698600,128x16x1x1,0x0x0,128x16x1x1
kqv_out-27,RESHAPE,0.000313,1428.910573,8192,5698600,2048x1x1x1,0x0x0,2048x1x1x1
node_972,MUL_MAT,0.119844,1429.034219,8192,5698600,2048x1x1x1,0x0x0,2048x1x1x1
node_973,GET_ROWS,0.001094,1429.040052,8192,5698600,2048x1x1x1,0x0x0,2048x1x1x1
node_974,GET_ROWS,0.024010,1429.067812,8192,5698600,2048x1x1x1,0x0x0,2048x1x1x1
ffn_inp-27,ADD,0.028386,1429.100573,8192,5698600,2048x1x1x1,0x0x0,2048x1x1x1
norm-27,RMS_NORM,0.003229,1429.107604,8192,5698600,2048x1x1x1,0x0x0,2048x1x1x1
ffn_norm-27,MUL,0.001406,1429.112812,8192,5698600,2048x1x1x1,0x0x0,2048x1x1x1
ffn_gate-27,MUL_MAT,0.162552,1429.279114,24576,5698600,6144x1x1x1,0x0x0,6144x1x1x1
ffn_up-27,MUL_MAT,0.170261,1429.453750,24576,5698600,6144x1x1x1,0x0x0,6144x1x1x1
ffn_swiglu-27,GLU,0.004219,1429.462448,24576,5698600,6144x1x1x1,0x0x0,6144x1x1x1
ffn_out-27,MUL_MAT,0.164375,1429.630989,8192,5698600,2048x1x1x1,0x0x0,2048x1x1x1
l_out-27,ADD,0.001406,1429.636927,8192,5698600,2048x1x1x1,0x0x0,2048x1x1x1
norm,RMS_NORM,0.003125,1429.643906,8192,5698600,2048x1x1x1,0x0x0,2048x1x1x1
result_norm,MUL,0.001771,1429.649375,8192,5698600,2048x1x1x1,0x0x0,2048x1x1x1
result_output,MUL_MAT,5.075573,1434.728594,607744,5698600,151936x1x1x1,0x0x0,151936x1x1x1
embd,GET_ROWS,0.001927,1435.039739,8192,5698600,2048x1x1x1,0x0x0,2048x1x1x1
norm-0,RMS_NORM,0.109166,1435.154687,8192,5698600,2048x1x1x1,0x0x0,2048x1x1x1
attn_norm-0,MUL,0.001718,1435.161041,8192,5698600,2048x1x1x1,0x0x0,2048x1x1x1
Qcur-0,MUL_MAT,0.055521,1435.220469,8192,5698600,2048x1x1x1,0x0x0,2048x1x1x1
Qcur-0,RESHAPE,0.000312,1435.225208,8192,5698600,128x16x1x1,0x0x0,128x16x1x1
norm-0,RMS_NORM,0.098698,1435.327708,8192,5698600,128x16x1x1,0x0x0,128x16x1x1
Qcur_normed-0,MUL,0.001667,1435.333854,8192,5698600,128x16x1x1,0x0x0,128x16x1x1
Qcur-0,ROPE,0.002552,1435.340104,8192,5698600,128x16x1x1,0x0x0,128x16x1x1
Vcur-0,MUL_MAT,0.034531,1435.378281,4096,5698600,1024x1x1x1,0x0x0,1024x1x1x1
Vcur-0,RESHAPE,0.000312,1435.382812,4096,5698600,128x8x1x1,0x0x0,128x8x1x1
Kcur-0,MUL_MAT,0.138177,1435.524635,4096,5698600,1024x1x1x1,0x0x0,1024x1x1x1
Kcur-0,RESHAPE,0.000313,1435.529479,4096,5698600,128x8x1x1,0x0x0,128x8x1x1
norm-0,RMS_NORM,0.070000,1435.603229,4096,5698600,128x8x1x1,0x0x0,128x8x1x1
Kcur_normed-0,MUL,0.001563,1435.609271,4096,5698600,128x8x1x1,0x0x0,128x8x1x1
Kcur-0,ROPE,0.001927,1435.614791,4096,5698600,128x8x1x1,0x0x0,128x8x1x1
Kcur-0 (view),VIEW,0.000469,1435.618854,4096,5698600,1024x1x1x1,0x0x0,1024x1x1x1
cache_k_l0 (view),SET_ROWS,0.020885,1435.643489,83886080,5698600,1024x40960x1x1,0x0x0,1024x40960x1x1
Vcur-0 (view),VIEW,0.000417,1435.648698,4096,5698600,1024x1x1x1,0x0x0,1024x1x1x1
cache_v_l0 (view),SET_ROWS,0.014635,1435.667135,83886080,5698600,1024x40960x1x1,0x0x0,1024x40960x1x1
Qcur-0 (view),VIEW,0.005052,1435.676406,8192,5698600,128x16x1x1,0x0x0,128x16x1x1
Qcur-0 (view) (permuted),PERMUTE,0.021355,1435.701719,8192,5698600,128x1x16x1,0x0x0,128x1x16x1
cache_k_l0 (view),VIEW,0.000625,1435.706771,524288,5698600,128x8x256x1,0x0x0,128x8x256x1
cache_k_l0 (view) (permuted),PERMUTE,0.013593,1435.724114,524288,5698600,128x256x8x1,0x0x0,128x256x8x1
cache_v_l0 (view),VIEW,0.000261,1435.728698,524288,5698600,128x8x256x1,0x0x0,128x8x256x1
cache_v_l0 (view) (permuted),PERMUTE,0.008073,1435.740625,524288,5698600,128x256x8x1,0x0x0,128x256x8x1
node_25,FLASH_ATTN_EXT,0.015625,1435.760677,8192,5698600,128x16x1x1,0x0x0,128x16x1x1
kqv_out-0,RESHAPE,0.000364,1435.765208,8192,5698600,2048x1x1x1,0x0x0,2048x1x1x1
node_27,MUL_MAT,0.096771,1435.865677,8192,5698600,2048x1x1x1,0x0x0,2048x1x1x1
ffn_inp-0,ADD,0.001562,1435.871666,8192,5698600,2048x1x1x1,0x0x0,2048x1x1x1
norm-0,RMS_NORM,0.003230,1435.878646,8192,5698600,2048x1x1x1,0x0x0,2048x1x1x1
ffn_norm-0,MUL,0.001666,1435.884010,8192,5698600,2048x1x1x1,0x0x0,2048x1x1x1
ffn_gate-0,MUL_MAT,0.170833,1436.058489,24576,5698600,6144x1x1x1,0x0x0,6144x1x1x1
ffn_up-0,MUL_MAT,0.167812,1436.230781,24576,5698600,6144x1x1x1,0x0x0,6144x1x1x1
ffn_swiglu-0,GLU,0.004375,1436.239739,24576,5698600,6144x1x1x1,0x0x0,6144x1x1x1
ffn_out-0,MUL_MAT,0.212240,1436.463906,8192,5698600,2048x1x1x1,0x0x0,2048x1x1x1
l_out-0,ADD,0.001354,1436.470156,8192,5698600,2048x1x1x1,0x0x0,2048x1x1x1
norm-1,RMS_NORM,0.003385,1436.477291,8192,5698600,2048x1x1x1,0x0x0,2048x1x1x1
attn_norm-1,MUL,0.001563,1436.482604,8192,5698600,2048x1x1x1,0x0x0,2048x1x1x1
Qcur-1,MUL_MAT,0.056458,1436.542708,8192,5698600,2048x1x1x1,0x0x0,2048x1x1x1
Qcur-1,RESHAPE,0.000521,1436.547500,8192,5698600,128x16x1x1,0x0x0,128x16x1x1
norm-1,RMS_NORM,0.063282,1436.614844,8192,5698600,128x16x1x1,0x0x0,128x16x1x1
Qcur_normed-1,MUL,0.001666,1436.620989,8192,5698600,128x16x1x1,0x0x0,128x16x1x1
Qcur-1,ROPE,0.002031,1436.626666,8192,5698600,128x16x1x1,0x0x0,128x16x1x1
Vcur-1,MUL_MAT,0.034375,1436.664635,4096,5698600,1024x1x1x1,0x0x0,1024x1x1x1
Vcur-1,RESHAPE,0.000312,1436.669114,4096,5698600,128x8x1x1,0x0x0,128x8x1x1
Kcur-1,MUL_MAT,0.090157,1436.762969,4096,5698600,1024x1x1x1,0x0x0,1024x1x1x1
Kcur-1,RESHAPE,0.000416,1436.767864,4096,5698600,128x8x1x1,0x0x0,128x8x1x1
norm-1,RMS_NORM,0.055417,1436.827083,4096,5698600,128x8x1x1,0x0x0,128x8x1x1
Kcur_normed-1,MUL,0.001458,1436.832916,4096,5698600,128x8x1x1,0x0x0,128x8x1x1
Kcur-1,ROPE,0.001927,1436.838385,4096,5698600,128x8x1x1,0x0x0,128x8x1x1
Kcur-1 (view),VIEW,0.000469,1436.842500,4096,5698600,1024x1x1x1,0x0x0,1024x1x1x1
cache_k_l1 (view),SET_ROWS,0.024479,1436.870625,83886080,5698600,1024x40960x1x1,0x0x0,1024x40960x1x1
Vcur-1 (view),VIEW,0.000312,1436.875364,4096,5698600,1024x1x1x1,0x0x0,1024x1x1x1
cache_v_l1 (view),SET_ROWS,0.012500,1436.891719,83886080,5698600,1024x40960x1x1,0x0x0,1024x40960x1x1
Qcur-1 (view),VIEW,0.000417,1436.896458,8192,5698600,128x16x1x1,0x0x0,128x16x1x1
Qcur-1 (view) (permuted),PERMUTE,0.014896,1436.915052,8192,5698600,128x1x16x1,0x0x0,128x1x16x1
cache_k_l1 (view),VIEW,0.000312,1436.919583,524288,5698600,128x8x256x1,0x0x0,128x8x256x1
cache_k_l1 (view) (permuted),PERMUTE,0.011250,1436.934635,524288,5698600,128x256x8x1,0x0x0,128x256x8x1
cache_v_l1 (view),VIEW,0.005000,1436.943906,524288,5698600,128x8x256x1,0x0x0,128x8x256x1
cache_v_l1 (view) (permuted),PERMUTE,0.010469,1436.958385,524288,5698600,128x256x8x1,0x0x0,128x256x8x1
node_60,FLASH_ATTN_EXT,0.016823,1436.979427,8192,5698600,128x16x1x1,0x0x0,128x16x1x1
kqv_out-1,RESHAPE,0.000313,1436.983854,8192,5698600,2048x1x1x1,0x0x0,2048x1x1x1
node_62,MUL_MAT,0.111875,1437.099531,8192,5698600,2048x1x1x1,0x0x0,2048x1x1x1
ffn_inp-1,ADD,0.001511,1437.105677,8192,5698600,2048x1x1x1,0x0x0,2048x1x1x1
norm-1,RMS_NORM,0.003229,1437.112604,8192,5698600,2048x1x1x1,0x0x0,2048x1x1x1
ffn_norm-1,MUL,0.001406,1437.117656,8192,5698600,2048x1x1x1,0x0x0,2048x1x1x1
ffn_gate-1,MUL_MAT,0.172031,1437.293281,24576,5698600,6144x1x1x1,0x0x0,6144x1x1x1
ffn_up-1,MUL_MAT,0.162605,1437.460521,24576,5698600,6144x1x1x1,0x0x0,6144x1x1x1
ffn_swiglu-1,GLU,0.004532,1437.469844,24576,5698600,6144x1x1x1,0x0x0,6144x1x1x1
ffn_out-1,MUL_MAT,0.184844,1437.658646,8192,5698600,2048x1x1x1,0x0x0,2048x1x1x1
l_out-1,ADD,0.001510,1437.664479,8192,5698600,2048x1x1x1,0x0x0,2048x1x1x1
norm-2,RMS_NORM,0.003333,1437.671614,8192,5698600,2048x1x1x1,0x0x0,2048x1x1x1
attn_norm-2,MUL,0.001563,1437.676927,8192,5698600,2048x1x1x1,0x0x0,2048x1x1x1
Qcur-2,MUL_MAT,0.064479,1437.745052,8192,5698600,2048x1x1x1,0x0x0,2048x1x1x1
Qcur-2,RESHAPE,0.000313,1437.749844,8192,5698600,128x16x1x1,0x0x0,128x16x1x1
norm-2,RMS_NORM,0.058125,1437.811771,8192,5698600,128x16x1x1,0x0x0,128x16x1x1
Qcur_normed-2,MUL,0.001771,1437.817812,8192,5698600,128x16x1x1,0x0x0,128x16x1x1
Qcur-2,ROPE,0.002136,1437.823594,8192,5698600,128x16x1x1,0x0x0,128x16x1x1
Vcur-2,MUL_MAT,0.034011,1437.861094,4096,5698600,1024x1x1x1,0x0x0,1024x1x1x1
Vcur-2,RESHAPE,0.000261,1437.865521,4096,5698600,128x8x1x1,0x0x0,128x8x1x1
Kcur-2,MUL_MAT,0.089635,1437.958906,4096,5698600,1024x1x1x1,0x0x0,1024x1x1x1
Kcur-2,RESHAPE,0.000313,1437.963646,4096,5698600,128x8x1x1,0x0x0,128x8x1x1
norm-2,RMS_NORM,0.068698,1438.036094,4096,5698600,128x8x1x1,0x0x0,128x8x1x1
Kcur_normed-2,MUL,0.001407,1438.041823,4096,5698600,128x8x1x1,0x0x0,128x8x1x1
Kcur-2,ROPE,0.001928,1438.047344,4096,5698600,128x8x1x1,0x0x0,128x8x1x1
Kcur-2 (view),VIEW,0.000313,1438.055625,4096,5698600,1024x1x1x1,0x0x0,1024x1x1x1
cache_k_l2 (view),SET_ROWS,0.018906,1438.078489,83886080,5698600,1024x40960x1x1,0x0x0,1024x40960x1x1
Vcur-2 (view),VIEW,0.000313,1438.083229,4096,5698600,1024x1x1x1,0x0x0,1024x1x1x1
cache_v_l2 (view),SET_ROWS,0.011146,1438.098177,83886080,5698600,1024x40960x1x1,0x0x0,1024x40960x1x1
Qcur-2 (view),VIEW,0.000312,1438.102656,8192,5698600,128x16x1x1,0x0x0,128x16x1x1
Qcur-2 (view) (permuted),PERMUTE,0.013385,1438.119791,8192,5698600,128x1x16x1,0x0x0,128x1x16x1
cache_k_l2 (view),VIEW,0.004532,1438.128594,524288,5698600,128x8x256x1,0x0x0,128x8x256x1
cache_k_l2 (view) (permuted),PERMUTE,0.017188,1438.149844,524288,5698600,128x256x8x1,0x0x0,128x256x8x1
cache_v_l2 (view),VIEW,0.005313,1438.159427,524288,5698600,128x8x256x1,0x0x0,128x8x256x1
cache_v_l2 (view) (permuted),PERMUTE,0.010678,1438.174219,524288,5698600,128x256x8x1,0x0x0,128x256x8x1
node_95,FLASH_ATTN_EXT,0.017604,1438.196041,8192,5698600,128x16x1x1,0x0x0,128x16x1x1
kqv_out-2,RESHAPE,0.000313,1438.200469,8192,5698600,2048x1x1x1,0x0x0,2048x1x1x1
node_97,MUL_MAT,0.120365,1438.324479,8192,5698600,2048x1x1x1,0x0x0,2048x1x1x1
ffn_inp-2,ADD,0.001459,1438.330573,8192,5698600,2048x1x1x1,0x0x0,2048x1x1x1
norm-2,RMS_NORM,0.003229,1438.337552,8192,5698600,2048x1x1x1,0x0x0,2048x1x1x1
ffn_norm-2,MUL,0.001614,1438.342760,8192,5698600,2048x1x1x1,0x0x0,2048x1x1x1
ffn_gate-2,MUL_MAT,0.162656,1438.509114,24576,5698600,6144x1x1x1,0x0x0,6144x1x1x1
ffn_up-2,MUL_MAT,0.163021,1438.676510,24576,5698600,6144x1x1x1,0x0x0,6144x1x1x1
ffn_swiglu-2,GLU,0.004427,1438.685364,24576,5698600,6144x1x1x1,0x0x0,6144x1x1x1
ffn_out-2,MUL_MAT,0.211823,1438.901094,8192,5698600,2048x1x1x1,0x0x0,2048x1x1x1
l_out-2,ADD,0.001354,1438.906875,8192,5698600,2048x1x1x1,0x0x0,2048x1x1x1
norm-3,RMS_NORM,0.003333,1438.913906,8192,5698600,2048x1x1x1,0x0x0,2048x1x1x1
attn_norm-3,MUL,0.001406,1438.918906,8192,5698600,2048x1x1x1,0x0x0,2048x1x1x1
Qcur-3,MUL_MAT,0.056302,1438.978854,8192,5698600,2048x1x1x1,0x0x0,2048x1x1x1
Qcur-3,RESHAPE,0.000364,1438.983541,8192,5698600,128x16x1x1,0x0x0,128x16x1x1
norm-3,RMS_NORM,0.058229,1439.045781,8192,5698600,128x16x1x1,0x0x0,128x16x1x1
Qcur_normed-3,MUL,0.002083,1439.052187,8192,5698600,128x16x1x1,0x0x0,128x16x1x1
Qcur-3,ROPE,0.002240,1439.058073,8192,5698600,128x16x1x1,0x0x0,128x16x1x1
Vcur-3,MUL_MAT,0.034218,1439.095989,4096,5698600,1024x1x1x1,0x0x0,1024x1x1x1
Vcur-3,RESHAPE,0.000313,1439.100521,4096,5698600,128x8x1x1,0x0x0,128x8x1x1
Kcur-3,MUL_MAT,0.090052,1439.194271,4096,5698600,1024x1x1x1,0x0x0,1024x1x1x1
Kcur-3,RESHAPE,0.000468,1439.199166,4096,5698600,128x8x1x1,0x0x0,128x8x1x1
norm-3,RMS_NORM,0.034896,1439.237708,4096,5698600,128x8x1x1,0x0x0,128x8x1x1
Kcur_normed-3,MUL,0.001302,1439.243229,4096,5698600,128x8x1x1,0x0x0,128x8x1x1
Kcur-3,ROPE,0.001927,1439.248698,4096,5698600,128x8x1x1,0x0x0,128x8x1x1
Kcur-3 (view),VIEW,0.000469,1439.252708,4096,5698600,1024x1x1x1,0x0x0,1024x1x1x1
cache_k_l3 (view),SET_ROWS,0.024167,1439.280521,83886080,5698600,1024x40960x1x1,0x0x0,1024x40960x1x1
Vcur-3 (view),VIEW,0.000312,1439.285156,4096,5698600,1024x1x1x1,0x0x0,1024x1x1x1
cache_v_l3 (view),SET_ROWS,0.012917,1439.301719,83886080,5698600,1024x40960x1x1,0x0x0,1024x40960x1x1
Qcur-3 (view),VIEW,0.000365,1439.306354,8192,5698600,128x16x1x1,0x0x0,128x16x1x1
Qcur-3 (view) (permuted),PERMUTE,0.015521,1439.325833,8192,5698600,128x1x16x1,0x0x0,128x1x16x1
cache_k_l3 (view),VIEW,0.000260,1439.330416,524288,5698600,128x8x256x1,0x0x0,128x8x256x1
cache_k_l3 (view) (permuted),PERMUTE,0.014687,1439.349010,524288,5698600,128x256x8x1,0x0x0,128x256x8x1
cache_v_l3 (view),VIEW,0.000625,1439.353802,524288,5698600,128x8x256x1,0x0x0,128x8x256x1
cache_v_l3 (view) (permuted),PERMUTE,0.011406,1439.369010,524288,5698600,128x256x8x1,0x0x0,128x256x8x1
node_130,FLASH_ATTN_EXT,0.043490,1439.416771,8192,5698600,128x16x1x1,0x0x0,128x16x1x1
kqv_out-3,RESHAPE,0.000261,1439.421302,8192,5698600,2048x1x1x1,0x0x0,2048x1x1x1
node_132,MUL_MAT,0.112864,1439.537916,8192,5698600,2048x1x1x1,0x0x0,2048x1x1x1
ffn_inp-3,ADD,0.001510,1439.544062,8192,5698600,2048x1x1x1,0x0x0,2048x1x1x1
norm-3,RMS_NORM,0.003229,1439.554687,8192,5698600,2048x1x1x1,0x0x0,2048x1x1x1
ffn_norm-3,MUL,0.001406,1439.560104,8192,5698600,2048x1x1x1,0x0x0,2048x1x1x1
ffn_gate-3,MUL_MAT,0.171562,1439.735312,24576,5698600,6144x1x1x1,0x0x0,6144x1x1x1
ffn_up-3,MUL_MAT,0.171823,1439.911406,24576,5698600,6144x1x1x1,0x0x0,6144x1x1x1
ffn_swiglu-3,GLU,0.004323,1439.920104,24576,5698600,6144x1x1x1,0x0x0,6144x1x1x1
ffn_out-3,MUL_MAT,0.182657,1440.106771,8192,5698600,2048x1x1x1,0x0x0,2048x1x1x1
l_out-3,ADD,0.001406,1440.112708,8192,5698600,2048x1x1x1,0x0x0,2048x1x1x1
norm-4,RMS_NORM,0.003594,1440.120000,8192,5698600,2048x1x1x1,0x0x0,2048x1x1x1
attn_norm-4,MUL,0.001406,1440.125104,8192,5698600,2048x1x1x1,0x0x0,2048x1x1x1
Qcur-4,MUL_MAT,0.064791,1440.193541,8192,5698600,2048x1x1x1,0x0x0,2048x1x1x1
Qcur-4,RESHAPE,0.000313,1440.198229,8192,5698600,128x16x1x1,0x0x0,128x16x1x1
norm-4,RMS_NORM,0.059271,1440.261562,8192,5698600,128x16x1x1,0x0x0,128x16x1x1
Qcur_normed-4,MUL,0.001928,1440.267969,8192,5698600,128x16x1x1,0x0x0,128x16x1x1
Qcur-4,ROPE,0.001980,1440.273646,8192,5698600,128x16x1x1,0x0x0,128x16x1x1
Vcur-4,MUL_MAT,0.034323,1440.311562,4096,5698600,1024x1x1x1,0x0x0,1024x1x1x1
Vcur-4,RESHAPE,0.000469,1440.316250,4096,5698600,128x8x1x1,0x0x0,128x8x1x1
Kcur-4,MUL_MAT,0.090416,1440.410364,4096,5698600,1024x1x1x1,0x0x0,1024x1x1x1
Kcur-4,RESHAPE,0.000416,1440.415416,4096,5698600,128x8x1x1,0x0x0,128x8x1x1
norm-4,RMS_NORM,0.058125,1440.477344,4096,5698600,128x8x1x1,0x0x0,128x8x1x1
Kcur_normed-4,MUL,0.001355,1440.482969,4096,5698600,128x8x1x1,0x0x0,128x8x1x1
Kcur-4,ROPE,0.001823,1440.488333,4096,5698600,128x8x1x1,0x0x0,128x8x1x1
Kcur-4 (view),VIEW,0.000312,1440.492239,4096,5698600,1024x1x1x1,0x0x0,1024x1x1x1
cache_k_l4 (view),SET_ROWS,0.024011,1440.519844,83886080,5698600,1024x40960x1x1,0x0x0,1024x40960x1x1
Vcur-4 (view),VIEW,0.000312,1440.524531,4096,5698600,1024x1x1x1,0x0x0,1024x1x1x1
cache_v_l4 (view),SET_ROWS,0.012760,1440.541041,83886080,5698600,1024x40960x1x1,0x0x0,1024x40960x1x1
Qcur-4 (view),VIEW,0.001614,1440.547135,8192,5698600,128x16x1x1,0x0x0,128x16x1x1
Qcur-4 (view) (permuted),PERMUTE,0.055052,1440.605937,8192,5698600,128x1x16x1,0x0x0,128x1x16x1
cache_k_l4 (view),VIEW,0.000312,1440.610989,524288,5698600,128x8x256x1,0x0x0,128x8x256x1
cache_k_l4 (view) (permuted),PERMUTE,0.013125,1440.628125,524288,5698600,128x256x8x1,0x0x0,128x256x8x1
cache_v_l4 (view),VIEW,0.000260,1440.632604,524288,5698600,128x8x256x1,0x0x0,128x8x256x1
cache_v_l4 (view) (permuted),PERMUTE,0.011719,1440.648177,524288,5698600,128x256x8x1,0x0x0,128x256x8x1
node_165,FLASH_ATTN_EXT,0.036614,1440.689062,8192,5698600,128x16x1x1,0x0x0,128x16x1x1
kqv_out-4,RESHAPE,0.000365,1440.693750,8192,5698600,2048x1x1x1,0x0x0,2048x1x1x1
node_167,MUL_MAT,0.113073,1440.810573,8192,5698600,2048x1x1x1,0x0x0,2048x1x1x1
ffn_inp-4,ADD,0.001458,1440.816510,8192,5698600,2048x1x1x1,0x0x0,2048x1x1x1
norm-4,RMS_NORM,0.003229,1440.823489,8192,5698600,2048x1x1x1,0x0x0,2048x1x1x1
ffn_norm-4,MUL,0.001407,1440.828594,8192,5698600,2048x1x1x1,0x0x0,2048x1x1x1
ffn_gate-4,MUL_MAT,0.184791,1441.017135,24576,5698600,6144x1x1x1,0x0x0,6144x1x1x1
ffn_up-4,MUL_MAT,0.171823,1441.193489,24576,5698600,6144x1x1x1,0x0x0,6144x1x1x1
ffn_swiglu-4,GLU,0.004167,1441.201979,24576,5698600,6144x1x1x1,0x0x0,6144x1x1x1
ffn_out-4,MUL_MAT,0.173854,1441.379791,8192,5698600,2048x1x1x1,0x0x0,2048x1x1x1
l_out-4,ADD,0.001302,1441.385364,8192,5698600,2048x1x1x1,0x0x0,2048x1x1x1
norm-5,RMS_NORM,0.003594,1441.392708,8192,5698600,2048x1x1x1,0x0x0,2048x1x1x1
attn_norm-5,MUL,0.001614,1441.397916,8192,5698600,2048x1x1x1,0x0x0,2048x1x1x1
Qcur-5,MUL_MAT,0.064844,1441.466354,8192,5698600,2048x1x1x1,0x0x0,2048x1x1x1
Qcur-5,RESHAPE,0.000260,1441.470937,8192,5698600,128x16x1x1,0x0x0,128x16x1x1
norm-5,RMS_NORM,0.085208,1441.560104,8192,5698600,128x16x1x1,0x0x0,128x16x1x1
Qcur_normed-5,MUL,0.001875,1441.566406,8192,5698600,128x16x1x1,0x0x0,128x16x1x1
Qcur-5,ROPE,0.002031,1441.572031,8192,5698600,128x16x1x1,0x0x0,128x16x1x1
Vcur-5,MUL_MAT,0.082969,1441.658594,4096,5698600,1024x1x1x1,0x0x0,1024x1x1x1
Vcur-5,RESHAPE,0.000313,1441.663229,4096,5698600,128x8x1x1,0x0x0,128x8x1x1
Kcur-5,MUL_MAT,0.083437,1441.754791,4096,5698600,1024x1x1x1,0x0x0,1024x1x1x1
Kcur-5,RESHAPE,0.000260,1441.759479,4096,5698600,128x8x1x1,0x0x0,128x8x1x1
norm-5,RMS_NORM,0.055104,1441.818489,4096,5698600,128x8x1x1,0x0x0,128x8x1x1
Kcur_normed-5,MUL,0.001563,1441.824375,4096,5698600,128x8x1x1,0x0x0,128x8x1x1
Kcur-5,ROPE,0.001823,1441.829896,4096,5698600,128x8x1x1,0x0x0,128x8x1x1
Kcur-5 (view),VIEW,0.000313,1441.833750,4096,5698600,1024x1x1x1,0x0x0,1024x1x1x1
cache_k_l5 (view),SET_ROWS,0.023698,1441.861094,83886080,5698600,1024x40960x1x1,0x0x0,1024x40960x1x1
Vcur-5 (view),VIEW,0.000313,1441.865729,4096,5698600,1024x1x1x1,0x0x0,1024x1x1x1
cache_v_l5 (view),SET_ROWS,0.012187,1441.881458,83886080,5698600,1024x40960x1x1,0x0x0,1024x40960x1x1
Qcur-5 (view),VIEW,0.005677,1441.891406,8192,5698600,128x16x1x1,0x0x0,128x16x1x1
Qcur-5 (view) (permuted),PERMUTE,0.015833,1441.911354,8192,5698600,128x1x16x1,0x0x0,128x1x16x1
cache_k_l5 (view),VIEW,0.001927,1441.917552,524288,5698600,128x8x256x1,0x0x0,128x8x256x1
cache_k_l5 (view) (permuted),PERMUTE,0.016302,1441.937656,524288,5698600,128x256x8x1,0x0x0,128x256x8x1
cache_v_l5 (view),VIEW,0.003958,1441.945885,524288,5698600,128x8x256x1,0x0x0,128x8x256x1
cache_v_l5 (view) (permuted),PERMUTE,0.010364,1441.960260,524288,5698600,128x256x8x1,0x0x0,128x256x8x1
node_200,FLASH_ATTN_EXT,0.037656,1442.002187,8192,5698600,128x16x1x1,0x0x0,128x16x1x1
kqv_out-5,RESHAPE,0.000260,1442.006614,8192,5698600,2048x1x1x1,0x0x0,2048x1x1x1
node_202,MUL_MAT,0.101719,1442.112135,8192,5698600,2048x1x1x1,0x0x0,2048x1x1x1
ffn_inp-5,ADD,0.001355,1442.117969,8192,5698600,2048x1x1x1,0x0x0,2048x1x1x1
norm-5,RMS_NORM,0.003229,1442.124948,8192,5698600,2048x1x1x1,0x0x0,2048x1x1x1
ffn_norm-5,MUL,0.001354,1442.129948,8192,5698600,2048x1x1x1,0x0x0,2048x1x1x1
ffn_gate-5,MUL_MAT,0.171979,1442.305573,24576,5698600,6144x1x1x1,0x0x0,6144x1x1x1
ffn_up-5,MUL_MAT,0.163020,1442.472864,24576,5698600,6144x1x1x1,0x0x0,6144x1x1x1
ffn_swiglu-5,GLU,0.004115,1442.481406,24576,5698600,6144x1x1x1,0x0x0,6144x1x1x1
ffn_out-5,MUL_MAT,0.170834,1442.656198,8192,5698600,2048x1x1x1,0x0x0,2048x1x1x1
l_out-5,ADD,0.001510,1442.661979,8192,5698600,2048x1x1x1,0x0x0,2048x1x1x1
norm-6,RMS_NORM,0.003385,1442.669114,8192,5698600,2048x1x1x1,0x0x0,2048x1x1x1
attn_norm-6,MUL,0.001406,1442.674062,8192,5698600,2048x1x1x1,0x0x0,2048x1x1x1
Qcur-6,MUL_MAT,0.064635,1442.742291,8192,5698600,2048x1x1x1,0x0x0,2048x1x1x1
Qcur-6,RESHAPE,0.000313,1442.746979,8192,5698600,128x16x1x1,0x0x0,128x16x1x1
norm-6,RMS_NORM,0.052344,1442.803177,8192,5698600,128x16x1x1,0x0x0,128x16x1x1
Qcur_normed-6,MUL,0.001823,1442.809375,8192,5698600,128x16x1x1,0x0x0,128x16x1x1
Qcur-6,ROPE,0.002083,1442.815052,8192,5698600,128x16x1x1,0x0x0,128x16x1x1
Vcur-6,MUL_MAT,0.035156,1442.853854,4096,5698600,1024x1x1x1,0x0x0,1024x1x1x1
Vcur-6,RESHAPE,0.000364,1442.858437,4096,5698600,128x8x1x1,0x0x0,128x8x1x1
Kcur-6,MUL_MAT,0.087292,1442.949479,4096,5698600,1024x1x1x1,0x0x0,1024x1x1x1
Kcur-6,RESHAPE,0.000417,1442.954323,4096,5698600,128x8x1x1,0x0x0,128x8x1x1
norm-6,RMS_NORM,0.055989,1443.014114,4096,5698600,128x8x1x1,0x0x0,128x8x1x1
Kcur_normed-6,MUL,0.001198,1443.019583,4096,5698600,128x8x1x1,0x0x0,128x8x1x1
Kcur-6,ROPE,0.002083,1443.025312,4096,5698600,128x8x1x1,0x0x0,128x8x1x1
Kcur-6 (view),VIEW,0.000469,1443.029375,4096,5698600,1024x1x1x1,0x0x0,1024x1x1x1
cache_k_l6 (view),SET_ROWS,0.024583,1443.057604,83886080,5698600,1024x40960x1x1,0x0x0,1024x40960x1x1
Vcur-6 (view),VIEW,0.000261,1443.062344,4096,5698600,1024x1x1x1,0x0x0,1024x1x1x1
cache_v_l6 (view),SET_ROWS,0.013230,1443.079219,83886080,5698600,1024x40960x1x1,0x0x0,1024x40960x1x1
Qcur-6 (view),VIEW,0.000416,1443.084010,8192,5698600,128x16x1x1,0x0x0,128x16x1x1
Qcur-6 (view) (permuted),PERMUTE,0.018177,1443.105781,8192,5698600,128x1x16x1,0x0x0,128x1x16x1
cache_k_l6 (view),VIEW,0.000260,1443.110364,524288,5698600,128x8x256x1,0x0x0,128x8x256x1
cache_k_l6 (view) (permuted),PERMUTE,0.013697,1443.127916,524288,5698600,128x256x8x1,0x0x0,128x256x8x1
cache_v_l6 (view),VIEW,0.000261,1443.132552,524288,5698600,128x8x256x1,0x0x0,128x8x256x1
cache_v_l6 (view) (permuted),PERMUTE,0.016250,1443.155573,524288,5698600,128x256x8x1,0x0x0,128x256x8x1
node_235,FLASH_ATTN_EXT,0.035729,1443.195833,8192,5698600,128x16x1x1,0x0x0,128x16x1x1
kqv_out-6,RESHAPE,0.000312,1443.200312,8192,5698600,2048x1x1x1,0x0x0,2048x1x1x1
node_237,MUL_MAT,0.101198,1443.305208,8192,5698600,2048x1x1x1,0x0x0,2048x1x1x1
ffn_inp-6,ADD,0.001562,1443.311406,8192,5698600,2048x1x1x1,0x0x0,2048x1x1x1
norm-6,RMS_NORM,0.003229,1443.318385,8192,5698600,2048x1x1x1,0x0x0,2048x1x1x1
ffn_norm-6,MUL,0.001458,1443.323489,8192,5698600,2048x1x1x1,0x0x0,2048x1x1x1
ffn_gate-6,MUL_MAT,0.171875,1443.499010,24576,5698600,6144x1x1x1,0x0x0,6144x1x1x1
ffn_up-6,MUL_MAT,0.162552,1443.665989,24576,5698600,6144x1x1x1,0x0x0,6144x1x1x1
ffn_swiglu-6,GLU,0.004167,1443.674479,24576,5698600,6144x1x1x1,0x0x0,6144x1x1x1
ffn_out-6,MUL_MAT,0.159844,1443.838385,8192,5698600,2048x1x1x1,0x0x0,2048x1x1x1
l_out-6,ADD,0.001354,1443.844010,8192,5698600,2048x1x1x1,0x0x0,2048x1x1x1
norm-7,RMS_NORM,0.003333,1443.851041,8192,5698600,2048x1x1x1,0x0x0,2048x1x1x1
attn_norm-7,MUL,0.001459,1443.856198,8192,5698600,2048x1x1x1,0x0x0,2048x1x1x1
Qcur-7,MUL_MAT,0.064948,1443.924739,8192,5698600,2048x1x1x1,0x0x0,2048x1x1x1
Qcur-7,RESHAPE,0.000313,1443.929479,8192,5698600,128x16x1x1,0x0x0,128x16x1x1
norm-7,RMS_NORM,0.057552,1443.990937,8192,5698600,128x16x1x1,0x0x0,128x16x1x1
Qcur_normed-7,MUL,0.001771,1443.996979,8192,5698600,128x16x1x1,0x0x0,128x16x1x1
Qcur-7,ROPE,0.002083,1444.002656,8192,5698600,128x16x1x1,0x0x0,128x16x1x1
Vcur-7,MUL_MAT,0.034323,1444.040521,4096,5698600,1024x1x1x1,0x0x0,1024x1x1x1
Vcur-7,RESHAPE,0.000469,1444.045104,4096,5698600,128x8x1x1,0x0x0,128x8x1x1
Kcur-7,MUL_MAT,0.089531,1444.138333,4096,5698600,1024x1x1x1,0x0x0,1024x1x1x1
Kcur-7,RESHAPE,0.000469,1444.143281,4096,5698600,128x8x1x1,0x0x0,128x8x1x1
norm-7,RMS_NORM,0.056615,1444.203594,4096,5698600,128x8x1x1,0x0x0,128x8x1x1
Kcur_normed-7,MUL,0.001406,1444.209375,4096,5698600,128x8x1x1,0x0x0,128x8x1x1
Kcur-7,ROPE,0.002031,1444.215000,4096,5698600,128x8x1x1,0x0x0,128x8x1x1
Kcur-7 (view),VIEW,0.000312,1444.218958,4096,5698600,1024x1x1x1,0x0x0,1024x1x1x1
cache_k_l7 (view),SET_ROWS,0.024271,1444.246823,83886080,5698600,1024x40960x1x1,0x0x0,1024x40960x1x1
Vcur-7 (view),VIEW,0.000312,1444.251458,4096,5698600,1024x1x1x1,0x0x0,1024x1x1x1
cache_v_l7 (view),SET_ROWS,0.012500,1444.267760,83886080,5698600,1024x40960x1x1,0x0x0,1024x40960x1x1
Qcur-7 (view),VIEW,0.000573,1444.272708,8192,5698600,128x16x1x1,0x0x0,128x16x1x1
Qcur-7 (view) (permuted),PERMUTE,0.018594,1444.295208,8192,5698600,128x1x16x1,0x0x0,128x1x16x1
cache_k_l7 (view),VIEW,0.000313,1444.299948,524288,5698600,128x8x256x1,0x0x0,128x8x256x1
cache_k_l7 (view) (permuted),PERMUTE,0.012916,1444.316562,524288,5698600,128x256x8x1,0x0x0,128x256x8x1
cache_v_l7 (view),VIEW,0.000260,1444.320989,524288,5698600,128x8x256x1,0x0x0,128x8x256x1
cache_v_l7 (view) (permuted),PERMUTE,0.012136,1444.336719,524288,5698600,128x256x8x1,0x0x0,128x256x8x1
node_270,FLASH_ATTN_EXT,0.029531,1444.370416,8192,5698600,128x16x1x1,0x0x0,128x16x1x1
kqv_out-7,RESHAPE,0.000313,1444.374948,8192,5698600,2048x1x1x1,0x0x0,2048x1x1x1
node_272,MUL_MAT,0.119427,1444.498021,8192,5698600,2048x1x1x1,0x0x0,2048x1x1x1
ffn_inp-7,ADD,0.001458,1444.503854,8192,5698600,2048x1x1x1,0x0x0,2048x1x1x1
norm-7,RMS_NORM,0.003229,1444.510937,8192,5698600,2048x1x1x1,0x0x0,2048x1x1x1
ffn_norm-7,MUL,0.001406,1444.515937,8192,5698600,2048x1x1x1,0x0x0,2048x1x1x1
ffn_gate-7,MUL_MAT,0.184167,1444.703698,24576,5698600,6144x1x1x1,0x0x0,6144x1x1x1
ffn_up-7,MUL_MAT,0.170885,1444.879583,24576,5698600,6144x1x1x1,0x0x0,6144x1x1x1
ffn_swiglu-7,GLU,0.004375,1444.888333,24576,5698600,6144x1x1x1,0x0x0,6144x1x1x1
ffn_out-7,MUL_MAT,0.165260,1445.057656,8192,5698600,2048x1x1x1,0x0x0,2048x1x1x1
l_out-7,ADD,0.001458,1445.063541,8192,5698600,2048x1x1x1,0x0x0,2048x1x1x1
norm-8,RMS_NORM,0.003334,1445.070573,8192,5698600,2048x1x1x1,0x0x0,2048x1x1x1
attn_norm-8,MUL,0.001614,1445.075833,8192,5698600,2048x1x1x1,0x0x0,2048x1x1x1
Qcur-8,MUL_MAT,0.064896,1445.144375,8192,5698600,2048x1x1x1,0x0x0,2048x1x1x1
Qcur-8,RESHAPE,0.000312,1445.149166,8192,5698600,128x16x1x1,0x0x0,128x16x1x1
norm-8,RMS_NORM,0.058959,1445.216250,8192,5698600,128x16x1x1,0x0x0,128x16x1x1
Qcur_normed-8,MUL,0.001979,1445.222604,8192,5698600,128x16x1x1,0x0x0,128x16x1x1
Qcur-8,ROPE,0.002135,1445.228333,8192,5698600,128x16x1x1,0x0x0,128x16x1x1
Vcur-8,MUL_MAT,0.034427,1445.266458,4096,5698600,1024x1x1x1,0x0x0,1024x1x1x1
Vcur-8,RESHAPE,0.000469,1445.271094,4096,5698600,128x8x1x1,0x0x0,128x8x1x1
Kcur-8,MUL_MAT,0.066719,1445.341458,4096,5698600,1024x1x1x1,0x0x0,1024x1x1x1
Kcur-8,RESHAPE,0.000469,1445.346354,4096,5698600,128x8x1x1,0x0x0,128x8x1x1
norm-8,RMS_NORM,0.033750,1445.383854,4096,5698600,128x8x1x1,0x0x0,128x8x1x1
Kcur_normed-8,MUL,0.001458,1445.389687,4096,5698600,128x8x1x1,0x0x0,128x8x1x1
Kcur-8,ROPE,0.001979,1445.395416,4096,5698600,128x8x1x1,0x0x0,128x8x1x1
Kcur-8 (view),VIEW,0.000469,1445.399479,4096,5698600,1024x1x1x1,0x0x0,1024x1x1x1
cache_k_l8 (view),SET_ROWS,0.020208,1445.423281,83886080,5698600,1024x40960x1x1,0x0x0,1024x40960x1x1
Vcur-8 (view),VIEW,0.000313,1445.428125,4096,5698600,1024x1x1x1,0x0x0,1024x1x1x1
cache_v_l8 (view),SET_ROWS,0.013698,1445.445625,83886080,5698600,1024x40960x1x1,0x0x0,1024x40960x1x1
Qcur-8 (view),VIEW,0.000260,1445.450208,8192,5698600,128x16x1x1,0x0x0,128x16x1x1
Qcur-8 (view) (permuted),PERMUTE,0.013959,1445.468021,8192,5698600,128x1x16x1,0x0x0,128x1x16x1
cache_k_l8 (view),VIEW,0.000261,1445.472552,524288,5698600,128x8x256x1,0x0x0,128x8x256x1
cache_k_l8 (view) (permuted),PERMUTE,0.012136,1445.488646,524288,5698600,128x256x8x1,0x0x0,128x256x8x1
cache_v_l8 (view),VIEW,0.000313,1445.493177,524288,5698600,128x8x256x1,0x0x0,128x8x256x1
cache_v_l8 (view) (permuted),PERMUTE,0.012552,1445.509583,524288,5698600,128x256x8x1,0x0x0,128x256x8x1
node_305,FLASH_ATTN_EXT,0.044167,1445.558073,8192,5698600,128x16x1x1,0x0x0,128x16x1x1
kqv_out-8,RESHAPE,0.000313,1445.562500,8192,5698600,2048x1x1x1,0x0x0,2048x1x1x1
node_307,MUL_MAT,0.121302,1445.687396,8192,5698600,2048x1x1x1,0x0x0,2048x1x1x1
ffn_inp-8,ADD,0.001406,1445.693177,8192,5698600,2048x1x1x1,0x0x0,2048x1x1x1
norm-8,RMS_NORM,0.003229,1445.700208,8192,5698600,2048x1x1x1,0x0x0,2048x1x1x1
ffn_norm-8,MUL,0.001614,1445.705416,8192,5698600,2048x1x1x1,0x0x0,2048x1x1x1
ffn_gate-8,MUL_MAT,0.171458,1445.880416,24576,5698600,6144x1x1x1,0x0x0,6144x1x1x1
ffn_up-8,MUL_MAT,0.171250,1446.056146,24576,5698600,6144x1x1x1,0x0x0,6144x1x1x1
ffn_swiglu-8,GLU,0.004322,1446.064791,24576,5698600,6144x1x1x1,0x0x0,6144x1x1x1
ffn_out-8,MUL_MAT,0.167083,1446.235937,8192,5698600,2048x1x1x1,0x0x0,2048x1x1x1
l_out-8,ADD,0.001355,1446.241771,8192,5698600,2048x1x1x1,0x0x0,2048x1x1x1
norm-9,RMS_NORM,0.003386,1446.248802,8192,5698600,2048x1x1x1,0x0x0,2048x1x1x1
attn_norm-9,MUL,0.001562,1446.253906,8192,5698600,2048x1x1x1,0x0x0,2048x1x1x1
Qcur-9,MUL_MAT,0.057344,1446.314844,8192,5698600,2048x1x1x1,0x0x0,2048x1x1x1
Qcur-9,RESHAPE,0.000469,1446.319583,8192,5698600,128x16x1x1,0x0x0,128x16x1x1
norm-9,RMS_NORM,0.058490,1446.381979,8192,5698600,128x16x1x1,0x0x0,128x16x1x1
Qcur_normed-9,MUL,0.001927,1446.388333,8192,5698600,128x16x1x1,0x0x0,128x16x1x1
Qcur-9,ROPE,0.002083,1446.394062,8192,5698600,128x16x1x1,0x0x0,128x16x1x1
Vcur-9,MUL_MAT,0.034583,1446.432239,4096,5698600,1024x1x1x1,0x0x0,1024x1x1x1
Vcur-9,RESHAPE,0.000417,1446.436823,4096,5698600,128x8x1x1,0x0x0,128x8x1x1
Kcur-9,MUL_MAT,0.090208,1446.530781,4096,5698600,1024x1x1x1,0x0x0,1024x1x1x1
Kcur-9,RESHAPE,0.000469,1446.535781,4096,5698600,128x8x1x1,0x0x0,128x8x1x1
norm-9,RMS_NORM,0.055417,1446.594948,4096,5698600,128x8x1x1,0x0x0,128x8x1x1
Kcur_normed-9,MUL,0.001406,1446.600729,4096,5698600,128x8x1x1,0x0x0,128x8x1x1
Kcur-9,ROPE,0.001875,1446.606146,4096,5698600,128x8x1x1,0x0x0,128x8x1x1
Kcur-9 (view),VIEW,0.000417,1446.610208,4096,5698600,1024x1x1x1,0x0x0,1024x1x1x1
cache_k_l9 (view),SET_ROWS,0.019740,1446.633646,83886080,5698600,1024x40960x1x1,0x0x0,1024x40960x1x1
Vcur-9 (view),VIEW,0.000260,1446.638385,4096,5698600,1024x1x1x1,0x0x0,1024x1x1x1
cache_v_l9 (view),SET_ROWS,0.014167,1446.656354,83886080,5698600,1024x40960x1x1,0x0x0,1024x40960x1x1
Qcur-9 (view),VIEW,0.000313,1446.661094,8192,5698600,128x16x1x1,0x0x0,128x16x1x1
Qcur-9 (view) (permuted),PERMUTE,0.012865,1446.681146,8192,5698600,128x1x16x1,0x0x0,128x1x16x1
cache_k_l9 (view),VIEW,0.000312,1446.686041,524288,5698600,128x8x256x1,0x0x0,128x8x256x1
cache_k_l9 (view) (permuted),PERMUTE,0.013958,1446.703906,524288,5698600,128x256x8x1,0x0x0,128x256x8x1
cache_v_l9 (view),VIEW,0.000260,1446.708385,524288,5698600,128x8x256x1,0x0x0,128x8x256x1
cache_v_l9 (view) (permuted),PERMUTE,0.009062,1446.721458,524288,5698600,128x256x8x1,0x0x0,128x256x8x1
node_340,FLASH_ATTN_EXT,0.016927,1446.742656,8192,5698600,128x16x1x1,0x0x0,128x16x1x1
kqv_out-9,RESHAPE,0.000313,1446.747344,8192,5698600,2048x1x1x1,0x0x0,2048x1x1x1
node_342,MUL_MAT,0.119063,1446.870052,8192,5698600,2048x1x1x1,0x0x0,2048x1x1x1
ffn_inp-9,ADD,0.001615,1446.876146,8192,5698600,2048x1x1x1,0x0x0,2048x1x1x1
norm-9,RMS_NORM,0.003229,1446.883125,8192,5698600,2048x1x1x1,0x0x0,2048x1x1x1
ffn_norm-9,MUL,0.001354,1446.888177,8192,5698600,2048x1x1x1,0x0x0,2048x1x1x1
ffn_gate-9,MUL_MAT,0.172656,1447.064531,24576,5698600,6144x1x1x1,0x0x0,6144x1x1x1
ffn_up-9,MUL_MAT,0.173334,1447.242396,24576,5698600,6144x1x1x1,0x0x0,6144x1x1x1
ffn_swiglu-9,GLU,0.004323,1447.251146,24576,5698600,6144x1x1x1,0x0x0,6144x1x1x1
ffn_out-9,MUL_MAT,0.168750,1447.423854,8192,5698600,2048x1x1x1,0x0x0,2048x1x1x1
l_out-9,ADD,0.001354,1447.429583,8192,5698600,2048x1x1x1,0x0x0,2048x1x1x1
norm-10,RMS_NORM,0.003333,1447.436562,8192,5698600,2048x1x1x1,0x0x0,2048x1x1x1
attn_norm-10,MUL,0.001615,1447.441719,8192,5698600,2048x1x1x1,0x0x0,2048x1x1x1
Qcur-10,MUL_MAT,0.055886,1447.501250,8192,5698600,2048x1x1x1,0x0x0,2048x1x1x1
Qcur-10,RESHAPE,0.000260,1447.505885,8192,5698600,128x16x1x1,0x0x0,128x16x1x1
norm-10,RMS_NORM,0.058386,1447.568125,8192,5698600,128x16x1x1,0x0x0,128x16x1x1
Qcur_normed-10,MUL,0.001875,1447.574323,8192,5698600,128x16x1x1,0x0x0,128x16x1x1
Qcur-10,ROPE,0.002135,1447.580156,8192,5698600,128x16x1x1,0x0x0,128x16x1x1
Vcur-10,MUL_MAT,0.033698,1447.617500,4096,5698600,1024x1x1x1,0x0x0,1024x1x1x1
Vcur-10,RESHAPE,0.000313,1447.621979,4096,5698600,128x8x1x1,0x0x0,128x8x1x1
Kcur-10,MUL_MAT,0.088229,1447.713958,4096,5698600,1024x1x1x1,0x0x0,1024x1x1x1
Kcur-10,RESHAPE,0.000469,1447.718958,4096,5698600,128x8x1x1,0x0x0,128x8x1x1
norm-10,RMS_NORM,0.057396,1447.779948,4096,5698600,128x8x1x1,0x0x0,128x8x1x1
Kcur_normed-10,MUL,0.001458,1447.785729,4096,5698600,128x8x1x1,0x0x0,128x8x1x1
Kcur-10,ROPE,0.001979,1447.791354,4096,5698600,128x8x1x1,0x0x0,128x8x1x1
Kcur-10 (view),VIEW,0.000312,1447.795260,4096,5698600,1024x1x1x1,0x0x0,1024x1x1x1
cache_k_l10 (view),SET_ROWS,0.024688,1447.823594,83886080,5698600,1024x40960x1x1,0x0x0,1024x40960x1x1
Vcur-10 (view),VIEW,0.000312,1447.828333,4096,5698600,1024x1x1x1,0x0x0,1024x1x1x1
cache_v_l10 (view),SET_ROWS,0.013229,1447.845208,83886080,5698600,1024x40960x1x1,0x0x0,1024x40960x1x1
Qcur-10 (view),VIEW,0.000469,1447.849948,8192,5698600,128x16x1x1,0x0x0,128x16x1x1
Qcur-10 (view) (permuted),PERMUTE,0.018802,1447.872396,8192,5698600,128x1x16x1,0x0x0,128x1x16x1
cache_k_l10 (view),VIEW,0.000312,1447.877083,524288,5698600,128x8x256x1,0x0x0,128x8x256x1
cache_k_l10 (view) (permuted),PERMUTE,0.013334,1447.894271,524288,5698600,128x256x8x1,0x0x0,128x256x8x1
cache_v_l10 (view),VIEW,0.000313,1447.898750,524288,5698600,128x8x256x1,0x0x0,128x8x256x1
cache_v_l10 (view) (permuted),PERMUTE,0.011719,1447.914219,524288,5698600,128x256x8x1,0x0x0,128x256x8x1
node_375,FLASH_ATTN_EXT,0.023645,1447.942239,8192,5698600,128x16x1x1,0x0x0,128x16x1x1
kqv_out-10,RESHAPE,0.000313,1447.946927,8192,5698600,2048x1x1x1,0x0x0,2048x1x1x1
node_377,MUL_MAT,0.097448,1448.048073,8192,5698600,2048x1x1x1,0x0x0,2048x1x1x1
ffn_inp-10,ADD,0.001510,1448.053958,8192,5698600,2048x1x1x1,0x0x0,2048x1x1x1
norm-10,RMS_NORM,0.003229,1448.060989,8192,5698600,2048x1x1x1,0x0x0,2048x1x1x1
ffn_norm-10,MUL,0.001354,1448.065937,8192,5698600,2048x1x1x1,0x0x0,2048x1x1x1
ffn_gate-10,MUL_MAT,0.172344,1448.241875,24576,5698600,6144x1x1x1,0x0x0,6144x1x1x1
ffn_up-10,MUL_MAT,0.172344,1448.418750,24576,5698600,6144x1x1x1,0x0x0,6144x1x1x1
ffn_swiglu-10,GLU,0.004271,1448.427396,24576,5698600,6144x1x1x1,0x0x0,6144x1x1x1
ffn_out-10,MUL_MAT,0.207708,1448.642291,8192,5698600,2048x1x1x1,0x0x0,2048x1x1x1
l_out-10,ADD,0.001406,1448.648489,8192,5698600,2048x1x1x1,0x0x0,2048x1x1x1
norm-11,RMS_NORM,0.003386,1448.655677,8192,5698600,2048x1x1x1,0x0x0,2048x1x1x1
attn_norm-11,MUL,0.001666,1448.661041,8192,5698600,2048x1x1x1,0x0x0,2048x1x1x1
Qcur-11,MUL_MAT,0.056250,1448.720989,8192,5698600,2048x1x1x1,0x0x0,2048x1x1x1
Qcur-11,RESHAPE,0.000313,1448.725625,8192,5698600,128x16x1x1,0x0x0,128x16x1x1
norm-11,RMS_NORM,0.059219,1448.788854,8192,5698600,128x16x1x1,0x0x0,128x16x1x1
Qcur_normed-11,MUL,0.002083,1448.795208,8192,5698600,128x16x1x1,0x0x0,128x16x1x1
Qcur-11,ROPE,0.002188,1448.801094,8192,5698600,128x16x1x1,0x0x0,128x16x1x1
Vcur-11,MUL_MAT,0.033906,1448.838750,4096,5698600,1024x1x1x1,0x0x0,1024x1x1x1
Vcur-11,RESHAPE,0.000364,1448.843437,4096,5698600,128x8x1x1,0x0x0,128x8x1x1
Kcur-11,MUL_MAT,0.069531,1448.916666,4096,5698600,1024x1x1x1,0x0x0,1024x1x1x1
Kcur-11,RESHAPE,0.000312,1448.921406,4096,5698600,128x8x1x1,0x0x0,128x8x1x1
norm-11,RMS_NORM,0.058021,1448.983177,4096,5698600,128x8x1x1,0x0x0,128x8x1x1
Kcur_normed-11,MUL,0.001406,1448.988906,4096,5698600,128x8x1x1,0x0x0,128x8x1x1
Kcur-11,ROPE,0.001927,1448.994531,4096,5698600,128x8x1x1,0x0x0,128x8x1x1
Kcur-11 (view),VIEW,0.000312,1448.998541,4096,5698600,1024x1x1x1,0x0x0,1024x1x1x1
cache_k_l11 (view),SET_ROWS,0.021875,1449.024166,83886080,5698600,1024x40960x1x1,0x0x0,1024x40960x1x1
Vcur-11 (view),VIEW,0.000469,1449.028906,4096,5698600,1024x1x1x1,0x0x0,1024x1x1x1
cache_v_l11 (view),SET_ROWS,0.014532,1449.047448,83886080,5698600,1024x40960x1x1,0x0x0,1024x40960x1x1
Qcur-11 (view),VIEW,0.000260,1449.052031,8192,5698600,128x16x1x1,0x0x0,128x16x1x1
Qcur-11 (view) (permuted),PERMUTE,0.017188,1449.072969,8192,5698600,128x1x16x1,0x0x0,128x1x16x1
cache_k_l11 (view),VIEW,0.000313,1449.077552,524288,5698600,128x8x256x1,0x0x0,128x8x256x1
cache_k_l11 (view) (permuted),PERMUTE,0.007500,1449.088958,524288,5698600,128x256x8x1,0x0x0,128x256x8x1
cache_v_l11 (view),VIEW,0.000312,1449.093437,524288,5698600,128x8x256x1,0x0x0,128x8x256x1
cache_v_l11 (view) (permuted),PERMUTE,0.012031,1449.109427,524288,5698600,128x256x8x1,0x0x0,128x256x8x1
node_410,FLASH_ATTN_EXT,0.032500,1449.146198,8192,5698600,128x16x1x1,0x0x0,128x16x1x1
kqv_out-11,RESHAPE,0.000260,1449.150833,8192,5698600,2048x1x1x1,0x0x0,2048x1x1x1
node_412,MUL_MAT,0.120365,1449.274896,8192,5698600,2048x1x1x1,0x0x0,2048x1x1x1
ffn_inp-11,ADD,0.001406,1449.280937,8192,5698600,2048x1x1x1,0x0x0,2048x1x1x1
norm-11,RMS_NORM,0.003229,1449.287864,8192,5698600,2048x1x1x1,0x0x0,2048x1x1x1
ffn_norm-11,MUL,0.001354,1449.292864,8192,5698600,2048x1x1x1,0x0x0,2048x1x1x1
ffn_gate-11,MUL_MAT,0.171146,1449.467708,24576,5698600,6144x1x1x1,0x0x0,6144x1x1x1
ffn_up-11,MUL_MAT,0.171510,1449.643541,24576,5698600,6144x1x1x1,0x0x0,6144x1x1x1
ffn_swiglu-11,GLU,0.004114,1449.652239,24576,5698600,6144x1x1x1,0x0x0,6144x1x1x1
ffn_out-11,MUL_MAT,0.172500,1449.828750,8192,5698600,2048x1x1x1,0x0x0,2048x1x1x1
l_out-11,ADD,0.001302,1449.834531,8192,5698600,2048x1x1x1,0x0x0,2048x1x1x1
norm-12,RMS_NORM,0.003490,1449.841771,8192,5698600,2048x1x1x1,0x0x0,2048x1x1x1
attn_norm-12,MUL,0.001459,1449.846875,8192,5698600,2048x1x1x1,0x0x0,2048x1x1x1
Qcur-12,MUL_MAT,0.055937,1449.906510,8192,5698600,2048x1x1x1,0x0x0,2048x1x1x1
Qcur-12,RESHAPE,0.000313,1449.911198,8192,5698600,128x16x1x1,0x0x0,128x16x1x1
norm-12,RMS_NORM,0.035156,1449.950208,8192,5698600,128x16x1x1,0x0x0,128x16x1x1
Qcur_normed-12,MUL,0.001823,1449.956250,8192,5698600,128x16x1x1,0x0x0,128x16x1x1
Qcur-12,ROPE,0.002031,1449.961979,8192,5698600,128x16x1x1,0x0x0,128x16x1x1
Vcur-12,MUL_MAT,0.034739,1450.000416,4096,5698600,1024x1x1x1,0x0x0,1024x1x1x1
Vcur-12,RESHAPE,0.000313,1450.004896,4096,5698600,128x8x1x1,0x0x0,128x8x1x1
Kcur-12,MUL_MAT,0.067812,1450.076458,4096,5698600,1024x1x1x1,0x0x0,1024x1x1x1
Kcur-12,RESHAPE,0.000469,1450.081458,4096,5698600,128x8x1x1,0x0x0,128x8x1x1
norm-12,RMS_NORM,0.056615,1450.141719,4096,5698600,128x8x1x1,0x0x0,128x8x1x1
Kcur_normed-12,MUL,0.001407,1450.147396,4096,5698600,128x8x1x1,0x0x0,128x8x1x1
Kcur-12,ROPE,0.002083,1450.156458,4096,5698600,128x8x1x1,0x0x0,128x8x1x1
Kcur-12 (view),VIEW,0.000313,1450.160573,4096,5698600,1024x1x1x1,0x0x0,1024x1x1x1
cache_k_l12 (view),SET_ROWS,0.024687,1450.189010,83886080,5698600,1024x40960x1x1,0x0x0,1024x40960x1x1
Vcur-12 (view),VIEW,0.000261,1450.193698,4096,5698600,1024x1x1x1,0x0x0,1024x1x1x1
cache_v_l12 (view),SET_ROWS,0.012708,1450.210208,83886080,5698600,1024x40960x1x1,0x0x0,1024x40960x1x1
Qcur-12 (view),VIEW,0.000417,1450.214896,8192,5698600,128x16x1x1,0x0x0,128x16x1x1
Qcur-12 (view) (permuted),PERMUTE,0.013177,1450.231614,8192,5698600,128x1x16x1,0x0x0,128x1x16x1
cache_k_l12 (view),VIEW,0.000261,1450.236146,524288,5698600,128x8x256x1,0x0x0,128x8x256x1
cache_k_l12 (view) (permuted),PERMUTE,0.013906,1450.253958,524288,5698600,128x256x8x1,0x0x0,128x256x8x1
cache_v_l12 (view),VIEW,0.000312,1450.258489,524288,5698600,128x8x256x1,0x0x0,128x8x256x1
cache_v_l12 (view) (permuted),PERMUTE,0.000573,1450.262812,524288,5698600,128x256x8x1,0x0x0,128x256x8x1
node_445,FLASH_ATTN_EXT,0.048333,1450.314739,8192,5698600,128x16x1x1,0x0x0,128x16x1x1
kqv_out-12,RESHAPE,0.000313,1450.319479,8192,5698600,2048x1x1x1,0x0x0,2048x1x1x1
node_447,MUL_MAT,0.112135,1450.435260,8192,5698600,2048x1x1x1,0x0x0,2048x1x1x1
ffn_inp-12,ADD,0.001614,1450.441562,8192,5698600,2048x1x1x1,0x0x0,2048x1x1x1
norm-12,RMS_NORM,0.003229,1450.448541,8192,5698600,2048x1x1x1,0x0x0,2048x1x1x1
ffn_norm-12,MUL,0.001354,1450.453489,8192,5698600,2048x1x1x1,0x0x0,2048x1x1x1
ffn_gate-12,MUL_MAT,0.171354,1450.628437,24576,5698600,6144x1x1x1,0x0x0,6144x1x1x1
ffn_up-12,MUL_MAT,0.171511,1450.804271,24576,5698600,6144x1x1x1,0x0x0,6144x1x1x1
ffn_swiglu-12,GLU,0.004166,1450.812760,24576,5698600,6144x1x1x1,0x0x0,6144x1x1x1
ffn_out-12,MUL_MAT,0.169583,1450.986354,8192,5698600,2048x1x1x1,0x0x0,2048x1x1x1
l_out-12,ADD,0.001510,1450.992291,8192,5698600,2048x1x1x1,0x0x0,2048x1x1x1
norm-13,RMS_NORM,0.003386,1450.999427,8192,5698600,2048x1x1x1,0x0x0,2048x1x1x1
attn_norm-13,MUL,0.001666,1451.004635,8192,5698600,2048x1x1x1,0x0x0,2048x1x1x1
Qcur-13,MUL_MAT,0.064531,1451.072812,8192,5698600,2048x1x1x1,0x0x0,2048x1x1x1
Qcur-13,RESHAPE,0.000313,1451.077344,8192,5698600,128x16x1x1,0x0x0,128x16x1x1
norm-13,RMS_NORM,0.057968,1451.139166,8192,5698600,128x16x1x1,0x0x0,128x16x1x1
Qcur_normed-13,MUL,0.001927,1451.145416,8192,5698600,128x16x1x1,0x0x0,128x16x1x1
Qcur-13,ROPE,0.002188,1451.151250,8192,5698600,128x16x1x1,0x0x0,128x16x1x1
Vcur-13,MUL_MAT,0.033802,1451.188750,4096,5698600,1024x1x1x1,0x0x0,1024x1x1x1
Vcur-13,RESHAPE,0.000312,1451.193385,4096,5698600,128x8x1x1,0x0x0,128x8x1x1
Kcur-13,MUL_MAT,0.088802,1451.285833,4096,5698600,1024x1x1x1,0x0x0,1024x1x1x1
Kcur-13,RESHAPE,0.000417,1451.290781,4096,5698600,128x8x1x1,0x0x0,128x8x1x1
norm-13,RMS_NORM,0.068125,1451.362656,4096,5698600,128x8x1x1,0x0x0,128x8x1x1
Kcur_normed-13,MUL,0.001354,1451.368229,4096,5698600,128x8x1x1,0x0x0,128x8x1x1
Kcur-13,ROPE,0.002031,1451.373854,4096,5698600,128x8x1x1,0x0x0,128x8x1x1
Kcur-13 (view),VIEW,0.000416,1451.377916,4096,5698600,1024x1x1x1,0x0x0,1024x1x1x1
cache_k_l13 (view),SET_ROWS,0.023125,1451.404791,83886080,5698600,1024x40960x1x1,0x0x0,1024x40960x1x1
Vcur-13 (view),VIEW,0.000312,1451.409531,4096,5698600,1024x1x1x1,0x0x0,1024x1x1x1
cache_v_l13 (view),SET_ROWS,0.013229,1451.426354,83886080,5698600,1024x40960x1x1,0x0x0,1024x40960x1x1
Qcur-13 (view),VIEW,0.014479,1451.445104,8192,5698600,128x16x1x1,0x0x0,128x16x1x1
Qcur-13 (view) (permuted),PERMUTE,0.007604,1451.457031,8192,5698600,128x1x16x1,0x0x0,128x1x16x1
cache_k_l13 (view),VIEW,0.015000,1451.476146,524288,5698600,128x8x256x1,0x0x0,128x8x256x1
cache_k_l13 (view) (permuted),PERMUTE,0.000573,1451.481302,524288,5698600,128x256x8x1,0x0x0,128x256x8x1
cache_v_l13 (view),VIEW,0.013854,1451.498906,524288,5698600,128x8x256x1,0x0x0,128x8x256x1
cache_v_l13 (view) (permuted),PERMUTE,0.000260,1451.503385,524288,5698600,128x256x8x1,0x0x0,128x256x8x1
node_480,FLASH_ATTN_EXT,0.045104,1451.552552,8192,5698600,128x16x1x1,0x0x0,128x16x1x1
kqv_out-13,RESHAPE,0.000260,1451.557291,8192,5698600,2048x1x1x1,0x0x0,2048x1x1x1
node_482,MUL_MAT,0.117605,1451.678646,8192,5698600,2048x1x1x1,0x0x0,2048x1x1x1
ffn_inp-13,ADD,0.001406,1451.687500,8192,5698600,2048x1x1x1,0x0x0,2048x1x1x1
norm-13,RMS_NORM,0.003229,1451.694791,8192,5698600,2048x1x1x1,0x0x0,2048x1x1x1
ffn_norm-13,MUL,0.001407,1451.699844,8192,5698600,2048x1x1x1,0x0x0,2048x1x1x1
ffn_gate-13,MUL_MAT,0.172292,1451.875833,24576,5698600,6144x1x1x1,0x0x0,6144x1x1x1
ffn_up-13,MUL_MAT,0.172813,1452.053229,24576,5698600,6144x1x1x1,0x0x0,6144x1x1x1
ffn_swiglu-13,GLU,0.004271,1452.061979,24576,5698600,6144x1x1x1,0x0x0,6144x1x1x1
ffn_out-13,MUL_MAT,0.196563,1452.262552,8192,5698600,2048x1x1x1,0x0x0,2048x1x1x1
l_out-13,ADD,0.001354,1452.268698,8192,5698600,2048x1x1x1,0x0x0,2048x1x1x1
norm-14,RMS_NORM,0.003333,1452.275729,8192,5698600,2048x1x1x1,0x0x0,2048x1x1x1
attn_norm-14,MUL,0.001666,1452.281041,8192,5698600,2048x1x1x1,0x0x0,2048x1x1x1
Qcur-14,MUL_MAT,0.065521,1452.350312,8192,5698600,2048x1x1x1,0x0x0,2048x1x1x1
Qcur-14,RESHAPE,0.000313,1452.354948,8192,5698600,128x16x1x1,0x0x0,128x16x1x1
norm-14,RMS_NORM,0.034896,1452.393698,8192,5698600,128x16x1x1,0x0x0,128x16x1x1
Qcur_normed-14,MUL,0.001927,1452.399948,8192,5698600,128x16x1x1,0x0x0,128x16x1x1
Qcur-14,ROPE,0.002084,1452.405573,8192,5698600,128x16x1x1,0x0x0,128x16x1x1
Vcur-14,MUL_MAT,0.612916,1453.022187,4096,5698600,1024x1x1x1,0x0x0,1024x1x1x1
Vcur-14,RESHAPE,0.000312,1453.027187,4096,5698600,128x8x1x1,0x0x0,128x8x1x1
Kcur-14,MUL_MAT,0.208125,1453.238958,4096,5698600,1024x1x1x1,0x0x0,1024x1x1x1
Kcur-14,RESHAPE,0.000312,1453.244062,4096,5698600,128x8x1x1,0x0x0,128x8x1x1
norm-14,RMS_NORM,0.060938,1453.308750,4096,5698600,128x8x1x1,0x0x0,128x8x1x1
Kcur_normed-14,MUL,0.001198,1453.314323,4096,5698600,128x8x1x1,0x0x0,128x8x1x1
Kcur-14,ROPE,0.001927,1453.319896,4096,5698600,128x8x1x1,0x0x0,128x8x1x1
Kcur-14 (view),VIEW,0.000313,1453.323802,4096,5698600,1024x1x1x1,0x0x0,1024x1x1x1
cache_k_l14 (view),SET_ROWS,0.024791,1453.352187,83886080,5698600,1024x40960x1x1,0x0x0,1024x40960x1x1
Vcur-14 (view),VIEW,0.000313,1453.356979,4096,5698600,1024x1x1x1,0x0x0,1024x1x1x1
cache_v_l14 (view),SET_ROWS,0.014219,1453.374844,83886080,5698600,1024x40960x1x1,0x0x0,1024x40960x1x1
Qcur-14 (view),VIEW,0.004063,1453.383229,8192,5698600,128x16x1x1,0x0x0,128x16x1x1
Qcur-14 (view) (permuted),PERMUTE,0.010520,1453.397916,8192,5698600,128x1x16x1,0x0x0,128x1x16x1
cache_k_l14 (view),VIEW,0.013593,1453.415937,524288,5698600,128x8x256x1,0x0x0,128x8x256x1
cache_k_l14 (view) (permuted),PERMUTE,0.017552,1453.437500,524288,5698600,128x256x8x1,0x0x0,128x256x8x1
cache_v_l14 (view),VIEW,0.010572,1453.452291,524288,5698600,128x8x256x1,0x0x0,128x8x256x1
cache_v_l14 (view) (permuted),PERMUTE,0.018906,1453.475260,524288,5698600,128x256x8x1,0x0x0,128x256x8x1
node_515,FLASH_ATTN_EXT,0.055834,1453.535469,8192,5698600,128x16x1x1,0x0x0,128x16x1x1
kqv_out-14,RESHAPE,0.000469,1453.540104,8192,5698600,2048x1x1x1,0x0x0,2048x1x1x1
node_517,MUL_MAT,0.384532,1453.928073,8192,5698600,2048x1x1x1,0x0x0,2048x1x1x1
ffn_inp-14,ADD,0.049427,1453.981979,8192,5698600,2048x1x1x1,0x0x0,2048x1x1x1
norm-14,RMS_NORM,0.003230,1453.989219,8192,5698600,2048x1x1x1,0x0x0,2048x1x1x1
ffn_norm-14,MUL,0.001458,1453.994427,8192,5698600,2048x1x1x1,0x0x0,2048x1x1x1
ffn_gate-14,MUL_MAT,0.163437,1454.161510,24576,5698600,6144x1x1x1,0x0x0,6144x1x1x1
ffn_up-14,MUL_MAT,0.162188,1454.328177,24576,5698600,6144x1x1x1,0x0x0,6144x1x1x1
ffn_swiglu-14,GLU,0.004167,1454.336771,24576,5698600,6144x1x1x1,0x0x0,6144x1x1x1
ffn_out-14,MUL_MAT,0.166354,1454.507135,8192,5698600,2048x1x1x1,0x0x0,2048x1x1x1
l_out-14,ADD,0.001511,1454.513021,8192,5698600,2048x1x1x1,0x0x0,2048x1x1x1
norm-15,RMS_NORM,0.003385,1454.520104,8192,5698600,2048x1x1x1,0x0x0,2048x1x1x1
attn_norm-15,MUL,0.001510,1454.525208,8192,5698600,2048x1x1x1,0x0x0,2048x1x1x1
Qcur-15,MUL_MAT,0.056823,1454.585625,8192,5698600,2048x1x1x1,0x0x0,2048x1x1x1
Qcur-15,RESHAPE,0.000312,1454.590260,8192,5698600,128x16x1x1,0x0x0,128x16x1x1
norm-15,RMS_NORM,0.083646,1454.677708,8192,5698600,128x16x1x1,0x0x0,128x16x1x1
Qcur_normed-15,MUL,0.001771,1454.683854,8192,5698600,128x16x1x1,0x0x0,128x16x1x1
Qcur-15,ROPE,0.002187,1454.689687,8192,5698600,128x16x1x1,0x0x0,128x16x1x1
Vcur-15,MUL_MAT,0.034531,1454.731354,4096,5698600,1024x1x1x1,0x0x0,1024x1x1x1
Vcur-15,RESHAPE,0.000469,1454.736146,4096,5698600,128x8x1x1,0x0x0,128x8x1x1
Kcur-15,MUL_MAT,0.091562,1454.831406,4096,5698600,1024x1x1x1,0x0x0,1024x1x1x1
Kcur-15,RESHAPE,0.000469,1454.836250,4096,5698600,128x8x1x1,0x0x0,128x8x1x1
norm-15,RMS_NORM,0.055937,1454.895937,4096,5698600,128x8x1x1,0x0x0,128x8x1x1
Kcur_normed-15,MUL,0.001458,1454.901666,4096,5698600,128x8x1x1,0x0x0,128x8x1x1
Kcur-15,ROPE,0.001823,1454.907083,4096,5698600,128x8x1x1,0x0x0,128x8x1x1
Kcur-15 (view),VIEW,0.000417,1454.911146,4096,5698600,1024x1x1x1,0x0x0,1024x1x1x1
cache_k_l15 (view),SET_ROWS,0.024792,1454.939583,83886080,5698600,1024x40960x1x1,0x0x0,1024x40960x1x1
Vcur-15 (view),VIEW,0.000261,1454.944323,4096,5698600,1024x1x1x1,0x0x0,1024x1x1x1
cache_v_l15 (view),SET_ROWS,0.012552,1454.960521,83886080,5698600,1024x40960x1x1,0x0x0,1024x40960x1x1
Qcur-15 (view),VIEW,0.000573,1454.965364,8192,5698600,128x16x1x1,0x0x0,128x16x1x1
Qcur-15 (view) (permuted),PERMUTE,0.009740,1454.978750,8192,5698600,128x1x16x1,0x0x0,128x1x16x1
cache_k_l15 (view),VIEW,0.000260,1454.983229,524288,5698600,128x8x256x1,0x0x0,128x8x256x1
cache_k_l15 (view) (permuted),PERMUTE,0.009583,1454.996614,524288,5698600,128x256x8x1,0x0x0,128x256x8x1
cache_v_l15 (view),VIEW,0.000313,1455.001198,524288,5698600,128x8x256x1,0x0x0,128x8x256x1
cache_v_l15 (view) (permuted),PERMUTE,0.010312,1455.015312,524288,5698600,128x256x8x1,0x0x0,128x256x8x1
node_550,FLASH_ATTN_EXT,0.024531,1455.044062,8192,5698600,128x16x1x1,0x0x0,128x16x1x1
kqv_out-15,RESHAPE,0.000260,1455.048541,8192,5698600,2048x1x1x1,0x0x0,2048x1x1x1
node_552,MUL_MAT,0.111093,1455.163437,8192,5698600,2048x1x1x1,0x0x0,2048x1x1x1
ffn_inp-15,ADD,0.001458,1455.169427,8192,5698600,2048x1x1x1,0x0x0,2048x1x1x1
norm-15,RMS_NORM,0.003229,1455.176354,8192,5698600,2048x1x1x1,0x0x0,2048x1x1x1
ffn_norm-15,MUL,0.001510,1455.181510,8192,5698600,2048x1x1x1,0x0x0,2048x1x1x1
ffn_gate-15,MUL_MAT,0.171198,1455.356354,24576,5698600,6144x1x1x1,0x0x0,6144x1x1x1
ffn_up-15,MUL_MAT,0.171667,1455.532500,24576,5698600,6144x1x1x1,0x0x0,6144x1x1x1
ffn_swiglu-15,GLU,0.004271,1455.541302,24576,5698600,6144x1x1x1,0x0x0,6144x1x1x1
ffn_out-15,MUL_MAT,0.166927,1455.712187,8192,5698600,2048x1x1x1,0x0x0,2048x1x1x1
l_out-15,ADD,0.001406,1455.717916,8192,5698600,2048x1x1x1,0x0x0,2048x1x1x1
norm-16,RMS_NORM,0.003334,1455.724896,8192,5698600,2048x1x1x1,0x0x0,2048x1x1x1
attn_norm-16,MUL,0.001771,1455.730312,8192,5698600,2048x1x1x1,0x0x0,2048x1x1x1
Qcur-16,MUL_MAT,0.056042,1455.790000,8192,5698600,2048x1x1x1,0x0x0,2048x1x1x1
Qcur-16,RESHAPE,0.000469,1455.794948,8192,5698600,128x16x1x1,0x0x0,128x16x1x1
norm-16,RMS_NORM,0.057916,1455.856666,8192,5698600,128x16x1x1,0x0x0,128x16x1x1
Qcur_normed-16,MUL,0.002032,1455.863021,8192,5698600,128x16x1x1,0x0x0,128x16x1x1
Qcur-16,ROPE,0.002084,1455.868646,8192,5698600,128x16x1x1,0x0x0,128x16x1x1
Vcur-16,MUL_MAT,0.034167,1455.906458,4096,5698600,1024x1x1x1,0x0x0,1024x1x1x1
Vcur-16,RESHAPE,0.000312,1455.911041,4096,5698600,128x8x1x1,0x0x0,128x8x1x1
Kcur-16,MUL_MAT,0.091355,1456.006094,4096,5698600,1024x1x1x1,0x0x0,1024x1x1x1
Kcur-16,RESHAPE,0.000468,1456.010989,4096,5698600,128x8x1x1,0x0x0,128x8x1x1
norm-16,RMS_NORM,0.058125,1456.072916,4096,5698600,128x8x1x1,0x0x0,128x8x1x1
Kcur_normed-16,MUL,0.001511,1456.078750,4096,5698600,128x8x1x1,0x0x0,128x8x1x1
Kcur-16,ROPE,0.002031,1456.084427,4096,5698600,128x8x1x1,0x0x0,128x8x1x1
Kcur-16 (view),VIEW,0.000416,1456.088385,4096,5698600,1024x1x1x1,0x0x0,1024x1x1x1
cache_k_l16 (view),SET_ROWS,0.024479,1456.116510,83886080,5698600,1024x40960x1x1,0x0x0,1024x40960x1x1
Vcur-16 (view),VIEW,0.000313,1456.121302,4096,5698600,1024x1x1x1,0x0x0,1024x1x1x1
cache_v_l16 (view),SET_ROWS,0.012864,1456.137812,83886080,5698600,1024x40960x1x1,0x0x0,1024x40960x1x1
Qcur-16 (view),VIEW,0.000521,1456.142604,8192,5698600,128x16x1x1,0x0x0,128x16x1x1
Qcur-16 (view) (permuted),PERMUTE,0.018229,1456.164583,8192,5698600,128x1x16x1,0x0x0,128x1x16x1
cache_k_l16 (view),VIEW,0.000573,1456.169635,524288,5698600,128x8x256x1,0x0x0,128x8x256x1
cache_k_l16 (view) (permuted),PERMUTE,0.016146,1456.192552,524288,5698600,128x256x8x1,0x0x0,128x256x8x1
cache_v_l16 (view),VIEW,0.000885,1456.197864,524288,5698600,128x8x256x1,0x0x0,128x8x256x1
cache_v_l16 (view) (permuted),PERMUTE,0.000625,1456.202239,524288,5698600,128x256x8x1,0x0x0,128x256x8x1
node_585,FLASH_ATTN_EXT,0.012865,1456.218698,8192,5698600,128x16x1x1,0x0x0,128x16x1x1
kqv_out-16,RESHAPE,0.000365,1456.223229,8192,5698600,2048x1x1x1,0x0x0,2048x1x1x1
node_587,MUL_MAT,0.112448,1456.339323,8192,5698600,2048x1x1x1,0x0x0,2048x1x1x1
ffn_inp-16,ADD,0.001667,1456.345521,8192,5698600,2048x1x1x1,0x0x0,2048x1x1x1
norm-16,RMS_NORM,0.003229,1456.352552,8192,5698600,2048x1x1x1,0x0x0,2048x1x1x1
ffn_norm-16,MUL,0.001406,1456.357604,8192,5698600,2048x1x1x1,0x0x0,2048x1x1x1
ffn_gate-16,MUL_MAT,0.171146,1456.532344,24576,5698600,6144x1x1x1,0x0x0,6144x1x1x1
ffn_up-16,MUL_MAT,0.182188,1456.719323,24576,5698600,6144x1x1x1,0x0x0,6144x1x1x1
ffn_swiglu-16,GLU,0.004167,1456.728125,24576,5698600,6144x1x1x1,0x0x0,6144x1x1x1
ffn_out-16,MUL_MAT,0.167604,1456.899635,8192,5698600,2048x1x1x1,0x0x0,2048x1x1x1
l_out-16,ADD,0.001354,1456.905312,8192,5698600,2048x1x1x1,0x0x0,2048x1x1x1
norm-17,RMS_NORM,0.003438,1456.912396,8192,5698600,2048x1x1x1,0x0x0,2048x1x1x1
attn_norm-17,MUL,0.001459,1456.917500,8192,5698600,2048x1x1x1,0x0x0,2048x1x1x1
Qcur-17,MUL_MAT,0.064843,1456.986041,8192,5698600,2048x1x1x1,0x0x0,2048x1x1x1
Qcur-17,RESHAPE,0.000364,1456.990833,8192,5698600,128x16x1x1,0x0x0,128x16x1x1
norm-17,RMS_NORM,0.059011,1457.053646,8192,5698600,128x16x1x1,0x0x0,128x16x1x1
Qcur_normed-17,MUL,0.001719,1457.059844,8192,5698600,128x16x1x1,0x0x0,128x16x1x1
Qcur-17,ROPE,0.002188,1457.065625,8192,5698600,128x16x1x1,0x0x0,128x16x1x1
Vcur-17,MUL_MAT,0.034114,1457.103333,4096,5698600,1024x1x1x1,0x0x0,1024x1x1x1
Vcur-17,RESHAPE,0.000312,1457.107864,4096,5698600,128x8x1x1,0x0x0,128x8x1x1
Kcur-17,MUL_MAT,0.090313,1457.201875,4096,5698600,1024x1x1x1,0x0x0,1024x1x1x1
Kcur-17,RESHAPE,0.000469,1457.206823,4096,5698600,128x8x1x1,0x0x0,128x8x1x1
norm-17,RMS_NORM,0.055364,1457.265833,4096,5698600,128x8x1x1,0x0x0,128x8x1x1
Kcur_normed-17,MUL,0.001458,1457.271666,4096,5698600,128x8x1x1,0x0x0,128x8x1x1
Kcur-17,ROPE,0.002032,1457.277396,4096,5698600,128x8x1x1,0x0x0,128x8x1x1
Kcur-17 (view),VIEW,0.000417,1457.281406,4096,5698600,1024x1x1x1,0x0x0,1024x1x1x1
cache_k_l17 (view),SET_ROWS,0.025052,1457.310260,83886080,5698600,1024x40960x1x1,0x0x0,1024x40960x1x1
Vcur-17 (view),VIEW,0.000313,1457.315104,4096,5698600,1024x1x1x1,0x0x0,1024x1x1x1
cache_v_l17 (view),SET_ROWS,0.012500,1457.331354,83886080,5698600,1024x40960x1x1,0x0x0,1024x40960x1x1
Qcur-17 (view),VIEW,0.000417,1457.336146,8192,5698600,128x16x1x1,0x0x0,128x16x1x1
Qcur-17 (view) (permuted),PERMUTE,0.016093,1457.355937,8192,5698600,128x1x16x1,0x0x0,128x1x16x1
cache_k_l17 (view),VIEW,0.000313,1457.360469,524288,5698600,128x8x256x1,0x0x0,128x8x256x1
cache_k_l17 (view) (permuted),PERMUTE,0.011510,1457.375781,524288,5698600,128x256x8x1,0x0x0,128x256x8x1
cache_v_l17 (view),VIEW,0.000260,1457.380260,524288,5698600,128x8x256x1,0x0x0,128x8x256x1
cache_v_l17 (view) (permuted),PERMUTE,0.007760,1457.392031,524288,5698600,128x256x8x1,0x0x0,128x256x8x1
node_620,FLASH_ATTN_EXT,0.015312,1457.411406,8192,5698600,128x16x1x1,0x0x0,128x16x1x1
kqv_out-17,RESHAPE,0.000364,1457.415833,8192,5698600,2048x1x1x1,0x0x0,2048x1x1x1
node_622,MUL_MAT,0.101094,1457.520573,8192,5698600,2048x1x1x1,0x0x0,2048x1x1x1
ffn_inp-17,ADD,0.001458,1457.526510,8192,5698600,2048x1x1x1,0x0x0,2048x1x1x1
norm-17,RMS_NORM,0.003229,1457.533437,8192,5698600,2048x1x1x1,0x0x0,2048x1x1x1
ffn_norm-17,MUL,0.001354,1457.538489,8192,5698600,2048x1x1x1,0x0x0,2048x1x1x1
ffn_gate-17,MUL_MAT,0.171979,1457.714114,24576,5698600,6144x1x1x1,0x0x0,6144x1x1x1
ffn_up-17,MUL_MAT,0.162188,1457.880677,24576,5698600,6144x1x1x1,0x0x0,6144x1x1x1
ffn_swiglu-17,GLU,0.004375,1457.889635,24576,5698600,6144x1x1x1,0x0x0,6144x1x1x1
ffn_out-17,MUL_MAT,0.169948,1458.063698,8192,5698600,2048x1x1x1,0x0x0,2048x1x1x1
l_out-17,ADD,0.001302,1458.069427,8192,5698600,2048x1x1x1,0x0x0,2048x1x1x1
norm-18,RMS_NORM,0.003437,1458.079739,8192,5698600,2048x1x1x1,0x0x0,2048x1x1x1
attn_norm-18,MUL,0.001562,1458.085208,8192,5698600,2048x1x1x1,0x0x0,2048x1x1x1
Qcur-18,MUL_MAT,0.055208,1458.144010,8192,5698600,2048x1x1x1,0x0x0,2048x1x1x1
Qcur-18,RESHAPE,0.000313,1458.148646,8192,5698600,128x16x1x1,0x0x0,128x16x1x1
norm-18,RMS_NORM,0.056719,1458.209219,8192,5698600,128x16x1x1,0x0x0,128x16x1x1
Qcur_normed-18,MUL,0.001719,1458.215260,8192,5698600,128x16x1x1,0x0x0,128x16x1x1
Qcur-18,ROPE,0.002240,1458.221094,8192,5698600,128x16x1x1,0x0x0,128x16x1x1
Vcur-18,MUL_MAT,0.035521,1458.260156,4096,5698600,1024x1x1x1,0x0x0,1024x1x1x1
Vcur-18,RESHAPE,0.000469,1458.264844,4096,5698600,128x8x1x1,0x0x0,128x8x1x1
Kcur-18,MUL_MAT,0.091093,1458.359687,4096,5698600,1024x1x1x1,0x0x0,1024x1x1x1
Kcur-18,RESHAPE,0.000469,1458.364635,4096,5698600,128x8x1x1,0x0x0,128x8x1x1
norm-18,RMS_NORM,0.058438,1458.426719,4096,5698600,128x8x1x1,0x0x0,128x8x1x1
Kcur_normed-18,MUL,0.001407,1458.432448,4096,5698600,128x8x1x1,0x0x0,128x8x1x1
Kcur-18,ROPE,0.001875,1458.437969,4096,5698600,128x8x1x1,0x0x0,128x8x1x1
Kcur-18 (view),VIEW,0.000417,1458.441979,4096,5698600,1024x1x1x1,0x0x0,1024x1x1x1
cache_k_l18 (view),SET_ROWS,0.024427,1458.470052,83886080,5698600,1024x40960x1x1,0x0x0,1024x40960x1x1
Vcur-18 (view),VIEW,0.000260,1458.474739,4096,5698600,1024x1x1x1,0x0x0,1024x1x1x1
cache_v_l18 (view),SET_ROWS,0.012813,1458.491198,83886080,5698600,1024x40960x1x1,0x0x0,1024x40960x1x1
Qcur-18 (view),VIEW,0.000468,1458.496041,8192,5698600,128x16x1x1,0x0x0,128x16x1x1
Qcur-18 (view) (permuted),PERMUTE,0.018125,1458.517916,8192,5698600,128x1x16x1,0x0x0,128x1x16x1
cache_k_l18 (view),VIEW,0.000625,1458.522812,524288,5698600,128x8x256x1,0x0x0,128x8x256x1
cache_k_l18 (view) (permuted),PERMUTE,0.012709,1458.539271,524288,5698600,128x256x8x1,0x0x0,128x256x8x1
cache_v_l18 (view),VIEW,0.000313,1458.543802,524288,5698600,128x8x256x1,0x0x0,128x8x256x1
cache_v_l18 (view) (permuted),PERMUTE,0.013541,1458.560989,524288,5698600,128x256x8x1,0x0x0,128x256x8x1
node_655,FLASH_ATTN_EXT,0.029636,1458.594896,8192,5698600,128x16x1x1,0x0x0,128x16x1x1
kqv_out-18,RESHAPE,0.000313,1458.599323,8192,5698600,2048x1x1x1,0x0x0,2048x1x1x1
node_657,MUL_MAT,0.118906,1458.721875,8192,5698600,2048x1x1x1,0x0x0,2048x1x1x1
ffn_inp-18,ADD,0.001511,1458.727969,8192,5698600,2048x1x1x1,0x0x0,2048x1x1x1
norm-18,RMS_NORM,0.003229,1458.734948,8192,5698600,2048x1x1x1,0x0x0,2048x1x1x1
ffn_norm-18,MUL,0.001407,1458.739948,8192,5698600,2048x1x1x1,0x0x0,2048x1x1x1
ffn_gate-18,MUL_MAT,0.162135,1458.905729,24576,5698600,6144x1x1x1,0x0x0,6144x1x1x1
ffn_up-18,MUL_MAT,0.161562,1459.071562,24576,5698600,6144x1x1x1,0x0x0,6144x1x1x1
ffn_swiglu-18,GLU,0.004271,1459.080260,24576,5698600,6144x1x1x1,0x0x0,6144x1x1x1
ffn_out-18,MUL_MAT,0.164479,1459.248698,8192,5698600,2048x1x1x1,0x0x0,2048x1x1x1
l_out-18,ADD,0.001458,1459.254531,8192,5698600,2048x1x1x1,0x0x0,2048x1x1x1
norm-19,RMS_NORM,0.003437,1459.261614,8192,5698600,2048x1x1x1,0x0x0,2048x1x1x1
attn_norm-19,MUL,0.001511,1459.266771,8192,5698600,2048x1x1x1,0x0x0,2048x1x1x1
Qcur-19,MUL_MAT,0.065312,1459.335781,8192,5698600,2048x1x1x1,0x0x0,2048x1x1x1
Qcur-19,RESHAPE,0.000313,1459.340469,8192,5698600,128x16x1x1,0x0x0,128x16x1x1
norm-19,RMS_NORM,0.058958,1459.403281,8192,5698600,128x16x1x1,0x0x0,128x16x1x1
Qcur_normed-19,MUL,0.001719,1459.409323,8192,5698600,128x16x1x1,0x0x0,128x16x1x1
Qcur-19,ROPE,0.002188,1459.415052,8192,5698600,128x16x1x1,0x0x0,128x16x1x1
Vcur-19,MUL_MAT,0.034895,1459.453489,4096,5698600,1024x1x1x1,0x0x0,1024x1x1x1
Vcur-19,RESHAPE,0.000313,1459.458021,4096,5698600,128x8x1x1,0x0x0,128x8x1x1
Kcur-19,MUL_MAT,0.090782,1459.552448,4096,5698600,1024x1x1x1,0x0x0,1024x1x1x1
Kcur-19,RESHAPE,0.000469,1459.557396,4096,5698600,128x8x1x1,0x0x0,128x8x1x1
norm-19,RMS_NORM,0.029583,1459.590729,4096,5698600,128x8x1x1,0x0x0,128x8x1x1
Kcur_normed-19,MUL,0.001406,1459.596302,4096,5698600,128x8x1x1,0x0x0,128x8x1x1
Kcur-19,ROPE,0.001823,1459.601771,4096,5698600,128x8x1x1,0x0x0,128x8x1x1
Kcur-19 (view),VIEW,0.000417,1459.605729,4096,5698600,1024x1x1x1,0x0x0,1024x1x1x1
cache_k_l19 (view),SET_ROWS,0.024948,1459.637239,83886080,5698600,1024x40960x1x1,0x0x0,1024x40960x1x1
Vcur-19 (view),VIEW,0.000312,1459.642135,4096,5698600,1024x1x1x1,0x0x0,1024x1x1x1
cache_v_l19 (view),SET_ROWS,0.012917,1459.658750,83886080,5698600,1024x40960x1x1,0x0x0,1024x40960x1x1
Qcur-19 (view),VIEW,0.005104,1459.668125,8192,5698600,128x16x1x1,0x0x0,128x16x1x1
Qcur-19 (view) (permuted),PERMUTE,0.015677,1459.687812,8192,5698600,128x1x16x1,0x0x0,128x1x16x1
cache_k_l19 (view),VIEW,0.000313,1459.692396,524288,5698600,128x8x256x1,0x0x0,128x8x256x1
cache_k_l19 (view) (permuted),PERMUTE,0.014062,1459.710208,524288,5698600,128x256x8x1,0x0x0,128x256x8x1
cache_v_l19 (view),VIEW,0.004114,1459.718541,524288,5698600,128x8x256x1,0x0x0,128x8x256x1
cache_v_l19 (view) (permuted),PERMUTE,0.013594,1459.736250,524288,5698600,128x256x8x1,0x0x0,128x256x8x1
node_690,FLASH_ATTN_EXT,0.035469,1459.776146,8192,5698600,128x16x1x1,0x0x0,128x16x1x1
kqv_out-19,RESHAPE,0.000313,1459.780521,8192,5698600,2048x1x1x1,0x0x0,2048x1x1x1
node_692,MUL_MAT,0.144635,1459.928906,8192,5698600,2048x1x1x1,0x0x0,2048x1x1x1
ffn_inp-19,ADD,0.001511,1459.934844,8192,5698600,2048x1x1x1,0x0x0,2048x1x1x1
norm-19,RMS_NORM,0.003229,1459.941823,8192,5698600,2048x1x1x1,0x0x0,2048x1x1x1
ffn_norm-19,MUL,0.001407,1459.946823,8192,5698600,2048x1x1x1,0x0x0,2048x1x1x1
ffn_gate-19,MUL_MAT,0.170625,1460.121041,24576,5698600,6144x1x1x1,0x0x0,6144x1x1x1
ffn_up-19,MUL_MAT,0.167552,1460.293021,24576,5698600,6144x1x1x1,0x0x0,6144x1x1x1
ffn_swiglu-19,GLU,0.004479,1460.301823,24576,5698600,6144x1x1x1,0x0x0,6144x1x1x1
ffn_out-19,MUL_MAT,0.170104,1460.475989,8192,5698600,2048x1x1x1,0x0x0,2048x1x1x1
l_out-19,ADD,0.001406,1460.481979,8192,5698600,2048x1x1x1,0x0x0,2048x1x1x1
norm-20,RMS_NORM,0.003333,1460.489010,8192,5698600,2048x1x1x1,0x0x0,2048x1x1x1
attn_norm-20,MUL,0.001458,1460.494166,8192,5698600,2048x1x1x1,0x0x0,2048x1x1x1
Qcur-20,MUL_MAT,0.077604,1460.575364,8192,5698600,2048x1x1x1,0x0x0,2048x1x1x1
Qcur-20,RESHAPE,0.000365,1460.580625,8192,5698600,128x16x1x1,0x0x0,128x16x1x1
norm-20,RMS_NORM,0.044792,1460.629271,8192,5698600,128x16x1x1,0x0x0,128x16x1x1
Qcur_normed-20,MUL,0.001770,1460.635416,8192,5698600,128x16x1x1,0x0x0,128x16x1x1
Qcur-20,ROPE,0.002136,1460.641198,8192,5698600,128x16x1x1,0x0x0,128x16x1x1
Vcur-20,MUL_MAT,0.035312,1460.680208,4096,5698600,1024x1x1x1,0x0x0,1024x1x1x1
Vcur-20,RESHAPE,0.000469,1460.685104,4096,5698600,128x8x1x1,0x0x0,128x8x1x1
Kcur-20,MUL_MAT,0.090625,1460.779427,4096,5698600,1024x1x1x1,0x0x0,1024x1x1x1
Kcur-20,RESHAPE,0.000417,1460.784375,4096,5698600,128x8x1x1,0x0x0,128x8x1x1
norm-20,RMS_NORM,0.055937,1460.844062,4096,5698600,128x8x1x1,0x0x0,128x8x1x1
Kcur_normed-20,MUL,0.001406,1460.849739,4096,5698600,128x8x1x1,0x0x0,128x8x1x1
Kcur-20,ROPE,0.001979,1460.855260,4096,5698600,128x8x1x1,0x0x0,128x8x1x1
Kcur-20 (view),VIEW,0.000312,1460.859062,4096,5698600,1024x1x1x1,0x0x0,1024x1x1x1
cache_k_l20 (view),SET_ROWS,0.024948,1460.887760,83886080,5698600,1024x40960x1x1,0x0x0,1024x40960x1x1
Vcur-20 (view),VIEW,0.000261,1460.892448,4096,5698600,1024x1x1x1,0x0x0,1024x1x1x1
cache_v_l20 (view),SET_ROWS,0.012604,1460.908802,83886080,5698600,1024x40960x1x1,0x0x0,1024x40960x1x1
Qcur-20 (view),VIEW,0.000521,1460.913646,8192,5698600,128x16x1x1,0x0x0,128x16x1x1
Qcur-20 (view) (permuted),PERMUTE,0.016458,1460.933906,8192,5698600,128x1x16x1,0x0x0,128x1x16x1
cache_k_l20 (view),VIEW,0.000312,1460.938541,524288,5698600,128x8x256x1,0x0x0,128x8x256x1
cache_k_l20 (view) (permuted),PERMUTE,0.012135,1460.954479,524288,5698600,128x256x8x1,0x0x0,128x256x8x1
cache_v_l20 (view),VIEW,0.000260,1460.958958,524288,5698600,128x8x256x1,0x0x0,128x8x256x1
cache_v_l20 (view) (permuted),PERMUTE,0.003802,1460.966562,524288,5698600,128x256x8x1,0x0x0,128x256x8x1
node_725,FLASH_ATTN_EXT,0.016354,1460.986979,8192,5698600,128x16x1x1,0x0x0,128x16x1x1
kqv_out-20,RESHAPE,0.000312,1460.991562,8192,5698600,2048x1x1x1,0x0x0,2048x1x1x1
node_727,MUL_MAT,0.119479,1461.114739,8192,5698600,2048x1x1x1,0x0x0,2048x1x1x1
ffn_inp-20,ADD,0.001302,1461.120573,8192,5698600,2048x1x1x1,0x0x0,2048x1x1x1
norm-20,RMS_NORM,0.003229,1461.127552,8192,5698600,2048x1x1x1,0x0x0,2048x1x1x1
ffn_norm-20,MUL,0.001354,1461.135833,8192,5698600,2048x1x1x1,0x0x0,2048x1x1x1
ffn_gate-20,MUL_MAT,0.170573,1461.310260,24576,5698600,6144x1x1x1,0x0x0,6144x1x1x1
ffn_up-20,MUL_MAT,0.171354,1461.486041,24576,5698600,6144x1x1x1,0x0x0,6144x1x1x1
ffn_swiglu-20,GLU,0.004219,1461.494896,24576,5698600,6144x1x1x1,0x0x0,6144x1x1x1
ffn_out-20,MUL_MAT,0.166927,1461.665833,8192,5698600,2048x1x1x1,0x0x0,2048x1x1x1
l_out-20,ADD,0.001406,1461.671614,8192,5698600,2048x1x1x1,0x0x0,2048x1x1x1
norm-21,RMS_NORM,0.003386,1461.678698,8192,5698600,2048x1x1x1,0x0x0,2048x1x1x1
attn_norm-21,MUL,0.001719,1461.684010,8192,5698600,2048x1x1x1,0x0x0,2048x1x1x1
Qcur-21,MUL_MAT,0.055729,1461.743437,8192,5698600,2048x1x1x1,0x0x0,2048x1x1x1
Qcur-21,RESHAPE,0.000313,1461.748073,8192,5698600,128x16x1x1,0x0x0,128x16x1x1
norm-21,RMS_NORM,0.049583,1461.801562,8192,5698600,128x16x1x1,0x0x0,128x16x1x1
Qcur_normed-21,MUL,0.001719,1461.807656,8192,5698600,128x16x1x1,0x0x0,128x16x1x1
Qcur-21,ROPE,0.002083,1461.813333,8192,5698600,128x16x1x1,0x0x0,128x16x1x1
Vcur-21,MUL_MAT,0.034219,1461.851250,4096,5698600,1024x1x1x1,0x0x0,1024x1x1x1
Vcur-21,RESHAPE,0.000468,1461.855937,4096,5698600,128x8x1x1,0x0x0,128x8x1x1
Kcur-21,MUL_MAT,0.089688,1461.949375,4096,5698600,1024x1x1x1,0x0x0,1024x1x1x1
Kcur-21,RESHAPE,0.000417,1461.954219,4096,5698600,128x8x1x1,0x0x0,128x8x1x1
norm-21,RMS_NORM,0.057188,1462.015104,4096,5698600,128x8x1x1,0x0x0,128x8x1x1
Kcur_normed-21,MUL,0.001354,1462.020833,4096,5698600,128x8x1x1,0x0x0,128x8x1x1
Kcur-21,ROPE,0.001979,1462.026302,4096,5698600,128x8x1x1,0x0x0,128x8x1x1
Kcur-21 (view),VIEW,0.000260,1462.030208,4096,5698600,1024x1x1x1,0x0x0,1024x1x1x1
cache_k_l21 (view),SET_ROWS,0.024427,1462.058281,83886080,5698600,1024x40960x1x1,0x0x0,1024x40960x1x1
Vcur-21 (view),VIEW,0.000261,1462.062969,4096,5698600,1024x1x1x1,0x0x0,1024x1x1x1
cache_v_l21 (view),SET_ROWS,0.012396,1462.079219,83886080,5698600,1024x40960x1x1,0x0x0,1024x40960x1x1
Qcur-21 (view),VIEW,0.000468,1462.084062,8192,5698600,128x16x1x1,0x0x0,128x16x1x1
Qcur-21 (view) (permuted),PERMUTE,0.015834,1462.103698,8192,5698600,128x1x16x1,0x0x0,128x1x16x1
cache_k_l21 (view),VIEW,0.005052,1462.113281,524288,5698600,128x8x256x1,0x0x0,128x8x256x1
cache_k_l21 (view) (permuted),PERMUTE,0.013542,1462.131146,524288,5698600,128x256x8x1,0x0x0,128x256x8x1
cache_v_l21 (view),VIEW,0.000625,1462.136041,524288,5698600,128x8x256x1,0x0x0,128x8x256x1
cache_v_l21 (view) (permuted),PERMUTE,0.005521,1462.145260,524288,5698600,128x256x8x1,0x0x0,128x256x8x1
node_760,FLASH_ATTN_EXT,0.019843,1462.169114,8192,5698600,128x16x1x1,0x0x0,128x16x1x1
kqv_out-21,RESHAPE,0.000261,1462.173750,8192,5698600,2048x1x1x1,0x0x0,2048x1x1x1
node_762,MUL_MAT,0.120156,1462.297552,8192,5698600,2048x1x1x1,0x0x0,2048x1x1x1
ffn_inp-21,ADD,0.001459,1462.303594,8192,5698600,2048x1x1x1,0x0x0,2048x1x1x1
norm-21,RMS_NORM,0.003229,1462.310573,8192,5698600,2048x1x1x1,0x0x0,2048x1x1x1
ffn_norm-21,MUL,0.001406,1462.315625,8192,5698600,2048x1x1x1,0x0x0,2048x1x1x1
ffn_gate-21,MUL_MAT,0.171510,1462.490729,24576,5698600,6144x1x1x1,0x0x0,6144x1x1x1
ffn_up-21,MUL_MAT,0.172500,1462.667760,24576,5698600,6144x1x1x1,0x0x0,6144x1x1x1
ffn_swiglu-21,GLU,0.004270,1462.676614,24576,5698600,6144x1x1x1,0x0x0,6144x1x1x1
ffn_out-21,MUL_MAT,0.170521,1462.851198,8192,5698600,2048x1x1x1,0x0x0,2048x1x1x1
l_out-21,ADD,0.001354,1462.856927,8192,5698600,2048x1x1x1,0x0x0,2048x1x1x1
norm-22,RMS_NORM,0.003333,1462.863906,8192,5698600,2048x1x1x1,0x0x0,2048x1x1x1
attn_norm-22,MUL,0.001667,1462.869219,8192,5698600,2048x1x1x1,0x0x0,2048x1x1x1
Qcur-22,MUL_MAT,0.056354,1462.929166,8192,5698600,2048x1x1x1,0x0x0,2048x1x1x1
Qcur-22,RESHAPE,0.000312,1462.933906,8192,5698600,128x16x1x1,0x0x0,128x16x1x1
norm-22,RMS_NORM,0.057865,1462.995573,8192,5698600,128x16x1x1,0x0x0,128x16x1x1
Qcur_normed-22,MUL,0.001875,1463.001719,8192,5698600,128x16x1x1,0x0x0,128x16x1x1
Qcur-22,ROPE,0.002188,1463.007500,8192,5698600,128x16x1x1,0x0x0,128x16x1x1
Vcur-22,MUL_MAT,0.034114,1463.045208,4096,5698600,1024x1x1x1,0x0x0,1024x1x1x1
Vcur-22,RESHAPE,0.000469,1463.049896,4096,5698600,128x8x1x1,0x0x0,128x8x1x1
Kcur-22,MUL_MAT,0.090417,1463.147708,4096,5698600,1024x1x1x1,0x0x0,1024x1x1x1
Kcur-22,RESHAPE,0.000469,1463.152708,4096,5698600,128x8x1x1,0x0x0,128x8x1x1
norm-22,RMS_NORM,0.057083,1463.213541,4096,5698600,128x8x1x1,0x0x0,128x8x1x1
Kcur_normed-22,MUL,0.001459,1463.219375,4096,5698600,128x8x1x1,0x0x0,128x8x1x1
Kcur-22,ROPE,0.002084,1463.224948,4096,5698600,128x8x1x1,0x0x0,128x8x1x1
Kcur-22 (view),VIEW,0.000469,1463.229010,4096,5698600,1024x1x1x1,0x0x0,1024x1x1x1
cache_k_l22 (view),SET_ROWS,0.024219,1463.256979,83886080,5698600,1024x40960x1x1,0x0x0,1024x40960x1x1
Vcur-22 (view),VIEW,0.000313,1463.261719,4096,5698600,1024x1x1x1,0x0x0,1024x1x1x1
cache_v_l22 (view),SET_ROWS,0.012292,1463.277708,83886080,5698600,1024x40960x1x1,0x0x0,1024x40960x1x1
Qcur-22 (view),VIEW,0.000469,1463.282448,8192,5698600,128x16x1x1,0x0x0,128x16x1x1
Qcur-22 (view) (permuted),PERMUTE,0.015521,1463.301771,8192,5698600,128x1x16x1,0x0x0,128x1x16x1
cache_k_l22 (view),VIEW,0.000312,1463.306458,524288,5698600,128x8x256x1,0x0x0,128x8x256x1
cache_k_l22 (view) (permuted),PERMUTE,0.014271,1463.324687,524288,5698600,128x256x8x1,0x0x0,128x256x8x1
cache_v_l22 (view),VIEW,0.005104,1463.334062,524288,5698600,128x8x256x1,0x0x0,128x8x256x1
cache_v_l22 (view) (permuted),PERMUTE,0.012917,1463.351198,524288,5698600,128x256x8x1,0x0x0,128x256x8x1
node_795,FLASH_ATTN_EXT,0.023750,1463.379219,8192,5698600,128x16x1x1,0x0x0,128x16x1x1
kqv_out-22,RESHAPE,0.000312,1463.383906,8192,5698600,2048x1x1x1,0x0x0,2048x1x1x1
node_797,MUL_MAT,0.110521,1463.498073,8192,5698600,2048x1x1x1,0x0x0,2048x1x1x1
ffn_inp-22,ADD,0.001562,1463.504010,8192,5698600,2048x1x1x1,0x0x0,2048x1x1x1
norm-22,RMS_NORM,0.003229,1463.510885,8192,5698600,2048x1x1x1,0x0x0,2048x1x1x1
ffn_norm-22,MUL,0.001510,1463.516041,8192,5698600,2048x1x1x1,0x0x0,2048x1x1x1
ffn_gate-22,MUL_MAT,0.162396,1463.682135,24576,5698600,6144x1x1x1,0x0x0,6144x1x1x1
ffn_up-22,MUL_MAT,0.172604,1463.859062,24576,5698600,6144x1x1x1,0x0x0,6144x1x1x1
ffn_swiglu-22,GLU,0.004271,1463.867604,24576,5698600,6144x1x1x1,0x0x0,6144x1x1x1
ffn_out-22,MUL_MAT,0.166302,1464.037864,8192,5698600,2048x1x1x1,0x0x0,2048x1x1x1
l_out-22,ADD,0.001302,1464.043906,8192,5698600,2048x1x1x1,0x0x0,2048x1x1x1
norm-23,RMS_NORM,0.003385,1464.051041,8192,5698600,2048x1x1x1,0x0x0,2048x1x1x1
attn_norm-23,MUL,0.001719,1464.056406,8192,5698600,2048x1x1x1,0x0x0,2048x1x1x1
Qcur-23,MUL_MAT,0.055833,1464.115781,8192,5698600,2048x1x1x1,0x0x0,2048x1x1x1
Qcur-23,RESHAPE,0.000417,1464.120469,8192,5698600,128x16x1x1,0x0x0,128x16x1x1
norm-23,RMS_NORM,0.058385,1464.182812,8192,5698600,128x16x1x1,0x0x0,128x16x1x1
Qcur_normed-23,MUL,0.001979,1464.189114,8192,5698600,128x16x1x1,0x0x0,128x16x1x1
Qcur-23,ROPE,0.001927,1464.194739,8192,5698600,128x16x1x1,0x0x0,128x16x1x1
Vcur-23,MUL_MAT,0.033854,1464.232187,4096,5698600,1024x1x1x1,0x0x0,1024x1x1x1
Vcur-23,RESHAPE,0.000312,1464.236614,4096,5698600,128x8x1x1,0x0x0,128x8x1x1
Kcur-23,MUL_MAT,0.090261,1464.330573,4096,5698600,1024x1x1x1,0x0x0,1024x1x1x1
Kcur-23,RESHAPE,0.000469,1464.335573,4096,5698600,128x8x1x1,0x0x0,128x8x1x1
norm-23,RMS_NORM,0.056979,1464.396250,4096,5698600,128x8x1x1,0x0x0,128x8x1x1
Kcur_normed-23,MUL,0.001458,1464.402031,4096,5698600,128x8x1x1,0x0x0,128x8x1x1
Kcur-23,ROPE,0.002031,1464.407708,4096,5698600,128x8x1x1,0x0x0,128x8x1x1
Kcur-23 (view),VIEW,0.000312,1464.411562,4096,5698600,1024x1x1x1,0x0x0,1024x1x1x1
cache_k_l23 (view),SET_ROWS,0.024479,1464.439635,83886080,5698600,1024x40960x1x1,0x0x0,1024x40960x1x1
Vcur-23 (view),VIEW,0.000313,1464.444427,4096,5698600,1024x1x1x1,0x0x0,1024x1x1x1
cache_v_l23 (view),SET_ROWS,0.012656,1464.460781,83886080,5698600,1024x40960x1x1,0x0x0,1024x40960x1x1
Qcur-23 (view),VIEW,0.000416,1464.465416,8192,5698600,128x16x1x1,0x0x0,128x16x1x1
Qcur-23 (view) (permuted),PERMUTE,0.018645,1464.487864,8192,5698600,128x1x16x1,0x0x0,128x1x16x1
cache_k_l23 (view),VIEW,0.007344,1464.499479,524288,5698600,128x8x256x1,0x0x0,128x8x256x1
cache_k_l23 (view) (permuted),PERMUTE,0.012656,1464.516250,524288,5698600,128x256x8x1,0x0x0,128x256x8x1
cache_v_l23 (view),VIEW,0.000677,1464.521146,524288,5698600,128x8x256x1,0x0x0,128x8x256x1
cache_v_l23 (view) (permuted),PERMUTE,0.010104,1464.538125,524288,5698600,128x256x8x1,0x0x0,128x256x8x1
node_830,FLASH_ATTN_EXT,0.034740,1464.577344,8192,5698600,128x16x1x1,0x0x0,128x16x1x1
kqv_out-23,RESHAPE,0.000312,1464.582239,8192,5698600,2048x1x1x1,0x0x0,2048x1x1x1
node_832,MUL_MAT,0.096563,1464.682500,8192,5698600,2048x1x1x1,0x0x0,2048x1x1x1
ffn_inp-23,ADD,0.001459,1464.688646,8192,5698600,2048x1x1x1,0x0x0,2048x1x1x1
norm-23,RMS_NORM,0.003229,1464.695573,8192,5698600,2048x1x1x1,0x0x0,2048x1x1x1
ffn_norm-23,MUL,0.001407,1464.700573,8192,5698600,2048x1x1x1,0x0x0,2048x1x1x1
ffn_gate-23,MUL_MAT,0.171197,1464.875416,24576,5698600,6144x1x1x1,0x0x0,6144x1x1x1
ffn_up-23,MUL_MAT,0.171407,1465.051198,24576,5698600,6144x1x1x1,0x0x0,6144x1x1x1
ffn_swiglu-23,GLU,0.004271,1465.059844,24576,5698600,6144x1x1x1,0x0x0,6144x1x1x1
ffn_out-23,MUL_MAT,0.165781,1465.229687,8192,5698600,2048x1x1x1,0x0x0,2048x1x1x1
l_out-23,ADD,0.001510,1465.235416,8192,5698600,2048x1x1x1,0x0x0,2048x1x1x1
norm-24,RMS_NORM,0.003385,1465.242656,8192,5698600,2048x1x1x1,0x0x0,2048x1x1x1
attn_norm-24,MUL,0.001562,1465.247916,8192,5698600,2048x1x1x1,0x0x0,2048x1x1x1
Qcur-24,MUL_MAT,0.055469,1465.306979,8192,5698600,2048x1x1x1,0x0x0,2048x1x1x1
Qcur-24,RESHAPE,0.000312,1465.311614,8192,5698600,128x16x1x1,0x0x0,128x16x1x1
norm-24,RMS_NORM,0.058802,1465.374166,8192,5698600,128x16x1x1,0x0x0,128x16x1x1
Qcur_normed-24,MUL,0.001927,1465.380416,8192,5698600,128x16x1x1,0x0x0,128x16x1x1
Qcur-24,ROPE,0.002344,1465.386458,8192,5698600,128x16x1x1,0x0x0,128x16x1x1
Vcur-24,MUL_MAT,0.035208,1465.425312,4096,5698600,1024x1x1x1,0x0x0,1024x1x1x1
Vcur-24,RESHAPE,0.000469,1465.430000,4096,5698600,128x8x1x1,0x0x0,128x8x1x1
Kcur-24,MUL_MAT,0.090781,1465.524479,4096,5698600,1024x1x1x1,0x0x0,1024x1x1x1
Kcur-24,RESHAPE,0.000469,1465.529323,4096,5698600,128x8x1x1,0x0x0,128x8x1x1
norm-24,RMS_NORM,0.057969,1465.591094,4096,5698600,128x8x1x1,0x0x0,128x8x1x1
Kcur_normed-24,MUL,0.001406,1465.596875,4096,5698600,128x8x1x1,0x0x0,128x8x1x1
Kcur-24,ROPE,0.001927,1465.602396,4096,5698600,128x8x1x1,0x0x0,128x8x1x1
Kcur-24 (view),VIEW,0.000469,1465.606406,4096,5698600,1024x1x1x1,0x0x0,1024x1x1x1
cache_k_l24 (view),SET_ROWS,0.024010,1465.633958,83886080,5698600,1024x40960x1x1,0x0x0,1024x40960x1x1
Vcur-24 (view),VIEW,0.000313,1465.638646,4096,5698600,1024x1x1x1,0x0x0,1024x1x1x1
cache_v_l24 (view),SET_ROWS,0.012864,1465.655208,83886080,5698600,1024x40960x1x1,0x0x0,1024x40960x1x1
Qcur-24 (view),VIEW,0.000521,1465.660052,8192,5698600,128x16x1x1,0x0x0,128x16x1x1
Qcur-24 (view) (permuted),PERMUTE,0.011927,1465.675781,8192,5698600,128x1x16x1,0x0x0,128x1x16x1
cache_k_l24 (view),VIEW,0.000260,1465.680156,524288,5698600,128x8x256x1,0x0x0,128x8x256x1
cache_k_l24 (view) (permuted),PERMUTE,0.008698,1465.692656,524288,5698600,128x256x8x1,0x0x0,128x256x8x1
cache_v_l24 (view),VIEW,0.000364,1465.697083,524288,5698600,128x8x256x1,0x0x0,128x8x256x1
cache_v_l24 (view) (permuted),PERMUTE,0.012500,1465.713333,524288,5698600,128x256x8x1,0x0x0,128x256x8x1
node_865,FLASH_ATTN_EXT,0.016823,1465.734323,8192,5698600,128x16x1x1,0x0x0,128x16x1x1
kqv_out-24,RESHAPE,0.000469,1465.738854,8192,5698600,2048x1x1x1,0x0x0,2048x1x1x1
node_867,MUL_MAT,0.111042,1465.853646,8192,5698600,2048x1x1x1,0x0x0,2048x1x1x1
ffn_inp-24,ADD,0.001562,1465.859739,8192,5698600,2048x1x1x1,0x0x0,2048x1x1x1
norm-24,RMS_NORM,0.003229,1465.866666,8192,5698600,2048x1x1x1,0x0x0,2048x1x1x1
ffn_norm-24,MUL,0.001407,1465.871719,8192,5698600,2048x1x1x1,0x0x0,2048x1x1x1
ffn_gate-24,MUL_MAT,0.170417,1466.045833,24576,5698600,6144x1x1x1,0x0x0,6144x1x1x1
ffn_up-24,MUL_MAT,0.172084,1466.222344,24576,5698600,6144x1x1x1,0x0x0,6144x1x1x1
ffn_swiglu-24,GLU,0.004218,1466.231041,24576,5698600,6144x1x1x1,0x0x0,6144x1x1x1
ffn_out-24,MUL_MAT,0.168958,1466.404010,8192,5698600,2048x1x1x1,0x0x0,2048x1x1x1
l_out-24,ADD,0.001355,1466.409896,8192,5698600,2048x1x1x1,0x0x0,2048x1x1x1
norm-25,RMS_NORM,0.003437,1466.417031,8192,5698600,2048x1x1x1,0x0x0,2048x1x1x1
attn_norm-25,MUL,0.001667,1466.422344,8192,5698600,2048x1x1x1,0x0x0,2048x1x1x1
Qcur-25,MUL_MAT,0.065417,1466.494948,8192,5698600,2048x1x1x1,0x0x0,2048x1x1x1
Qcur-25,RESHAPE,0.000364,1466.499583,8192,5698600,128x16x1x1,0x0x0,128x16x1x1
norm-25,RMS_NORM,0.052969,1466.556354,8192,5698600,128x16x1x1,0x0x0,128x16x1x1
Qcur_normed-25,MUL,0.001771,1466.562500,8192,5698600,128x16x1x1,0x0x0,128x16x1x1
Qcur-25,ROPE,0.001979,1466.568229,8192,5698600,128x16x1x1,0x0x0,128x16x1x1
Vcur-25,MUL_MAT,0.034114,1466.605885,4096,5698600,1024x1x1x1,0x0x0,1024x1x1x1
Vcur-25,RESHAPE,0.000417,1466.610469,4096,5698600,128x8x1x1,0x0x0,128x8x1x1
Kcur-25,MUL_MAT,0.070417,1466.684583,4096,5698600,1024x1x1x1,0x0x0,1024x1x1x1
Kcur-25,RESHAPE,0.000313,1466.689427,4096,5698600,128x8x1x1,0x0x0,128x8x1x1
norm-25,RMS_NORM,0.056563,1466.749844,4096,5698600,128x8x1x1,0x0x0,128x8x1x1
Kcur_normed-25,MUL,0.001407,1466.755521,4096,5698600,128x8x1x1,0x0x0,128x8x1x1
Kcur-25,ROPE,0.002031,1466.761250,4096,5698600,128x8x1x1,0x0x0,128x8x1x1
Kcur-25 (view),VIEW,0.000312,1466.765156,4096,5698600,1024x1x1x1,0x0x0,1024x1x1x1
cache_k_l25 (view),SET_ROWS,0.024948,1466.793802,83886080,5698600,1024x40960x1x1,0x0x0,1024x40960x1x1
Vcur-25 (view),VIEW,0.000312,1466.798489,4096,5698600,1024x1x1x1,0x0x0,1024x1x1x1
cache_v_l25 (view),SET_ROWS,0.012500,1466.814635,83886080,5698600,1024x40960x1x1,0x0x0,1024x40960x1x1
Qcur-25 (view),VIEW,0.000573,1466.819531,8192,5698600,128x16x1x1,0x0x0,128x16x1x1
Qcur-25 (view) (permuted),PERMUTE,0.012969,1466.836354,8192,5698600,128x1x16x1,0x0x0,128x1x16x1
cache_k_l25 (view),VIEW,0.000260,1466.840729,524288,5698600,128x8x256x1,0x0x0,128x8x256x1
cache_k_l25 (view) (permuted),PERMUTE,0.009896,1466.854479,524288,5698600,128x256x8x1,0x0x0,128x256x8x1
cache_v_l25 (view),VIEW,0.000573,1466.859427,524288,5698600,128x8x256x1,0x0x0,128x8x256x1
cache_v_l25 (view) (permuted),PERMUTE,0.012604,1466.875833,524288,5698600,128x256x8x1,0x0x0,128x256x8x1
node_900,FLASH_ATTN_EXT,0.036823,1466.916979,8192,5698600,128x16x1x1,0x0x0,128x16x1x1
kqv_out-25,RESHAPE,0.000313,1466.921354,8192,5698600,2048x1x1x1,0x0x0,2048x1x1x1
node_902,MUL_MAT,0.121458,1467.046458,8192,5698600,2048x1x1x1,0x0x0,2048x1x1x1
ffn_inp-25,ADD,0.001667,1467.052604,8192,5698600,2048x1x1x1,0x0x0,2048x1x1x1
norm-25,RMS_NORM,0.003229,1467.059531,8192,5698600,2048x1x1x1,0x0x0,2048x1x1x1
ffn_norm-25,MUL,0.001354,1467.064531,8192,5698600,2048x1x1x1,0x0x0,2048x1x1x1
ffn_gate-25,MUL_MAT,0.171927,1467.240156,24576,5698600,6144x1x1x1,0x0x0,6144x1x1x1
ffn_up-25,MUL_MAT,0.172083,1467.416666,24576,5698600,6144x1x1x1,0x0x0,6144x1x1x1
ffn_swiglu-25,GLU,0.004322,1467.425416,24576,5698600,6144x1x1x1,0x0x0,6144x1x1x1
ffn_out-25,MUL_MAT,0.167812,1467.597291,8192,5698600,2048x1x1x1,0x0x0,2048x1x1x1
l_out-25,ADD,0.001406,1467.603177,8192,5698600,2048x1x1x1,0x0x0,2048x1x1x1
norm-26,RMS_NORM,0.003333,1467.610156,8192,5698600,2048x1x1x1,0x0x0,2048x1x1x1
attn_norm-26,MUL,0.001614,1467.615364,8192,5698600,2048x1x1x1,0x0x0,2048x1x1x1
Qcur-26,MUL_MAT,0.065313,1467.684323,8192,5698600,2048x1x1x1,0x0x0,2048x1x1x1
Qcur-26,RESHAPE,0.000313,1467.688854,8192,5698600,128x16x1x1,0x0x0,128x16x1x1
norm-26,RMS_NORM,0.056198,1467.748958,8192,5698600,128x16x1x1,0x0x0,128x16x1x1
Qcur_normed-26,MUL,0.001562,1467.754791,8192,5698600,128x16x1x1,0x0x0,128x16x1x1
Qcur-26,ROPE,0.002136,1467.760469,8192,5698600,128x16x1x1,0x0x0,128x16x1x1
Vcur-26,MUL_MAT,0.034584,1467.798698,4096,5698600,1024x1x1x1,0x0x0,1024x1x1x1
Vcur-26,RESHAPE,0.000416,1467.803437,4096,5698600,128x8x1x1,0x0x0,128x8x1x1
Kcur-26,MUL_MAT,0.067344,1467.874531,4096,5698600,1024x1x1x1,0x0x0,1024x1x1x1
Kcur-26,RESHAPE,0.000469,1467.879531,4096,5698600,128x8x1x1,0x0x0,128x8x1x1
norm-26,RMS_NORM,0.057292,1467.940469,4096,5698600,128x8x1x1,0x0x0,128x8x1x1
Kcur_normed-26,MUL,0.001459,1467.946250,4096,5698600,128x8x1x1,0x0x0,128x8x1x1
Kcur-26,ROPE,0.002031,1467.952031,4096,5698600,128x8x1x1,0x0x0,128x8x1x1
Kcur-26 (view),VIEW,0.000469,1467.956094,4096,5698600,1024x1x1x1,0x0x0,1024x1x1x1
cache_k_l26 (view),SET_ROWS,0.024271,1467.984062,83886080,5698600,1024x40960x1x1,0x0x0,1024x40960x1x1
Vcur-26 (view),VIEW,0.000261,1467.988646,4096,5698600,1024x1x1x1,0x0x0,1024x1x1x1
cache_v_l26 (view),SET_ROWS,0.012760,1468.008489,83886080,5698600,1024x40960x1x1,0x0x0,1024x40960x1x1
Qcur-26 (view),VIEW,0.005208,1468.018177,8192,5698600,128x16x1x1,0x0x0,128x16x1x1
Qcur-26 (view) (permuted),PERMUTE,0.015937,1468.038281,8192,5698600,128x1x16x1,0x0x0,128x1x16x1
cache_k_l26 (view),VIEW,0.001927,1468.044583,524288,5698600,128x8x256x1,0x0x0,128x8x256x1
cache_k_l26 (view) (permuted),PERMUTE,0.016354,1468.064791,524288,5698600,128x256x8x1,0x0x0,128x256x8x1
cache_v_l26 (view),VIEW,0.000678,1468.069844,524288,5698600,128x8x256x1,0x0x0,128x8x256x1
cache_v_l26 (view) (permuted),PERMUTE,0.007760,1468.081406,524288,5698600,128x256x8x1,0x0x0,128x256x8x1
node_935,FLASH_ATTN_EXT,0.024010,1468.109687,8192,5698600,128x16x1x1,0x0x0,128x16x1x1
kqv_out-26,RESHAPE,0.000364,1468.114062,8192,5698600,2048x1x1x1,0x0x0,2048x1x1x1
node_937,MUL_MAT,0.124531,1468.242291,8192,5698600,2048x1x1x1,0x0x0,2048x1x1x1
ffn_inp-26,ADD,0.001302,1468.248281,8192,5698600,2048x1x1x1,0x0x0,2048x1x1x1
norm-26,RMS_NORM,0.003229,1468.255156,8192,5698600,2048x1x1x1,0x0x0,2048x1x1x1
ffn_norm-26,MUL,0.001406,1468.260052,8192,5698600,2048x1x1x1,0x0x0,2048x1x1x1
ffn_gate-26,MUL_MAT,0.172239,1468.435937,24576,5698600,6144x1x1x1,0x0x0,6144x1x1x1
ffn_up-26,MUL_MAT,0.185677,1468.626146,24576,5698600,6144x1x1x1,0x0x0,6144x1x1x1
ffn_swiglu-26,GLU,0.004323,1468.634948,24576,5698600,6144x1x1x1,0x0x0,6144x1x1x1
ffn_out-26,MUL_MAT,0.163958,1468.802864,8192,5698600,2048x1x1x1,0x0x0,2048x1x1x1
l_out-26,ADD,0.001511,1468.808646,8192,5698600,2048x1x1x1,0x0x0,2048x1x1x1
norm-27,RMS_NORM,0.003437,1468.815781,8192,5698600,2048x1x1x1,0x0x0,2048x1x1x1
attn_norm-27,MUL,0.001614,1468.821041,8192,5698600,2048x1x1x1,0x0x0,2048x1x1x1
Qcur-27,MUL_MAT,0.065625,1468.890364,8192,5698600,2048x1x1x1,0x0x0,2048x1x1x1
Qcur-27,RESHAPE,0.000313,1468.894948,8192,5698600,128x16x1x1,0x0x0,128x16x1x1
norm-27,RMS_NORM,0.058125,1468.957083,8192,5698600,128x16x1x1,0x0x0,128x16x1x1
Qcur_normed-27,MUL,0.001771,1468.963125,8192,5698600,128x16x1x1,0x0x0,128x16x1x1
Qcur-27,ROPE,0.002188,1468.968854,8192,5698600,128x16x1x1,0x0x0,128x16x1x1
Vcur-27,MUL_MAT,0.034166,1469.006666,4096,5698600,1024x1x1x1,0x0x0,1024x1x1x1
Vcur-27,RESHAPE,0.000313,1469.011250,4096,5698600,128x8x1x1,0x0x0,128x8x1x1
Kcur-27,MUL_MAT,0.090468,1469.105416,4096,5698600,1024x1x1x1,0x0x0,1024x1x1x1
Kcur-27,RESHAPE,0.000468,1469.110312,4096,5698600,128x8x1x1,0x0x0,128x8x1x1
norm-27,RMS_NORM,0.058386,1469.172396,4096,5698600,128x8x1x1,0x0x0,128x8x1x1
Kcur_normed-27,MUL,0.001407,1469.178073,4096,5698600,128x8x1x1,0x0x0,128x8x1x1
Kcur-27,ROPE,0.001979,1469.183698,4096,5698600,128x8x1x1,0x0x0,128x8x1x1
Kcur-27 (view),VIEW,0.000261,1469.187552,4096,5698600,1024x1x1x1,0x0x0,1024x1x1x1
cache_k_l27 (view),SET_ROWS,0.024375,1469.215625,83886080,5698600,1024x40960x1x1,0x0x0,1024x40960x1x1
Vcur-27 (view),VIEW,0.000312,1469.220208,4096,5698600,1024x1x1x1,0x0x0,1024x1x1x1
cache_v_l27 (view),SET_ROWS,0.012552,1469.236406,83886080,5698600,1024x40960x1x1,0x0x0,1024x40960x1x1
Qcur-27 (view),VIEW,0.004375,1469.245156,8192,5698600,128x16x1x1,0x0x0,128x16x1x1
Qcur-27 (view) (permuted),PERMUTE,0.015520,1469.264739,8192,5698600,128x1x16x1,0x0x0,128x1x16x1
cache_k_l27 (view),VIEW,0.000261,1469.269271,524288,5698600,128x8x256x1,0x0x0,128x8x256x1
cache_k_l27 (view) (permuted),PERMUTE,0.012864,1469.285885,524288,5698600,128x256x8x1,0x0x0,128x256x8x1
cache_v_l27 (view),VIEW,0.000938,1469.291146,524288,5698600,128x8x256x1,0x0x0,128x8x256x1
cache_v_l27 (view) (permuted),PERMUTE,0.012500,1469.307396,524288,5698600,128x256x8x1,0x0x0,128x256x8x1
node_970,FLASH_ATTN_EXT,0.037917,1469.349531,8192,5698600,128x16x1x1,0x0x0,128x16x1x1
kqv_out-27,RESHAPE,0.000312,1469.354010,8192,5698600,2048x1x1x1,0x0x0,2048x1x1x1
node_972,MUL_MAT,0.121459,1469.479219,8192,5698600,2048x1x1x1,0x0x0,2048x1x1x1
node_973,GET_ROWS,0.001041,1469.484739,8192,5698600,2048x1x1x1,0x0x0,2048x1x1x1
node_974,GET_ROWS,0.024271,1469.512812,8192,5698600,2048x1x1x1,0x0x0,2048x1x1x1
ffn_inp-27,ADD,0.029115,1469.546354,8192,5698600,2048x1x1x1,0x0x0,2048x1x1x1
norm-27,RMS_NORM,0.003229,1469.553385,8192,5698600,2048x1x1x1,0x0x0,2048x1x1x1
ffn_norm-27,MUL,0.001458,1469.561458,8192,5698600,2048x1x1x1,0x0x0,2048x1x1x1
ffn_gate-27,MUL_MAT,0.162448,1469.727760,24576,5698600,6144x1x1x1,0x0x0,6144x1x1x1
ffn_up-27,MUL_MAT,0.171198,1469.903229,24576,5698600,6144x1x1x1,0x0x0,6144x1x1x1
ffn_swiglu-27,GLU,0.004532,1469.912396,24576,5698600,6144x1x1x1,0x0x0,6144x1x1x1
ffn_out-27,MUL_MAT,0.168438,1470.085000,8192,5698600,2048x1x1x1,0x0x0,2048x1x1x1
l_out-27,ADD,0.001458,1470.090833,8192,5698600,2048x1x1x1,0x0x0,2048x1x1x1
norm,RMS_NORM,0.003125,1470.097812,8192,5698600,2048x1x1x1,0x0x0,2048x1x1x1
result_norm,MUL,0.001615,1470.103073,8192,5698600,2048x1x1x1,0x0x0,2048x1x1x1
result_output,MUL_MAT,5.025105,1475.131771,607744,5698600,151936x1x1x1,0x0x0,151936x1x1x1
embd,GET_ROWS,0.002188,1475.461146,8192,5698600,2048x1x1x1,0x0x0,2048x1x1x1
norm-0,RMS_NORM,0.312135,1475.779114,8192,5698600,2048x1x1x1,0x0x0,2048x1x1x1
attn_norm-0,MUL,0.001667,1475.785521,8192,5698600,2048x1x1x1,0x0x0,2048x1x1x1
Qcur-0,MUL_MAT,0.055625,1475.844844,8192,5698600,2048x1x1x1,0x0x0,2048x1x1x1
Qcur-0,RESHAPE,0.000313,1475.849479,8192,5698600,128x16x1x1,0x0x0,128x16x1x1
norm-0,RMS_NORM,0.106458,1475.959791,8192,5698600,128x16x1x1,0x0x0,128x16x1x1
Qcur_normed-0,MUL,0.001823,1475.966458,8192,5698600,128x16x1x1,0x0x0,128x16x1x1
Qcur-0,ROPE,0.002552,1475.972656,8192,5698600,128x16x1x1,0x0x0,128x16x1x1
Vcur-0,MUL_MAT,0.034792,1476.011198,4096,5698600,1024x1x1x1,0x0x0,1024x1x1x1
Vcur-0,RESHAPE,0.000469,1476.015729,4096,5698600,128x8x1x1,0x0x0,128x8x1x1
Kcur-0,MUL_MAT,0.126771,1476.146302,4096,5698600,1024x1x1x1,0x0x0,1024x1x1x1
Kcur-0,RESHAPE,0.000469,1476.151146,4096,5698600,128x8x1x1,0x0x0,128x8x1x1
norm-0,RMS_NORM,0.057968,1476.212864,4096,5698600,128x8x1x1,0x0x0,128x8x1x1
Kcur_normed-0,MUL,0.001406,1476.218750,4096,5698600,128x8x1x1,0x0x0,128x8x1x1
Kcur-0,ROPE,0.001979,1476.224479,4096,5698600,128x8x1x1,0x0x0,128x8x1x1
Kcur-0 (view),VIEW,0.000416,1476.228541,4096,5698600,1024x1x1x1,0x0x0,1024x1x1x1
cache_k_l0 (view),SET_ROWS,0.024375,1476.256719,83886080,5698600,1024x40960x1x1,0x0x0,1024x40960x1x1
Vcur-0 (view),VIEW,0.000312,1476.261562,4096,5698600,1024x1x1x1,0x0x0,1024x1x1x1
cache_v_l0 (view),SET_ROWS,0.013542,1476.278750,83886080,5698600,1024x40960x1x1,0x0x0,1024x40960x1x1
Qcur-0 (view),VIEW,0.000469,1476.283594,8192,5698600,128x16x1x1,0x0x0,128x16x1x1
Qcur-0 (view) (permuted),PERMUTE,0.012032,1476.299323,8192,5698600,128x1x16x1,0x0x0,128x1x16x1
cache_k_l0 (view),VIEW,0.000260,1476.303854,524288,5698600,128x8x256x1,0x0x0,128x8x256x1
cache_k_l0 (view) (permuted),PERMUTE,0.000625,1476.308229,524288,5698600,128x256x8x1,0x0x0,128x256x8x1
cache_v_l0 (view),VIEW,0.007552,1476.319427,524288,5698600,128x8x256x1,0x0x0,128x8x256x1
cache_v_l0 (view) (permuted),PERMUTE,0.000312,1476.323906,524288,5698600,128x256x8x1,0x0x0,128x256x8x1
node_25,FLASH_ATTN_EXT,0.051458,1476.378958,8192,5698600,128x16x1x1,0x0x0,128x16x1x1
kqv_out-0,RESHAPE,0.000417,1476.383802,8192,5698600,2048x1x1x1,0x0x0,2048x1x1x1
node_27,MUL_MAT,0.112865,1476.500469,8192,5698600,2048x1x1x1,0x0x0,2048x1x1x1
ffn_inp-0,ADD,0.001875,1476.506979,8192,5698600,2048x1x1x1,0x0x0,2048x1x1x1
norm-0,RMS_NORM,0.003177,1476.513906,8192,5698600,2048x1x1x1,0x0x0,2048x1x1x1
ffn_norm-0,MUL,0.033958,1476.551458,8192,5698600,2048x1x1x1,0x0x0,2048x1x1x1
ffn_gate-0,MUL_MAT,0.167344,1476.743854,24576,5698600,6144x1x1x1,0x0x0,6144x1x1x1
ffn_up-0,MUL_MAT,0.166979,1476.915312,24576,5698600,6144x1x1x1,0x0x0,6144x1x1x1
ffn_swiglu-0,GLU,0.004271,1476.923906,24576,5698600,6144x1x1x1,0x0x0,6144x1x1x1
ffn_out-0,MUL_MAT,0.207448,1477.135312,8192,5698600,2048x1x1x1,0x0x0,2048x1x1x1
l_out-0,ADD,0.001458,1477.141510,8192,5698600,2048x1x1x1,0x0x0,2048x1x1x1
norm-1,RMS_NORM,0.003386,1477.148646,8192,5698600,2048x1x1x1,0x0x0,2048x1x1x1
attn_norm-1,MUL,0.001615,1477.153906,8192,5698600,2048x1x1x1,0x0x0,2048x1x1x1
Qcur-1,MUL_MAT,0.055989,1477.213541,8192,5698600,2048x1x1x1,0x0x0,2048x1x1x1
Qcur-1,RESHAPE,0.000313,1477.218125,8192,5698600,128x16x1x1,0x0x0,128x16x1x1
norm-1,RMS_NORM,0.058542,1477.280573,8192,5698600,128x16x1x1,0x0x0,128x16x1x1
Qcur_normed-1,MUL,0.001875,1477.294739,8192,5698600,128x16x1x1,0x0x0,128x16x1x1
Qcur-1,ROPE,0.002395,1477.300989,8192,5698600,128x16x1x1,0x0x0,128x16x1x1
Vcur-1,MUL_MAT,0.034323,1477.339010,4096,5698600,1024x1x1x1,0x0x0,1024x1x1x1
Vcur-1,RESHAPE,0.000313,1477.343594,4096,5698600,128x8x1x1,0x0x0,128x8x1x1
Kcur-1,MUL_MAT,0.337344,1477.684635,4096,5698600,1024x1x1x1,0x0x0,1024x1x1x1
Kcur-1,RESHAPE,0.000312,1477.689583,4096,5698600,128x8x1x1,0x0x0,128x8x1x1
norm-1,RMS_NORM,0.258021,1477.951406,4096,5698600,128x8x1x1,0x0x0,128x8x1x1
Kcur_normed-1,MUL,0.001979,1477.957708,4096,5698600,128x8x1x1,0x0x0,128x8x1x1
Kcur-1,ROPE,0.001927,1477.963281,4096,5698600,128x8x1x1,0x0x0,128x8x1x1
Kcur-1 (view),VIEW,0.000312,1477.967187,4096,5698600,1024x1x1x1,0x0x0,1024x1x1x1
cache_k_l1 (view),SET_ROWS,0.026406,1477.997291,83886080,5698600,1024x40960x1x1,0x0x0,1024x40960x1x1
Vcur-1 (view),VIEW,0.000260,1478.001979,4096,5698600,1024x1x1x1,0x0x0,1024x1x1x1
cache_v_l1 (view),SET_ROWS,0.012396,1478.018125,83886080,5698600,1024x40960x1x1,0x0x0,1024x40960x1x1
Qcur-1 (view),VIEW,0.000521,1478.022969,8192,5698600,128x16x1x1,0x0x0,128x16x1x1
Qcur-1 (view) (permuted),PERMUTE,0.009271,1478.035833,8192,5698600,128x1x16x1,0x0x0,128x1x16x1
cache_k_l1 (view),VIEW,0.000312,1478.040312,524288,5698600,128x8x256x1,0x0x0,128x8x256x1
cache_k_l1 (view) (permuted),PERMUTE,0.007448,1478.051614,524288,5698600,128x256x8x1,0x0x0,128x256x8x1
cache_v_l1 (view),VIEW,0.000261,1478.056094,524288,5698600,128x8x256x1,0x0x0,128x8x256x1
cache_v_l1 (view) (permuted),PERMUTE,0.011198,1478.071146,524288,5698600,128x256x8x1,0x0x0,128x256x8x1
node_60,FLASH_ATTN_EXT,0.027604,1478.102916,8192,5698600,128x16x1x1,0x0x0,128x16x1x1
kqv_out-1,RESHAPE,0.000312,1478.107291,8192,5698600,2048x1x1x1,0x0x0,2048x1x1x1
node_62,MUL_MAT,0.155782,1478.266823,8192,5698600,2048x1x1x1,0x0x0,2048x1x1x1
ffn_inp-1,ADD,0.001458,1478.272708,8192,5698600,2048x1x1x1,0x0x0,2048x1x1x1
norm-1,RMS_NORM,0.003281,1478.279791,8192,5698600,2048x1x1x1,0x0x0,2048x1x1x1
ffn_norm-1,MUL,0.001459,1478.284896,8192,5698600,2048x1x1x1,0x0x0,2048x1x1x1
ffn_gate-1,MUL_MAT,0.162604,1478.451198,24576,5698600,6144x1x1x1,0x0x0,6144x1x1x1
ffn_up-1,MUL_MAT,0.162083,1478.617760,24576,5698600,6144x1x1x1,0x0x0,6144x1x1x1
ffn_swiglu-1,GLU,0.004428,1478.626719,24576,5698600,6144x1x1x1,0x0x0,6144x1x1x1
ffn_out-1,MUL_MAT,0.212813,1478.843594,8192,5698600,2048x1x1x1,0x0x0,2048x1x1x1
l_out-1,ADD,0.001354,1478.849531,8192,5698600,2048x1x1x1,0x0x0,2048x1x1x1
norm-2,RMS_NORM,0.003333,1478.856562,8192,5698600,2048x1x1x1,0x0x0,2048x1x1x1
attn_norm-2,MUL,0.001406,1478.861666,8192,5698600,2048x1x1x1,0x0x0,2048x1x1x1
Qcur-2,MUL_MAT,0.055521,1478.920833,8192,5698600,2048x1x1x1,0x0x0,2048x1x1x1
Qcur-2,RESHAPE,0.000417,1478.925677,8192,5698600,128x16x1x1,0x0x0,128x16x1x1
norm-2,RMS_NORM,0.057969,1478.987708,8192,5698600,128x16x1x1,0x0x0,128x16x1x1
Qcur_normed-2,MUL,0.001823,1478.993958,8192,5698600,128x16x1x1,0x0x0,128x16x1x1
Qcur-2,ROPE,0.002292,1478.999948,8192,5698600,128x16x1x1,0x0x0,128x16x1x1
Vcur-2,MUL_MAT,0.034323,1479.037864,4096,5698600,1024x1x1x1,0x0x0,1024x1x1x1
Vcur-2,RESHAPE,0.000261,1479.042344,4096,5698600,128x8x1x1,0x0x0,128x8x1x1
Kcur-2,MUL_MAT,0.088437,1479.134531,4096,5698600,1024x1x1x1,0x0x0,1024x1x1x1
Kcur-2,RESHAPE,0.000313,1479.139323,4096,5698600,128x8x1x1,0x0x0,128x8x1x1
norm-2,RMS_NORM,0.056406,1479.199531,4096,5698600,128x8x1x1,0x0x0,128x8x1x1
Kcur_normed-2,MUL,0.001458,1479.205312,4096,5698600,128x8x1x1,0x0x0,128x8x1x1
Kcur-2,ROPE,0.002084,1479.211094,4096,5698600,128x8x1x1,0x0x0,128x8x1x1
Kcur-2 (view),VIEW,0.000469,1479.215208,4096,5698600,1024x1x1x1,0x0x0,1024x1x1x1
cache_k_l2 (view),SET_ROWS,0.020833,1479.239635,83886080,5698600,1024x40960x1x1,0x0x0,1024x40960x1x1
Vcur-2 (view),VIEW,0.000313,1479.244219,4096,5698600,1024x1x1x1,0x0x0,1024x1x1x1
cache_v_l2 (view),SET_ROWS,0.014531,1479.262500,83886080,5698600,1024x40960x1x1,0x0x0,1024x40960x1x1
Qcur-2 (view),VIEW,0.000260,1479.267291,8192,5698600,128x16x1x1,0x0x0,128x16x1x1
Qcur-2 (view) (permuted),PERMUTE,0.013646,1479.284687,8192,5698600,128x1x16x1,0x0x0,128x1x16x1
cache_k_l2 (view),VIEW,0.000313,1479.289323,524288,5698600,128x8x256x1,0x0x0,128x8x256x1
cache_k_l2 (view) (permuted),PERMUTE,0.013438,1479.310625,524288,5698600,128x256x8x1,0x0x0,128x256x8x1
cache_v_l2 (view),VIEW,0.000469,1479.315469,524288,5698600,128x8x256x1,0x0x0,128x8x256x1
cache_v_l2 (view) (permuted),PERMUTE,0.013282,1479.332448,524288,5698600,128x256x8x1,0x0x0,128x256x8x1
node_95,FLASH_ATTN_EXT,0.037604,1479.374323,8192,5698600,128x16x1x1,0x0x0,128x16x1x1
kqv_out-2,RESHAPE,0.000313,1479.378750,8192,5698600,2048x1x1x1,0x0x0,2048x1x1x1
node_97,MUL_MAT,0.121302,1479.503854,8192,5698600,2048x1x1x1,0x0x0,2048x1x1x1
ffn_inp-2,ADD,0.001458,1479.509791,8192,5698600,2048x1x1x1,0x0x0,2048x1x1x1
norm-2,RMS_NORM,0.003230,1479.516719,8192,5698600,2048x1x1x1,0x0x0,2048x1x1x1
ffn_norm-2,MUL,0.001407,1479.521823,8192,5698600,2048x1x1x1,0x0x0,2048x1x1x1
ffn_gate-2,MUL_MAT,0.172395,1479.697916,24576,5698600,6144x1x1x1,0x0x0,6144x1x1x1
ffn_up-2,MUL_MAT,0.162084,1479.864375,24576,5698600,6144x1x1x1,0x0x0,6144x1x1x1
ffn_swiglu-2,GLU,0.004583,1479.873281,24576,5698600,6144x1x1x1,0x0x0,6144x1x1x1
ffn_out-2,MUL_MAT,0.211719,1480.088958,8192,5698600,2048x1x1x1,0x0x0,2048x1x1x1
l_out-2,ADD,0.001354,1480.095104,8192,5698600,2048x1x1x1,0x0x0,2048x1x1x1
norm-3,RMS_NORM,0.003385,1480.102187,8192,5698600,2048x1x1x1,0x0x0,2048x1x1x1
attn_norm-3,MUL,0.001406,1480.107291,8192,5698600,2048x1x1x1,0x0x0,2048x1x1x1
Qcur-3,MUL_MAT,0.065208,1480.176041,8192,5698600,2048x1x1x1,0x0x0,2048x1x1x1
Qcur-3,RESHAPE,0.000365,1480.180573,8192,5698600,128x16x1x1,0x0x0,128x16x1x1
norm-3,RMS_NORM,0.112031,1480.296406,8192,5698600,128x16x1x1,0x0x0,128x16x1x1
Qcur_normed-3,MUL,0.002031,1480.302864,8192,5698600,128x16x1x1,0x0x0,128x16x1x1
Qcur-3,ROPE,0.002188,1480.308750,8192,5698600,128x16x1x1,0x0x0,128x16x1x1
Vcur-3,MUL_MAT,0.034271,1480.346719,4096,5698600,1024x1x1x1,0x0x0,1024x1x1x1
Vcur-3,RESHAPE,0.000417,1480.351354,4096,5698600,128x8x1x1,0x0x0,128x8x1x1
Kcur-3,MUL_MAT,0.109583,1480.464687,4096,5698600,1024x1x1x1,0x0x0,1024x1x1x1
Kcur-3,RESHAPE,0.000313,1480.469427,4096,5698600,128x8x1x1,0x0x0,128x8x1x1
norm-3,RMS_NORM,0.057552,1480.530677,4096,5698600,128x8x1x1,0x0x0,128x8x1x1
Kcur_normed-3,MUL,0.001458,1480.536406,4096,5698600,128x8x1x1,0x0x0,128x8x1x1
Kcur-3,ROPE,0.001875,1480.541927,4096,5698600,128x8x1x1,0x0x0,128x8x1x1
Kcur-3 (view),VIEW,0.000312,1480.545833,4096,5698600,1024x1x1x1,0x0x0,1024x1x1x1
cache_k_l3 (view),SET_ROWS,0.055260,1480.604791,83886080,5698600,1024x40960x1x1,0x0x0,1024x40960x1x1
Vcur-3 (view),VIEW,0.000313,1480.609844,4096,5698600,1024x1x1x1,0x0x0,1024x1x1x1
cache_v_l3 (view),SET_ROWS,0.008281,1480.621614,83886080,5698600,1024x40960x1x1,0x0x0,1024x40960x1x1
Qcur-3 (view),VIEW,0.000313,1480.626146,8192,5698600,128x16x1x1,0x0x0,128x16x1x1
Qcur-3 (view) (permuted),PERMUTE,0.013281,1480.643385,8192,5698600,128x1x16x1,0x0x0,128x1x16x1
cache_k_l3 (view),VIEW,0.001719,1480.649323,524288,5698600,128x8x256x1,0x0x0,128x8x256x1
cache_k_l3 (view) (permuted),PERMUTE,0.014271,1480.667552,524288,5698600,128x256x8x1,0x0x0,128x256x8x1
cache_v_l3 (view),VIEW,0.009739,1480.681562,524288,5698600,128x8x256x1,0x0x0,128x8x256x1
cache_v_l3 (view) (permuted),PERMUTE,0.000312,1480.686041,524288,5698600,128x256x8x1,0x0x0,128x256x8x1
node_130,FLASH_ATTN_EXT,0.040573,1480.730469,8192,5698600,128x16x1x1,0x0x0,128x16x1x1
kqv_out-3,RESHAPE,0.000312,1480.735156,8192,5698600,2048x1x1x1,0x0x0,2048x1x1x1
node_132,MUL_MAT,0.113438,1480.852396,8192,5698600,2048x1x1x1,0x0x0,2048x1x1x1
ffn_inp-3,ADD,0.001406,1480.858281,8192,5698600,2048x1x1x1,0x0x0,2048x1x1x1
norm-3,RMS_NORM,0.003229,1480.865260,8192,5698600,2048x1x1x1,0x0x0,2048x1x1x1
ffn_norm-3,MUL,0.001510,1480.870416,8192,5698600,2048x1x1x1,0x0x0,2048x1x1x1
ffn_gate-3,MUL_MAT,0.171146,1481.045260,24576,5698600,6144x1x1x1,0x0x0,6144x1x1x1
ffn_up-3,MUL_MAT,0.162188,1481.211927,24576,5698600,6144x1x1x1,0x0x0,6144x1x1x1
ffn_swiglu-3,GLU,0.004375,1481.220781,24576,5698600,6144x1x1x1,0x0x0,6144x1x1x1
ffn_out-3,MUL_MAT,0.160000,1481.384791,8192,5698600,2048x1x1x1,0x0x0,2048x1x1x1
l_out-3,ADD,0.001354,1481.390729,8192,5698600,2048x1x1x1,0x0x0,2048x1x1x1
norm-4,RMS_NORM,0.003646,1481.402344,8192,5698600,2048x1x1x1,0x0x0,2048x1x1x1
attn_norm-4,MUL,0.001459,1481.407969,8192,5698600,2048x1x1x1,0x0x0,2048x1x1x1
Qcur-4,MUL_MAT,0.064740,1481.476250,8192,5698600,2048x1x1x1,0x0x0,2048x1x1x1
Qcur-4,RESHAPE,0.000364,1481.480885,8192,5698600,128x16x1x1,0x0x0,128x16x1x1
norm-4,RMS_NORM,0.075156,1481.560052,8192,5698600,128x16x1x1,0x0x0,128x16x1x1
Qcur_normed-4,MUL,0.001979,1481.566458,8192,5698600,128x16x1x1,0x0x0,128x16x1x1
Qcur-4,ROPE,0.002083,1481.572239,8192,5698600,128x16x1x1,0x0x0,128x16x1x1
Vcur-4,MUL_MAT,0.041823,1481.617656,4096,5698600,1024x1x1x1,0x0x0,1024x1x1x1
Vcur-4,RESHAPE,0.000312,1481.622239,4096,5698600,128x8x1x1,0x0x0,128x8x1x1
Kcur-4,MUL_MAT,0.087604,1481.713541,4096,5698600,1024x1x1x1,0x0x0,1024x1x1x1
Kcur-4,RESHAPE,0.000469,1481.718646,4096,5698600,128x8x1x1,0x0x0,128x8x1x1
norm-4,RMS_NORM,0.065000,1481.787396,4096,5698600,128x8x1x1,0x0x0,128x8x1x1
Kcur_normed-4,MUL,0.001406,1481.793177,4096,5698600,128x8x1x1,0x0x0,128x8x1x1
Kcur-4,ROPE,0.001875,1481.798646,4096,5698600,128x8x1x1,0x0x0,128x8x1x1
Kcur-4 (view),VIEW,0.000313,1481.802500,4096,5698600,1024x1x1x1,0x0x0,1024x1x1x1
cache_k_l4 (view),SET_ROWS,0.024583,1481.830781,83886080,5698600,1024x40960x1x1,0x0x0,1024x40960x1x1
Vcur-4 (view),VIEW,0.000313,1481.835573,4096,5698600,1024x1x1x1,0x0x0,1024x1x1x1
cache_v_l4 (view),SET_ROWS,0.012760,1481.852031,83886080,5698600,1024x40960x1x1,0x0x0,1024x40960x1x1
Qcur-4 (view),VIEW,0.009479,1481.865885,8192,5698600,128x16x1x1,0x0x0,128x16x1x1
Qcur-4 (view) (permuted),PERMUTE,0.012031,1481.881979,8192,5698600,128x1x16x1,0x0x0,128x1x16x1
cache_k_l4 (view),VIEW,0.000260,1481.886666,524288,5698600,128x8x256x1,0x0x0,128x8x256x1
cache_k_l4 (view) (permuted),PERMUTE,0.010312,1481.900885,524288,5698600,128x256x8x1,0x0x0,128x256x8x1
cache_v_l4 (view),VIEW,0.000312,1481.905416,524288,5698600,128x8x256x1,0x0x0,128x8x256x1
cache_v_l4 (view) (permuted),PERMUTE,0.007553,1481.916719,524288,5698600,128x256x8x1,0x0x0,128x256x8x1
node_165,FLASH_ATTN_EXT,0.015625,1481.936562,8192,5698600,128x16x1x1,0x0x0,128x16x1x1
kqv_out-4,RESHAPE,0.000312,1481.941041,8192,5698600,2048x1x1x1,0x0x0,2048x1x1x1
node_167,MUL_MAT,0.110000,1482.054635,8192,5698600,2048x1x1x1,0x0x0,2048x1x1x1
ffn_inp-4,ADD,0.001407,1482.060521,8192,5698600,2048x1x1x1,0x0x0,2048x1x1x1
norm-4,RMS_NORM,0.003229,1482.067552,8192,5698600,2048x1x1x1,0x0x0,2048x1x1x1
ffn_norm-4,MUL,0.001510,1482.072708,8192,5698600,2048x1x1x1,0x0x0,2048x1x1x1
ffn_gate-4,MUL_MAT,0.171354,1482.247708,24576,5698600,6144x1x1x1,0x0x0,6144x1x1x1
ffn_up-4,MUL_MAT,0.171562,1482.423906,24576,5698600,6144x1x1x1,0x0x0,6144x1x1x1
ffn_swiglu-4,GLU,0.004219,1482.432552,24576,5698600,6144x1x1x1,0x0x0,6144x1x1x1
ffn_out-4,MUL_MAT,0.158802,1482.595260,8192,5698600,2048x1x1x1,0x0x0,2048x1x1x1
l_out-4,ADD,0.001354,1482.600937,8192,5698600,2048x1x1x1,0x0x0,2048x1x1x1
norm-5,RMS_NORM,0.003438,1482.607969,8192,5698600,2048x1x1x1,0x0x0,2048x1x1x1
attn_norm-5,MUL,0.001459,1482.613021,8192,5698600,2048x1x1x1,0x0x0,2048x1x1x1
Qcur-5,MUL_MAT,0.054532,1482.671094,8192,5698600,2048x1x1x1,0x0x0,2048x1x1x1
Qcur-5,RESHAPE,0.000469,1482.675885,8192,5698600,128x16x1x1,0x0x0,128x16x1x1
norm-5,RMS_NORM,0.093177,1482.772864,8192,5698600,128x16x1x1,0x0x0,128x16x1x1
Qcur_normed-5,MUL,0.013803,1482.791094,8192,5698600,128x16x1x1,0x0x0,128x16x1x1
Qcur-5,ROPE,0.019010,1482.813854,8192,5698600,128x16x1x1,0x0x0,128x16x1x1
Vcur-5,MUL_MAT,0.042813,1482.860469,4096,5698600,1024x1x1x1,0x0x0,1024x1x1x1
Vcur-5,RESHAPE,0.000313,1482.865052,4096,5698600,128x8x1x1,0x0x0,128x8x1x1
Kcur-5,MUL_MAT,1.583698,1484.452500,4096,5698600,1024x1x1x1,0x0x0,1024x1x1x1
Kcur-5,RESHAPE,0.000469,1484.457500,4096,5698600,128x8x1x1,0x0x0,128x8x1x1
norm-5,RMS_NORM,0.063125,1484.524375,4096,5698600,128x8x1x1,0x0x0,128x8x1x1
Kcur_normed-5,MUL,0.001354,1484.530052,4096,5698600,128x8x1x1,0x0x0,128x8x1x1
Kcur-5,ROPE,0.001979,1484.535677,4096,5698600,128x8x1x1,0x0x0,128x8x1x1
Kcur-5 (view),VIEW,0.000260,1484.539635,4096,5698600,1024x1x1x1,0x0x0,1024x1x1x1
cache_k_l5 (view),SET_ROWS,0.032448,1484.575833,83886080,5698600,1024x40960x1x1,0x0x0,1024x40960x1x1
Vcur-5 (view),VIEW,0.000312,1484.584218,4096,5698600,1024x1x1x1,0x0x0,1024x1x1x1
cache_v_l5 (view),SET_ROWS,0.014062,1484.602187,83886080,5698600,1024x40960x1x1,0x0x0,1024x40960x1x1
Qcur-5 (view),VIEW,0.000313,1484.606771,8192,5698600,128x16x1x1,0x0x0,128x16x1x1
Qcur-5 (view) (permuted),PERMUTE,0.020052,1484.630625,8192,5698600,128x1x16x1,0x0x0,128x1x16x1
cache_k_l5 (view),VIEW,0.000312,1484.635260,524288,5698600,128x8x256x1,0x0x0,128x8x256x1
cache_k_l5 (view) (permuted),PERMUTE,0.013698,1484.652708,524288,5698600,128x256x8x1,0x0x0,128x256x8x1
cache_v_l5 (view),VIEW,0.000469,1484.657396,524288,5698600,128x8x256x1,0x0x0,128x8x256x1
cache_v_l5 (view) (permuted),PERMUTE,0.012396,1484.673437,524288,5698600,128x256x8x1,0x0x0,128x256x8x1
node_200,FLASH_ATTN_EXT,0.040313,1484.718021,8192,5698600,128x16x1x1,0x0x0,128x16x1x1
kqv_out-5,RESHAPE,0.000261,1484.722396,8192,5698600,2048x1x1x1,0x0x0,2048x1x1x1
node_202,MUL_MAT,0.143750,1484.869739,8192,5698600,2048x1x1x1,0x0x0,2048x1x1x1
ffn_inp-5,ADD,0.001458,1484.875885,8192,5698600,2048x1x1x1,0x0x0,2048x1x1x1
norm-5,RMS_NORM,0.003229,1484.882812,8192,5698600,2048x1x1x1,0x0x0,2048x1x1x1
ffn_norm-5,MUL,0.001510,1484.887916,8192,5698600,2048x1x1x1,0x0x0,2048x1x1x1
ffn_gate-5,MUL_MAT,0.162136,1485.053646,24576,5698600,6144x1x1x1,0x0x0,6144x1x1x1
ffn_up-5,MUL_MAT,0.163802,1485.221823,24576,5698600,6144x1x1x1,0x0x0,6144x1x1x1
ffn_swiglu-5,GLU,0.004323,1485.230573,24576,5698600,6144x1x1x1,0x0x0,6144x1x1x1
ffn_out-5,MUL_MAT,0.170052,1485.404635,8192,5698600,2048x1x1x1,0x0x0,2048x1x1x1
l_out-5,ADD,0.001458,1485.410468,8192,5698600,2048x1x1x1,0x0x0,2048x1x1x1
norm-6,RMS_NORM,0.003334,1485.417396,8192,5698600,2048x1x1x1,0x0x0,2048x1x1x1
attn_norm-6,MUL,0.001407,1485.422396,8192,5698600,2048x1x1x1,0x0x0,2048x1x1x1
Qcur-6,MUL_MAT,0.056511,1485.482448,8192,5698600,2048x1x1x1,0x0x0,2048x1x1x1
Qcur-6,RESHAPE,0.000312,1485.487187,8192,5698600,128x16x1x1,0x0x0,128x16x1x1
norm-6,RMS_NORM,0.057813,1485.548698,8192,5698600,128x16x1x1,0x0x0,128x16x1x1
Qcur_normed-6,MUL,0.002083,1485.555156,8192,5698600,128x16x1x1,0x0x0,128x16x1x1
Qcur-6,ROPE,0.002031,1485.560833,8192,5698600,128x16x1x1,0x0x0,128x16x1x1
Vcur-6,MUL_MAT,0.035416,1485.599791,4096,5698600,1024x1x1x1,0x0x0,1024x1x1x1
Vcur-6,RESHAPE,0.000261,1485.604323,4096,5698600,128x8x1x1,0x0x0,128x8x1x1
Kcur-6,MUL_MAT,0.090156,1485.698177,4096,5698600,1024x1x1x1,0x0x0,1024x1x1x1
Kcur-6,RESHAPE,0.000469,1485.703021,4096,5698600,128x8x1x1,0x0x0,128x8x1x1
norm-6,RMS_NORM,0.057240,1485.763958,4096,5698600,128x8x1x1,0x0x0,128x8x1x1
Kcur_normed-6,MUL,0.001458,1485.769791,4096,5698600,128x8x1x1,0x0x0,128x8x1x1
Kcur-6,ROPE,0.001875,1485.775260,4096,5698600,128x8x1x1,0x0x0,128x8x1x1
Kcur-6 (view),VIEW,0.000260,1485.779218,4096,5698600,1024x1x1x1,0x0x0,1024x1x1x1
cache_k_l6 (view),SET_ROWS,0.024531,1485.807604,83886080,5698600,1024x40960x1x1,0x0x0,1024x40960x1x1
Vcur-6 (view),VIEW,0.000260,1485.812343,4096,5698600,1024x1x1x1,0x0x0,1024x1x1x1
cache_v_l6 (view),SET_ROWS,0.020469,1485.836771,83886080,5698600,1024x40960x1x1,0x0x0,1024x40960x1x1
Qcur-6 (view),VIEW,0.000416,1485.841718,8192,5698600,128x16x1x1,0x0x0,128x16x1x1
Qcur-6 (view) (permuted),PERMUTE,0.012448,1485.857760,8192,5698600,128x1x16x1,0x0x0,128x1x16x1
cache_k_l6 (view),VIEW,0.000260,1485.862291,524288,5698600,128x8x256x1,0x0x0,128x8x256x1
cache_k_l6 (view) (permuted),PERMUTE,0.009947,1485.876093,524288,5698600,128x256x8x1,0x0x0,128x256x8x1
cache_v_l6 (view),VIEW,0.000313,1485.880573,524288,5698600,128x8x256x1,0x0x0,128x8x256x1
cache_v_l6 (view) (permuted),PERMUTE,0.010156,1485.894583,524288,5698600,128x256x8x1,0x0x0,128x256x8x1
node_235,FLASH_ATTN_EXT,0.036771,1485.935677,8192,5698600,128x16x1x1,0x0x0,128x16x1x1
kqv_out-6,RESHAPE,0.000312,1485.940260,8192,5698600,2048x1x1x1,0x0x0,2048x1x1x1
node_237,MUL_MAT,0.134531,1486.078489,8192,5698600,2048x1x1x1,0x0x0,2048x1x1x1
ffn_inp-6,ADD,0.001615,1486.084583,8192,5698600,2048x1x1x1,0x0x0,2048x1x1x1
norm-6,RMS_NORM,0.003229,1486.091666,8192,5698600,2048x1x1x1,0x0x0,2048x1x1x1
ffn_norm-6,MUL,0.001354,1486.096718,8192,5698600,2048x1x1x1,0x0x0,2048x1x1x1
ffn_gate-6,MUL_MAT,0.172500,1486.276093,24576,5698600,6144x1x1x1,0x0x0,6144x1x1x1
ffn_up-6,MUL_MAT,0.162656,1486.443229,24576,5698600,6144x1x1x1,0x0x0,6144x1x1x1
ffn_swiglu-6,GLU,0.004375,1486.451979,24576,5698600,6144x1x1x1,0x0x0,6144x1x1x1
ffn_out-6,MUL_MAT,0.167292,1486.623333,8192,5698600,2048x1x1x1,0x0x0,2048x1x1x1
l_out-6,ADD,0.001302,1486.628958,8192,5698600,2048x1x1x1,0x0x0,2048x1x1x1
norm-7,RMS_NORM,0.003333,1486.636041,8192,5698600,2048x1x1x1,0x0x0,2048x1x1x1
attn_norm-7,MUL,0.001407,1486.641146,8192,5698600,2048x1x1x1,0x0x0,2048x1x1x1
Qcur-7,MUL_MAT,0.056042,1486.700833,8192,5698600,2048x1x1x1,0x0x0,2048x1x1x1
Qcur-7,RESHAPE,0.000313,1486.705573,8192,5698600,128x16x1x1,0x0x0,128x16x1x1
norm-7,RMS_NORM,0.057708,1486.767083,8192,5698600,128x16x1x1,0x0x0,128x16x1x1
Qcur_normed-7,MUL,0.001823,1486.773177,8192,5698600,128x16x1x1,0x0x0,128x16x1x1
Qcur-7,ROPE,0.002135,1486.779010,8192,5698600,128x16x1x1,0x0x0,128x16x1x1
Vcur-7,MUL_MAT,0.034479,1486.817187,4096,5698600,1024x1x1x1,0x0x0,1024x1x1x1
Vcur-7,RESHAPE,0.000312,1486.821666,4096,5698600,128x8x1x1,0x0x0,128x8x1x1
Kcur-7,MUL_MAT,0.066459,1486.891875,4096,5698600,1024x1x1x1,0x0x0,1024x1x1x1
Kcur-7,RESHAPE,0.000468,1486.896718,4096,5698600,128x8x1x1,0x0x0,128x8x1x1
norm-7,RMS_NORM,0.056667,1486.957083,4096,5698600,128x8x1x1,0x0x0,128x8x1x1
Kcur_normed-7,MUL,0.001406,1486.962864,4096,5698600,128x8x1x1,0x0x0,128x8x1x1
Kcur-7,ROPE,0.001927,1486.968489,4096,5698600,128x8x1x1,0x0x0,128x8x1x1
Kcur-7 (view),VIEW,0.000469,1486.972500,4096,5698600,1024x1x1x1,0x0x0,1024x1x1x1
cache_k_l7 (view),SET_ROWS,0.024480,1487.000573,83886080,5698600,1024x40960x1x1,0x0x0,1024x40960x1x1
Vcur-7 (view),VIEW,0.000312,1487.005364,4096,5698600,1024x1x1x1,0x0x0,1024x1x1x1
cache_v_l7 (view),SET_ROWS,0.012396,1487.021510,83886080,5698600,1024x40960x1x1,0x0x0,1024x40960x1x1
Qcur-7 (view),VIEW,0.000521,1487.026510,8192,5698600,128x16x1x1,0x0x0,128x16x1x1
Qcur-7 (view) (permuted),PERMUTE,0.015417,1487.045677,8192,5698600,128x1x16x1,0x0x0,128x1x16x1
cache_k_l7 (view),VIEW,0.000260,1487.050208,524288,5698600,128x8x256x1,0x0x0,128x8x256x1
cache_k_l7 (view) (permuted),PERMUTE,0.012604,1487.066718,524288,5698600,128x256x8x1,0x0x0,128x256x8x1
cache_v_l7 (view),VIEW,0.000886,1487.071875,524288,5698600,128x8x256x1,0x0x0,128x8x256x1
cache_v_l7 (view) (permuted),PERMUTE,0.011510,1487.087135,524288,5698600,128x256x8x1,0x0x0,128x256x8x1
node_270,FLASH_ATTN_EXT,0.036406,1487.127708,8192,5698600,128x16x1x1,0x0x0,128x16x1x1
kqv_out-7,RESHAPE,0.000312,1487.132187,8192,5698600,2048x1x1x1,0x0x0,2048x1x1x1
node_272,MUL_MAT,0.119740,1487.255573,8192,5698600,2048x1x1x1,0x0x0,2048x1x1x1
ffn_inp-7,ADD,0.001406,1487.261406,8192,5698600,2048x1x1x1,0x0x0,2048x1x1x1
norm-7,RMS_NORM,0.003229,1487.268489,8192,5698600,2048x1x1x1,0x0x0,2048x1x1x1
ffn_norm-7,MUL,0.001406,1487.273489,8192,5698600,2048x1x1x1,0x0x0,2048x1x1x1
ffn_gate-7,MUL_MAT,0.171615,1487.448698,24576,5698600,6144x1x1x1,0x0x0,6144x1x1x1
ffn_up-7,MUL_MAT,0.171875,1487.625052,24576,5698600,6144x1x1x1,0x0x0,6144x1x1x1
ffn_swiglu-7,GLU,0.004375,1487.633750,24576,5698600,6144x1x1x1,0x0x0,6144x1x1x1
ffn_out-7,MUL_MAT,0.162604,1487.800416,8192,5698600,2048x1x1x1,0x0x0,2048x1x1x1
l_out-7,ADD,0.001407,1487.806198,8192,5698600,2048x1x1x1,0x0x0,2048x1x1x1
norm-8,RMS_NORM,0.003334,1487.813177,8192,5698600,2048x1x1x1,0x0x0,2048x1x1x1
attn_norm-8,MUL,0.001562,1487.818385,8192,5698600,2048x1x1x1,0x0x0,2048x1x1x1
Qcur-8,MUL_MAT,0.057240,1487.879323,8192,5698600,2048x1x1x1,0x0x0,2048x1x1x1
Qcur-8,RESHAPE,0.000313,1487.883854,8192,5698600,128x16x1x1,0x0x0,128x16x1x1
norm-8,RMS_NORM,0.058750,1487.946406,8192,5698600,128x16x1x1,0x0x0,128x16x1x1
Qcur_normed-8,MUL,0.002187,1487.952968,8192,5698600,128x16x1x1,0x0x0,128x16x1x1
Qcur-8,ROPE,0.002136,1487.958854,8192,5698600,128x16x1x1,0x0x0,128x16x1x1
Vcur-8,MUL_MAT,0.034531,1487.996979,4096,5698600,1024x1x1x1,0x0x0,1024x1x1x1
Vcur-8,RESHAPE,0.000416,1488.001614,4096,5698600,128x8x1x1,0x0x0,128x8x1x1
Kcur-8,MUL_MAT,0.089063,1488.094479,4096,5698600,1024x1x1x1,0x0x0,1024x1x1x1
Kcur-8,RESHAPE,0.000312,1488.099218,4096,5698600,128x8x1x1,0x0x0,128x8x1x1
norm-8,RMS_NORM,0.057656,1488.163958,4096,5698600,128x8x1x1,0x0x0,128x8x1x1
Kcur_normed-8,MUL,0.001458,1488.169791,4096,5698600,128x8x1x1,0x0x0,128x8x1x1
Kcur-8,ROPE,0.001927,1488.175312,4096,5698600,128x8x1x1,0x0x0,128x8x1x1
Kcur-8 (view),VIEW,0.000260,1488.179062,4096,5698600,1024x1x1x1,0x0x0,1024x1x1x1
cache_k_l8 (view),SET_ROWS,0.024323,1488.207031,83886080,5698600,1024x40960x1x1,0x0x0,1024x40960x1x1
Vcur-8 (view),VIEW,0.000261,1488.211875,4096,5698600,1024x1x1x1,0x0x0,1024x1x1x1
cache_v_l8 (view),SET_ROWS,0.013073,1488.228802,83886080,5698600,1024x40960x1x1,0x0x0,1024x40960x1x1
Qcur-8 (view),VIEW,0.004531,1488.237604,8192,5698600,128x16x1x1,0x0x0,128x16x1x1
Qcur-8 (view) (permuted),PERMUTE,0.016042,1488.257760,8192,5698600,128x1x16x1,0x0x0,128x1x16x1
cache_k_l8 (view),VIEW,0.004739,1488.266666,524288,5698600,128x8x256x1,0x0x0,128x8x256x1
cache_k_l8 (view) (permuted),PERMUTE,0.011979,1488.282916,524288,5698600,128x256x8x1,0x0x0,128x256x8x1
cache_v_l8 (view),VIEW,0.000677,1488.287864,524288,5698600,128x8x256x1,0x0x0,128x8x256x1
cache_v_l8 (view) (permuted),PERMUTE,0.010052,1488.302760,524288,5698600,128x256x8x1,0x0x0,128x256x8x1
node_305,FLASH_ATTN_EXT,0.036146,1488.343281,8192,5698600,128x16x1x1,0x0x0,128x16x1x1
kqv_out-8,RESHAPE,0.000260,1488.347708,8192,5698600,2048x1x1x1,0x0x0,2048x1x1x1
node_307,MUL_MAT,0.091614,1488.442968,8192,5698600,2048x1x1x1,0x0x0,2048x1x1x1
ffn_inp-8,ADD,0.001510,1488.448906,8192,5698600,2048x1x1x1,0x0x0,2048x1x1x1
norm-8,RMS_NORM,0.003229,1488.455885,8192,5698600,2048x1x1x1,0x0x0,2048x1x1x1
ffn_norm-8,MUL,0.001406,1488.460833,8192,5698600,2048x1x1x1,0x0x0,2048x1x1x1
ffn_gate-8,MUL_MAT,0.184323,1488.648854,24576,5698600,6144x1x1x1,0x0x0,6144x1x1x1
ffn_up-8,MUL_MAT,0.170261,1488.823802,24576,5698600,6144x1x1x1,0x0x0,6144x1x1x1
ffn_swiglu-8,GLU,0.004323,1488.832604,24576,5698600,6144x1x1x1,0x0x0,6144x1x1x1
ffn_out-8,MUL_MAT,0.172605,1489.009271,8192,5698600,2048x1x1x1,0x0x0,2048x1x1x1
l_out-8,ADD,0.001354,1489.015000,8192,5698600,2048x1x1x1,0x0x0,2048x1x1x1
norm-9,RMS_NORM,0.003489,1489.022135,8192,5698600,2048x1x1x1,0x0x0,2048x1x1x1
attn_norm-9,MUL,0.001511,1489.027396,8192,5698600,2048x1x1x1,0x0x0,2048x1x1x1
Qcur-9,MUL_MAT,0.065157,1489.096198,8192,5698600,2048x1x1x1,0x0x0,2048x1x1x1
Qcur-9,RESHAPE,0.000261,1489.100729,8192,5698600,128x16x1x1,0x0x0,128x16x1x1
norm-9,RMS_NORM,0.057656,1489.162291,8192,5698600,128x16x1x1,0x0x0,128x16x1x1
Qcur_normed-9,MUL,0.001615,1489.168177,8192,5698600,128x16x1x1,0x0x0,128x16x1x1
Qcur-9,ROPE,0.002083,1489.173854,8192,5698600,128x16x1x1,0x0x0,128x16x1x1
Vcur-9,MUL_MAT,0.033958,1489.211458,4096,5698600,1024x1x1x1,0x0x0,1024x1x1x1
Vcur-9,RESHAPE,0.000468,1489.216093,4096,5698600,128x8x1x1,0x0x0,128x8x1x1
Kcur-9,MUL_MAT,0.090000,1489.309791,4096,5698600,1024x1x1x1,0x0x0,1024x1x1x1
Kcur-9,RESHAPE,0.000468,1489.314739,4096,5698600,128x8x1x1,0x0x0,128x8x1x1
norm-9,RMS_NORM,0.057813,1489.376302,4096,5698600,128x8x1x1,0x0x0,128x8x1x1
Kcur_normed-9,MUL,0.001458,1489.382083,4096,5698600,128x8x1x1,0x0x0,128x8x1x1
Kcur-9,ROPE,0.001875,1489.387604,4096,5698600,128x8x1x1,0x0x0,128x8x1x1
Kcur-9 (view),VIEW,0.000260,1489.391458,4096,5698600,1024x1x1x1,0x0x0,1024x1x1x1
cache_k_l9 (view),SET_ROWS,0.024427,1489.419531,83886080,5698600,1024x40960x1x1,0x0x0,1024x40960x1x1
Vcur-9 (view),VIEW,0.000260,1489.424114,4096,5698600,1024x1x1x1,0x0x0,1024x1x1x1
cache_v_l9 (view),SET_ROWS,0.012813,1489.440781,83886080,5698600,1024x40960x1x1,0x0x0,1024x40960x1x1
Qcur-9 (view),VIEW,0.000417,1489.445573,8192,5698600,128x16x1x1,0x0x0,128x16x1x1
Qcur-9 (view) (permuted),PERMUTE,0.018750,1489.468229,8192,5698600,128x1x16x1,0x0x0,128x1x16x1
cache_k_l9 (view),VIEW,0.004844,1489.477396,524288,5698600,128x8x256x1,0x0x0,128x8x256x1
cache_k_l9 (view) (permuted),PERMUTE,0.015521,1489.497083,524288,5698600,128x256x8x1,0x0x0,128x256x8x1
cache_v_l9 (view),VIEW,0.000312,1489.501718,524288,5698600,128x8x256x1,0x0x0,128x8x256x1
cache_v_l9 (view) (permuted),PERMUTE,0.011197,1489.516718,524288,5698600,128x256x8x1,0x0x0,128x256x8x1
node_340,FLASH_ATTN_EXT,0.030521,1489.551354,8192,5698600,128x16x1x1,0x0x0,128x16x1x1
kqv_out-9,RESHAPE,0.000364,1489.555937,8192,5698600,2048x1x1x1,0x0x0,2048x1x1x1
node_342,MUL_MAT,0.120313,1489.679948,8192,5698600,2048x1x1x1,0x0x0,2048x1x1x1
ffn_inp-9,ADD,0.001406,1489.685781,8192,5698600,2048x1x1x1,0x0x0,2048x1x1x1
norm-9,RMS_NORM,0.003177,1489.692708,8192,5698600,2048x1x1x1,0x0x0,2048x1x1x1
ffn_norm-9,MUL,0.001354,1489.697708,8192,5698600,2048x1x1x1,0x0x0,2048x1x1x1
ffn_gate-9,MUL_MAT,0.173073,1489.874375,24576,5698600,6144x1x1x1,0x0x0,6144x1x1x1
ffn_up-9,MUL_MAT,0.172708,1490.051406,24576,5698600,6144x1x1x1,0x0x0,6144x1x1x1
ffn_swiglu-9,GLU,0.004375,1490.060208,24576,5698600,6144x1x1x1,0x0x0,6144x1x1x1
ffn_out-9,MUL_MAT,0.170834,1490.235052,8192,5698600,2048x1x1x1,0x0x0,2048x1x1x1
l_out-9,ADD,0.001562,1490.240937,8192,5698600,2048x1x1x1,0x0x0,2048x1x1x1
norm-10,RMS_NORM,0.003385,1490.247916,8192,5698600,2048x1x1x1,0x0x0,2048x1x1x1
attn_norm-10,MUL,0.001719,1490.253281,8192,5698600,2048x1x1x1,0x0x0,2048x1x1x1
Qcur-10,MUL_MAT,0.056302,1490.313125,8192,5698600,2048x1x1x1,0x0x0,2048x1x1x1
Qcur-10,RESHAPE,0.000468,1490.317864,8192,5698600,128x16x1x1,0x0x0,128x16x1x1
norm-10,RMS_NORM,0.061250,1490.387708,8192,5698600,128x16x1x1,0x0x0,128x16x1x1
Qcur_normed-10,MUL,0.001771,1490.394062,8192,5698600,128x16x1x1,0x0x0,128x16x1x1
Qcur-10,ROPE,0.002292,1490.399896,8192,5698600,128x16x1x1,0x0x0,128x16x1x1
Vcur-10,MUL_MAT,0.033959,1490.437500,4096,5698600,1024x1x1x1,0x0x0,1024x1x1x1
Vcur-10,RESHAPE,0.000312,1490.442083,4096,5698600,128x8x1x1,0x0x0,128x8x1x1
Kcur-10,MUL_MAT,0.092292,1490.538073,4096,5698600,1024x1x1x1,0x0x0,1024x1x1x1
Kcur-10,RESHAPE,0.000312,1490.542864,4096,5698600,128x8x1x1,0x0x0,128x8x1x1
norm-10,RMS_NORM,0.057292,1490.603854,4096,5698600,128x8x1x1,0x0x0,128x8x1x1
Kcur_normed-10,MUL,0.001406,1490.609479,4096,5698600,128x8x1x1,0x0x0,128x8x1x1
Kcur-10,ROPE,0.002032,1490.615000,4096,5698600,128x8x1x1,0x0x0,128x8x1x1
Kcur-10 (view),VIEW,0.000313,1490.618906,4096,5698600,1024x1x1x1,0x0x0,1024x1x1x1
cache_k_l10 (view),SET_ROWS,0.024271,1490.646823,83886080,5698600,1024x40960x1x1,0x0x0,1024x40960x1x1
Vcur-10 (view),VIEW,0.000260,1490.651562,4096,5698600,1024x1x1x1,0x0x0,1024x1x1x1
cache_v_l10 (view),SET_ROWS,0.012292,1490.667604,83886080,5698600,1024x40960x1x1,0x0x0,1024x40960x1x1
Qcur-10 (view),VIEW,0.000469,1490.672448,8192,5698600,128x16x1x1,0x0x0,128x16x1x1
Qcur-10 (view) (permuted),PERMUTE,0.015364,1490.691614,8192,5698600,128x1x16x1,0x0x0,128x1x16x1
cache_k_l10 (view),VIEW,0.000365,1490.696354,524288,5698600,128x8x256x1,0x0x0,128x8x256x1
cache_k_l10 (view) (permuted),PERMUTE,0.016354,1490.716562,524288,5698600,128x256x8x1,0x0x0,128x256x8x1
cache_v_l10 (view),VIEW,0.004792,1490.725573,524288,5698600,128x8x256x1,0x0x0,128x8x256x1
cache_v_l10 (view) (permuted),PERMUTE,0.012657,1490.742500,524288,5698600,128x256x8x1,0x0x0,128x256x8x1
node_375,FLASH_ATTN_EXT,0.040260,1490.787031,8192,5698600,128x16x1x1,0x0x0,128x16x1x1
kqv_out-10,RESHAPE,0.000364,1490.791562,8192,5698600,2048x1x1x1,0x0x0,2048x1x1x1
node_377,MUL_MAT,0.120781,1490.915989,8192,5698600,2048x1x1x1,0x0x0,2048x1x1x1
ffn_inp-10,ADD,0.001666,1490.922187,8192,5698600,2048x1x1x1,0x0x0,2048x1x1x1
norm-10,RMS_NORM,0.003229,1490.929166,8192,5698600,2048x1x1x1,0x0x0,2048x1x1x1
ffn_norm-10,MUL,0.001407,1490.934271,8192,5698600,2048x1x1x1,0x0x0,2048x1x1x1
ffn_gate-10,MUL_MAT,0.172032,1491.109896,24576,5698600,6144x1x1x1,0x0x0,6144x1x1x1
ffn_up-10,MUL_MAT,0.172135,1491.286718,24576,5698600,6144x1x1x1,0x0x0,6144x1x1x1
ffn_swiglu-10,GLU,0.004375,1491.295416,24576,5698600,6144x1x1x1,0x0x0,6144x1x1x1
ffn_out-10,MUL_MAT,0.166406,1491.465781,8192,5698600,2048x1x1x1,0x0x0,2048x1x1x1
l_out-10,ADD,0.001354,1491.471458,8192,5698600,2048x1x1x1,0x0x0,2048x1x1x1
norm-11,RMS_NORM,0.003385,1491.478593,8192,5698600,2048x1x1x1,0x0x0,2048x1x1x1
attn_norm-11,MUL,0.001511,1491.483854,8192,5698600,2048x1x1x1,0x0x0,2048x1x1x1
Qcur-11,MUL_MAT,0.065208,1491.552708,8192,5698600,2048x1x1x1,0x0x0,2048x1x1x1
Qcur-11,RESHAPE,0.000260,1491.557239,8192,5698600,128x16x1x1,0x0x0,128x16x1x1
norm-11,RMS_NORM,0.058802,1491.619843,8192,5698600,128x16x1x1,0x0x0,128x16x1x1
Qcur_normed-11,MUL,0.002032,1491.626250,8192,5698600,128x16x1x1,0x0x0,128x16x1x1
Qcur-11,ROPE,0.002188,1491.632031,8192,5698600,128x16x1x1,0x0x0,128x16x1x1
Vcur-11,MUL_MAT,0.033958,1491.669583,4096,5698600,1024x1x1x1,0x0x0,1024x1x1x1
Vcur-11,RESHAPE,0.000469,1491.674323,4096,5698600,128x8x1x1,0x0x0,128x8x1x1
Kcur-11,MUL_MAT,0.090469,1491.768385,4096,5698600,1024x1x1x1,0x0x0,1024x1x1x1
Kcur-11,RESHAPE,0.000417,1491.773281,4096,5698600,128x8x1x1,0x0x0,128x8x1x1
norm-11,RMS_NORM,0.058125,1491.835156,4096,5698600,128x8x1x1,0x0x0,128x8x1x1
Kcur_normed-11,MUL,0.001406,1491.840885,4096,5698600,128x8x1x1,0x0x0,128x8x1x1
Kcur-11,ROPE,0.001979,1491.846458,4096,5698600,128x8x1x1,0x0x0,128x8x1x1
Kcur-11 (view),VIEW,0.000312,1491.850364,4096,5698600,1024x1x1x1,0x0x0,1024x1x1x1
cache_k_l11 (view),SET_ROWS,0.024635,1491.878593,83886080,5698600,1024x40960x1x1,0x0x0,1024x40960x1x1
Vcur-11 (view),VIEW,0.000260,1491.883281,4096,5698600,1024x1x1x1,0x0x0,1024x1x1x1
cache_v_l11 (view),SET_ROWS,0.012865,1491.900000,83886080,5698600,1024x40960x1x1,0x0x0,1024x40960x1x1
Qcur-11 (view),VIEW,0.000520,1491.907916,8192,5698600,128x16x1x1,0x0x0,128x16x1x1
Qcur-11 (view) (permuted),PERMUTE,0.012864,1491.924843,8192,5698600,128x1x16x1,0x0x0,128x1x16x1
cache_k_l11 (view),VIEW,0.000313,1491.929427,524288,5698600,128x8x256x1,0x0x0,128x8x256x1
cache_k_l11 (view) (permuted),PERMUTE,0.010521,1491.943646,524288,5698600,128x256x8x1,0x0x0,128x256x8x1
cache_v_l11 (view),VIEW,0.000261,1491.948177,524288,5698600,128x8x256x1,0x0x0,128x8x256x1
cache_v_l11 (view) (permuted),PERMUTE,0.000469,1491.952448,524288,5698600,128x256x8x1,0x0x0,128x256x8x1
node_410,FLASH_ATTN_EXT,0.023178,1491.979271,8192,5698600,128x16x1x1,0x0x0,128x16x1x1
kqv_out-11,RESHAPE,0.000260,1491.983906,8192,5698600,2048x1x1x1,0x0x0,2048x1x1x1
node_412,MUL_MAT,0.111823,1492.099427,8192,5698600,2048x1x1x1,0x0x0,2048x1x1x1
ffn_inp-11,ADD,0.001458,1492.105416,8192,5698600,2048x1x1x1,0x0x0,2048x1x1x1
norm-11,RMS_NORM,0.003230,1492.112448,8192,5698600,2048x1x1x1,0x0x0,2048x1x1x1
ffn_norm-11,MUL,0.001406,1492.117552,8192,5698600,2048x1x1x1,0x0x0,2048x1x1x1
ffn_gate-11,MUL_MAT,0.171250,1492.292343,24576,5698600,6144x1x1x1,0x0x0,6144x1x1x1
ffn_up-11,MUL_MAT,0.171510,1492.468281,24576,5698600,6144x1x1x1,0x0x0,6144x1x1x1
ffn_swiglu-11,GLU,0.004427,1492.477239,24576,5698600,6144x1x1x1,0x0x0,6144x1x1x1
ffn_out-11,MUL_MAT,0.179687,1492.660989,8192,5698600,2048x1x1x1,0x0x0,2048x1x1x1
l_out-11,ADD,0.001354,1492.666927,8192,5698600,2048x1x1x1,0x0x0,2048x1x1x1
norm-12,RMS_NORM,0.003333,1492.674010,8192,5698600,2048x1x1x1,0x0x0,2048x1x1x1
attn_norm-12,MUL,0.001458,1492.679062,8192,5698600,2048x1x1x1,0x0x0,2048x1x1x1
Qcur-12,MUL_MAT,0.065885,1492.748541,8192,5698600,2048x1x1x1,0x0x0,2048x1x1x1
Qcur-12,RESHAPE,0.000313,1492.753073,8192,5698600,128x16x1x1,0x0x0,128x16x1x1
norm-12,RMS_NORM,0.060573,1492.817448,8192,5698600,128x16x1x1,0x0x0,128x16x1x1
Qcur_normed-12,MUL,0.001822,1492.823593,8192,5698600,128x16x1x1,0x0x0,128x16x1x1
Qcur-12,ROPE,0.002188,1492.829479,8192,5698600,128x16x1x1,0x0x0,128x16x1x1
Vcur-12,MUL_MAT,0.034218,1492.867291,4096,5698600,1024x1x1x1,0x0x0,1024x1x1x1
Vcur-12,RESHAPE,0.000417,1492.871927,4096,5698600,128x8x1x1,0x0x0,128x8x1x1
Kcur-12,MUL_MAT,0.090677,1492.966302,4096,5698600,1024x1x1x1,0x0x0,1024x1x1x1
Kcur-12,RESHAPE,0.000312,1492.970989,4096,5698600,128x8x1x1,0x0x0,128x8x1x1
norm-12,RMS_NORM,0.057813,1493.032552,4096,5698600,128x8x1x1,0x0x0,128x8x1x1
Kcur_normed-12,MUL,0.001406,1493.038333,4096,5698600,128x8x1x1,0x0x0,128x8x1x1
Kcur-12,ROPE,0.002083,1493.044062,4096,5698600,128x8x1x1,0x0x0,128x8x1x1
Kcur-12 (view),VIEW,0.000312,1493.047864,4096,5698600,1024x1x1x1,0x0x0,1024x1x1x1
cache_k_l12 (view),SET_ROWS,0.024167,1493.075677,83886080,5698600,1024x40960x1x1,0x0x0,1024x40960x1x1
Vcur-12 (view),VIEW,0.000312,1493.080312,4096,5698600,1024x1x1x1,0x0x0,1024x1x1x1
cache_v_l12 (view),SET_ROWS,0.013177,1493.097187,83886080,5698600,1024x40960x1x1,0x0x0,1024x40960x1x1
Qcur-12 (view),VIEW,0.004532,1493.106198,8192,5698600,128x16x1x1,0x0x0,128x16x1x1
Qcur-12 (view) (permuted),PERMUTE,0.015365,1493.125781,8192,5698600,128x1x16x1,0x0x0,128x1x16x1
cache_k_l12 (view),VIEW,0.000312,1493.130468,524288,5698600,128x8x256x1,0x0x0,128x8x256x1
cache_k_l12 (view) (permuted),PERMUTE,0.011667,1493.145885,524288,5698600,128x256x8x1,0x0x0,128x256x8x1
cache_v_l12 (view),VIEW,0.006094,1493.156198,524288,5698600,128x8x256x1,0x0x0,128x8x256x1
cache_v_l12 (view) (permuted),PERMUTE,0.016458,1493.176718,524288,5698600,128x256x8x1,0x0x0,128x256x8x1
node_445,FLASH_ATTN_EXT,0.022657,1493.203646,8192,5698600,128x16x1x1,0x0x0,128x16x1x1
kqv_out-12,RESHAPE,0.000313,1493.208177,8192,5698600,2048x1x1x1,0x0x0,2048x1x1x1
node_447,MUL_MAT,0.112708,1493.324635,8192,5698600,2048x1x1x1,0x0x0,2048x1x1x1
ffn_inp-12,ADD,0.001459,1493.330573,8192,5698600,2048x1x1x1,0x0x0,2048x1x1x1
norm-12,RMS_NORM,0.003177,1493.337552,8192,5698600,2048x1x1x1,0x0x0,2048x1x1x1
ffn_norm-12,MUL,0.001406,1493.342708,8192,5698600,2048x1x1x1,0x0x0,2048x1x1x1
ffn_gate-12,MUL_MAT,0.171562,1493.517760,24576,5698600,6144x1x1x1,0x0x0,6144x1x1x1
ffn_up-12,MUL_MAT,0.171927,1493.694166,24576,5698600,6144x1x1x1,0x0x0,6144x1x1x1
ffn_swiglu-12,GLU,0.004427,1493.706458,24576,5698600,6144x1x1x1,0x0x0,6144x1x1x1
ffn_out-12,MUL_MAT,0.170156,1493.880677,8192,5698600,2048x1x1x1,0x0x0,2048x1x1x1
l_out-12,ADD,0.001406,1493.886458,8192,5698600,2048x1x1x1,0x0x0,2048x1x1x1
norm-13,RMS_NORM,0.003385,1493.893541,8192,5698600,2048x1x1x1,0x0x0,2048x1x1x1
attn_norm-13,MUL,0.001406,1493.898593,8192,5698600,2048x1x1x1,0x0x0,2048x1x1x1
Qcur-13,MUL_MAT,0.056667,1493.958958,8192,5698600,2048x1x1x1,0x0x0,2048x1x1x1
Qcur-13,RESHAPE,0.000312,1493.963437,8192,5698600,128x16x1x1,0x0x0,128x16x1x1
norm-13,RMS_NORM,0.056979,1494.024375,8192,5698600,128x16x1x1,0x0x0,128x16x1x1
Qcur_normed-13,MUL,0.001770,1494.030416,8192,5698600,128x16x1x1,0x0x0,128x16x1x1
Qcur-13,ROPE,0.002031,1494.036041,8192,5698600,128x16x1x1,0x0x0,128x16x1x1
Vcur-13,MUL_MAT,0.034115,1494.073802,4096,5698600,1024x1x1x1,0x0x0,1024x1x1x1
Vcur-13,RESHAPE,0.000312,1494.078385,4096,5698600,128x8x1x1,0x0x0,128x8x1x1
Kcur-13,MUL_MAT,0.089323,1494.171406,4096,5698600,1024x1x1x1,0x0x0,1024x1x1x1
Kcur-13,RESHAPE,0.000469,1494.176406,4096,5698600,128x8x1x1,0x0x0,128x8x1x1
norm-13,RMS_NORM,0.057031,1494.237187,4096,5698600,128x8x1x1,0x0x0,128x8x1x1
Kcur_normed-13,MUL,0.001250,1494.242708,4096,5698600,128x8x1x1,0x0x0,128x8x1x1
Kcur-13,ROPE,0.001823,1494.248177,4096,5698600,128x8x1x1,0x0x0,128x8x1x1
Kcur-13 (view),VIEW,0.000521,1494.252187,4096,5698600,1024x1x1x1,0x0x0,1024x1x1x1
cache_k_l13 (view),SET_ROWS,0.024115,1494.280052,83886080,5698600,1024x40960x1x1,0x0x0,1024x40960x1x1
Vcur-13 (view),VIEW,0.000312,1494.284791,4096,5698600,1024x1x1x1,0x0x0,1024x1x1x1
cache_v_l13 (view),SET_ROWS,0.012604,1494.301041,83886080,5698600,1024x40960x1x1,0x0x0,1024x40960x1x1
Qcur-13 (view),VIEW,0.000469,1494.305781,8192,5698600,128x16x1x1,0x0x0,128x16x1x1
Qcur-13 (view) (permuted),PERMUTE,0.015521,1494.325052,8192,5698600,128x1x16x1,0x0x0,128x1x16x1
cache_k_l13 (view),VIEW,0.000312,1494.329583,524288,5698600,128x8x256x1,0x0x0,128x8x256x1
cache_k_l13 (view) (permuted),PERMUTE,0.014792,1494.348177,524288,5698600,128x256x8x1,0x0x0,128x256x8x1
cache_v_l13 (view),VIEW,0.000312,1494.352760,524288,5698600,128x8x256x1,0x0x0,128x8x256x1
cache_v_l13 (view) (permuted),PERMUTE,0.008281,1494.364791,524288,5698600,128x256x8x1,0x0x0,128x256x8x1
node_480,FLASH_ATTN_EXT,0.027969,1494.397031,8192,5698600,128x16x1x1,0x0x0,128x16x1x1
kqv_out-13,RESHAPE,0.000417,1494.401875,8192,5698600,2048x1x1x1,0x0x0,2048x1x1x1
node_482,MUL_MAT,0.112343,1494.517864,8192,5698600,2048x1x1x1,0x0x0,2048x1x1x1
ffn_inp-13,ADD,0.001510,1494.523906,8192,5698600,2048x1x1x1,0x0x0,2048x1x1x1
norm-13,RMS_NORM,0.003229,1494.530833,8192,5698600,2048x1x1x1,0x0x0,2048x1x1x1
ffn_norm-13,MUL,0.001510,1494.535937,8192,5698600,2048x1x1x1,0x0x0,2048x1x1x1
ffn_gate-13,MUL_MAT,0.172083,1494.711718,24576,5698600,6144x1x1x1,0x0x0,6144x1x1x1
ffn_up-13,MUL_MAT,0.172760,1494.889062,24576,5698600,6144x1x1x1,0x0x0,6144x1x1x1
ffn_swiglu-13,GLU,0.004271,1494.897708,24576,5698600,6144x1x1x1,0x0x0,6144x1x1x1
ffn_out-13,MUL_MAT,0.169427,1495.071093,8192,5698600,2048x1x1x1,0x0x0,2048x1x1x1
l_out-13,ADD,0.001406,1495.076718,8192,5698600,2048x1x1x1,0x0x0,2048x1x1x1
norm-14,RMS_NORM,0.003334,1495.083646,8192,5698600,2048x1x1x1,0x0x0,2048x1x1x1
attn_norm-14,MUL,0.001667,1495.088958,8192,5698600,2048x1x1x1,0x0x0,2048x1x1x1
Qcur-14,MUL_MAT,0.065104,1495.157760,8192,5698600,2048x1x1x1,0x0x0,2048x1x1x1
Qcur-14,RESHAPE,0.000260,1495.162187,8192,5698600,128x16x1x1,0x0x0,128x16x1x1
norm-14,RMS_NORM,0.058646,1495.224635,8192,5698600,128x16x1x1,0x0x0,128x16x1x1
Qcur_normed-14,MUL,0.002292,1495.231302,8192,5698600,128x16x1x1,0x0x0,128x16x1x1
Qcur-14,ROPE,0.002136,1495.236979,8192,5698600,128x16x1x1,0x0x0,128x16x1x1
Vcur-14,MUL_MAT,0.034479,1495.275000,4096,5698600,1024x1x1x1,0x0x0,1024x1x1x1
Vcur-14,RESHAPE,0.000313,1495.279427,4096,5698600,128x8x1x1,0x0x0,128x8x1x1
Kcur-14,MUL_MAT,0.087708,1495.370833,4096,5698600,1024x1x1x1,0x0x0,1024x1x1x1
Kcur-14,RESHAPE,0.000417,1495.375625,4096,5698600,128x8x1x1,0x0x0,128x8x1x1
norm-14,RMS_NORM,0.057187,1495.436510,4096,5698600,128x8x1x1,0x0x0,128x8x1x1
Kcur_normed-14,MUL,0.001406,1495.442187,4096,5698600,128x8x1x1,0x0x0,128x8x1x1
Kcur-14,ROPE,0.001928,1495.456771,4096,5698600,128x8x1x1,0x0x0,128x8x1x1
Kcur-14 (view),VIEW,0.000312,1495.460989,4096,5698600,1024x1x1x1,0x0x0,1024x1x1x1
cache_k_l14 (view),SET_ROWS,0.019896,1495.484479,83886080,5698600,1024x40960x1x1,0x0x0,1024x40960x1x1
Vcur-14 (view),VIEW,0.000260,1495.489166,4096,5698600,1024x1x1x1,0x0x0,1024x1x1x1
cache_v_l14 (view),SET_ROWS,0.013907,1495.506875,83886080,5698600,1024x40960x1x1,0x0x0,1024x40960x1x1
Qcur-14 (view),VIEW,0.000312,1495.511666,8192,5698600,128x16x1x1,0x0x0,128x16x1x1
Qcur-14 (view) (permuted),PERMUTE,0.013646,1495.529010,8192,5698600,128x1x16x1,0x0x0,128x1x16x1
cache_k_l14 (view),VIEW,0.000312,1495.533489,524288,5698600,128x8x256x1,0x0x0,128x8x256x1
cache_k_l14 (view) (permuted),PERMUTE,0.006146,1495.543281,524288,5698600,128x256x8x1,0x0x0,128x256x8x1
cache_v_l14 (view),VIEW,0.010468,1495.557864,524288,5698600,128x8x256x1,0x0x0,128x8x256x1
cache_v_l14 (view) (permuted),PERMUTE,0.000469,1495.562604,524288,5698600,128x256x8x1,0x0x0,128x256x8x1
node_515,FLASH_ATTN_EXT,0.043385,1495.609739,8192,5698600,128x16x1x1,0x0x0,128x16x1x1
kqv_out-14,RESHAPE,0.000313,1495.614375,8192,5698600,2048x1x1x1,0x0x0,2048x1x1x1
node_517,MUL_MAT,0.115729,1495.733906,8192,5698600,2048x1x1x1,0x0x0,2048x1x1x1
ffn_inp-14,ADD,0.001458,1495.739687,8192,5698600,2048x1x1x1,0x0x0,2048x1x1x1
norm-14,RMS_NORM,0.003229,1495.746614,8192,5698600,2048x1x1x1,0x0x0,2048x1x1x1
ffn_norm-14,MUL,0.001406,1495.751562,8192,5698600,2048x1x1x1,0x0x0,2048x1x1x1
ffn_gate-14,MUL_MAT,0.172135,1495.927291,24576,5698600,6144x1x1x1,0x0x0,6144x1x1x1
ffn_up-14,MUL_MAT,0.172812,1496.104791,24576,5698600,6144x1x1x1,0x0x0,6144x1x1x1
ffn_swiglu-14,GLU,0.004479,1496.113854,24576,5698600,6144x1x1x1,0x0x0,6144x1x1x1
ffn_out-14,MUL_MAT,0.167604,1496.285468,8192,5698600,2048x1x1x1,0x0x0,2048x1x1x1
l_out-14,ADD,0.001407,1496.291146,8192,5698600,2048x1x1x1,0x0x0,2048x1x1x1
norm-15,RMS_NORM,0.003334,1496.298177,8192,5698600,2048x1x1x1,0x0x0,2048x1x1x1
attn_norm-15,MUL,0.001562,1496.303437,8192,5698600,2048x1x1x1,0x0x0,2048x1x1x1
Qcur-15,MUL_MAT,0.056719,1496.363750,8192,5698600,2048x1x1x1,0x0x0,2048x1x1x1
Qcur-15,RESHAPE,0.000364,1496.368385,8192,5698600,128x16x1x1,0x0x0,128x16x1x1
norm-15,RMS_NORM,0.057395,1496.429791,8192,5698600,128x16x1x1,0x0x0,128x16x1x1
Qcur_normed-15,MUL,0.001875,1496.435989,8192,5698600,128x16x1x1,0x0x0,128x16x1x1
Qcur-15,ROPE,0.002187,1496.441718,8192,5698600,128x16x1x1,0x0x0,128x16x1x1
Vcur-15,MUL_MAT,0.034271,1496.479583,4096,5698600,1024x1x1x1,0x0x0,1024x1x1x1
Vcur-15,RESHAPE,0.000312,1496.484062,4096,5698600,128x8x1x1,0x0x0,128x8x1x1
Kcur-15,MUL_MAT,0.108125,1496.595937,4096,5698600,1024x1x1x1,0x0x0,1024x1x1x1
Kcur-15,RESHAPE,0.000469,1496.601198,4096,5698600,128x8x1x1,0x0x0,128x8x1x1
norm-15,RMS_NORM,0.055990,1496.661146,4096,5698600,128x8x1x1,0x0x0,128x8x1x1
Kcur_normed-15,MUL,0.001407,1496.666771,4096,5698600,128x8x1x1,0x0x0,128x8x1x1
Kcur-15,ROPE,0.002084,1496.672396,4096,5698600,128x8x1x1,0x0x0,128x8x1x1
Kcur-15 (view),VIEW,0.000417,1496.676406,4096,5698600,1024x1x1x1,0x0x0,1024x1x1x1
cache_k_l15 (view),SET_ROWS,0.024739,1496.704791,83886080,5698600,1024x40960x1x1,0x0x0,1024x40960x1x1
Vcur-15 (view),VIEW,0.000313,1496.709375,4096,5698600,1024x1x1x1,0x0x0,1024x1x1x1
cache_v_l15 (view),SET_ROWS,0.013385,1496.726458,83886080,5698600,1024x40960x1x1,0x0x0,1024x40960x1x1
Qcur-15 (view),VIEW,0.000417,1496.731354,8192,5698600,128x16x1x1,0x0x0,128x16x1x1
Qcur-15 (view) (permuted),PERMUTE,0.013072,1496.747968,8192,5698600,128x1x16x1,0x0x0,128x1x16x1
cache_k_l15 (view),VIEW,0.000313,1496.752552,524288,5698600,128x8x256x1,0x0x0,128x8x256x1
cache_k_l15 (view) (permuted),PERMUTE,0.010209,1496.766771,524288,5698600,128x256x8x1,0x0x0,128x256x8x1
cache_v_l15 (view),VIEW,0.000313,1496.771250,524288,5698600,128x8x256x1,0x0x0,128x8x256x1
cache_v_l15 (view) (permuted),PERMUTE,0.013281,1496.788385,524288,5698600,128x256x8x1,0x0x0,128x256x8x1
node_550,FLASH_ATTN_EXT,0.036979,1496.829531,8192,5698600,128x16x1x1,0x0x0,128x16x1x1
kqv_out-15,RESHAPE,0.000312,1496.834010,8192,5698600,2048x1x1x1,0x0x0,2048x1x1x1
node_552,MUL_MAT,0.098437,1496.939062,8192,5698600,2048x1x1x1,0x0x0,2048x1x1x1
ffn_inp-15,ADD,0.001718,1496.945364,8192,5698600,2048x1x1x1,0x0x0,2048x1x1x1
norm-15,RMS_NORM,0.003177,1496.952291,8192,5698600,2048x1x1x1,0x0x0,2048x1x1x1
ffn_norm-15,MUL,0.001407,1496.957396,8192,5698600,2048x1x1x1,0x0x0,2048x1x1x1
ffn_gate-15,MUL_MAT,0.170886,1497.131875,24576,5698600,6144x1x1x1,0x0x0,6144x1x1x1
ffn_up-15,MUL_MAT,0.161927,1497.298177,24576,5698600,6144x1x1x1,0x0x0,6144x1x1x1
ffn_swiglu-15,GLU,0.004323,1497.306927,24576,5698600,6144x1x1x1,0x0x0,6144x1x1x1
ffn_out-15,MUL_MAT,0.195156,1497.506041,8192,5698600,2048x1x1x1,0x0x0,2048x1x1x1
l_out-15,ADD,0.001355,1497.511771,8192,5698600,2048x1x1x1,0x0x0,2048x1x1x1
norm-16,RMS_NORM,0.003333,1497.518854,8192,5698600,2048x1x1x1,0x0x0,2048x1x1x1
attn_norm-16,MUL,0.001406,1497.523854,8192,5698600,2048x1x1x1,0x0x0,2048x1x1x1
Qcur-16,MUL_MAT,0.056875,1497.584427,8192,5698600,2048x1x1x1,0x0x0,2048x1x1x1
Qcur-16,RESHAPE,0.000468,1497.589114,8192,5698600,128x16x1x1,0x0x0,128x16x1x1
norm-16,RMS_NORM,0.058489,1497.651510,8192,5698600,128x16x1x1,0x0x0,128x16x1x1
Qcur_normed-16,MUL,0.001927,1497.657864,8192,5698600,128x16x1x1,0x0x0,128x16x1x1
Qcur-16,ROPE,0.002135,1497.663593,8192,5698600,128x16x1x1,0x0x0,128x16x1x1
Vcur-16,MUL_MAT,0.034167,1497.701354,4096,5698600,1024x1x1x1,0x0x0,1024x1x1x1
Vcur-16,RESHAPE,0.000416,1497.705937,4096,5698600,128x8x1x1,0x0x0,128x8x1x1
Kcur-16,MUL_MAT,0.089115,1497.798802,4096,5698600,1024x1x1x1,0x0x0,1024x1x1x1
Kcur-16,RESHAPE,0.000469,1497.803698,4096,5698600,128x8x1x1,0x0x0,128x8x1x1
norm-16,RMS_NORM,0.056875,1497.864271,4096,5698600,128x8x1x1,0x0x0,128x8x1x1
Kcur_normed-16,MUL,0.001459,1497.870052,4096,5698600,128x8x1x1,0x0x0,128x8x1x1
Kcur-16,ROPE,0.002083,1497.875781,4096,5698600,128x8x1x1,0x0x0,128x8x1x1
Kcur-16 (view),VIEW,0.000312,1497.879687,4096,5698600,1024x1x1x1,0x0x0,1024x1x1x1
cache_k_l16 (view),SET_ROWS,0.019635,1497.902916,83886080,5698600,1024x40960x1x1,0x0x0,1024x40960x1x1
Vcur-16 (view),VIEW,0.000313,1497.907552,4096,5698600,1024x1x1x1,0x0x0,1024x1x1x1
cache_v_l16 (view),SET_ROWS,0.014219,1497.925521,83886080,5698600,1024x40960x1x1,0x0x0,1024x40960x1x1
Qcur-16 (view),VIEW,0.000625,1497.930364,8192,5698600,128x16x1x1,0x0x0,128x16x1x1
Qcur-16 (view) (permuted),PERMUTE,0.015573,1497.949583,8192,5698600,128x1x16x1,0x0x0,128x1x16x1
cache_k_l16 (view),VIEW,0.000260,1497.954010,524288,5698600,128x8x256x1,0x0x0,128x8x256x1
cache_k_l16 (view) (permuted),PERMUTE,0.010313,1497.968229,524288,5698600,128x256x8x1,0x0x0,128x256x8x1
cache_v_l16 (view),VIEW,0.000260,1497.972708,524288,5698600,128x8x256x1,0x0x0,128x8x256x1
cache_v_l16 (view) (permuted),PERMUTE,0.008177,1497.984739,524288,5698600,128x256x8x1,0x0x0,128x256x8x1
node_585,FLASH_ATTN_EXT,0.015469,1498.004427,8192,5698600,128x16x1x1,0x0x0,128x16x1x1
kqv_out-16,RESHAPE,0.000313,1498.008802,8192,5698600,2048x1x1x1,0x0x0,2048x1x1x1
node_587,MUL_MAT,0.111510,1498.123958,8192,5698600,2048x1x1x1,0x0x0,2048x1x1x1
ffn_inp-16,ADD,0.001563,1498.130104,8192,5698600,2048x1x1x1,0x0x0,2048x1x1x1
norm-16,RMS_NORM,0.003177,1498.136927,8192,5698600,2048x1x1x1,0x0x0,2048x1x1x1
ffn_norm-16,MUL,0.001406,1498.141979,8192,5698600,2048x1x1x1,0x0x0,2048x1x1x1
ffn_gate-16,MUL_MAT,0.171354,1498.316927,24576,5698600,6144x1x1x1,0x0x0,6144x1x1x1
ffn_up-16,MUL_MAT,0.172656,1498.494166,24576,5698600,6144x1x1x1,0x0x0,6144x1x1x1
ffn_swiglu-16,GLU,0.004270,1498.502968,24576,5698600,6144x1x1x1,0x0x0,6144x1x1x1
ffn_out-16,MUL_MAT,0.169896,1498.676875,8192,5698600,2048x1x1x1,0x0x0,2048x1x1x1
l_out-16,ADD,0.001407,1498.682448,8192,5698600,2048x1x1x1,0x0x0,2048x1x1x1
norm-17,RMS_NORM,0.003334,1498.689427,8192,5698600,2048x1x1x1,0x0x0,2048x1x1x1
attn_norm-17,MUL,0.001614,1498.694635,8192,5698600,2048x1x1x1,0x0x0,2048x1x1x1
Qcur-17,MUL_MAT,0.065052,1498.763333,8192,5698600,2048x1x1x1,0x0x0,2048x1x1x1
Qcur-17,RESHAPE,0.000417,1498.768125,8192,5698600,128x16x1x1,0x0x0,128x16x1x1
norm-17,RMS_NORM,0.057708,1498.829791,8192,5698600,128x16x1x1,0x0x0,128x16x1x1
Qcur_normed-17,MUL,0.001719,1498.835885,8192,5698600,128x16x1x1,0x0x0,128x16x1x1
Qcur-17,ROPE,0.002083,1498.844687,8192,5698600,128x16x1x1,0x0x0,128x16x1x1
Vcur-17,MUL_MAT,0.033958,1498.882604,4096,5698600,1024x1x1x1,0x0x0,1024x1x1x1
Vcur-17,RESHAPE,0.000260,1498.887135,4096,5698600,128x8x1x1,0x0x0,128x8x1x1
Kcur-17,MUL_MAT,0.090469,1498.981354,4096,5698600,1024x1x1x1,0x0x0,1024x1x1x1
Kcur-17,RESHAPE,0.000312,1498.986093,4096,5698600,128x8x1x1,0x0x0,128x8x1x1
norm-17,RMS_NORM,0.056980,1499.046771,4096,5698600,128x8x1x1,0x0x0,128x8x1x1
Kcur_normed-17,MUL,0.001458,1499.052656,4096,5698600,128x8x1x1,0x0x0,128x8x1x1
Kcur-17,ROPE,0.002031,1499.058437,4096,5698600,128x8x1x1,0x0x0,128x8x1x1
Kcur-17 (view),VIEW,0.000417,1499.062500,4096,5698600,1024x1x1x1,0x0x0,1024x1x1x1
cache_k_l17 (view),SET_ROWS,0.024479,1499.090729,83886080,5698600,1024x40960x1x1,0x0x0,1024x40960x1x1
Vcur-17 (view),VIEW,0.000313,1499.095573,4096,5698600,1024x1x1x1,0x0x0,1024x1x1x1
cache_v_l17 (view),SET_ROWS,0.012917,1499.112083,83886080,5698600,1024x40960x1x1,0x0x0,1024x40960x1x1
Qcur-17 (view),VIEW,0.000417,1499.116927,8192,5698600,128x16x1x1,0x0x0,128x16x1x1
Qcur-17 (view) (permuted),PERMUTE,0.015677,1499.136406,8192,5698600,128x1x16x1,0x0x0,128x1x16x1
cache_k_l17 (view),VIEW,0.000677,1499.141354,524288,5698600,128x8x256x1,0x0x0,128x8x256x1
cache_k_l17 (view) (permuted),PERMUTE,0.016979,1499.162187,524288,5698600,128x256x8x1,0x0x0,128x256x8x1
cache_v_l17 (view),VIEW,0.004636,1499.171146,524288,5698600,128x8x256x1,0x0x0,128x8x256x1
cache_v_l17 (view) (permuted),PERMUTE,0.014636,1499.190104,524288,5698600,128x256x8x1,0x0x0,128x256x8x1
node_620,FLASH_ATTN_EXT,0.016250,1499.210573,8192,5698600,128x16x1x1,0x0x0,128x16x1x1
kqv_out-17,RESHAPE,0.000313,1499.215104,8192,5698600,2048x1x1x1,0x0x0,2048x1x1x1
node_622,MUL_MAT,0.119375,1499.338229,8192,5698600,2048x1x1x1,0x0x0,2048x1x1x1
ffn_inp-17,ADD,0.001510,1499.344218,8192,5698600,2048x1x1x1,0x0x0,2048x1x1x1
norm-17,RMS_NORM,0.003229,1499.351406,8192,5698600,2048x1x1x1,0x0x0,2048x1x1x1
ffn_norm-17,MUL,0.001562,1499.356614,8192,5698600,2048x1x1x1,0x0x0,2048x1x1x1
ffn_gate-17,MUL_MAT,0.172813,1499.533021,24576,5698600,6144x1x1x1,0x0x0,6144x1x1x1
ffn_up-17,MUL_MAT,0.172500,1499.709948,24576,5698600,6144x1x1x1,0x0x0,6144x1x1x1
ffn_swiglu-17,GLU,0.004218,1499.718593,24576,5698600,6144x1x1x1,0x0x0,6144x1x1x1
ffn_out-17,MUL_MAT,0.168802,1499.891354,8192,5698600,2048x1x1x1,0x0x0,2048x1x1x1
l_out-17,ADD,0.001406,1499.897239,8192,5698600,2048x1x1x1,0x0x0,2048x1x1x1
norm-18,RMS_NORM,0.003333,1499.904218,8192,5698600,2048x1x1x1,0x0x0,2048x1x1x1
attn_norm-18,MUL,0.001563,1499.909479,8192,5698600,2048x1x1x1,0x0x0,2048x1x1x1
Qcur-18,MUL_MAT,0.056458,1499.969531,8192,5698600,2048x1x1x1,0x0x0,2048x1x1x1
Qcur-18,RESHAPE,0.000312,1499.974114,8192,5698600,128x16x1x1,0x0x0,128x16x1x1
norm-18,RMS_NORM,0.057969,1500.035781,8192,5698600,128x16x1x1,0x0x0,128x16x1x1
Qcur_normed-18,MUL,0.001823,1500.041875,8192,5698600,128x16x1x1,0x0x0,128x16x1x1
Qcur-18,ROPE,0.002240,1500.047708,8192,5698600,128x16x1x1,0x0x0,128x16x1x1
Vcur-18,MUL_MAT,0.034323,1500.085677,4096,5698600,1024x1x1x1,0x0x0,1024x1x1x1
Vcur-18,RESHAPE,0.000312,1500.090208,4096,5698600,128x8x1x1,0x0x0,128x8x1x1
Kcur-18,MUL_MAT,0.090521,1500.184375,4096,5698600,1024x1x1x1,0x0x0,1024x1x1x1
Kcur-18,RESHAPE,0.000469,1500.189323,4096,5698600,128x8x1x1,0x0x0,128x8x1x1
norm-18,RMS_NORM,0.054791,1500.247864,4096,5698600,128x8x1x1,0x0x0,128x8x1x1
Kcur_normed-18,MUL,0.001302,1500.253489,4096,5698600,128x8x1x1,0x0x0,128x8x1x1
Kcur-18,ROPE,0.001927,1500.259010,4096,5698600,128x8x1x1,0x0x0,128x8x1x1
Kcur-18 (view),VIEW,0.000312,1500.262864,4096,5698600,1024x1x1x1,0x0x0,1024x1x1x1
cache_k_l18 (view),SET_ROWS,0.020729,1500.287239,83886080,5698600,1024x40960x1x1,0x0x0,1024x40960x1x1
Vcur-18 (view),VIEW,0.000313,1500.291979,4096,5698600,1024x1x1x1,0x0x0,1024x1x1x1
cache_v_l18 (view),SET_ROWS,0.014896,1500.310729,83886080,5698600,1024x40960x1x1,0x0x0,1024x40960x1x1
Qcur-18 (view),VIEW,0.000312,1500.315260,8192,5698600,128x16x1x1,0x0x0,128x16x1x1
Qcur-18 (view) (permuted),PERMUTE,0.014375,1500.333333,8192,5698600,128x1x16x1,0x0x0,128x1x16x1
cache_k_l18 (view),VIEW,0.000313,1500.340677,524288,5698600,128x8x256x1,0x0x0,128x8x256x1
cache_k_l18 (view) (permuted),PERMUTE,0.012917,1500.357604,524288,5698600,128x256x8x1,0x0x0,128x256x8x1
cache_v_l18 (view),VIEW,0.001510,1500.363333,524288,5698600,128x8x256x1,0x0x0,128x8x256x1
cache_v_l18 (view) (permuted),PERMUTE,0.021250,1500.388385,524288,5698600,128x256x8x1,0x0x0,128x256x8x1
node_655,FLASH_ATTN_EXT,0.039687,1500.432291,8192,5698600,128x16x1x1,0x0x0,128x16x1x1
kqv_out-18,RESHAPE,0.000313,1500.436771,8192,5698600,2048x1x1x1,0x0x0,2048x1x1x1
node_657,MUL_MAT,0.100365,1500.540781,8192,5698600,2048x1x1x1,0x0x0,2048x1x1x1
ffn_inp-18,ADD,0.001510,1500.546666,8192,5698600,2048x1x1x1,0x0x0,2048x1x1x1
norm-18,RMS_NORM,0.020521,1500.570937,8192,5698600,2048x1x1x1,0x0x0,2048x1x1x1
ffn_norm-18,MUL,0.020625,1500.595937,8192,5698600,2048x1x1x1,0x0x0,2048x1x1x1
ffn_gate-18,MUL_MAT,0.162865,1500.762656,24576,5698600,6144x1x1x1,0x0x0,6144x1x1x1
ffn_up-18,MUL_MAT,0.167187,1500.934166,24576,5698600,6144x1x1x1,0x0x0,6144x1x1x1
ffn_swiglu-18,GLU,0.004323,1500.943125,24576,5698600,6144x1x1x1,0x0x0,6144x1x1x1
ffn_out-18,MUL_MAT,0.167604,1501.114791,8192,5698600,2048x1x1x1,0x0x0,2048x1x1x1
l_out-18,ADD,0.001458,1501.120781,8192,5698600,2048x1x1x1,0x0x0,2048x1x1x1
norm-19,RMS_NORM,0.003385,1501.127864,8192,5698600,2048x1x1x1,0x0x0,2048x1x1x1
attn_norm-19,MUL,0.001563,1501.133125,8192,5698600,2048x1x1x1,0x0x0,2048x1x1x1
Qcur-19,MUL_MAT,0.056250,1501.193073,8192,5698600,2048x1x1x1,0x0x0,2048x1x1x1
Qcur-19,RESHAPE,0.000364,1501.197760,8192,5698600,128x16x1x1,0x0x0,128x16x1x1
norm-19,RMS_NORM,0.059323,1501.261041,8192,5698600,128x16x1x1,0x0x0,128x16x1x1
Qcur_normed-19,MUL,0.001823,1501.267239,8192,5698600,128x16x1x1,0x0x0,128x16x1x1
Qcur-19,ROPE,0.002083,1501.272968,8192,5698600,128x16x1x1,0x0x0,128x16x1x1
Vcur-19,MUL_MAT,0.034427,1501.310989,4096,5698600,1024x1x1x1,0x0x0,1024x1x1x1
Vcur-19,RESHAPE,0.000313,1501.315521,4096,5698600,128x8x1x1,0x0x0,128x8x1x1
Kcur-19,MUL_MAT,0.090312,1501.409583,4096,5698600,1024x1x1x1,0x0x0,1024x1x1x1
Kcur-19,RESHAPE,0.000469,1501.414427,4096,5698600,128x8x1x1,0x0x0,128x8x1x1
norm-19,RMS_NORM,0.060730,1501.478698,4096,5698600,128x8x1x1,0x0x0,128x8x1x1
Kcur_normed-19,MUL,0.015989,1501.499114,4096,5698600,128x8x1x1,0x0x0,128x8x1x1
Kcur-19,ROPE,0.002084,1501.504948,4096,5698600,128x8x1x1,0x0x0,128x8x1x1
Kcur-19 (view),VIEW,0.000417,1501.508958,4096,5698600,1024x1x1x1,0x0x0,1024x1x1x1
cache_k_l19 (view),SET_ROWS,0.019739,1501.532343,83886080,5698600,1024x40960x1x1,0x0x0,1024x40960x1x1
Vcur-19 (view),VIEW,0.000260,1501.537135,4096,5698600,1024x1x1x1,0x0x0,1024x1x1x1
cache_v_l19 (view),SET_ROWS,0.014219,1501.555156,83886080,5698600,1024x40960x1x1,0x0x0,1024x40960x1x1
Qcur-19 (view),VIEW,0.000260,1501.559791,8192,5698600,128x16x1x1,0x0x0,128x16x1x1
Qcur-19 (view) (permuted),PERMUTE,0.013907,1501.577448,8192,5698600,128x1x16x1,0x0x0,128x1x16x1
cache_k_l19 (view),VIEW,0.000313,1501.582031,524288,5698600,128x8x256x1,0x0x0,128x8x256x1
cache_k_l19 (view) (permuted),PERMUTE,0.012656,1501.598593,524288,5698600,128x256x8x1,0x0x0,128x256x8x1
cache_v_l19 (view),VIEW,0.000313,1501.603177,524288,5698600,128x8x256x1,0x0x0,128x8x256x1
cache_v_l19 (view) (permuted),PERMUTE,0.011562,1501.618489,524288,5698600,128x256x8x1,0x0x0,128x256x8x1
node_690,FLASH_ATTN_EXT,0.045833,1501.668541,8192,5698600,128x16x1x1,0x0x0,128x16x1x1
kqv_out-19,RESHAPE,0.000260,1501.672864,8192,5698600,2048x1x1x1,0x0x0,2048x1x1x1
node_692,MUL_MAT,0.111927,1501.788593,8192,5698600,2048x1x1x1,0x0x0,2048x1x1x1
ffn_inp-19,ADD,0.001406,1501.794635,8192,5698600,2048x1x1x1,0x0x0,2048x1x1x1
norm-19,RMS_NORM,0.003229,1501.801562,8192,5698600,2048x1x1x1,0x0x0,2048x1x1x1
ffn_norm-19,MUL,0.001406,1501.806614,8192,5698600,2048x1x1x1,0x0x0,2048x1x1x1
ffn_gate-19,MUL_MAT,0.171250,1501.981510,24576,5698600,6144x1x1x1,0x0x0,6144x1x1x1
ffn_up-19,MUL_MAT,0.171615,1502.157500,24576,5698600,6144x1x1x1,0x0x0,6144x1x1x1
ffn_swiglu-19,GLU,0.004166,1502.166041,24576,5698600,6144x1x1x1,0x0x0,6144x1x1x1
ffn_out-19,MUL_MAT,0.171406,1502.341458,8192,5698600,2048x1x1x1,0x0x0,2048x1x1x1
l_out-19,ADD,0.001562,1502.350833,8192,5698600,2048x1x1x1,0x0x0,2048x1x1x1
norm-20,RMS_NORM,0.003334,1502.358125,8192,5698600,2048x1x1x1,0x0x0,2048x1x1x1
attn_norm-20,MUL,0.001458,1502.363333,8192,5698600,2048x1x1x1,0x0x0,2048x1x1x1
Qcur-20,MUL_MAT,0.065156,1502.432083,8192,5698600,2048x1x1x1,0x0x0,2048x1x1x1
Qcur-20,RESHAPE,0.000312,1502.436666,8192,5698600,128x16x1x1,0x0x0,128x16x1x1
norm-20,RMS_NORM,0.049115,1502.489583,8192,5698600,128x16x1x1,0x0x0,128x16x1x1
Qcur_normed-20,MUL,0.001927,1502.495885,8192,5698600,128x16x1x1,0x0x0,128x16x1x1
Qcur-20,ROPE,0.002083,1502.501614,8192,5698600,128x16x1x1,0x0x0,128x16x1x1
Vcur-20,MUL_MAT,0.033906,1502.539114,4096,5698600,1024x1x1x1,0x0x0,1024x1x1x1
Vcur-20,RESHAPE,0.000469,1502.543802,4096,5698600,128x8x1x1,0x0x0,128x8x1x1
Kcur-20,MUL_MAT,0.090416,1502.637968,4096,5698600,1024x1x1x1,0x0x0,1024x1x1x1
Kcur-20,RESHAPE,0.000468,1502.642968,4096,5698600,128x8x1x1,0x0x0,128x8x1x1
norm-20,RMS_NORM,0.033750,1502.680521,4096,5698600,128x8x1x1,0x0x0,128x8x1x1
Kcur_normed-20,MUL,0.001458,1502.686354,4096,5698600,128x8x1x1,0x0x0,128x8x1x1
Kcur-20,ROPE,0.001770,1502.691718,4096,5698600,128x8x1x1,0x0x0,128x8x1x1
Kcur-20 (view),VIEW,0.000469,1502.695781,4096,5698600,1024x1x1x1,0x0x0,1024x1x1x1
cache_k_l20 (view),SET_ROWS,0.019896,1502.719323,83886080,5698600,1024x40960x1x1,0x0x0,1024x40960x1x1
Vcur-20 (view),VIEW,0.000260,1502.723906,4096,5698600,1024x1x1x1,0x0x0,1024x1x1x1
cache_v_l20 (view),SET_ROWS,0.014375,1502.742031,83886080,5698600,1024x40960x1x1,0x0x0,1024x40960x1x1
Qcur-20 (view),VIEW,0.000521,1502.746771,8192,5698600,128x16x1x1,0x0x0,128x16x1x1
Qcur-20 (view) (permuted),PERMUTE,0.016093,1502.766666,8192,5698600,128x1x16x1,0x0x0,128x1x16x1
cache_k_l20 (view),VIEW,0.000521,1502.771562,524288,5698600,128x8x256x1,0x0x0,128x8x256x1
cache_k_l20 (view) (permuted),PERMUTE,0.013021,1502.788385,524288,5698600,128x256x8x1,0x0x0,128x256x8x1
cache_v_l20 (view),VIEW,0.000260,1502.792812,524288,5698600,128x8x256x1,0x0x0,128x8x256x1
cache_v_l20 (view) (permuted),PERMUTE,0.011719,1502.808333,524288,5698600,128x256x8x1,0x0x0,128x256x8x1
node_725,FLASH_ATTN_EXT,0.017396,1502.830000,8192,5698600,128x16x1x1,0x0x0,128x16x1x1
kqv_out-20,RESHAPE,0.000313,1502.834479,8192,5698600,2048x1x1x1,0x0x0,2048x1x1x1
node_727,MUL_MAT,0.081823,1502.919948,8192,5698600,2048x1x1x1,0x0x0,2048x1x1x1
ffn_inp-20,ADD,0.001510,1502.925937,8192,5698600,2048x1x1x1,0x0x0,2048x1x1x1
norm-20,RMS_NORM,0.003229,1502.932916,8192,5698600,2048x1x1x1,0x0x0,2048x1x1x1
ffn_norm-20,MUL,0.001406,1502.937968,8192,5698600,2048x1x1x1,0x0x0,2048x1x1x1
ffn_gate-20,MUL_MAT,0.170521,1503.112083,24576,5698600,6144x1x1x1,0x0x0,6144x1x1x1
ffn_up-20,MUL_MAT,0.171875,1503.288385,24576,5698600,6144x1x1x1,0x0x0,6144x1x1x1
ffn_swiglu-20,GLU,0.004531,1503.297656,24576,5698600,6144x1x1x1,0x0x0,6144x1x1x1
ffn_out-20,MUL_MAT,0.165834,1503.467552,8192,5698600,2048x1x1x1,0x0x0,2048x1x1x1
l_out-20,ADD,0.001354,1503.473541,8192,5698600,2048x1x1x1,0x0x0,2048x1x1x1
norm-21,RMS_NORM,0.003334,1503.480625,8192,5698600,2048x1x1x1,0x0x0,2048x1x1x1
attn_norm-21,MUL,0.001562,1503.485885,8192,5698600,2048x1x1x1,0x0x0,2048x1x1x1
Qcur-21,MUL_MAT,0.064687,1503.554218,8192,5698600,2048x1x1x1,0x0x0,2048x1x1x1
Qcur-21,RESHAPE,0.000313,1503.558802,8192,5698600,128x16x1x1,0x0x0,128x16x1x1
norm-21,RMS_NORM,0.056823,1503.619531,8192,5698600,128x16x1x1,0x0x0,128x16x1x1
Qcur_normed-21,MUL,0.001823,1503.625677,8192,5698600,128x16x1x1,0x0x0,128x16x1x1
Qcur-21,ROPE,0.002031,1503.631458,8192,5698600,128x16x1x1,0x0x0,128x16x1x1
Vcur-21,MUL_MAT,0.033802,1503.669010,4096,5698600,1024x1x1x1,0x0x0,1024x1x1x1
Vcur-21,RESHAPE,0.000365,1503.673646,4096,5698600,128x8x1x1,0x0x0,128x8x1x1
Kcur-21,MUL_MAT,0.090520,1503.767968,4096,5698600,1024x1x1x1,0x0x0,1024x1x1x1
Kcur-21,RESHAPE,0.000468,1503.772864,4096,5698600,128x8x1x1,0x0x0,128x8x1x1
norm-21,RMS_NORM,0.034375,1503.810937,4096,5698600,128x8x1x1,0x0x0,128x8x1x1
Kcur_normed-21,MUL,0.001250,1503.816458,4096,5698600,128x8x1x1,0x0x0,128x8x1x1
Kcur-21,ROPE,0.002031,1503.822135,4096,5698600,128x8x1x1,0x0x0,128x8x1x1
Kcur-21 (view),VIEW,0.000312,1503.826041,4096,5698600,1024x1x1x1,0x0x0,1024x1x1x1
cache_k_l21 (view),SET_ROWS,0.024583,1503.857187,83886080,5698600,1024x40960x1x1,0x0x0,1024x40960x1x1
Vcur-21 (view),VIEW,0.000313,1503.861979,4096,5698600,1024x1x1x1,0x0x0,1024x1x1x1
cache_v_l21 (view),SET_ROWS,0.012344,1503.878073,83886080,5698600,1024x40960x1x1,0x0x0,1024x40960x1x1
Qcur-21 (view),VIEW,0.004323,1503.886666,8192,5698600,128x16x1x1,0x0x0,128x16x1x1
Qcur-21 (view) (permuted),PERMUTE,0.013646,1503.904323,8192,5698600,128x1x16x1,0x0x0,128x1x16x1
cache_k_l21 (view),VIEW,0.000313,1503.908802,524288,5698600,128x8x256x1,0x0x0,128x8x256x1
cache_k_l21 (view) (permuted),PERMUTE,0.010260,1503.922760,524288,5698600,128x256x8x1,0x0x0,128x256x8x1
cache_v_l21 (view),VIEW,0.000260,1503.927291,524288,5698600,128x8x256x1,0x0x0,128x8x256x1
cache_v_l21 (view) (permuted),PERMUTE,0.000625,1503.931666,524288,5698600,128x256x8x1,0x0x0,128x256x8x1
node_760,FLASH_ATTN_EXT,0.025990,1503.961302,8192,5698600,128x16x1x1,0x0x0,128x16x1x1
kqv_out-21,RESHAPE,0.000312,1503.966041,8192,5698600,2048x1x1x1,0x0x0,2048x1x1x1
node_762,MUL_MAT,0.088542,1504.058281,8192,5698600,2048x1x1x1,0x0x0,2048x1x1x1
ffn_inp-21,ADD,0.001615,1504.064479,8192,5698600,2048x1x1x1,0x0x0,2048x1x1x1
norm-21,RMS_NORM,0.003229,1504.071510,8192,5698600,2048x1x1x1,0x0x0,2048x1x1x1
ffn_norm-21,MUL,0.001406,1504.076562,8192,5698600,2048x1x1x1,0x0x0,2048x1x1x1
ffn_gate-21,MUL_MAT,0.172135,1504.252291,24576,5698600,6144x1x1x1,0x0x0,6144x1x1x1
ffn_up-21,MUL_MAT,0.172552,1504.429062,24576,5698600,6144x1x1x1,0x0x0,6144x1x1x1
ffn_swiglu-21,GLU,0.004375,1504.437916,24576,5698600,6144x1x1x1,0x0x0,6144x1x1x1
ffn_out-21,MUL_MAT,0.213750,1504.655573,8192,5698600,2048x1x1x1,0x0x0,2048x1x1x1
l_out-21,ADD,0.001354,1504.661614,8192,5698600,2048x1x1x1,0x0x0,2048x1x1x1
norm-22,RMS_NORM,0.003386,1504.668698,8192,5698600,2048x1x1x1,0x0x0,2048x1x1x1
attn_norm-22,MUL,0.001510,1504.673906,8192,5698600,2048x1x1x1,0x0x0,2048x1x1x1
Qcur-22,MUL_MAT,0.056093,1504.733593,8192,5698600,2048x1x1x1,0x0x0,2048x1x1x1
Qcur-22,RESHAPE,0.000261,1504.738177,8192,5698600,128x16x1x1,0x0x0,128x16x1x1
norm-22,RMS_NORM,0.060156,1504.802031,8192,5698600,128x16x1x1,0x0x0,128x16x1x1
Qcur_normed-22,MUL,0.001823,1504.808177,8192,5698600,128x16x1x1,0x0x0,128x16x1x1
Qcur-22,ROPE,0.002083,1504.813906,8192,5698600,128x16x1x1,0x0x0,128x16x1x1
Vcur-22,MUL_MAT,0.033854,1504.851406,4096,5698600,1024x1x1x1,0x0x0,1024x1x1x1
Vcur-22,RESHAPE,0.000312,1504.855833,4096,5698600,128x8x1x1,0x0x0,128x8x1x1
Kcur-22,MUL_MAT,0.091198,1504.950833,4096,5698600,1024x1x1x1,0x0x0,1024x1x1x1
Kcur-22,RESHAPE,0.000313,1504.955677,4096,5698600,128x8x1x1,0x0x0,128x8x1x1
norm-22,RMS_NORM,0.057708,1505.017135,4096,5698600,128x8x1x1,0x0x0,128x8x1x1
Kcur_normed-22,MUL,0.001510,1505.022916,4096,5698600,128x8x1x1,0x0x0,128x8x1x1
Kcur-22,ROPE,0.001875,1505.028385,4096,5698600,128x8x1x1,0x0x0,128x8x1x1
Kcur-22 (view),VIEW,0.000468,1505.032291,4096,5698600,1024x1x1x1,0x0x0,1024x1x1x1
cache_k_l22 (view),SET_ROWS,0.024532,1505.060573,83886080,5698600,1024x40960x1x1,0x0x0,1024x40960x1x1
Vcur-22 (view),VIEW,0.000312,1505.065260,4096,5698600,1024x1x1x1,0x0x0,1024x1x1x1
cache_v_l22 (view),SET_ROWS,0.012032,1505.081198,83886080,5698600,1024x40960x1x1,0x0x0,1024x40960x1x1
Qcur-22 (view),VIEW,0.004688,1505.090104,8192,5698600,128x16x1x1,0x0x0,128x16x1x1
Qcur-22 (view) (permuted),PERMUTE,0.012865,1505.106979,8192,5698600,128x1x16x1,0x0x0,128x1x16x1
cache_k_l22 (view),VIEW,0.000469,1505.111771,524288,5698600,128x8x256x1,0x0x0,128x8x256x1
cache_k_l22 (view) (permuted),PERMUTE,0.013593,1505.129114,524288,5698600,128x256x8x1,0x0x0,128x256x8x1
cache_v_l22 (view),VIEW,0.000313,1505.133646,524288,5698600,128x8x256x1,0x0x0,128x8x256x1
cache_v_l22 (view) (permuted),PERMUTE,0.009636,1505.146979,524288,5698600,128x256x8x1,0x0x0,128x256x8x1
node_795,FLASH_ATTN_EXT,0.009323,1505.160677,8192,5698600,128x16x1x1,0x0x0,128x16x1x1
kqv_out-22,RESHAPE,0.000313,1505.165052,8192,5698600,2048x1x1x1,0x0x0,2048x1x1x1
node_797,MUL_MAT,0.121458,1505.290260,8192,5698600,2048x1x1x1,0x0x0,2048x1x1x1
ffn_inp-22,ADD,0.001615,1505.296302,8192,5698600,2048x1x1x1,0x0x0,2048x1x1x1
norm-22,RMS_NORM,0.003281,1505.306614,8192,5698600,2048x1x1x1,0x0x0,2048x1x1x1
ffn_norm-22,MUL,0.001510,1505.312083,8192,5698600,2048x1x1x1,0x0x0,2048x1x1x1
ffn_gate-22,MUL_MAT,0.171562,1505.487291,24576,5698600,6144x1x1x1,0x0x0,6144x1x1x1
ffn_up-22,MUL_MAT,0.172187,1505.663958,24576,5698600,6144x1x1x1,0x0x0,6144x1x1x1
ffn_swiglu-22,GLU,0.004218,1505.672343,24576,5698600,6144x1x1x1,0x0x0,6144x1x1x1
ffn_out-22,MUL_MAT,0.170833,1505.847239,8192,5698600,2048x1x1x1,0x0x0,2048x1x1x1
l_out-22,ADD,0.001355,1505.853021,8192,5698600,2048x1x1x1,0x0x0,2048x1x1x1
norm-23,RMS_NORM,0.003438,1505.860104,8192,5698600,2048x1x1x1,0x0x0,2048x1x1x1
attn_norm-23,MUL,0.001718,1505.865416,8192,5698600,2048x1x1x1,0x0x0,2048x1x1x1
Qcur-23,MUL_MAT,0.057292,1505.926354,8192,5698600,2048x1x1x1,0x0x0,2048x1x1x1
Qcur-23,RESHAPE,0.000312,1505.930937,8192,5698600,128x16x1x1,0x0x0,128x16x1x1
norm-23,RMS_NORM,0.058333,1505.992968,8192,5698600,128x16x1x1,0x0x0,128x16x1x1
Qcur_normed-23,MUL,0.001719,1505.998958,8192,5698600,128x16x1x1,0x0x0,128x16x1x1
Qcur-23,ROPE,0.002083,1506.004635,8192,5698600,128x16x1x1,0x0x0,128x16x1x1
Vcur-23,MUL_MAT,0.034323,1506.042656,4096,5698600,1024x1x1x1,0x0x0,1024x1x1x1
Vcur-23,RESHAPE,0.000312,1506.047187,4096,5698600,128x8x1x1,0x0x0,128x8x1x1
Kcur-23,MUL_MAT,0.092604,1506.143489,4096,5698600,1024x1x1x1,0x0x0,1024x1x1x1
Kcur-23,RESHAPE,0.000468,1506.148593,4096,5698600,128x8x1x1,0x0x0,128x8x1x1
norm-23,RMS_NORM,0.057813,1506.210104,4096,5698600,128x8x1x1,0x0x0,128x8x1x1
Kcur_normed-23,MUL,0.001406,1506.215989,4096,5698600,128x8x1x1,0x0x0,128x8x1x1
Kcur-23,ROPE,0.001771,1506.221354,4096,5698600,128x8x1x1,0x0x0,128x8x1x1
Kcur-23 (view),VIEW,0.000468,1506.225416,4096,5698600,1024x1x1x1,0x0x0,1024x1x1x1
cache_k_l23 (view),SET_ROWS,0.024531,1506.253541,83886080,5698600,1024x40960x1x1,0x0x0,1024x40960x1x1
Vcur-23 (view),VIEW,0.000313,1506.258281,4096,5698600,1024x1x1x1,0x0x0,1024x1x1x1
cache_v_l23 (view),SET_ROWS,0.012552,1506.274583,83886080,5698600,1024x40960x1x1,0x0x0,1024x40960x1x1
Qcur-23 (view),VIEW,0.005312,1506.284114,8192,5698600,128x16x1x1,0x0x0,128x16x1x1
Qcur-23 (view) (permuted),PERMUTE,0.015781,1506.303958,8192,5698600,128x1x16x1,0x0x0,128x1x16x1
cache_k_l23 (view),VIEW,0.000625,1506.308958,524288,5698600,128x8x256x1,0x0x0,128x8x256x1
cache_k_l23 (view) (permuted),PERMUTE,0.017136,1506.329948,524288,5698600,128x256x8x1,0x0x0,128x256x8x1
cache_v_l23 (view),VIEW,0.000261,1506.334479,524288,5698600,128x8x256x1,0x0x0,128x8x256x1
cache_v_l23 (view) (permuted),PERMUTE,0.000573,1506.338906,524288,5698600,128x256x8x1,0x0x0,128x256x8x1
node_830,FLASH_ATTN_EXT,0.011823,1506.354531,8192,5698600,128x16x1x1,0x0x0,128x16x1x1
kqv_out-23,RESHAPE,0.000312,1506.359010,8192,5698600,2048x1x1x1,0x0x0,2048x1x1x1
node_832,MUL_MAT,0.118542,1506.481250,8192,5698600,2048x1x1x1,0x0x0,2048x1x1x1
ffn_inp-23,ADD,0.001458,1506.487135,8192,5698600,2048x1x1x1,0x0x0,2048x1x1x1
norm-23,RMS_NORM,0.003229,1506.494062,8192,5698600,2048x1x1x1,0x0x0,2048x1x1x1
ffn_norm-23,MUL,0.001406,1506.499114,8192,5698600,2048x1x1x1,0x0x0,2048x1x1x1
ffn_gate-23,MUL_MAT,0.171719,1506.674375,24576,5698600,6144x1x1x1,0x0x0,6144x1x1x1
ffn_up-23,MUL_MAT,0.171823,1506.850625,24576,5698600,6144x1x1x1,0x0x0,6144x1x1x1
ffn_swiglu-23,GLU,0.004427,1506.859531,24576,5698600,6144x1x1x1,0x0x0,6144x1x1x1
ffn_out-23,MUL_MAT,0.167969,1507.031510,8192,5698600,2048x1x1x1,0x0x0,2048x1x1x1
l_out-23,ADD,0.001302,1507.037239,8192,5698600,2048x1x1x1,0x0x0,2048x1x1x1
norm-24,RMS_NORM,0.003334,1507.044271,8192,5698600,2048x1x1x1,0x0x0,2048x1x1x1
attn_norm-24,MUL,0.001459,1507.049375,8192,5698600,2048x1x1x1,0x0x0,2048x1x1x1
Qcur-24,MUL_MAT,0.056250,1507.109166,8192,5698600,2048x1x1x1,0x0x0,2048x1x1x1
Qcur-24,RESHAPE,0.000365,1507.113802,8192,5698600,128x16x1x1,0x0x0,128x16x1x1
norm-24,RMS_NORM,0.064688,1507.182448,8192,5698600,128x16x1x1,0x0x0,128x16x1x1
Qcur_normed-24,MUL,0.002031,1507.188854,8192,5698600,128x16x1x1,0x0x0,128x16x1x1
Qcur-24,ROPE,0.002135,1507.194583,8192,5698600,128x16x1x1,0x0x0,128x16x1x1
Vcur-24,MUL_MAT,0.034010,1507.232239,4096,5698600,1024x1x1x1,0x0x0,1024x1x1x1
Vcur-24,RESHAPE,0.000313,1507.239948,4096,5698600,128x8x1x1,0x0x0,128x8x1x1
Kcur-24,MUL_MAT,0.088906,1507.332760,4096,5698600,1024x1x1x1,0x0x0,1024x1x1x1
Kcur-24,RESHAPE,0.000417,1507.337760,4096,5698600,128x8x1x1,0x0x0,128x8x1x1
norm-24,RMS_NORM,0.056719,1507.398177,4096,5698600,128x8x1x1,0x0x0,128x8x1x1
Kcur_normed-24,MUL,0.001354,1507.403958,4096,5698600,128x8x1x1,0x0x0,128x8x1x1
Kcur-24,ROPE,0.001823,1507.409375,4096,5698600,128x8x1x1,0x0x0,128x8x1x1
Kcur-24 (view),VIEW,0.000261,1507.413229,4096,5698600,1024x1x1x1,0x0x0,1024x1x1x1
cache_k_l24 (view),SET_ROWS,0.025000,1507.441979,83886080,5698600,1024x40960x1x1,0x0x0,1024x40960x1x1
Vcur-24 (view),VIEW,0.000313,1507.446875,4096,5698600,1024x1x1x1,0x0x0,1024x1x1x1
cache_v_l24 (view),SET_ROWS,0.013125,1507.463646,83886080,5698600,1024x40960x1x1,0x0x0,1024x40960x1x1
Qcur-24 (view),VIEW,0.000521,1507.468333,8192,5698600,128x16x1x1,0x0x0,128x16x1x1
Qcur-24 (view) (permuted),PERMUTE,0.016146,1507.488229,8192,5698600,128x1x16x1,0x0x0,128x1x16x1
cache_k_l24 (view),VIEW,0.000312,1507.492916,524288,5698600,128x8x256x1,0x0x0,128x8x256x1
cache_k_l24 (view) (permuted),PERMUTE,0.010365,1507.507083,524288,5698600,128x256x8x1,0x0x0,128x256x8x1
cache_v_l24 (view),VIEW,0.000312,1507.511614,524288,5698600,128x8x256x1,0x0x0,128x8x256x1
cache_v_l24 (view) (permuted),PERMUTE,0.009688,1507.525104,524288,5698600,128x256x8x1,0x0x0,128x256x8x1
node_865,FLASH_ATTN_EXT,0.040052,1507.569375,8192,5698600,128x16x1x1,0x0x0,128x16x1x1
kqv_out-24,RESHAPE,0.000261,1507.573802,8192,5698600,2048x1x1x1,0x0x0,2048x1x1x1
node_867,MUL_MAT,0.121042,1507.698646,8192,5698600,2048x1x1x1,0x0x0,2048x1x1x1
ffn_inp-24,ADD,0.001614,1507.704687,8192,5698600,2048x1x1x1,0x0x0,2048x1x1x1
norm-24,RMS_NORM,0.003229,1507.711614,8192,5698600,2048x1x1x1,0x0x0,2048x1x1x1
ffn_norm-24,MUL,0.001406,1507.716666,8192,5698600,2048x1x1x1,0x0x0,2048x1x1x1
ffn_gate-24,MUL_MAT,0.171250,1507.891458,24576,5698600,6144x1x1x1,0x0x0,6144x1x1x1
ffn_up-24,MUL_MAT,0.171979,1508.067864,24576,5698600,6144x1x1x1,0x0x0,6144x1x1x1
ffn_swiglu-24,GLU,0.004270,1508.076666,24576,5698600,6144x1x1x1,0x0x0,6144x1x1x1
ffn_out-24,MUL_MAT,0.171927,1508.252552,8192,5698600,2048x1x1x1,0x0x0,2048x1x1x1
l_out-24,ADD,0.001458,1508.258333,8192,5698600,2048x1x1x1,0x0x0,2048x1x1x1
norm-25,RMS_NORM,0.003385,1508.265364,8192,5698600,2048x1x1x1,0x0x0,2048x1x1x1
attn_norm-25,MUL,0.001615,1508.270625,8192,5698600,2048x1x1x1,0x0x0,2048x1x1x1
Qcur-25,MUL_MAT,0.065000,1508.339271,8192,5698600,2048x1x1x1,0x0x0,2048x1x1x1
Qcur-25,RESHAPE,0.000313,1508.343906,8192,5698600,128x16x1x1,0x0x0,128x16x1x1
norm-25,RMS_NORM,0.058750,1508.406510,8192,5698600,128x16x1x1,0x0x0,128x16x1x1
Qcur_normed-25,MUL,0.001615,1508.412500,8192,5698600,128x16x1x1,0x0x0,128x16x1x1
Qcur-25,ROPE,0.002031,1508.418333,8192,5698600,128x16x1x1,0x0x0,128x16x1x1
Vcur-25,MUL_MAT,0.034167,1508.456146,4096,5698600,1024x1x1x1,0x0x0,1024x1x1x1
Vcur-25,RESHAPE,0.000416,1508.460989,4096,5698600,128x8x1x1,0x0x0,128x8x1x1
Kcur-25,MUL_MAT,0.070521,1508.535312,4096,5698600,1024x1x1x1,0x0x0,1024x1x1x1
Kcur-25,RESHAPE,0.000417,1508.540260,4096,5698600,128x8x1x1,0x0x0,128x8x1x1
norm-25,RMS_NORM,0.046771,1508.590833,4096,5698600,128x8x1x1,0x0x0,128x8x1x1
Kcur_normed-25,MUL,0.001563,1508.597031,4096,5698600,128x8x1x1,0x0x0,128x8x1x1
Kcur-25,ROPE,0.001875,1508.602656,4096,5698600,128x8x1x1,0x0x0,128x8x1x1
Kcur-25 (view),VIEW,0.000312,1508.606562,4096,5698600,1024x1x1x1,0x0x0,1024x1x1x1
cache_k_l25 (view),SET_ROWS,0.025000,1508.635312,83886080,5698600,1024x40960x1x1,0x0x0,1024x40960x1x1
Vcur-25 (view),VIEW,0.000313,1508.640052,4096,5698600,1024x1x1x1,0x0x0,1024x1x1x1
cache_v_l25 (view),SET_ROWS,0.013958,1508.657656,83886080,5698600,1024x40960x1x1,0x0x0,1024x40960x1x1
Qcur-25 (view),VIEW,0.000625,1508.662604,8192,5698600,128x16x1x1,0x0x0,128x16x1x1
Qcur-25 (view) (permuted),PERMUTE,0.011510,1508.677760,8192,5698600,128x1x16x1,0x0x0,128x1x16x1
cache_k_l25 (view),VIEW,0.000261,1508.682448,524288,5698600,128x8x256x1,0x0x0,128x8x256x1
cache_k_l25 (view) (permuted),PERMUTE,0.000573,1508.686823,524288,5698600,128x256x8x1,0x0x0,128x256x8x1
cache_v_l25 (view),VIEW,0.008386,1508.701771,524288,5698600,128x8x256x1,0x0x0,128x8x256x1
cache_v_l25 (view) (permuted),PERMUTE,0.001510,1508.707708,524288,5698600,128x256x8x1,0x0x0,128x256x8x1
node_900,FLASH_ATTN_EXT,0.041511,1508.753177,8192,5698600,128x16x1x1,0x0x0,128x16x1x1
kqv_out-25,RESHAPE,0.000260,1508.757916,8192,5698600,2048x1x1x1,0x0x0,2048x1x1x1
node_902,MUL_MAT,0.118750,1508.880468,8192,5698600,2048x1x1x1,0x0x0,2048x1x1x1
ffn_inp-25,ADD,0.001458,1508.886458,8192,5698600,2048x1x1x1,0x0x0,2048x1x1x1
norm-25,RMS_NORM,0.003229,1508.893437,8192,5698600,2048x1x1x1,0x0x0,2048x1x1x1
ffn_norm-25,MUL,0.001406,1508.898541,8192,5698600,2048x1x1x1,0x0x0,2048x1x1x1
ffn_gate-25,MUL_MAT,0.172136,1509.074323,24576,5698600,6144x1x1x1,0x0x0,6144x1x1x1
ffn_up-25,MUL_MAT,0.172135,1509.250937,24576,5698600,6144x1x1x1,0x0x0,6144x1x1x1
ffn_swiglu-25,GLU,0.004271,1509.259739,24576,5698600,6144x1x1x1,0x0x0,6144x1x1x1
ffn_out-25,MUL_MAT,0.169791,1509.433489,8192,5698600,2048x1x1x1,0x0x0,2048x1x1x1
l_out-25,ADD,0.001354,1509.439062,8192,5698600,2048x1x1x1,0x0x0,2048x1x1x1
norm-26,RMS_NORM,0.003386,1509.446146,8192,5698600,2048x1x1x1,0x0x0,2048x1x1x1
attn_norm-26,MUL,0.001459,1509.451198,8192,5698600,2048x1x1x1,0x0x0,2048x1x1x1
Qcur-26,MUL_MAT,0.055365,1509.510208,8192,5698600,2048x1x1x1,0x0x0,2048x1x1x1
Qcur-26,RESHAPE,0.000313,1509.514948,8192,5698600,128x16x1x1,0x0x0,128x16x1x1
norm-26,RMS_NORM,0.059010,1509.577812,8192,5698600,128x16x1x1,0x0x0,128x16x1x1
Qcur_normed-26,MUL,0.001615,1509.583906,8192,5698600,128x16x1x1,0x0x0,128x16x1x1
Qcur-26,ROPE,0.002291,1509.589843,8192,5698600,128x16x1x1,0x0x0,128x16x1x1
Vcur-26,MUL_MAT,0.034636,1509.628177,4096,5698600,1024x1x1x1,0x0x0,1024x1x1x1
Vcur-26,RESHAPE,0.000469,1509.632760,4096,5698600,128x8x1x1,0x0x0,128x8x1x1
Kcur-26,MUL_MAT,0.090781,1509.727239,4096,5698600,1024x1x1x1,0x0x0,1024x1x1x1
Kcur-26,RESHAPE,0.000416,1509.732187,4096,5698600,128x8x1x1,0x0x0,128x8x1x1
norm-26,RMS_NORM,0.058959,1509.795000,4096,5698600,128x8x1x1,0x0x0,128x8x1x1
Kcur_normed-26,MUL,0.015364,1509.814687,4096,5698600,128x8x1x1,0x0x0,128x8x1x1
Kcur-26,ROPE,0.002083,1509.820364,4096,5698600,128x8x1x1,0x0x0,128x8x1x1
Kcur-26 (view),VIEW,0.000313,1509.824271,4096,5698600,1024x1x1x1,0x0x0,1024x1x1x1
cache_k_l26 (view),SET_ROWS,0.020625,1509.848541,83886080,5698600,1024x40960x1x1,0x0x0,1024x40960x1x1
Vcur-26 (view),VIEW,0.000313,1509.853125,4096,5698600,1024x1x1x1,0x0x0,1024x1x1x1
cache_v_l26 (view),SET_ROWS,0.013385,1509.870312,83886080,5698600,1024x40960x1x1,0x0x0,1024x40960x1x1
Qcur-26 (view),VIEW,0.000312,1509.874791,8192,5698600,128x16x1x1,0x0x0,128x16x1x1
Qcur-26 (view) (permuted),PERMUTE,0.014688,1509.893281,8192,5698600,128x1x16x1,0x0x0,128x1x16x1
cache_k_l26 (view),VIEW,0.000885,1509.898385,524288,5698600,128x8x256x1,0x0x0,128x8x256x1
cache_k_l26 (view) (permuted),PERMUTE,0.012448,1509.914531,524288,5698600,128x256x8x1,0x0x0,128x256x8x1
cache_v_l26 (view),VIEW,0.000312,1509.919114,524288,5698600,128x8x256x1,0x0x0,128x8x256x1
cache_v_l26 (view) (permuted),PERMUTE,0.004271,1509.927187,524288,5698600,128x256x8x1,0x0x0,128x256x8x1
node_935,FLASH_ATTN_EXT,0.016302,1509.947916,8192,5698600,128x16x1x1,0x0x0,128x16x1x1
kqv_out-26,RESHAPE,0.000313,1509.952448,8192,5698600,2048x1x1x1,0x0x0,2048x1x1x1
node_937,MUL_MAT,0.120053,1510.076146,8192,5698600,2048x1x1x1,0x0x0,2048x1x1x1
ffn_inp-26,ADD,0.001354,1510.081979,8192,5698600,2048x1x1x1,0x0x0,2048x1x1x1
norm-26,RMS_NORM,0.003177,1510.089010,8192,5698600,2048x1x1x1,0x0x0,2048x1x1x1
ffn_norm-26,MUL,0.001667,1510.094427,8192,5698600,2048x1x1x1,0x0x0,2048x1x1x1
ffn_gate-26,MUL_MAT,0.171979,1510.270000,24576,5698600,6144x1x1x1,0x0x0,6144x1x1x1
ffn_up-26,MUL_MAT,0.172812,1510.447187,24576,5698600,6144x1x1x1,0x0x0,6144x1x1x1
ffn_swiglu-26,GLU,0.004375,1510.456146,24576,5698600,6144x1x1x1,0x0x0,6144x1x1x1
ffn_out-26,MUL_MAT,0.167500,1510.627708,8192,5698600,2048x1x1x1,0x0x0,2048x1x1x1
l_out-26,ADD,0.001354,1510.633541,8192,5698600,2048x1x1x1,0x0x0,2048x1x1x1
norm-27,RMS_NORM,0.003438,1510.640729,8192,5698600,2048x1x1x1,0x0x0,2048x1x1x1
attn_norm-27,MUL,0.001562,1510.645885,8192,5698600,2048x1x1x1,0x0x0,2048x1x1x1
Qcur-27,MUL_MAT,0.056614,1510.709166,8192,5698600,2048x1x1x1,0x0x0,2048x1x1x1
Qcur-27,RESHAPE,0.000469,1510.713906,8192,5698600,128x16x1x1,0x0x0,128x16x1x1
norm-27,RMS_NORM,0.058594,1510.776354,8192,5698600,128x16x1x1,0x0x0,128x16x1x1
Qcur_normed-27,MUL,0.001979,1510.782708,8192,5698600,128x16x1x1,0x0x0,128x16x1x1
Qcur-27,ROPE,0.002083,1510.788385,8192,5698600,128x16x1x1,0x0x0,128x16x1x1
Vcur-27,MUL_MAT,0.033906,1510.825885,4096,5698600,1024x1x1x1,0x0x0,1024x1x1x1
Vcur-27,RESHAPE,0.000469,1510.830573,4096,5698600,128x8x1x1,0x0x0,128x8x1x1
Kcur-27,MUL_MAT,0.091511,1510.925729,4096,5698600,1024x1x1x1,0x0x0,1024x1x1x1
Kcur-27,RESHAPE,0.000417,1510.930573,4096,5698600,128x8x1x1,0x0x0,128x8x1x1
norm-27,RMS_NORM,0.057656,1510.991979,4096,5698600,128x8x1x1,0x0x0,128x8x1x1
Kcur_normed-27,MUL,0.001406,1510.997708,4096,5698600,128x8x1x1,0x0x0,128x8x1x1
Kcur-27,ROPE,0.001875,1511.003281,4096,5698600,128x8x1x1,0x0x0,128x8x1x1
Kcur-27 (view),VIEW,0.000312,1511.007083,4096,5698600,1024x1x1x1,0x0x0,1024x1x1x1
cache_k_l27 (view),SET_ROWS,0.024375,1511.035156,83886080,5698600,1024x40960x1x1,0x0x0,1024x40960x1x1
Vcur-27 (view),VIEW,0.000313,1511.039896,4096,5698600,1024x1x1x1,0x0x0,1024x1x1x1
cache_v_l27 (view),SET_ROWS,0.020885,1511.064583,83886080,5698600,1024x40960x1x1,0x0x0,1024x40960x1x1
Qcur-27 (view),VIEW,0.000469,1511.069323,8192,5698600,128x16x1x1,0x0x0,128x16x1x1
Qcur-27 (view) (permuted),PERMUTE,0.012084,1511.084948,8192,5698600,128x1x16x1,0x0x0,128x1x16x1
cache_k_l27 (view),VIEW,0.000312,1511.089687,524288,5698600,128x8x256x1,0x0x0,128x8x256x1
cache_k_l27 (view) (permuted),PERMUTE,0.013542,1511.106979,524288,5698600,128x256x8x1,0x0x0,128x256x8x1
cache_v_l27 (view),VIEW,0.000261,1511.111354,524288,5698600,128x8x256x1,0x0x0,128x8x256x1
cache_v_l27 (view) (permuted),PERMUTE,0.000573,1511.115781,524288,5698600,128x256x8x1,0x0x0,128x256x8x1
node_970,FLASH_ATTN_EXT,0.047656,1511.167083,8192,5698600,128x16x1x1,0x0x0,128x16x1x1
kqv_out-27,RESHAPE,0.000313,1511.171823,8192,5698600,2048x1x1x1,0x0x0,2048x1x1x1
node_972,MUL_MAT,0.119635,1511.295156,8192,5698600,2048x1x1x1,0x0x0,2048x1x1x1
node_973,GET_ROWS,0.001198,1511.300729,8192,5698600,2048x1x1x1,0x0x0,2048x1x1x1
node_974,GET_ROWS,0.025000,1511.329531,8192,5698600,2048x1x1x1,0x0x0,2048x1x1x1
ffn_inp-27,ADD,0.028230,1511.362396,8192,5698600,2048x1x1x1,0x0x0,2048x1x1x1
norm-27,RMS_NORM,0.003229,1511.369479,8192,5698600,2048x1x1x1,0x0x0,2048x1x1x1
ffn_norm-27,MUL,0.001406,1511.374531,8192,5698600,2048x1x1x1,0x0x0,2048x1x1x1
ffn_gate-27,MUL_MAT,0.161979,1511.540104,24576,5698600,6144x1x1x1,0x0x0,6144x1x1x1
ffn_up-27,MUL_MAT,0.171302,1511.715625,24576,5698600,6144x1x1x1,0x0x0,6144x1x1x1
ffn_swiglu-27,GLU,0.004271,1511.724427,24576,5698600,6144x1x1x1,0x0x0,6144x1x1x1
ffn_out-27,MUL_MAT,0.182709,1511.911146,8192,5698600,2048x1x1x1,0x0x0,2048x1x1x1
l_out-27,ADD,0.001458,1511.917135,8192,5698600,2048x1x1x1,0x0x0,2048x1x1x1
norm,RMS_NORM,0.003125,1511.923958,8192,5698600,2048x1x1x1,0x0x0,2048x1x1x1
result_norm,MUL,0.001614,1511.929114,8192,5698600,2048x1x1x1,0x0x0,2048x1x1x1
result_output,MUL_MAT,5.103125,1517.035833,607744,5698600,151936x1x1x1,0x0x0,151936x1x1x1
embd,GET_ROWS,0.002396,1517.338750,8192,5698600,2048x1x1x1,0x0x0,2048x1x1x1
norm-0,RMS_NORM,0.280833,1517.625416,8192,5698600,2048x1x1x1,0x0x0,2048x1x1x1
attn_norm-0,MUL,0.001667,1517.631875,8192,5698600,2048x1x1x1,0x0x0,2048x1x1x1
Qcur-0,MUL_MAT,0.055781,1517.691458,8192,5698600,2048x1x1x1,0x0x0,2048x1x1x1
Qcur-0,RESHAPE,0.000260,1517.696093,8192,5698600,128x16x1x1,0x0x0,128x16x1x1
norm-0,RMS_NORM,0.087500,1517.787552,8192,5698600,128x16x1x1,0x0x0,128x16x1x1
Qcur_normed-0,MUL,0.001718,1517.794114,8192,5698600,128x16x1x1,0x0x0,128x16x1x1
Qcur-0,ROPE,0.002396,1517.800260,8192,5698600,128x16x1x1,0x0x0,128x16x1x1
Vcur-0,MUL_MAT,0.034271,1517.838125,4096,5698600,1024x1x1x1,0x0x0,1024x1x1x1
Vcur-0,RESHAPE,0.000260,1517.842760,4096,5698600,128x8x1x1,0x0x0,128x8x1x1
Kcur-0,MUL_MAT,0.099948,1517.946458,4096,5698600,1024x1x1x1,0x0x0,1024x1x1x1
Kcur-0,RESHAPE,0.000417,1517.951406,4096,5698600,128x8x1x1,0x0x0,128x8x1x1
norm-0,RMS_NORM,0.043385,1518.007083,4096,5698600,128x8x1x1,0x0x0,128x8x1x1
Kcur_normed-0,MUL,0.001458,1518.012916,4096,5698600,128x8x1x1,0x0x0,128x8x1x1
Kcur-0,ROPE,0.001823,1518.018437,4096,5698600,128x8x1x1,0x0x0,128x8x1x1
Kcur-0 (view),VIEW,0.000312,1518.022343,4096,5698600,1024x1x1x1,0x0x0,1024x1x1x1
cache_k_l0 (view),SET_ROWS,0.024583,1518.050729,83886080,5698600,1024x40960x1x1,0x0x0,1024x40960x1x1
Vcur-0 (view),VIEW,0.000313,1518.055573,4096,5698600,1024x1x1x1,0x0x0,1024x1x1x1
cache_v_l0 (view),SET_ROWS,0.012240,1518.071354,83886080,5698600,1024x40960x1x1,0x0x0,1024x40960x1x1
Qcur-0 (view),VIEW,0.000521,1518.076198,8192,5698600,128x16x1x1,0x0x0,128x16x1x1
Qcur-0 (view) (permuted),PERMUTE,0.019218,1518.099166,8192,5698600,128x1x16x1,0x0x0,128x1x16x1
cache_k_l0 (view),VIEW,0.004740,1518.108229,524288,5698600,128x8x256x1,0x0x0,128x8x256x1
cache_k_l0 (view) (permuted),PERMUTE,0.013646,1518.125781,524288,5698600,128x256x8x1,0x0x0,128x256x8x1
cache_v_l0 (view),VIEW,0.000833,1518.130781,524288,5698600,128x8x256x1,0x0x0,128x8x256x1
cache_v_l0 (view) (permuted),PERMUTE,0.015521,1518.150000,524288,5698600,128x256x8x1,0x0x0,128x256x8x1
node_25,FLASH_ATTN_EXT,0.017448,1518.171823,8192,5698600,128x16x1x1,0x0x0,128x16x1x1
kqv_out-0,RESHAPE,0.000365,1518.176302,8192,5698600,2048x1x1x1,0x0x0,2048x1x1x1
node_27,MUL_MAT,0.120521,1518.300521,8192,5698600,2048x1x1x1,0x0x0,2048x1x1x1
ffn_inp-0,ADD,0.001458,1518.306406,8192,5698600,2048x1x1x1,0x0x0,2048x1x1x1
norm-0,RMS_NORM,0.003229,1518.313333,8192,5698600,2048x1x1x1,0x0x0,2048x1x1x1
ffn_norm-0,MUL,0.001562,1518.318541,8192,5698600,2048x1x1x1,0x0x0,2048x1x1x1
ffn_gate-0,MUL_MAT,0.171302,1518.493489,24576,5698600,6144x1x1x1,0x0x0,6144x1x1x1
ffn_up-0,MUL_MAT,0.172448,1518.670312,24576,5698600,6144x1x1x1,0x0x0,6144x1x1x1
ffn_swiglu-0,GLU,0.004375,1518.679114,24576,5698600,6144x1x1x1,0x0x0,6144x1x1x1
ffn_out-0,MUL_MAT,0.208021,1518.891146,8192,5698600,2048x1x1x1,0x0x0,2048x1x1x1
l_out-0,ADD,0.001406,1518.896927,8192,5698600,2048x1x1x1,0x0x0,2048x1x1x1
norm-1,RMS_NORM,0.003333,1518.904010,8192,5698600,2048x1x1x1,0x0x0,2048x1x1x1
attn_norm-1,MUL,0.001458,1518.909166,8192,5698600,2048x1x1x1,0x0x0,2048x1x1x1
Qcur-1,MUL_MAT,0.056354,1518.969166,8192,5698600,2048x1x1x1,0x0x0,2048x1x1x1
Qcur-1,RESHAPE,0.000313,1518.973698,8192,5698600,128x16x1x1,0x0x0,128x16x1x1
norm-1,RMS_NORM,0.059063,1519.036771,8192,5698600,128x16x1x1,0x0x0,128x16x1x1
Qcur_normed-1,MUL,0.001614,1519.042760,8192,5698600,128x16x1x1,0x0x0,128x16x1x1
Qcur-1,ROPE,0.002135,1519.048593,8192,5698600,128x16x1x1,0x0x0,128x16x1x1
Vcur-1,MUL_MAT,0.034479,1519.086614,4096,5698600,1024x1x1x1,0x0x0,1024x1x1x1
Vcur-1,RESHAPE,0.000260,1519.091041,4096,5698600,128x8x1x1,0x0x0,128x8x1x1
Kcur-1,MUL_MAT,0.091875,1519.186771,4096,5698600,1024x1x1x1,0x0x0,1024x1x1x1
Kcur-1,RESHAPE,0.000468,1519.191718,4096,5698600,128x8x1x1,0x0x0,128x8x1x1
norm-1,RMS_NORM,0.078073,1519.273541,4096,5698600,128x8x1x1,0x0x0,128x8x1x1
Kcur_normed-1,MUL,0.001459,1519.279375,4096,5698600,128x8x1x1,0x0x0,128x8x1x1
Kcur-1,ROPE,0.001927,1519.284948,4096,5698600,128x8x1x1,0x0x0,128x8x1x1
Kcur-1 (view),VIEW,0.000313,1519.288802,4096,5698600,1024x1x1x1,0x0x0,1024x1x1x1
cache_k_l1 (view),SET_ROWS,0.024270,1519.316666,83886080,5698600,1024x40960x1x1,0x0x0,1024x40960x1x1
Vcur-1 (view),VIEW,0.000261,1519.321302,4096,5698600,1024x1x1x1,0x0x0,1024x1x1x1
cache_v_l1 (view),SET_ROWS,0.012188,1519.337031,83886080,5698600,1024x40960x1x1,0x0x0,1024x40960x1x1
Qcur-1 (view),VIEW,0.000417,1519.341875,8192,5698600,128x16x1x1,0x0x0,128x16x1x1
Qcur-1 (view) (permuted),PERMUTE,0.015677,1519.361250,8192,5698600,128x1x16x1,0x0x0,128x1x16x1
cache_k_l1 (view),VIEW,0.000520,1519.366041,524288,5698600,128x8x256x1,0x0x0,128x8x256x1
cache_k_l1 (view) (permuted),PERMUTE,0.013750,1519.383646,524288,5698600,128x256x8x1,0x0x0,128x256x8x1
cache_v_l1 (view),VIEW,0.000261,1519.388177,524288,5698600,128x8x256x1,0x0x0,128x8x256x1
cache_v_l1 (view) (permuted),PERMUTE,0.011406,1519.403333,524288,5698600,128x256x8x1,0x0x0,128x256x8x1
node_60,FLASH_ATTN_EXT,0.038385,1519.445937,8192,5698600,128x16x1x1,0x0x0,128x16x1x1
kqv_out-1,RESHAPE,0.000312,1519.454114,8192,5698600,2048x1x1x1,0x0x0,2048x1x1x1
node_62,MUL_MAT,0.111406,1519.569479,8192,5698600,2048x1x1x1,0x0x0,2048x1x1x1
ffn_inp-1,ADD,0.001458,1519.575416,8192,5698600,2048x1x1x1,0x0x0,2048x1x1x1
norm-1,RMS_NORM,0.003282,1519.582448,8192,5698600,2048x1x1x1,0x0x0,2048x1x1x1
ffn_norm-1,MUL,0.001511,1519.587604,8192,5698600,2048x1x1x1,0x0x0,2048x1x1x1
ffn_gate-1,MUL_MAT,0.172135,1519.763437,24576,5698600,6144x1x1x1,0x0x0,6144x1x1x1
ffn_up-1,MUL_MAT,0.162239,1519.930260,24576,5698600,6144x1x1x1,0x0x0,6144x1x1x1
ffn_swiglu-1,GLU,0.004375,1519.938958,24576,5698600,6144x1x1x1,0x0x0,6144x1x1x1
ffn_out-1,MUL_MAT,0.182968,1520.125989,8192,5698600,2048x1x1x1,0x0x0,2048x1x1x1
l_out-1,ADD,0.001458,1520.132031,8192,5698600,2048x1x1x1,0x0x0,2048x1x1x1
norm-2,RMS_NORM,0.003333,1520.139062,8192,5698600,2048x1x1x1,0x0x0,2048x1x1x1
attn_norm-2,MUL,0.001406,1520.144166,8192,5698600,2048x1x1x1,0x0x0,2048x1x1x1
Qcur-2,MUL_MAT,0.064271,1520.211979,8192,5698600,2048x1x1x1,0x0x0,2048x1x1x1
Qcur-2,RESHAPE,0.000312,1520.216562,8192,5698600,128x16x1x1,0x0x0,128x16x1x1
norm-2,RMS_NORM,0.058281,1520.278854,8192,5698600,128x16x1x1,0x0x0,128x16x1x1
Qcur_normed-2,MUL,0.001979,1520.285260,8192,5698600,128x16x1x1,0x0x0,128x16x1x1
Qcur-2,ROPE,0.002083,1520.291093,8192,5698600,128x16x1x1,0x0x0,128x16x1x1
Vcur-2,MUL_MAT,0.034323,1520.328958,4096,5698600,1024x1x1x1,0x0x0,1024x1x1x1
Vcur-2,RESHAPE,0.000312,1520.333437,4096,5698600,128x8x1x1,0x0x0,128x8x1x1
Kcur-2,MUL_MAT,0.090833,1520.427968,4096,5698600,1024x1x1x1,0x0x0,1024x1x1x1
Kcur-2,RESHAPE,0.000417,1520.432760,4096,5698600,128x8x1x1,0x0x0,128x8x1x1
norm-2,RMS_NORM,0.056458,1520.492968,4096,5698600,128x8x1x1,0x0x0,128x8x1x1
Kcur_normed-2,MUL,0.025521,1520.522864,4096,5698600,128x8x1x1,0x0x0,128x8x1x1
Kcur-2,ROPE,0.001875,1520.528385,4096,5698600,128x8x1x1,0x0x0,128x8x1x1
Kcur-2 (view),VIEW,0.000260,1520.532239,4096,5698600,1024x1x1x1,0x0x0,1024x1x1x1
cache_k_l2 (view),SET_ROWS,0.044011,1520.579896,83886080,5698600,1024x40960x1x1,0x0x0,1024x40960x1x1
Vcur-2 (view),VIEW,0.000261,1520.584948,4096,5698600,1024x1x1x1,0x0x0,1024x1x1x1
cache_v_l2 (view),SET_ROWS,0.016510,1520.605312,83886080,5698600,1024x40960x1x1,0x0x0,1024x40960x1x1
Qcur-2 (view),VIEW,0.000312,1520.609843,8192,5698600,128x16x1x1,0x0x0,128x16x1x1
Qcur-2 (view) (permuted),PERMUTE,0.021667,1520.635156,8192,5698600,128x1x16x1,0x0x0,128x1x16x1
cache_k_l2 (view),VIEW,0.000312,1520.639687,524288,5698600,128x8x256x1,0x0x0,128x8x256x1
cache_k_l2 (view) (permuted),PERMUTE,0.014323,1520.657812,524288,5698600,128x256x8x1,0x0x0,128x256x8x1
cache_v_l2 (view),VIEW,0.000312,1520.662291,524288,5698600,128x8x256x1,0x0x0,128x8x256x1
cache_v_l2 (view) (permuted),PERMUTE,0.013802,1520.679948,524288,5698600,128x256x8x1,0x0x0,128x256x8x1
node_95,FLASH_ATTN_EXT,0.048178,1520.732396,8192,5698600,128x16x1x1,0x0x0,128x16x1x1
kqv_out-2,RESHAPE,0.000365,1520.736875,8192,5698600,2048x1x1x1,0x0x0,2048x1x1x1
node_97,MUL_MAT,0.119114,1520.859635,8192,5698600,2048x1x1x1,0x0x0,2048x1x1x1
ffn_inp-2,ADD,0.001563,1520.865781,8192,5698600,2048x1x1x1,0x0x0,2048x1x1x1
norm-2,RMS_NORM,0.003229,1520.872760,8192,5698600,2048x1x1x1,0x0x0,2048x1x1x1
ffn_norm-2,MUL,0.001615,1520.878021,8192,5698600,2048x1x1x1,0x0x0,2048x1x1x1
ffn_gate-2,MUL_MAT,0.172448,1521.054166,24576,5698600,6144x1x1x1,0x0x0,6144x1x1x1
ffn_up-2,MUL_MAT,0.163334,1521.221927,24576,5698600,6144x1x1x1,0x0x0,6144x1x1x1
ffn_swiglu-2,GLU,0.004271,1521.230573,24576,5698600,6144x1x1x1,0x0x0,6144x1x1x1
ffn_out-2,MUL_MAT,0.226094,1521.460573,8192,5698600,2048x1x1x1,0x0x0,2048x1x1x1
l_out-2,ADD,0.001458,1521.466458,8192,5698600,2048x1x1x1,0x0x0,2048x1x1x1
norm-3,RMS_NORM,0.003281,1521.473541,8192,5698600,2048x1x1x1,0x0x0,2048x1x1x1
attn_norm-3,MUL,0.001406,1521.478489,8192,5698600,2048x1x1x1,0x0x0,2048x1x1x1
Qcur-3,MUL_MAT,0.065208,1521.547239,8192,5698600,2048x1x1x1,0x0x0,2048x1x1x1
Qcur-3,RESHAPE,0.000365,1521.551979,8192,5698600,128x16x1x1,0x0x0,128x16x1x1
norm-3,RMS_NORM,0.058542,1521.614323,8192,5698600,128x16x1x1,0x0x0,128x16x1x1
Qcur_normed-3,MUL,0.001771,1521.620573,8192,5698600,128x16x1x1,0x0x0,128x16x1x1
Qcur-3,ROPE,0.002083,1521.630312,8192,5698600,128x16x1x1,0x0x0,128x16x1x1
Vcur-3,MUL_MAT,0.033750,1521.668073,4096,5698600,1024x1x1x1,0x0x0,1024x1x1x1
Vcur-3,RESHAPE,0.000468,1521.672864,4096,5698600,128x8x1x1,0x0x0,128x8x1x1
Kcur-3,MUL_MAT,0.090417,1521.766979,4096,5698600,1024x1x1x1,0x0x0,1024x1x1x1
Kcur-3,RESHAPE,0.000469,1521.771927,4096,5698600,128x8x1x1,0x0x0,128x8x1x1
norm-3,RMS_NORM,0.056198,1521.831875,4096,5698600,128x8x1x1,0x0x0,128x8x1x1
Kcur_normed-3,MUL,0.001354,1521.837656,4096,5698600,128x8x1x1,0x0x0,128x8x1x1
Kcur-3,ROPE,0.001979,1521.843177,4096,5698600,128x8x1x1,0x0x0,128x8x1x1
Kcur-3 (view),VIEW,0.000468,1521.847291,4096,5698600,1024x1x1x1,0x0x0,1024x1x1x1
cache_k_l3 (view),SET_ROWS,0.019792,1521.870729,83886080,5698600,1024x40960x1x1,0x0x0,1024x40960x1x1
Vcur-3 (view),VIEW,0.000312,1521.875416,4096,5698600,1024x1x1x1,0x0x0,1024x1x1x1
cache_v_l3 (view),SET_ROWS,0.018334,1521.897500,83886080,5698600,1024x40960x1x1,0x0x0,1024x40960x1x1
Qcur-3 (view),VIEW,0.000677,1521.902552,8192,5698600,128x16x1x1,0x0x0,128x16x1x1
Qcur-3 (view) (permuted),PERMUTE,0.004011,1521.910104,8192,5698600,128x1x16x1,0x0x0,128x1x16x1
cache_k_l3 (view),VIEW,0.009166,1521.923437,524288,5698600,128x8x256x1,0x0x0,128x8x256x1
cache_k_l3 (view) (permuted),PERMUTE,0.000260,1521.927864,524288,5698600,128x256x8x1,0x0x0,128x256x8x1
cache_v_l3 (view),VIEW,0.006407,1521.938125,524288,5698600,128x8x256x1,0x0x0,128x8x256x1
cache_v_l3 (view) (permuted),PERMUTE,0.000313,1521.942500,524288,5698600,128x256x8x1,0x0x0,128x256x8x1
node_130,FLASH_ATTN_EXT,0.037864,1521.984114,8192,5698600,128x16x1x1,0x0x0,128x16x1x1
kqv_out-3,RESHAPE,0.000313,1521.988802,8192,5698600,2048x1x1x1,0x0x0,2048x1x1x1
node_132,MUL_MAT,0.120208,1522.112812,8192,5698600,2048x1x1x1,0x0x0,2048x1x1x1
ffn_inp-3,ADD,0.001459,1522.118750,8192,5698600,2048x1x1x1,0x0x0,2048x1x1x1
norm-3,RMS_NORM,0.003281,1522.125677,8192,5698600,2048x1x1x1,0x0x0,2048x1x1x1
ffn_norm-3,MUL,0.001458,1522.130885,8192,5698600,2048x1x1x1,0x0x0,2048x1x1x1
ffn_gate-3,MUL_MAT,0.171771,1522.306302,24576,5698600,6144x1x1x1,0x0x0,6144x1x1x1
ffn_up-3,MUL_MAT,0.171458,1522.482083,24576,5698600,6144x1x1x1,0x0x0,6144x1x1x1
ffn_swiglu-3,GLU,0.004323,1522.490885,24576,5698600,6144x1x1x1,0x0x0,6144x1x1x1
ffn_out-3,MUL_MAT,0.164167,1522.659010,8192,5698600,2048x1x1x1,0x0x0,2048x1x1x1
l_out-3,ADD,0.001510,1522.664843,8192,5698600,2048x1x1x1,0x0x0,2048x1x1x1
norm-4,RMS_NORM,0.003333,1522.671979,8192,5698600,2048x1x1x1,0x0x0,2048x1x1x1
attn_norm-4,MUL,0.001718,1522.677343,8192,5698600,2048x1x1x1,0x0x0,2048x1x1x1
Qcur-4,MUL_MAT,0.064792,1522.745729,8192,5698600,2048x1x1x1,0x0x0,2048x1x1x1
Qcur-4,RESHAPE,0.000312,1522.750260,8192,5698600,128x16x1x1,0x0x0,128x16x1x1
norm-4,RMS_NORM,0.033958,1522.788333,8192,5698600,128x16x1x1,0x0x0,128x16x1x1
Qcur_normed-4,MUL,0.001875,1522.794635,8192,5698600,128x16x1x1,0x0x0,128x16x1x1
Qcur-4,ROPE,0.002135,1522.800416,8192,5698600,128x16x1x1,0x0x0,128x16x1x1
Vcur-4,MUL_MAT,0.034375,1522.838385,4096,5698600,1024x1x1x1,0x0x0,1024x1x1x1
Vcur-4,RESHAPE,0.000468,1522.842916,4096,5698600,128x8x1x1,0x0x0,128x8x1x1
Kcur-4,MUL_MAT,0.099948,1522.946562,4096,5698600,1024x1x1x1,0x0x0,1024x1x1x1
Kcur-4,RESHAPE,0.000313,1522.951250,4096,5698600,128x8x1x1,0x0x0,128x8x1x1
norm-4,RMS_NORM,0.056979,1523.012031,4096,5698600,128x8x1x1,0x0x0,128x8x1x1
Kcur_normed-4,MUL,0.001458,1523.017708,4096,5698600,128x8x1x1,0x0x0,128x8x1x1
Kcur-4,ROPE,0.001927,1523.023281,4096,5698600,128x8x1x1,0x0x0,128x8x1x1
Kcur-4 (view),VIEW,0.000416,1523.027239,4096,5698600,1024x1x1x1,0x0x0,1024x1x1x1
cache_k_l4 (view),SET_ROWS,0.024323,1523.055312,83886080,5698600,1024x40960x1x1,0x0x0,1024x40960x1x1
Vcur-4 (view),VIEW,0.000313,1523.059948,4096,5698600,1024x1x1x1,0x0x0,1024x1x1x1
cache_v_l4 (view),SET_ROWS,0.012656,1523.076354,83886080,5698600,1024x40960x1x1,0x0x0,1024x40960x1x1
Qcur-4 (view),VIEW,0.000416,1523.081093,8192,5698600,128x16x1x1,0x0x0,128x16x1x1
Qcur-4 (view) (permuted),PERMUTE,0.012760,1523.097708,8192,5698600,128x1x16x1,0x0x0,128x1x16x1
cache_k_l4 (view),VIEW,0.000260,1523.102291,524288,5698600,128x8x256x1,0x0x0,128x8x256x1
cache_k_l4 (view) (permuted),PERMUTE,0.013333,1523.122812,524288,5698600,128x256x8x1,0x0x0,128x256x8x1
cache_v_l4 (view),VIEW,0.000573,1523.127760,524288,5698600,128x8x256x1,0x0x0,128x8x256x1
cache_v_l4 (view) (permuted),PERMUTE,0.014115,1523.145781,524288,5698600,128x256x8x1,0x0x0,128x256x8x1
node_165,FLASH_ATTN_EXT,0.031094,1523.181250,8192,5698600,128x16x1x1,0x0x0,128x16x1x1
kqv_out-4,RESHAPE,0.000313,1523.185729,8192,5698600,2048x1x1x1,0x0x0,2048x1x1x1
node_167,MUL_MAT,0.121250,1523.310729,8192,5698600,2048x1x1x1,0x0x0,2048x1x1x1
ffn_inp-4,ADD,0.001406,1523.316562,8192,5698600,2048x1x1x1,0x0x0,2048x1x1x1
norm-4,RMS_NORM,0.003229,1523.323437,8192,5698600,2048x1x1x1,0x0x0,2048x1x1x1
ffn_norm-4,MUL,0.001406,1523.328541,8192,5698600,2048x1x1x1,0x0x0,2048x1x1x1
ffn_gate-4,MUL_MAT,0.170990,1523.503177,24576,5698600,6144x1x1x1,0x0x0,6144x1x1x1
ffn_up-4,MUL_MAT,0.171354,1523.678958,24576,5698600,6144x1x1x1,0x0x0,6144x1x1x1
ffn_swiglu-4,GLU,0.004375,1523.687916,24576,5698600,6144x1x1x1,0x0x0,6144x1x1x1
ffn_out-4,MUL_MAT,0.159635,1523.851666,8192,5698600,2048x1x1x1,0x0x0,2048x1x1x1
l_out-4,ADD,0.001459,1523.857500,8192,5698600,2048x1x1x1,0x0x0,2048x1x1x1
norm-5,RMS_NORM,0.003594,1523.864896,8192,5698600,2048x1x1x1,0x0x0,2048x1x1x1
attn_norm-5,MUL,0.001615,1523.870156,8192,5698600,2048x1x1x1,0x0x0,2048x1x1x1
Qcur-5,MUL_MAT,0.055417,1523.929271,8192,5698600,2048x1x1x1,0x0x0,2048x1x1x1
Qcur-5,RESHAPE,0.000261,1523.933750,8192,5698600,128x16x1x1,0x0x0,128x16x1x1
norm-5,RMS_NORM,0.057916,1523.995468,8192,5698600,128x16x1x1,0x0x0,128x16x1x1
Qcur_normed-5,MUL,0.001823,1524.001614,8192,5698600,128x16x1x1,0x0x0,128x16x1x1
Qcur-5,ROPE,0.001979,1524.007187,8192,5698600,128x16x1x1,0x0x0,128x16x1x1
Vcur-5,MUL_MAT,0.034323,1524.045104,4096,5698600,1024x1x1x1,0x0x0,1024x1x1x1
Vcur-5,RESHAPE,0.000416,1524.049687,4096,5698600,128x8x1x1,0x0x0,128x8x1x1
Kcur-5,MUL_MAT,0.089636,1524.143073,4096,5698600,1024x1x1x1,0x0x0,1024x1x1x1
Kcur-5,RESHAPE,0.000469,1524.148021,4096,5698600,128x8x1x1,0x0x0,128x8x1x1
norm-5,RMS_NORM,0.058020,1524.209843,4096,5698600,128x8x1x1,0x0x0,128x8x1x1
Kcur_normed-5,MUL,0.001510,1524.215781,4096,5698600,128x8x1x1,0x0x0,128x8x1x1
Kcur-5,ROPE,0.001979,1524.221406,4096,5698600,128x8x1x1,0x0x0,128x8x1x1
Kcur-5 (view),VIEW,0.000312,1524.225312,4096,5698600,1024x1x1x1,0x0x0,1024x1x1x1
cache_k_l5 (view),SET_ROWS,0.024167,1524.253177,83886080,5698600,1024x40960x1x1,0x0x0,1024x40960x1x1
Vcur-5 (view),VIEW,0.000312,1524.257864,4096,5698600,1024x1x1x1,0x0x0,1024x1x1x1
cache_v_l5 (view),SET_ROWS,0.012708,1524.274166,83886080,5698600,1024x40960x1x1,0x0x0,1024x40960x1x1
Qcur-5 (view),VIEW,0.000417,1524.278958,8192,5698600,128x16x1x1,0x0x0,128x16x1x1
Qcur-5 (view) (permuted),PERMUTE,0.012813,1524.295521,8192,5698600,128x1x16x1,0x0x0,128x1x16x1
cache_k_l5 (view),VIEW,0.000261,1524.300000,524288,5698600,128x8x256x1,0x0x0,128x8x256x1
cache_k_l5 (view) (permuted),PERMUTE,0.000521,1524.304375,524288,5698600,128x256x8x1,0x0x0,128x256x8x1
cache_v_l5 (view),VIEW,0.000625,1524.308593,524288,5698600,128x8x256x1,0x0x0,128x8x256x1
cache_v_l5 (view) (permuted),PERMUTE,0.010885,1524.323437,524288,5698600,128x256x8x1,0x0x0,128x256x8x1
node_200,FLASH_ATTN_EXT,0.036667,1524.364323,8192,5698600,128x16x1x1,0x0x0,128x16x1x1
kqv_out-5,RESHAPE,0.000417,1524.368854,8192,5698600,2048x1x1x1,0x0x0,2048x1x1x1
node_202,MUL_MAT,0.111875,1524.484427,8192,5698600,2048x1x1x1,0x0x0,2048x1x1x1
ffn_inp-5,ADD,0.001458,1524.490312,8192,5698600,2048x1x1x1,0x0x0,2048x1x1x1
norm-5,RMS_NORM,0.003229,1524.497343,8192,5698600,2048x1x1x1,0x0x0,2048x1x1x1
ffn_norm-5,MUL,0.001355,1524.502396,8192,5698600,2048x1x1x1,0x0x0,2048x1x1x1
ffn_gate-5,MUL_MAT,0.183907,1524.690000,24576,5698600,6144x1x1x1,0x0x0,6144x1x1x1
ffn_up-5,MUL_MAT,0.171510,1524.866093,24576,5698600,6144x1x1x1,0x0x0,6144x1x1x1
ffn_swiglu-5,GLU,0.004166,1524.874739,24576,5698600,6144x1x1x1,0x0x0,6144x1x1x1
ffn_out-5,MUL_MAT,0.166458,1525.045208,8192,5698600,2048x1x1x1,0x0x0,2048x1x1x1
l_out-5,ADD,0.001407,1525.051146,8192,5698600,2048x1x1x1,0x0x0,2048x1x1x1
norm-6,RMS_NORM,0.003438,1525.061875,8192,5698600,2048x1x1x1,0x0x0,2048x1x1x1
attn_norm-6,MUL,0.001615,1525.067396,8192,5698600,2048x1x1x1,0x0x0,2048x1x1x1
Qcur-6,MUL_MAT,0.065105,1525.136198,8192,5698600,2048x1x1x1,0x0x0,2048x1x1x1
Qcur-6,RESHAPE,0.000364,1525.140989,8192,5698600,128x16x1x1,0x0x0,128x16x1x1
norm-6,RMS_NORM,0.062447,1525.207343,8192,5698600,128x16x1x1,0x0x0,128x16x1x1
Qcur_normed-6,MUL,0.001979,1525.213593,8192,5698600,128x16x1x1,0x0x0,128x16x1x1
Qcur-6,ROPE,0.002084,1525.219375,8192,5698600,128x16x1x1,0x0x0,128x16x1x1
Vcur-6,MUL_MAT,0.034166,1525.257291,4096,5698600,1024x1x1x1,0x0x0,1024x1x1x1
Vcur-6,RESHAPE,0.000312,1525.261718,4096,5698600,128x8x1x1,0x0x0,128x8x1x1
Kcur-6,MUL_MAT,0.091250,1525.356666,4096,5698600,1024x1x1x1,0x0x0,1024x1x1x1
Kcur-6,RESHAPE,0.000417,1525.361510,4096,5698600,128x8x1x1,0x0x0,128x8x1x1
norm-6,RMS_NORM,0.057813,1525.423021,4096,5698600,128x8x1x1,0x0x0,128x8x1x1
Kcur_normed-6,MUL,0.001458,1525.428854,4096,5698600,128x8x1x1,0x0x0,128x8x1x1
Kcur-6,ROPE,0.002031,1525.434479,4096,5698600,128x8x1x1,0x0x0,128x8x1x1
Kcur-6 (view),VIEW,0.000521,1525.438646,4096,5698600,1024x1x1x1,0x0x0,1024x1x1x1
cache_k_l6 (view),SET_ROWS,0.025000,1525.467291,83886080,5698600,1024x40960x1x1,0x0x0,1024x40960x1x1
Vcur-6 (view),VIEW,0.000313,1525.471927,4096,5698600,1024x1x1x1,0x0x0,1024x1x1x1
cache_v_l6 (view),SET_ROWS,0.012812,1525.488593,83886080,5698600,1024x40960x1x1,0x0x0,1024x40960x1x1
Qcur-6 (view),VIEW,0.000417,1525.493281,8192,5698600,128x16x1x1,0x0x0,128x16x1x1
Qcur-6 (view) (permuted),PERMUTE,0.012344,1525.509323,8192,5698600,128x1x16x1,0x0x0,128x1x16x1
cache_k_l6 (view),VIEW,0.000261,1525.513750,524288,5698600,128x8x256x1,0x0x0,128x8x256x1
cache_k_l6 (view) (permuted),PERMUTE,0.007865,1525.525625,524288,5698600,128x256x8x1,0x0x0,128x256x8x1
cache_v_l6 (view),VIEW,0.000416,1525.530312,524288,5698600,128x8x256x1,0x0x0,128x8x256x1
cache_v_l6 (view) (permuted),PERMUTE,0.015364,1525.549635,524288,5698600,128x256x8x1,0x0x0,128x256x8x1
node_235,FLASH_ATTN_EXT,0.037292,1525.591146,8192,5698600,128x16x1x1,0x0x0,128x16x1x1
kqv_out-6,RESHAPE,0.000469,1525.595677,8192,5698600,2048x1x1x1,0x0x0,2048x1x1x1
node_237,MUL_MAT,0.120469,1525.719896,8192,5698600,2048x1x1x1,0x0x0,2048x1x1x1
ffn_inp-6,ADD,0.001458,1525.725885,8192,5698600,2048x1x1x1,0x0x0,2048x1x1x1
norm-6,RMS_NORM,0.003229,1525.732812,8192,5698600,2048x1x1x1,0x0x0,2048x1x1x1
ffn_norm-6,MUL,0.001406,1525.737812,8192,5698600,2048x1x1x1,0x0x0,2048x1x1x1
ffn_gate-6,MUL_MAT,0.171406,1525.912760,24576,5698600,6144x1x1x1,0x0x0,6144x1x1x1
ffn_up-6,MUL_MAT,0.162500,1526.079791,24576,5698600,6144x1x1x1,0x0x0,6144x1x1x1
ffn_swiglu-6,GLU,0.004323,1526.088541,24576,5698600,6144x1x1x1,0x0x0,6144x1x1x1
ffn_out-6,MUL_MAT,0.157760,1526.250312,8192,5698600,2048x1x1x1,0x0x0,2048x1x1x1
l_out-6,ADD,0.001354,1526.256041,8192,5698600,2048x1x1x1,0x0x0,2048x1x1x1
norm-7,RMS_NORM,0.003282,1526.263073,8192,5698600,2048x1x1x1,0x0x0,2048x1x1x1
attn_norm-7,MUL,0.001614,1526.268437,8192,5698600,2048x1x1x1,0x0x0,2048x1x1x1
Qcur-7,MUL_MAT,0.055052,1526.327135,8192,5698600,2048x1x1x1,0x0x0,2048x1x1x1
Qcur-7,RESHAPE,0.000313,1526.331927,8192,5698600,128x16x1x1,0x0x0,128x16x1x1
norm-7,RMS_NORM,0.059584,1526.395521,8192,5698600,128x16x1x1,0x0x0,128x16x1x1
Qcur_normed-7,MUL,0.001823,1526.401666,8192,5698600,128x16x1x1,0x0x0,128x16x1x1
Qcur-7,ROPE,0.039792,1526.445104,8192,5698600,128x16x1x1,0x0x0,128x16x1x1
Vcur-7,MUL_MAT,0.034218,1526.482968,4096,5698600,1024x1x1x1,0x0x0,1024x1x1x1
Vcur-7,RESHAPE,0.000469,1526.487708,4096,5698600,128x8x1x1,0x0x0,128x8x1x1
Kcur-7,MUL_MAT,0.090208,1526.581718,4096,5698600,1024x1x1x1,0x0x0,1024x1x1x1
Kcur-7,RESHAPE,0.000417,1526.586458,4096,5698600,128x8x1x1,0x0x0,128x8x1x1
norm-7,RMS_NORM,0.055625,1526.645885,4096,5698600,128x8x1x1,0x0x0,128x8x1x1
Kcur_normed-7,MUL,0.001458,1526.651458,4096,5698600,128x8x1x1,0x0x0,128x8x1x1
Kcur-7,ROPE,0.001823,1526.656875,4096,5698600,128x8x1x1,0x0x0,128x8x1x1
Kcur-7 (view),VIEW,0.000313,1526.660677,4096,5698600,1024x1x1x1,0x0x0,1024x1x1x1
cache_k_l7 (view),SET_ROWS,0.024479,1526.688802,83886080,5698600,1024x40960x1x1,0x0x0,1024x40960x1x1
Vcur-7 (view),VIEW,0.000417,1526.696771,4096,5698600,1024x1x1x1,0x0x0,1024x1x1x1
cache_v_l7 (view),SET_ROWS,0.014844,1526.715573,83886080,5698600,1024x40960x1x1,0x0x0,1024x40960x1x1
Qcur-7 (view),VIEW,0.000312,1526.720260,8192,5698600,128x16x1x1,0x0x0,128x16x1x1
Qcur-7 (view) (permuted),PERMUTE,0.013698,1526.737812,8192,5698600,128x1x16x1,0x0x0,128x1x16x1
cache_k_l7 (view),VIEW,0.000261,1526.742500,524288,5698600,128x8x256x1,0x0x0,128x8x256x1
cache_k_l7 (view) (permuted),PERMUTE,0.000521,1526.746823,524288,5698600,128x256x8x1,0x0x0,128x256x8x1
cache_v_l7 (view),VIEW,0.008907,1526.759375,524288,5698600,128x8x256x1,0x0x0,128x8x256x1
cache_v_l7 (view) (permuted),PERMUTE,0.000260,1526.763958,524288,5698600,128x256x8x1,0x0x0,128x256x8x1
node_270,FLASH_ATTN_EXT,0.043802,1526.811666,8192,5698600,128x16x1x1,0x0x0,128x16x1x1
kqv_out-7,RESHAPE,0.000313,1526.816198,8192,5698600,2048x1x1x1,0x0x0,2048x1x1x1
node_272,MUL_MAT,0.112239,1526.932239,8192,5698600,2048x1x1x1,0x0x0,2048x1x1x1
ffn_inp-7,ADD,0.001563,1526.938229,8192,5698600,2048x1x1x1,0x0x0,2048x1x1x1
norm-7,RMS_NORM,0.003229,1526.945156,8192,5698600,2048x1x1x1,0x0x0,2048x1x1x1
ffn_norm-7,MUL,0.001406,1526.950260,8192,5698600,2048x1x1x1,0x0x0,2048x1x1x1
ffn_gate-7,MUL_MAT,0.170000,1527.123958,24576,5698600,6144x1x1x1,0x0x0,6144x1x1x1
ffn_up-7,MUL_MAT,0.170990,1527.299427,24576,5698600,6144x1x1x1,0x0x0,6144x1x1x1
ffn_swiglu-7,GLU,0.004323,1527.308177,24576,5698600,6144x1x1x1,0x0x0,6144x1x1x1
ffn_out-7,MUL_MAT,0.167032,1527.479271,8192,5698600,2048x1x1x1,0x0x0,2048x1x1x1
l_out-7,ADD,0.001355,1527.484948,8192,5698600,2048x1x1x1,0x0x0,2048x1x1x1
norm-8,RMS_NORM,0.003334,1527.491927,8192,5698600,2048x1x1x1,0x0x0,2048x1x1x1
attn_norm-8,MUL,0.001614,1527.497187,8192,5698600,2048x1x1x1,0x0x0,2048x1x1x1
Qcur-8,MUL_MAT,0.055573,1527.556406,8192,5698600,2048x1x1x1,0x0x0,2048x1x1x1
Qcur-8,RESHAPE,0.000312,1527.560989,8192,5698600,128x16x1x1,0x0x0,128x16x1x1
norm-8,RMS_NORM,0.059843,1527.624791,8192,5698600,128x16x1x1,0x0x0,128x16x1x1
Qcur_normed-8,MUL,0.001927,1527.631041,8192,5698600,128x16x1x1,0x0x0,128x16x1x1
Qcur-8,ROPE,0.002136,1527.636823,8192,5698600,128x16x1x1,0x0x0,128x16x1x1
Vcur-8,MUL_MAT,0.034947,1527.675468,4096,5698600,1024x1x1x1,0x0x0,1024x1x1x1
Vcur-8,RESHAPE,0.000417,1527.680104,4096,5698600,128x8x1x1,0x0x0,128x8x1x1
Kcur-8,MUL_MAT,0.070677,1527.754583,4096,5698600,1024x1x1x1,0x0x0,1024x1x1x1
Kcur-8,RESHAPE,0.000521,1527.759427,4096,5698600,128x8x1x1,0x0x0,128x8x1x1
norm-8,RMS_NORM,0.058073,1527.821250,4096,5698600,128x8x1x1,0x0x0,128x8x1x1
Kcur_normed-8,MUL,0.001406,1527.827031,4096,5698600,128x8x1x1,0x0x0,128x8x1x1
Kcur-8,ROPE,0.001875,1527.832604,4096,5698600,128x8x1x1,0x0x0,128x8x1x1
Kcur-8 (view),VIEW,0.000312,1527.836562,4096,5698600,1024x1x1x1,0x0x0,1024x1x1x1
cache_k_l8 (view),SET_ROWS,0.024063,1527.864375,83886080,5698600,1024x40960x1x1,0x0x0,1024x40960x1x1
Vcur-8 (view),VIEW,0.000260,1527.869062,4096,5698600,1024x1x1x1,0x0x0,1024x1x1x1
cache_v_l8 (view),SET_ROWS,0.012448,1527.885312,83886080,5698600,1024x40960x1x1,0x0x0,1024x40960x1x1
Qcur-8 (view),VIEW,0.000521,1527.890156,8192,5698600,128x16x1x1,0x0x0,128x16x1x1
Qcur-8 (view) (permuted),PERMUTE,0.017969,1527.911927,8192,5698600,128x1x16x1,0x0x0,128x1x16x1
cache_k_l8 (view),VIEW,0.000312,1527.916562,524288,5698600,128x8x256x1,0x0x0,128x8x256x1
cache_k_l8 (view) (permuted),PERMUTE,0.010052,1527.930625,524288,5698600,128x256x8x1,0x0x0,128x256x8x1
cache_v_l8 (view),VIEW,0.000313,1527.935156,524288,5698600,128x8x256x1,0x0x0,128x8x256x1
cache_v_l8 (view) (permuted),PERMUTE,0.012031,1527.950937,524288,5698600,128x256x8x1,0x0x0,128x256x8x1
node_305,FLASH_ATTN_EXT,0.030677,1527.985781,8192,5698600,128x16x1x1,0x0x0,128x16x1x1
kqv_out-8,RESHAPE,0.000364,1527.990312,8192,5698600,2048x1x1x1,0x0x0,2048x1x1x1
node_307,MUL_MAT,0.118959,1528.113021,8192,5698600,2048x1x1x1,0x0x0,2048x1x1x1
ffn_inp-8,ADD,0.001563,1528.119323,8192,5698600,2048x1x1x1,0x0x0,2048x1x1x1
norm-8,RMS_NORM,0.003229,1528.126458,8192,5698600,2048x1x1x1,0x0x0,2048x1x1x1
ffn_norm-8,MUL,0.001406,1528.131458,8192,5698600,2048x1x1x1,0x0x0,2048x1x1x1
ffn_gate-8,MUL_MAT,0.171407,1528.310000,24576,5698600,6144x1x1x1,0x0x0,6144x1x1x1
ffn_up-8,MUL_MAT,0.171875,1528.486354,24576,5698600,6144x1x1x1,0x0x0,6144x1x1x1
ffn_swiglu-8,GLU,0.004427,1528.495364,24576,5698600,6144x1x1x1,0x0x0,6144x1x1x1
ffn_out-8,MUL_MAT,0.184062,1528.683489,8192,5698600,2048x1x1x1,0x0x0,2048x1x1x1
l_out-8,ADD,0.001458,1528.689479,8192,5698600,2048x1x1x1,0x0x0,2048x1x1x1
norm-9,RMS_NORM,0.003333,1528.696562,8192,5698600,2048x1x1x1,0x0x0,2048x1x1x1
attn_norm-9,MUL,0.001667,1528.701927,8192,5698600,2048x1x1x1,0x0x0,2048x1x1x1
Qcur-9,MUL_MAT,0.056458,1528.762031,8192,5698600,2048x1x1x1,0x0x0,2048x1x1x1
Qcur-9,RESHAPE,0.000312,1528.766614,8192,5698600,128x16x1x1,0x0x0,128x16x1x1
norm-9,RMS_NORM,0.058490,1528.828958,8192,5698600,128x16x1x1,0x0x0,128x16x1x1
Qcur_normed-9,MUL,0.001927,1528.835312,8192,5698600,128x16x1x1,0x0x0,128x16x1x1
Qcur-9,ROPE,0.002135,1528.841041,8192,5698600,128x16x1x1,0x0x0,128x16x1x1
Vcur-9,MUL_MAT,0.034427,1528.879114,4096,5698600,1024x1x1x1,0x0x0,1024x1x1x1
Vcur-9,RESHAPE,0.000417,1528.883646,4096,5698600,128x8x1x1,0x0x0,128x8x1x1
Kcur-9,MUL_MAT,0.091198,1528.978646,4096,5698600,1024x1x1x1,0x0x0,1024x1x1x1
Kcur-9,RESHAPE,0.000417,1528.983646,4096,5698600,128x8x1x1,0x0x0,128x8x1x1
norm-9,RMS_NORM,0.058125,1529.045573,4096,5698600,128x8x1x1,0x0x0,128x8x1x1
Kcur_normed-9,MUL,0.001406,1529.051302,4096,5698600,128x8x1x1,0x0x0,128x8x1x1
Kcur-9,ROPE,0.001823,1529.056666,4096,5698600,128x8x1x1,0x0x0,128x8x1x1
Kcur-9 (view),VIEW,0.000313,1529.060573,4096,5698600,1024x1x1x1,0x0x0,1024x1x1x1
cache_k_l9 (view),SET_ROWS,0.020000,1529.084114,83886080,5698600,1024x40960x1x1,0x0x0,1024x40960x1x1
Vcur-9 (view),VIEW,0.000312,1529.088958,4096,5698600,1024x1x1x1,0x0x0,1024x1x1x1
cache_v_l9 (view),SET_ROWS,0.013906,1529.106562,83886080,5698600,1024x40960x1x1,0x0x0,1024x40960x1x1
Qcur-9 (view),VIEW,0.000261,1529.111302,8192,5698600,128x16x1x1,0x0x0,128x16x1x1
Qcur-9 (view) (permuted),PERMUTE,0.016042,1529.131198,8192,5698600,128x1x16x1,0x0x0,128x1x16x1
cache_k_l9 (view),VIEW,0.000313,1529.135781,524288,5698600,128x8x256x1,0x0x0,128x8x256x1
cache_k_l9 (view) (permuted),PERMUTE,0.009583,1529.149010,524288,5698600,128x256x8x1,0x0x0,128x256x8x1
cache_v_l9 (view),VIEW,0.000312,1529.153489,524288,5698600,128x8x256x1,0x0x0,128x8x256x1
cache_v_l9 (view) (permuted),PERMUTE,0.014114,1529.171562,524288,5698600,128x256x8x1,0x0x0,128x256x8x1
node_340,FLASH_ATTN_EXT,0.039896,1529.215625,8192,5698600,128x16x1x1,0x0x0,128x16x1x1
kqv_out-9,RESHAPE,0.000312,1529.220208,8192,5698600,2048x1x1x1,0x0x0,2048x1x1x1
node_342,MUL_MAT,0.111719,1529.335677,8192,5698600,2048x1x1x1,0x0x0,2048x1x1x1
ffn_inp-9,ADD,0.001510,1529.341614,8192,5698600,2048x1x1x1,0x0x0,2048x1x1x1
norm-9,RMS_NORM,0.003229,1529.348541,8192,5698600,2048x1x1x1,0x0x0,2048x1x1x1
ffn_norm-9,MUL,0.001354,1529.353593,8192,5698600,2048x1x1x1,0x0x0,2048x1x1x1
ffn_gate-9,MUL_MAT,0.171355,1529.528698,24576,5698600,6144x1x1x1,0x0x0,6144x1x1x1
ffn_up-9,MUL_MAT,0.162761,1529.695729,24576,5698600,6144x1x1x1,0x0x0,6144x1x1x1
ffn_swiglu-9,GLU,0.004427,1529.704479,24576,5698600,6144x1x1x1,0x0x0,6144x1x1x1
ffn_out-9,MUL_MAT,0.157604,1529.866093,8192,5698600,2048x1x1x1,0x0x0,2048x1x1x1
l_out-9,ADD,0.001407,1529.871875,8192,5698600,2048x1x1x1,0x0x0,2048x1x1x1
norm-10,RMS_NORM,0.003333,1529.879062,8192,5698600,2048x1x1x1,0x0x0,2048x1x1x1
attn_norm-10,MUL,0.001615,1529.884323,8192,5698600,2048x1x1x1,0x0x0,2048x1x1x1
Qcur-10,MUL_MAT,0.055261,1529.943177,8192,5698600,2048x1x1x1,0x0x0,2048x1x1x1
Qcur-10,RESHAPE,0.000312,1529.947864,8192,5698600,128x16x1x1,0x0x0,128x16x1x1
norm-10,RMS_NORM,0.063021,1530.014635,8192,5698600,128x16x1x1,0x0x0,128x16x1x1
Qcur_normed-10,MUL,0.001771,1530.020729,8192,5698600,128x16x1x1,0x0x0,128x16x1x1
Qcur-10,ROPE,0.001979,1530.026406,8192,5698600,128x16x1x1,0x0x0,128x16x1x1
Vcur-10,MUL_MAT,0.034114,1530.064166,4096,5698600,1024x1x1x1,0x0x0,1024x1x1x1
Vcur-10,RESHAPE,0.000313,1530.068646,4096,5698600,128x8x1x1,0x0x0,128x8x1x1
Kcur-10,MUL_MAT,0.089584,1530.161927,4096,5698600,1024x1x1x1,0x0x0,1024x1x1x1
Kcur-10,RESHAPE,0.000469,1530.167135,4096,5698600,128x8x1x1,0x0x0,128x8x1x1
norm-10,RMS_NORM,0.057291,1530.231718,4096,5698600,128x8x1x1,0x0x0,128x8x1x1
Kcur_normed-10,MUL,0.001406,1530.237604,4096,5698600,128x8x1x1,0x0x0,128x8x1x1
Kcur-10,ROPE,0.001979,1530.243229,4096,5698600,128x8x1x1,0x0x0,128x8x1x1
Kcur-10 (view),VIEW,0.000416,1530.247239,4096,5698600,1024x1x1x1,0x0x0,1024x1x1x1
cache_k_l10 (view),SET_ROWS,0.020729,1530.271614,83886080,5698600,1024x40960x1x1,0x0x0,1024x40960x1x1
Vcur-10 (view),VIEW,0.000625,1530.276562,4096,5698600,1024x1x1x1,0x0x0,1024x1x1x1
cache_v_l10 (view),SET_ROWS,0.019739,1530.300260,83886080,5698600,1024x40960x1x1,0x0x0,1024x40960x1x1
Qcur-10 (view),VIEW,0.000417,1530.305208,8192,5698600,128x16x1x1,0x0x0,128x16x1x1
Qcur-10 (view) (permuted),PERMUTE,0.012604,1530.321510,8192,5698600,128x1x16x1,0x0x0,128x1x16x1
cache_k_l10 (view),VIEW,0.000521,1530.326406,524288,5698600,128x8x256x1,0x0x0,128x8x256x1
cache_k_l10 (view) (permuted),PERMUTE,0.013750,1530.344010,524288,5698600,128x256x8x1,0x0x0,128x256x8x1
cache_v_l10 (view),VIEW,0.000260,1530.348541,524288,5698600,128x8x256x1,0x0x0,128x8x256x1
cache_v_l10 (view) (permuted),PERMUTE,0.006041,1530.358437,524288,5698600,128x256x8x1,0x0x0,128x256x8x1
node_375,FLASH_ATTN_EXT,0.017500,1530.380156,8192,5698600,128x16x1x1,0x0x0,128x16x1x1
kqv_out-10,RESHAPE,0.000312,1530.384687,8192,5698600,2048x1x1x1,0x0x0,2048x1x1x1
node_377,MUL_MAT,0.088698,1530.476979,8192,5698600,2048x1x1x1,0x0x0,2048x1x1x1
ffn_inp-10,ADD,0.001667,1530.483125,8192,5698600,2048x1x1x1,0x0x0,2048x1x1x1
norm-10,RMS_NORM,0.003229,1530.490104,8192,5698600,2048x1x1x1,0x0x0,2048x1x1x1
ffn_norm-10,MUL,0.001406,1530.495260,8192,5698600,2048x1x1x1,0x0x0,2048x1x1x1
ffn_gate-10,MUL_MAT,0.171927,1530.670833,24576,5698600,6144x1x1x1,0x0x0,6144x1x1x1
ffn_up-10,MUL_MAT,0.161667,1530.837083,24576,5698600,6144x1x1x1,0x0x0,6144x1x1x1
ffn_swiglu-10,GLU,0.004323,1530.845833,24576,5698600,6144x1x1x1,0x0x0,6144x1x1x1
ffn_out-10,MUL_MAT,0.156563,1531.006406,8192,5698600,2048x1x1x1,0x0x0,2048x1x1x1
l_out-10,ADD,0.001354,1531.012031,8192,5698600,2048x1x1x1,0x0x0,2048x1x1x1
norm-11,RMS_NORM,0.003437,1531.019166,8192,5698600,2048x1x1x1,0x0x0,2048x1x1x1
attn_norm-11,MUL,0.001459,1531.024323,8192,5698600,2048x1x1x1,0x0x0,2048x1x1x1
Qcur-11,MUL_MAT,0.056407,1531.084375,8192,5698600,2048x1x1x1,0x0x0,2048x1x1x1
Qcur-11,RESHAPE,0.000313,1531.088906,8192,5698600,128x16x1x1,0x0x0,128x16x1x1
norm-11,RMS_NORM,0.058386,1531.151146,8192,5698600,128x16x1x1,0x0x0,128x16x1x1
Qcur_normed-11,MUL,0.002083,1531.157604,8192,5698600,128x16x1x1,0x0x0,128x16x1x1
Qcur-11,ROPE,0.001875,1531.163125,8192,5698600,128x16x1x1,0x0x0,128x16x1x1
Vcur-11,MUL_MAT,0.034270,1531.201041,4096,5698600,1024x1x1x1,0x0x0,1024x1x1x1
Vcur-11,RESHAPE,0.000469,1531.205781,4096,5698600,128x8x1x1,0x0x0,128x8x1x1
Kcur-11,MUL_MAT,0.088073,1531.297500,4096,5698600,1024x1x1x1,0x0x0,1024x1x1x1
Kcur-11,RESHAPE,0.000469,1531.302552,4096,5698600,128x8x1x1,0x0x0,128x8x1x1
norm-11,RMS_NORM,0.058489,1531.364635,4096,5698600,128x8x1x1,0x0x0,128x8x1x1
Kcur_normed-11,MUL,0.001354,1531.370468,4096,5698600,128x8x1x1,0x0x0,128x8x1x1
Kcur-11,ROPE,0.001980,1531.376146,4096,5698600,128x8x1x1,0x0x0,128x8x1x1
Kcur-11 (view),VIEW,0.000313,1531.380000,4096,5698600,1024x1x1x1,0x0x0,1024x1x1x1
cache_k_l11 (view),SET_ROWS,0.019375,1531.403125,83886080,5698600,1024x40960x1x1,0x0x0,1024x40960x1x1
Vcur-11 (view),VIEW,0.000260,1531.407760,4096,5698600,1024x1x1x1,0x0x0,1024x1x1x1
cache_v_l11 (view),SET_ROWS,0.020208,1531.432031,83886080,5698600,1024x40960x1x1,0x0x0,1024x40960x1x1
Qcur-11 (view),VIEW,0.000469,1531.436979,8192,5698600,128x16x1x1,0x0x0,128x16x1x1
Qcur-11 (view) (permuted),PERMUTE,0.018229,1531.458854,8192,5698600,128x1x16x1,0x0x0,128x1x16x1
cache_k_l11 (view),VIEW,0.000521,1531.464010,524288,5698600,128x8x256x1,0x0x0,128x8x256x1
cache_k_l11 (view) (permuted),PERMUTE,0.013125,1531.480937,524288,5698600,128x256x8x1,0x0x0,128x256x8x1
cache_v_l11 (view),VIEW,0.000260,1531.485468,524288,5698600,128x8x256x1,0x0x0,128x8x256x1
cache_v_l11 (view) (permuted),PERMUTE,0.011823,1531.500989,524288,5698600,128x256x8x1,0x0x0,128x256x8x1
node_410,FLASH_ATTN_EXT,0.026666,1531.535312,8192,5698600,128x16x1x1,0x0x0,128x16x1x1
kqv_out-11,RESHAPE,0.000313,1531.539896,8192,5698600,2048x1x1x1,0x0x0,2048x1x1x1
node_412,MUL_MAT,0.087916,1531.631562,8192,5698600,2048x1x1x1,0x0x0,2048x1x1x1
ffn_inp-11,ADD,0.001406,1531.637552,8192,5698600,2048x1x1x1,0x0x0,2048x1x1x1
norm-11,RMS_NORM,0.003229,1531.644479,8192,5698600,2048x1x1x1,0x0x0,2048x1x1x1
ffn_norm-11,MUL,0.001354,1531.649479,8192,5698600,2048x1x1x1,0x0x0,2048x1x1x1
ffn_gate-11,MUL_MAT,0.170677,1531.823802,24576,5698600,6144x1x1x1,0x0x0,6144x1x1x1
ffn_up-11,MUL_MAT,0.171354,1531.999583,24576,5698600,6144x1x1x1,0x0x0,6144x1x1x1
ffn_swiglu-11,GLU,0.004219,1532.008125,24576,5698600,6144x1x1x1,0x0x0,6144x1x1x1
ffn_out-11,MUL_MAT,0.158021,1532.170156,8192,5698600,2048x1x1x1,0x0x0,2048x1x1x1
l_out-11,ADD,0.001510,1532.176093,8192,5698600,2048x1x1x1,0x0x0,2048x1x1x1
norm-12,RMS_NORM,0.003334,1532.183177,8192,5698600,2048x1x1x1,0x0x0,2048x1x1x1
attn_norm-12,MUL,0.001615,1532.188333,8192,5698600,2048x1x1x1,0x0x0,2048x1x1x1
Qcur-12,MUL_MAT,0.054844,1532.246823,8192,5698600,2048x1x1x1,0x0x0,2048x1x1x1
Qcur-12,RESHAPE,0.000312,1532.251562,8192,5698600,128x16x1x1,0x0x0,128x16x1x1
norm-12,RMS_NORM,0.057864,1532.313385,8192,5698600,128x16x1x1,0x0x0,128x16x1x1
Qcur_normed-12,MUL,0.001823,1532.319531,8192,5698600,128x16x1x1,0x0x0,128x16x1x1
Qcur-12,ROPE,0.002240,1532.325521,8192,5698600,128x16x1x1,0x0x0,128x16x1x1
Vcur-12,MUL_MAT,0.034010,1532.363333,4096,5698600,1024x1x1x1,0x0x0,1024x1x1x1
Vcur-12,RESHAPE,0.000312,1532.367760,4096,5698600,128x8x1x1,0x0x0,128x8x1x1
Kcur-12,MUL_MAT,0.091771,1532.463281,4096,5698600,1024x1x1x1,0x0x0,1024x1x1x1
Kcur-12,RESHAPE,0.000417,1532.468125,4096,5698600,128x8x1x1,0x0x0,128x8x1x1
norm-12,RMS_NORM,0.056719,1532.528698,4096,5698600,128x8x1x1,0x0x0,128x8x1x1
Kcur_normed-12,MUL,0.001354,1532.534375,4096,5698600,128x8x1x1,0x0x0,128x8x1x1
Kcur-12,ROPE,0.001927,1532.539843,4096,5698600,128x8x1x1,0x0x0,128x8x1x1
Kcur-12 (view),VIEW,0.000313,1532.543750,4096,5698600,1024x1x1x1,0x0x0,1024x1x1x1
cache_k_l12 (view),SET_ROWS,0.037083,1532.584531,83886080,5698600,1024x40960x1x1,0x0x0,1024x40960x1x1
Vcur-12 (view),VIEW,0.000313,1532.589479,4096,5698600,1024x1x1x1,0x0x0,1024x1x1x1
cache_v_l12 (view),SET_ROWS,0.013385,1532.606614,83886080,5698600,1024x40960x1x1,0x0x0,1024x40960x1x1
Qcur-12 (view),VIEW,0.001667,1532.612552,8192,5698600,128x16x1x1,0x0x0,128x16x1x1
Qcur-12 (view) (permuted),PERMUTE,0.018854,1532.635156,8192,5698600,128x1x16x1,0x0x0,128x1x16x1
cache_k_l12 (view),VIEW,0.000521,1532.640052,524288,5698600,128x8x256x1,0x0x0,128x8x256x1
cache_k_l12 (view) (permuted),PERMUTE,0.012969,1532.656771,524288,5698600,128x256x8x1,0x0x0,128x256x8x1
cache_v_l12 (view),VIEW,0.000313,1532.661354,524288,5698600,128x8x256x1,0x0x0,128x8x256x1
cache_v_l12 (view) (permuted),PERMUTE,0.012083,1532.677343,524288,5698600,128x256x8x1,0x0x0,128x256x8x1
node_445,FLASH_ATTN_EXT,0.024375,1532.705989,8192,5698600,128x16x1x1,0x0x0,128x16x1x1
kqv_out-12,RESHAPE,0.000313,1532.710625,8192,5698600,2048x1x1x1,0x0x0,2048x1x1x1
node_447,MUL_MAT,0.120260,1532.834583,8192,5698600,2048x1x1x1,0x0x0,2048x1x1x1
ffn_inp-12,ADD,0.001407,1532.840573,8192,5698600,2048x1x1x1,0x0x0,2048x1x1x1
norm-12,RMS_NORM,0.003281,1532.847708,8192,5698600,2048x1x1x1,0x0x0,2048x1x1x1
ffn_norm-12,MUL,0.001354,1532.852760,8192,5698600,2048x1x1x1,0x0x0,2048x1x1x1
ffn_gate-12,MUL_MAT,0.170833,1533.027187,24576,5698600,6144x1x1x1,0x0x0,6144x1x1x1
ffn_up-12,MUL_MAT,0.171510,1533.202968,24576,5698600,6144x1x1x1,0x0x0,6144x1x1x1
ffn_swiglu-12,GLU,0.004167,1533.211354,24576,5698600,6144x1x1x1,0x0x0,6144x1x1x1
ffn_out-12,MUL_MAT,0.167865,1533.383281,8192,5698600,2048x1x1x1,0x0x0,2048x1x1x1
l_out-12,ADD,0.001510,1533.389166,8192,5698600,2048x1x1x1,0x0x0,2048x1x1x1
norm-13,RMS_NORM,0.003334,1533.396198,8192,5698600,2048x1x1x1,0x0x0,2048x1x1x1
attn_norm-13,MUL,0.001459,1533.401302,8192,5698600,2048x1x1x1,0x0x0,2048x1x1x1
Qcur-13,MUL_MAT,0.055208,1533.460260,8192,5698600,2048x1x1x1,0x0x0,2048x1x1x1
Qcur-13,RESHAPE,0.000312,1533.464791,8192,5698600,128x16x1x1,0x0x0,128x16x1x1
norm-13,RMS_NORM,0.058385,1533.531666,8192,5698600,128x16x1x1,0x0x0,128x16x1x1
Qcur_normed-13,MUL,0.002031,1533.538281,8192,5698600,128x16x1x1,0x0x0,128x16x1x1
Qcur-13,ROPE,0.002239,1533.544218,8192,5698600,128x16x1x1,0x0x0,128x16x1x1
Vcur-13,MUL_MAT,0.033750,1533.581562,4096,5698600,1024x1x1x1,0x0x0,1024x1x1x1
Vcur-13,RESHAPE,0.000260,1533.586093,4096,5698600,128x8x1x1,0x0x0,128x8x1x1
Kcur-13,MUL_MAT,0.089218,1533.679166,4096,5698600,1024x1x1x1,0x0x0,1024x1x1x1
Kcur-13,RESHAPE,0.000417,1533.683958,4096,5698600,128x8x1x1,0x0x0,128x8x1x1
norm-13,RMS_NORM,0.058177,1533.745937,4096,5698600,128x8x1x1,0x0x0,128x8x1x1
Kcur_normed-13,MUL,0.001458,1533.751666,4096,5698600,128x8x1x1,0x0x0,128x8x1x1
Kcur-13,ROPE,0.001927,1533.757291,4096,5698600,128x8x1x1,0x0x0,128x8x1x1
Kcur-13 (view),VIEW,0.000313,1533.761146,4096,5698600,1024x1x1x1,0x0x0,1024x1x1x1
cache_k_l13 (view),SET_ROWS,0.024063,1533.788802,83886080,5698600,1024x40960x1x1,0x0x0,1024x40960x1x1
Vcur-13 (view),VIEW,0.000312,1533.793489,4096,5698600,1024x1x1x1,0x0x0,1024x1x1x1
cache_v_l13 (view),SET_ROWS,0.012188,1533.809375,83886080,5698600,1024x40960x1x1,0x0x0,1024x40960x1x1
Qcur-13 (view),VIEW,0.000468,1533.814166,8192,5698600,128x16x1x1,0x0x0,128x16x1x1
Qcur-13 (view) (permuted),PERMUTE,0.015469,1533.833333,8192,5698600,128x1x16x1,0x0x0,128x1x16x1
cache_k_l13 (view),VIEW,0.000260,1533.837864,524288,5698600,128x8x256x1,0x0x0,128x8x256x1
cache_k_l13 (view) (permuted),PERMUTE,0.013906,1533.855781,524288,5698600,128x256x8x1,0x0x0,128x256x8x1
cache_v_l13 (view),VIEW,0.000260,1533.860364,524288,5698600,128x8x256x1,0x0x0,128x8x256x1
cache_v_l13 (view) (permuted),PERMUTE,0.011250,1533.875416,524288,5698600,128x256x8x1,0x0x0,128x256x8x1
node_480,FLASH_ATTN_EXT,0.038854,1533.918541,8192,5698600,128x16x1x1,0x0x0,128x16x1x1
kqv_out-13,RESHAPE,0.000261,1533.923177,8192,5698600,2048x1x1x1,0x0x0,2048x1x1x1
node_482,MUL_MAT,0.126719,1534.053646,8192,5698600,2048x1x1x1,0x0x0,2048x1x1x1
ffn_inp-13,ADD,0.001615,1534.059896,8192,5698600,2048x1x1x1,0x0x0,2048x1x1x1
norm-13,RMS_NORM,0.003229,1534.066875,8192,5698600,2048x1x1x1,0x0x0,2048x1x1x1
ffn_norm-13,MUL,0.001563,1534.072031,8192,5698600,2048x1x1x1,0x0x0,2048x1x1x1
ffn_gate-13,MUL_MAT,0.165781,1534.241614,24576,5698600,6144x1x1x1,0x0x0,6144x1x1x1
ffn_up-13,MUL_MAT,0.165416,1534.411562,24576,5698600,6144x1x1x1,0x0x0,6144x1x1x1
ffn_swiglu-13,GLU,0.004166,1534.420312,24576,5698600,6144x1x1x1,0x0x0,6144x1x1x1
ffn_out-13,MUL_MAT,0.170573,1534.595000,8192,5698600,2048x1x1x1,0x0x0,2048x1x1x1
l_out-13,ADD,0.001355,1534.601198,8192,5698600,2048x1x1x1,0x0x0,2048x1x1x1
norm-14,RMS_NORM,0.003333,1534.608281,8192,5698600,2048x1x1x1,0x0x0,2048x1x1x1
attn_norm-14,MUL,0.001875,1534.613802,8192,5698600,2048x1x1x1,0x0x0,2048x1x1x1
Qcur-14,MUL_MAT,0.056719,1534.674375,8192,5698600,2048x1x1x1,0x0x0,2048x1x1x1
Qcur-14,RESHAPE,0.000312,1534.679062,8192,5698600,128x16x1x1,0x0x0,128x16x1x1
norm-14,RMS_NORM,0.062240,1534.745208,8192,5698600,128x16x1x1,0x0x0,128x16x1x1
Qcur_normed-14,MUL,0.012813,1534.762448,8192,5698600,128x16x1x1,0x0x0,128x16x1x1
Qcur-14,ROPE,0.002084,1534.768073,8192,5698600,128x16x1x1,0x0x0,128x16x1x1
Vcur-14,MUL_MAT,0.037395,1534.809166,4096,5698600,1024x1x1x1,0x0x0,1024x1x1x1
Vcur-14,RESHAPE,0.000313,1534.813698,4096,5698600,128x8x1x1,0x0x0,128x8x1x1
Kcur-14,MUL_MAT,0.091198,1534.908646,4096,5698600,1024x1x1x1,0x0x0,1024x1x1x1
Kcur-14,RESHAPE,0.000468,1534.913489,4096,5698600,128x8x1x1,0x0x0,128x8x1x1
norm-14,RMS_NORM,0.059115,1534.976354,4096,5698600,128x8x1x1,0x0x0,128x8x1x1
Kcur_normed-14,MUL,0.001302,1534.981927,4096,5698600,128x8x1x1,0x0x0,128x8x1x1
Kcur-14,ROPE,0.002031,1534.987552,4096,5698600,128x8x1x1,0x0x0,128x8x1x1
Kcur-14 (view),VIEW,0.000468,1534.991718,4096,5698600,1024x1x1x1,0x0x0,1024x1x1x1
cache_k_l14 (view),SET_ROWS,0.024740,1535.020104,83886080,5698600,1024x40960x1x1,0x0x0,1024x40960x1x1
Vcur-14 (view),VIEW,0.000313,1535.024896,4096,5698600,1024x1x1x1,0x0x0,1024x1x1x1
cache_v_l14 (view),SET_ROWS,0.013386,1535.041823,83886080,5698600,1024x40960x1x1,0x0x0,1024x40960x1x1
Qcur-14 (view),VIEW,0.005417,1535.051510,8192,5698600,128x16x1x1,0x0x0,128x16x1x1
Qcur-14 (view) (permuted),PERMUTE,0.013229,1535.071927,8192,5698600,128x1x16x1,0x0x0,128x1x16x1
cache_k_l14 (view),VIEW,0.000260,1535.076562,524288,5698600,128x8x256x1,0x0x0,128x8x256x1
cache_k_l14 (view) (permuted),PERMUTE,0.012500,1535.092864,524288,5698600,128x256x8x1,0x0x0,128x256x8x1
cache_v_l14 (view),VIEW,0.000573,1535.097604,524288,5698600,128x8x256x1,0x0x0,128x8x256x1
cache_v_l14 (view) (permuted),PERMUTE,0.007813,1535.109479,524288,5698600,128x256x8x1,0x0x0,128x256x8x1
node_515,FLASH_ATTN_EXT,0.025573,1535.139114,8192,5698600,128x16x1x1,0x0x0,128x16x1x1
kqv_out-14,RESHAPE,0.000260,1535.143489,8192,5698600,2048x1x1x1,0x0x0,2048x1x1x1
node_517,MUL_MAT,0.114896,1535.262187,8192,5698600,2048x1x1x1,0x0x0,2048x1x1x1
ffn_inp-14,ADD,0.001511,1535.268125,8192,5698600,2048x1x1x1,0x0x0,2048x1x1x1
norm-14,RMS_NORM,0.003229,1535.275104,8192,5698600,2048x1x1x1,0x0x0,2048x1x1x1
ffn_norm-14,MUL,0.001562,1535.280260,8192,5698600,2048x1x1x1,0x0x0,2048x1x1x1
ffn_gate-14,MUL_MAT,0.164427,1535.448333,24576,5698600,6144x1x1x1,0x0x0,6144x1x1x1
ffn_up-14,MUL_MAT,0.166563,1535.619271,24576,5698600,6144x1x1x1,0x0x0,6144x1x1x1
ffn_swiglu-14,GLU,0.004219,1535.628021,24576,5698600,6144x1x1x1,0x0x0,6144x1x1x1
ffn_out-14,MUL_MAT,0.163125,1535.795104,8192,5698600,2048x1x1x1,0x0x0,2048x1x1x1
l_out-14,ADD,0.001510,1535.800989,8192,5698600,2048x1x1x1,0x0x0,2048x1x1x1
norm-15,RMS_NORM,0.003386,1535.808073,8192,5698600,2048x1x1x1,0x0x0,2048x1x1x1
attn_norm-15,MUL,0.001511,1535.813177,8192,5698600,2048x1x1x1,0x0x0,2048x1x1x1
Qcur-15,MUL_MAT,0.055625,1535.872448,8192,5698600,2048x1x1x1,0x0x0,2048x1x1x1
Qcur-15,RESHAPE,0.000313,1535.877031,8192,5698600,128x16x1x1,0x0x0,128x16x1x1
norm-15,RMS_NORM,0.058020,1535.939218,8192,5698600,128x16x1x1,0x0x0,128x16x1x1
Qcur_normed-15,MUL,0.001980,1535.945521,8192,5698600,128x16x1x1,0x0x0,128x16x1x1
Qcur-15,ROPE,0.002292,1535.951510,8192,5698600,128x16x1x1,0x0x0,128x16x1x1
Vcur-15,MUL_MAT,0.035937,1535.991093,4096,5698600,1024x1x1x1,0x0x0,1024x1x1x1
Vcur-15,RESHAPE,0.000469,1535.995833,4096,5698600,128x8x1x1,0x0x0,128x8x1x1
Kcur-15,MUL_MAT,0.072396,1536.071927,4096,5698600,1024x1x1x1,0x0x0,1024x1x1x1
Kcur-15,RESHAPE,0.000469,1536.076979,4096,5698600,128x8x1x1,0x0x0,128x8x1x1
norm-15,RMS_NORM,0.058646,1536.139427,4096,5698600,128x8x1x1,0x0x0,128x8x1x1
Kcur_normed-15,MUL,0.001458,1536.145364,4096,5698600,128x8x1x1,0x0x0,128x8x1x1
Kcur-15,ROPE,0.002083,1536.151093,4096,5698600,128x8x1x1,0x0x0,128x8x1x1
Kcur-15 (view),VIEW,0.000261,1536.154948,4096,5698600,1024x1x1x1,0x0x0,1024x1x1x1
cache_k_l15 (view),SET_ROWS,0.024843,1536.183489,83886080,5698600,1024x40960x1x1,0x0x0,1024x40960x1x1
Vcur-15 (view),VIEW,0.000313,1536.188177,4096,5698600,1024x1x1x1,0x0x0,1024x1x1x1
cache_v_l15 (view),SET_ROWS,0.019896,1536.211875,83886080,5698600,1024x40960x1x1,0x0x0,1024x40960x1x1
Qcur-15 (view),VIEW,0.004166,1536.220364,8192,5698600,128x16x1x1,0x0x0,128x16x1x1
Qcur-15 (view) (permuted),PERMUTE,0.017187,1536.241666,8192,5698600,128x1x16x1,0x0x0,128x1x16x1
cache_k_l15 (view),VIEW,0.000677,1536.246823,524288,5698600,128x8x256x1,0x0x0,128x8x256x1
cache_k_l15 (view) (permuted),PERMUTE,0.012864,1536.263541,524288,5698600,128x256x8x1,0x0x0,128x256x8x1
cache_v_l15 (view),VIEW,0.000313,1536.268281,524288,5698600,128x8x256x1,0x0x0,128x8x256x1
cache_v_l15 (view) (permuted),PERMUTE,0.010573,1536.282760,524288,5698600,128x256x8x1,0x0x0,128x256x8x1
node_550,FLASH_ATTN_EXT,0.042344,1536.329427,8192,5698600,128x16x1x1,0x0x0,128x16x1x1
kqv_out-15,RESHAPE,0.000313,1536.333854,8192,5698600,2048x1x1x1,0x0x0,2048x1x1x1
node_552,MUL_MAT,0.112135,1536.449687,8192,5698600,2048x1x1x1,0x0x0,2048x1x1x1
ffn_inp-15,ADD,0.001511,1536.455729,8192,5698600,2048x1x1x1,0x0x0,2048x1x1x1
norm-15,RMS_NORM,0.003229,1536.462656,8192,5698600,2048x1x1x1,0x0x0,2048x1x1x1
ffn_norm-15,MUL,0.001406,1536.467760,8192,5698600,2048x1x1x1,0x0x0,2048x1x1x1
ffn_gate-15,MUL_MAT,0.189062,1536.660416,24576,5698600,6144x1x1x1,0x0x0,6144x1x1x1
ffn_up-15,MUL_MAT,0.164271,1536.829427,24576,5698600,6144x1x1x1,0x0x0,6144x1x1x1
ffn_swiglu-15,GLU,0.004167,1536.838125,24576,5698600,6144x1x1x1,0x0x0,6144x1x1x1
ffn_out-15,MUL_MAT,0.161302,1537.006406,8192,5698600,2048x1x1x1,0x0x0,2048x1x1x1
l_out-15,ADD,0.001354,1537.012187,8192,5698600,2048x1x1x1,0x0x0,2048x1x1x1
norm-16,RMS_NORM,0.003333,1537.019166,8192,5698600,2048x1x1x1,0x0x0,2048x1x1x1
attn_norm-16,MUL,0.001459,1537.024323,8192,5698600,2048x1x1x1,0x0x0,2048x1x1x1
Qcur-16,MUL_MAT,0.059011,1537.086927,8192,5698600,2048x1x1x1,0x0x0,2048x1x1x1
Qcur-16,RESHAPE,0.000260,1537.091458,8192,5698600,128x16x1x1,0x0x0,128x16x1x1
norm-16,RMS_NORM,0.039167,1537.134479,8192,5698600,128x16x1x1,0x0x0,128x16x1x1
Qcur_normed-16,MUL,0.001927,1537.140781,8192,5698600,128x16x1x1,0x0x0,128x16x1x1
Qcur-16,ROPE,0.002031,1537.146510,8192,5698600,128x16x1x1,0x0x0,128x16x1x1
Vcur-16,MUL_MAT,0.036198,1537.186406,4096,5698600,1024x1x1x1,0x0x0,1024x1x1x1
Vcur-16,RESHAPE,0.000364,1537.190989,4096,5698600,128x8x1x1,0x0x0,128x8x1x1
Kcur-16,MUL_MAT,0.069219,1537.263906,4096,5698600,1024x1x1x1,0x0x0,1024x1x1x1
Kcur-16,RESHAPE,0.000417,1537.268802,4096,5698600,128x8x1x1,0x0x0,128x8x1x1
norm-16,RMS_NORM,0.057500,1537.330156,4096,5698600,128x8x1x1,0x0x0,128x8x1x1
Kcur_normed-16,MUL,0.001458,1537.335989,4096,5698600,128x8x1x1,0x0x0,128x8x1x1
Kcur-16,ROPE,0.001927,1537.341562,4096,5698600,128x8x1x1,0x0x0,128x8x1x1
Kcur-16 (view),VIEW,0.000312,1537.345416,4096,5698600,1024x1x1x1,0x0x0,1024x1x1x1
cache_k_l16 (view),SET_ROWS,0.024636,1537.373802,83886080,5698600,1024x40960x1x1,0x0x0,1024x40960x1x1
Vcur-16 (view),VIEW,0.000312,1537.378437,4096,5698600,1024x1x1x1,0x0x0,1024x1x1x1
cache_v_l16 (view),SET_ROWS,0.012657,1537.394896,83886080,5698600,1024x40960x1x1,0x0x0,1024x40960x1x1
Qcur-16 (view),VIEW,0.000417,1537.399635,8192,5698600,128x16x1x1,0x0x0,128x16x1x1
Qcur-16 (view) (permuted),PERMUTE,0.015417,1537.418698,8192,5698600,128x1x16x1,0x0x0,128x1x16x1
cache_k_l16 (view),VIEW,0.000313,1537.423229,524288,5698600,128x8x256x1,0x0x0,128x8x256x1
cache_k_l16 (view) (permuted),PERMUTE,0.007500,1537.434531,524288,5698600,128x256x8x1,0x0x0,128x256x8x1
cache_v_l16 (view),VIEW,0.000260,1537.439166,524288,5698600,128x8x256x1,0x0x0,128x8x256x1
cache_v_l16 (view) (permuted),PERMUTE,0.014844,1537.458021,524288,5698600,128x256x8x1,0x0x0,128x256x8x1
node_585,FLASH_ATTN_EXT,0.016980,1537.479271,8192,5698600,128x16x1x1,0x0x0,128x16x1x1
kqv_out-16,RESHAPE,0.000313,1537.483698,8192,5698600,2048x1x1x1,0x0x0,2048x1x1x1
node_587,MUL_MAT,0.112291,1537.599687,8192,5698600,2048x1x1x1,0x0x0,2048x1x1x1
ffn_inp-16,ADD,0.001667,1537.605833,8192,5698600,2048x1x1x1,0x0x0,2048x1x1x1
norm-16,RMS_NORM,0.003229,1537.612812,8192,5698600,2048x1x1x1,0x0x0,2048x1x1x1
ffn_norm-16,MUL,0.001406,1537.617864,8192,5698600,2048x1x1x1,0x0x0,2048x1x1x1
ffn_gate-16,MUL_MAT,0.168594,1537.790052,24576,5698600,6144x1x1x1,0x0x0,6144x1x1x1
ffn_up-16,MUL_MAT,0.169896,1537.964427,24576,5698600,6144x1x1x1,0x0x0,6144x1x1x1
ffn_swiglu-16,GLU,0.004167,1537.973021,24576,5698600,6144x1x1x1,0x0x0,6144x1x1x1
ffn_out-16,MUL_MAT,0.170417,1538.147396,8192,5698600,2048x1x1x1,0x0x0,2048x1x1x1
l_out-16,ADD,0.001302,1538.153125,8192,5698600,2048x1x1x1,0x0x0,2048x1x1x1
norm-17,RMS_NORM,0.003333,1538.160208,8192,5698600,2048x1x1x1,0x0x0,2048x1x1x1
attn_norm-17,MUL,0.001354,1538.165208,8192,5698600,2048x1x1x1,0x0x0,2048x1x1x1
Qcur-17,MUL_MAT,0.056198,1538.225052,8192,5698600,2048x1x1x1,0x0x0,2048x1x1x1
Qcur-17,RESHAPE,0.000312,1538.229843,8192,5698600,128x16x1x1,0x0x0,128x16x1x1
norm-17,RMS_NORM,0.059114,1538.292812,8192,5698600,128x16x1x1,0x0x0,128x16x1x1
Qcur_normed-17,MUL,0.001979,1538.299114,8192,5698600,128x16x1x1,0x0x0,128x16x1x1
Qcur-17,ROPE,0.002240,1538.305052,8192,5698600,128x16x1x1,0x0x0,128x16x1x1
Vcur-17,MUL_MAT,0.036198,1538.344791,4096,5698600,1024x1x1x1,0x0x0,1024x1x1x1
Vcur-17,RESHAPE,0.000313,1538.349323,4096,5698600,128x8x1x1,0x0x0,128x8x1x1
Kcur-17,MUL_MAT,0.069375,1538.422552,4096,5698600,1024x1x1x1,0x0x0,1024x1x1x1
Kcur-17,RESHAPE,0.000312,1538.427291,4096,5698600,128x8x1x1,0x0x0,128x8x1x1
norm-17,RMS_NORM,0.055677,1538.486718,4096,5698600,128x8x1x1,0x0x0,128x8x1x1
Kcur_normed-17,MUL,0.001459,1538.492500,4096,5698600,128x8x1x1,0x0x0,128x8x1x1
Kcur-17,ROPE,0.002084,1538.501250,4096,5698600,128x8x1x1,0x0x0,128x8x1x1
Kcur-17 (view),VIEW,0.000260,1538.505468,4096,5698600,1024x1x1x1,0x0x0,1024x1x1x1
cache_k_l17 (view),SET_ROWS,0.023854,1538.533125,83886080,5698600,1024x40960x1x1,0x0x0,1024x40960x1x1
Vcur-17 (view),VIEW,0.000312,1538.537916,4096,5698600,1024x1x1x1,0x0x0,1024x1x1x1
cache_v_l17 (view),SET_ROWS,0.012396,1538.553958,83886080,5698600,1024x40960x1x1,0x0x0,1024x40960x1x1
Qcur-17 (view),VIEW,0.005521,1538.563750,8192,5698600,128x16x1x1,0x0x0,128x16x1x1
Qcur-17 (view) (permuted),PERMUTE,0.017343,1538.585416,8192,5698600,128x1x16x1,0x0x0,128x1x16x1
cache_k_l17 (view),VIEW,0.000261,1538.590000,524288,5698600,128x8x256x1,0x0x0,128x8x256x1
cache_k_l17 (view) (permuted),PERMUTE,0.016979,1538.610989,524288,5698600,128x256x8x1,0x0x0,128x256x8x1
cache_v_l17 (view),VIEW,0.000313,1538.615729,524288,5698600,128x8x256x1,0x0x0,128x8x256x1
cache_v_l17 (view) (permuted),PERMUTE,0.011719,1538.631302,524288,5698600,128x256x8x1,0x0x0,128x256x8x1
node_620,FLASH_ATTN_EXT,0.017604,1538.653177,8192,5698600,128x16x1x1,0x0x0,128x16x1x1
kqv_out-17,RESHAPE,0.000313,1538.657656,8192,5698600,2048x1x1x1,0x0x0,2048x1x1x1
node_622,MUL_MAT,0.110937,1538.772239,8192,5698600,2048x1x1x1,0x0x0,2048x1x1x1
ffn_inp-17,ADD,0.001615,1538.778229,8192,5698600,2048x1x1x1,0x0x0,2048x1x1x1
norm-17,RMS_NORM,0.003177,1538.785260,8192,5698600,2048x1x1x1,0x0x0,2048x1x1x1
ffn_norm-17,MUL,0.001511,1538.790521,8192,5698600,2048x1x1x1,0x0x0,2048x1x1x1
ffn_gate-17,MUL_MAT,0.164584,1538.958750,24576,5698600,6144x1x1x1,0x0x0,6144x1x1x1
ffn_up-17,MUL_MAT,0.165156,1539.128333,24576,5698600,6144x1x1x1,0x0x0,6144x1x1x1
ffn_swiglu-17,GLU,0.004427,1539.137187,24576,5698600,6144x1x1x1,0x0x0,6144x1x1x1
ffn_out-17,MUL_MAT,0.164479,1539.305625,8192,5698600,2048x1x1x1,0x0x0,2048x1x1x1
l_out-17,ADD,0.001510,1539.311562,8192,5698600,2048x1x1x1,0x0x0,2048x1x1x1
norm-18,RMS_NORM,0.003490,1539.318750,8192,5698600,2048x1x1x1,0x0x0,2048x1x1x1
attn_norm-18,MUL,0.001406,1539.323906,8192,5698600,2048x1x1x1,0x0x0,2048x1x1x1
Qcur-18,MUL_MAT,0.057604,1539.385156,8192,5698600,2048x1x1x1,0x0x0,2048x1x1x1
Qcur-18,RESHAPE,0.000469,1539.389896,8192,5698600,128x16x1x1,0x0x0,128x16x1x1
norm-18,RMS_NORM,0.057864,1539.451510,8192,5698600,128x16x1x1,0x0x0,128x16x1x1
Qcur_normed-18,MUL,0.001823,1539.457708,8192,5698600,128x16x1x1,0x0x0,128x16x1x1
Qcur-18,ROPE,0.002239,1539.463541,8192,5698600,128x16x1x1,0x0x0,128x16x1x1
Vcur-18,MUL_MAT,0.035677,1539.502864,4096,5698600,1024x1x1x1,0x0x0,1024x1x1x1
Vcur-18,RESHAPE,0.000469,1539.507500,4096,5698600,128x8x1x1,0x0x0,128x8x1x1
Kcur-18,MUL_MAT,0.092500,1539.603698,4096,5698600,1024x1x1x1,0x0x0,1024x1x1x1
Kcur-18,RESHAPE,0.000469,1539.608750,4096,5698600,128x8x1x1,0x0x0,128x8x1x1
norm-18,RMS_NORM,0.057760,1539.670260,4096,5698600,128x8x1x1,0x0x0,128x8x1x1
Kcur_normed-18,MUL,0.001407,1539.676250,4096,5698600,128x8x1x1,0x0x0,128x8x1x1
Kcur-18,ROPE,0.002135,1539.682031,4096,5698600,128x8x1x1,0x0x0,128x8x1x1
Kcur-18 (view),VIEW,0.000312,1539.685937,4096,5698600,1024x1x1x1,0x0x0,1024x1x1x1
cache_k_l18 (view),SET_ROWS,0.024844,1539.714479,83886080,5698600,1024x40960x1x1,0x0x0,1024x40960x1x1
Vcur-18 (view),VIEW,0.000417,1539.719323,4096,5698600,1024x1x1x1,0x0x0,1024x1x1x1
cache_v_l18 (view),SET_ROWS,0.020677,1539.743906,83886080,5698600,1024x40960x1x1,0x0x0,1024x40960x1x1
Qcur-18 (view),VIEW,0.000417,1539.748854,8192,5698600,128x16x1x1,0x0x0,128x16x1x1
Qcur-18 (view) (permuted),PERMUTE,0.012448,1539.764948,8192,5698600,128x1x16x1,0x0x0,128x1x16x1
cache_k_l18 (view),VIEW,0.000313,1539.769531,524288,5698600,128x8x256x1,0x0x0,128x8x256x1
cache_k_l18 (view) (permuted),PERMUTE,0.008177,1539.781614,524288,5698600,128x256x8x1,0x0x0,128x256x8x1
cache_v_l18 (view),VIEW,0.000313,1539.786302,524288,5698600,128x8x256x1,0x0x0,128x8x256x1
cache_v_l18 (view) (permuted),PERMUTE,0.016354,1539.806614,524288,5698600,128x256x8x1,0x0x0,128x256x8x1
node_655,FLASH_ATTN_EXT,0.037084,1539.848125,8192,5698600,128x16x1x1,0x0x0,128x16x1x1
kqv_out-18,RESHAPE,0.000312,1539.852708,8192,5698600,2048x1x1x1,0x0x0,2048x1x1x1
node_657,MUL_MAT,0.113281,1539.972552,8192,5698600,2048x1x1x1,0x0x0,2048x1x1x1
ffn_inp-18,ADD,0.001563,1539.978854,8192,5698600,2048x1x1x1,0x0x0,2048x1x1x1
norm-18,RMS_NORM,0.003229,1539.985833,8192,5698600,2048x1x1x1,0x0x0,2048x1x1x1
ffn_norm-18,MUL,0.001354,1539.990833,8192,5698600,2048x1x1x1,0x0x0,2048x1x1x1
ffn_gate-18,MUL_MAT,0.164583,1540.159114,24576,5698600,6144x1x1x1,0x0x0,6144x1x1x1
ffn_up-18,MUL_MAT,0.165313,1540.328750,24576,5698600,6144x1x1x1,0x0x0,6144x1x1x1
ffn_swiglu-18,GLU,0.004271,1540.337396,24576,5698600,6144x1x1x1,0x0x0,6144x1x1x1
ffn_out-18,MUL_MAT,0.167917,1540.509375,8192,5698600,2048x1x1x1,0x0x0,2048x1x1x1
l_out-18,ADD,0.001354,1540.515364,8192,5698600,2048x1x1x1,0x0x0,2048x1x1x1
norm-19,RMS_NORM,0.003490,1540.522552,8192,5698600,2048x1x1x1,0x0x0,2048x1x1x1
attn_norm-19,MUL,0.001354,1540.527656,8192,5698600,2048x1x1x1,0x0x0,2048x1x1x1
Qcur-19,MUL_MAT,0.106198,1540.637552,8192,5698600,2048x1x1x1,0x0x0,2048x1x1x1
Qcur-19,RESHAPE,0.000469,1540.648125,8192,5698600,128x16x1x1,0x0x0,128x16x1x1
norm-19,RMS_NORM,0.070469,1540.722604,8192,5698600,128x16x1x1,0x0x0,128x16x1x1
Qcur_normed-19,MUL,0.001667,1540.728802,8192,5698600,128x16x1x1,0x0x0,128x16x1x1
Qcur-19,ROPE,0.002135,1540.734583,8192,5698600,128x16x1x1,0x0x0,128x16x1x1
Vcur-19,MUL_MAT,0.035937,1540.774166,4096,5698600,1024x1x1x1,0x0x0,1024x1x1x1
Vcur-19,RESHAPE,0.000469,1540.778802,4096,5698600,128x8x1x1,0x0x0,128x8x1x1
Kcur-19,MUL_MAT,0.070469,1540.853021,4096,5698600,1024x1x1x1,0x0x0,1024x1x1x1
Kcur-19,RESHAPE,0.000312,1540.857812,4096,5698600,128x8x1x1,0x0x0,128x8x1x1
norm-19,RMS_NORM,0.058490,1540.919948,4096,5698600,128x8x1x1,0x0x0,128x8x1x1
Kcur_normed-19,MUL,0.001406,1540.925677,4096,5698600,128x8x1x1,0x0x0,128x8x1x1
Kcur-19,ROPE,0.002032,1540.931250,4096,5698600,128x8x1x1,0x0x0,128x8x1x1
Kcur-19 (view),VIEW,0.000468,1540.935364,4096,5698600,1024x1x1x1,0x0x0,1024x1x1x1
cache_k_l19 (view),SET_ROWS,0.024167,1540.963281,83886080,5698600,1024x40960x1x1,0x0x0,1024x40960x1x1
Vcur-19 (view),VIEW,0.000260,1540.967864,4096,5698600,1024x1x1x1,0x0x0,1024x1x1x1
cache_v_l19 (view),SET_ROWS,0.012761,1540.984427,83886080,5698600,1024x40960x1x1,0x0x0,1024x40960x1x1
Qcur-19 (view),VIEW,0.004375,1540.993125,8192,5698600,128x16x1x1,0x0x0,128x16x1x1
Qcur-19 (view) (permuted),PERMUTE,0.010209,1541.007396,8192,5698600,128x1x16x1,0x0x0,128x1x16x1
cache_k_l19 (view),VIEW,0.000261,1541.011875,524288,5698600,128x8x256x1,0x0x0,128x8x256x1
cache_k_l19 (view) (permuted),PERMUTE,0.012864,1541.028541,524288,5698600,128x256x8x1,0x0x0,128x256x8x1
cache_v_l19 (view),VIEW,0.000261,1541.033177,524288,5698600,128x8x256x1,0x0x0,128x8x256x1
cache_v_l19 (view) (permuted),PERMUTE,0.000625,1541.037708,524288,5698600,128x256x8x1,0x0x0,128x256x8x1
node_690,FLASH_ATTN_EXT,0.013073,1541.054375,8192,5698600,128x16x1x1,0x0x0,128x16x1x1
kqv_out-19,RESHAPE,0.000313,1541.058854,8192,5698600,2048x1x1x1,0x0x0,2048x1x1x1
node_692,MUL_MAT,0.112500,1541.175052,8192,5698600,2048x1x1x1,0x0x0,2048x1x1x1
ffn_inp-19,ADD,0.001667,1541.181146,8192,5698600,2048x1x1x1,0x0x0,2048x1x1x1
norm-19,RMS_NORM,0.003229,1541.188229,8192,5698600,2048x1x1x1,0x0x0,2048x1x1x1
ffn_norm-19,MUL,0.001354,1541.193281,8192,5698600,2048x1x1x1,0x0x0,2048x1x1x1
ffn_gate-19,MUL_MAT,0.167916,1541.364791,24576,5698600,6144x1x1x1,0x0x0,6144x1x1x1
ffn_up-19,MUL_MAT,0.164375,1541.533646,24576,5698600,6144x1x1x1,0x0x0,6144x1x1x1
ffn_swiglu-19,GLU,0.004115,1541.542552,24576,5698600,6144x1x1x1,0x0x0,6144x1x1x1
ffn_out-19,MUL_MAT,0.166094,1541.712656,8192,5698600,2048x1x1x1,0x0x0,2048x1x1x1
l_out-19,ADD,0.001354,1541.718437,8192,5698600,2048x1x1x1,0x0x0,2048x1x1x1
norm-20,RMS_NORM,0.003333,1541.725468,8192,5698600,2048x1x1x1,0x0x0,2048x1x1x1
attn_norm-20,MUL,0.001459,1541.730625,8192,5698600,2048x1x1x1,0x0x0,2048x1x1x1
Qcur-20,MUL_MAT,0.055260,1541.789531,8192,5698600,2048x1x1x1,0x0x0,2048x1x1x1
Qcur-20,RESHAPE,0.000312,1541.794166,8192,5698600,128x16x1x1,0x0x0,128x16x1x1
norm-20,RMS_NORM,0.058437,1541.856666,8192,5698600,128x16x1x1,0x0x0,128x16x1x1
Qcur_normed-20,MUL,0.001823,1541.862812,8192,5698600,128x16x1x1,0x0x0,128x16x1x1
Qcur-20,ROPE,0.002136,1541.872396,8192,5698600,128x16x1x1,0x0x0,128x16x1x1
Vcur-20,MUL_MAT,0.035729,1541.912083,4096,5698600,1024x1x1x1,0x0x0,1024x1x1x1
Vcur-20,RESHAPE,0.000469,1541.916927,4096,5698600,128x8x1x1,0x0x0,128x8x1x1
Kcur-20,MUL_MAT,0.068958,1541.989635,4096,5698600,1024x1x1x1,0x0x0,1024x1x1x1
Kcur-20,RESHAPE,0.000313,1541.994531,4096,5698600,128x8x1x1,0x0x0,128x8x1x1
norm-20,RMS_NORM,0.033802,1542.032083,4096,5698600,128x8x1x1,0x0x0,128x8x1x1
Kcur_normed-20,MUL,0.001510,1542.037812,4096,5698600,128x8x1x1,0x0x0,128x8x1x1
Kcur-20,ROPE,0.001875,1542.043333,4096,5698600,128x8x1x1,0x0x0,128x8x1x1
Kcur-20 (view),VIEW,0.000260,1542.047291,4096,5698600,1024x1x1x1,0x0x0,1024x1x1x1
cache_k_l20 (view),SET_ROWS,0.024480,1542.075573,83886080,5698600,1024x40960x1x1,0x0x0,1024x40960x1x1
Vcur-20 (view),VIEW,0.000260,1542.080312,4096,5698600,1024x1x1x1,0x0x0,1024x1x1x1
cache_v_l20 (view),SET_ROWS,0.016823,1542.100989,83886080,5698600,1024x40960x1x1,0x0x0,1024x40960x1x1
Qcur-20 (view),VIEW,0.000261,1542.105573,8192,5698600,128x16x1x1,0x0x0,128x16x1x1
Qcur-20 (view) (permuted),PERMUTE,0.014636,1542.123854,8192,5698600,128x1x16x1,0x0x0,128x1x16x1
cache_k_l20 (view),VIEW,0.000312,1542.128385,524288,5698600,128x8x256x1,0x0x0,128x8x256x1
cache_k_l20 (view) (permuted),PERMUTE,0.011823,1542.144062,524288,5698600,128x256x8x1,0x0x0,128x256x8x1
cache_v_l20 (view),VIEW,0.000312,1542.148593,524288,5698600,128x8x256x1,0x0x0,128x8x256x1
cache_v_l20 (view) (permuted),PERMUTE,0.008385,1542.160781,524288,5698600,128x256x8x1,0x0x0,128x256x8x1
node_725,FLASH_ATTN_EXT,0.019270,1542.184166,8192,5698600,128x16x1x1,0x0x0,128x16x1x1
kqv_out-20,RESHAPE,0.000417,1542.188854,8192,5698600,2048x1x1x1,0x0x0,2048x1x1x1
node_727,MUL_MAT,0.113177,1542.305833,8192,5698600,2048x1x1x1,0x0x0,2048x1x1x1
ffn_inp-20,ADD,0.001563,1542.311927,8192,5698600,2048x1x1x1,0x0x0,2048x1x1x1
norm-20,RMS_NORM,0.003229,1542.318958,8192,5698600,2048x1x1x1,0x0x0,2048x1x1x1
ffn_norm-20,MUL,0.001406,1542.323958,8192,5698600,2048x1x1x1,0x0x0,2048x1x1x1
ffn_gate-20,MUL_MAT,0.164531,1542.492135,24576,5698600,6144x1x1x1,0x0x0,6144x1x1x1
ffn_up-20,MUL_MAT,0.163906,1542.660468,24576,5698600,6144x1x1x1,0x0x0,6144x1x1x1
ffn_swiglu-20,GLU,0.004270,1542.669166,24576,5698600,6144x1x1x1,0x0x0,6144x1x1x1
ffn_out-20,MUL_MAT,0.165885,1542.839010,8192,5698600,2048x1x1x1,0x0x0,2048x1x1x1
l_out-20,ADD,0.001511,1542.844948,8192,5698600,2048x1x1x1,0x0x0,2048x1x1x1
norm-21,RMS_NORM,0.003333,1542.852031,8192,5698600,2048x1x1x1,0x0x0,2048x1x1x1
attn_norm-21,MUL,0.001406,1542.857187,8192,5698600,2048x1x1x1,0x0x0,2048x1x1x1
Qcur-21,MUL_MAT,0.057031,1542.917916,8192,5698600,2048x1x1x1,0x0x0,2048x1x1x1
Qcur-21,RESHAPE,0.000312,1542.922708,8192,5698600,128x16x1x1,0x0x0,128x16x1x1
norm-21,RMS_NORM,0.057917,1542.984479,8192,5698600,128x16x1x1,0x0x0,128x16x1x1
Qcur_normed-21,MUL,0.001927,1542.990729,8192,5698600,128x16x1x1,0x0x0,128x16x1x1
Qcur-21,ROPE,0.002187,1542.996510,8192,5698600,128x16x1x1,0x0x0,128x16x1x1
Vcur-21,MUL_MAT,0.035937,1543.036093,4096,5698600,1024x1x1x1,0x0x0,1024x1x1x1
Vcur-21,RESHAPE,0.000313,1543.040573,4096,5698600,128x8x1x1,0x0x0,128x8x1x1
Kcur-21,MUL_MAT,0.088073,1543.132500,4096,5698600,1024x1x1x1,0x0x0,1024x1x1x1
Kcur-21,RESHAPE,0.000469,1543.137448,4096,5698600,128x8x1x1,0x0x0,128x8x1x1
norm-21,RMS_NORM,0.034428,1543.175521,4096,5698600,128x8x1x1,0x0x0,128x8x1x1
Kcur_normed-21,MUL,0.001250,1543.181146,4096,5698600,128x8x1x1,0x0x0,128x8x1x1
Kcur-21,ROPE,0.002084,1543.186823,4096,5698600,128x8x1x1,0x0x0,128x8x1x1
Kcur-21 (view),VIEW,0.000416,1543.190937,4096,5698600,1024x1x1x1,0x0x0,1024x1x1x1
cache_k_l21 (view),SET_ROWS,0.024271,1543.218958,83886080,5698600,1024x40960x1x1,0x0x0,1024x40960x1x1
Vcur-21 (view),VIEW,0.000313,1543.223906,4096,5698600,1024x1x1x1,0x0x0,1024x1x1x1
cache_v_l21 (view),SET_ROWS,0.016771,1543.244427,83886080,5698600,1024x40960x1x1,0x0x0,1024x40960x1x1
Qcur-21 (view),VIEW,0.000312,1543.249114,8192,5698600,128x16x1x1,0x0x0,128x16x1x1
Qcur-21 (view) (permuted),PERMUTE,0.009479,1543.262291,8192,5698600,128x1x16x1,0x0x0,128x1x16x1
cache_k_l21 (view),VIEW,0.000729,1543.267291,524288,5698600,128x8x256x1,0x0x0,128x8x256x1
cache_k_l21 (view) (permuted),PERMUTE,0.016302,1543.290208,524288,5698600,128x256x8x1,0x0x0,128x256x8x1
cache_v_l21 (view),VIEW,0.000313,1543.294948,524288,5698600,128x8x256x1,0x0x0,128x8x256x1
cache_v_l21 (view) (permuted),PERMUTE,0.010989,1543.309635,524288,5698600,128x256x8x1,0x0x0,128x256x8x1
node_760,FLASH_ATTN_EXT,0.018229,1543.332239,8192,5698600,128x16x1x1,0x0x0,128x16x1x1
kqv_out-21,RESHAPE,0.000312,1543.336718,8192,5698600,2048x1x1x1,0x0x0,2048x1x1x1
node_762,MUL_MAT,0.112032,1543.452448,8192,5698600,2048x1x1x1,0x0x0,2048x1x1x1
ffn_inp-21,ADD,0.001719,1543.458750,8192,5698600,2048x1x1x1,0x0x0,2048x1x1x1
norm-21,RMS_NORM,0.003229,1543.465729,8192,5698600,2048x1x1x1,0x0x0,2048x1x1x1
ffn_norm-21,MUL,0.001562,1543.470885,8192,5698600,2048x1x1x1,0x0x0,2048x1x1x1
ffn_gate-21,MUL_MAT,0.164896,1543.639479,24576,5698600,6144x1x1x1,0x0x0,6144x1x1x1
ffn_up-21,MUL_MAT,0.165208,1543.808906,24576,5698600,6144x1x1x1,0x0x0,6144x1x1x1
ffn_swiglu-21,GLU,0.004271,1543.817760,24576,5698600,6144x1x1x1,0x0x0,6144x1x1x1
ffn_out-21,MUL_MAT,0.168281,1543.990208,8192,5698600,2048x1x1x1,0x0x0,2048x1x1x1
l_out-21,ADD,0.001354,1543.995885,8192,5698600,2048x1x1x1,0x0x0,2048x1x1x1
norm-22,RMS_NORM,0.003437,1544.002968,8192,5698600,2048x1x1x1,0x0x0,2048x1x1x1
attn_norm-22,MUL,0.001459,1544.008073,8192,5698600,2048x1x1x1,0x0x0,2048x1x1x1
Qcur-22,MUL_MAT,0.057032,1544.068750,8192,5698600,2048x1x1x1,0x0x0,2048x1x1x1
Qcur-22,RESHAPE,0.000468,1544.073593,8192,5698600,128x16x1x1,0x0x0,128x16x1x1
norm-22,RMS_NORM,0.052343,1544.129739,8192,5698600,128x16x1x1,0x0x0,128x16x1x1
Qcur_normed-22,MUL,0.001771,1544.135885,8192,5698600,128x16x1x1,0x0x0,128x16x1x1
Qcur-22,ROPE,0.002187,1544.141718,8192,5698600,128x16x1x1,0x0x0,128x16x1x1
Vcur-22,MUL_MAT,0.035938,1544.181302,4096,5698600,1024x1x1x1,0x0x0,1024x1x1x1
Vcur-22,RESHAPE,0.000364,1544.185937,4096,5698600,128x8x1x1,0x0x0,128x8x1x1
Kcur-22,MUL_MAT,0.093021,1544.282760,4096,5698600,1024x1x1x1,0x0x0,1024x1x1x1
Kcur-22,RESHAPE,0.000469,1544.287708,4096,5698600,128x8x1x1,0x0x0,128x8x1x1
norm-22,RMS_NORM,0.057865,1544.349375,4096,5698600,128x8x1x1,0x0x0,128x8x1x1
Kcur_normed-22,MUL,0.001406,1544.355260,4096,5698600,128x8x1x1,0x0x0,128x8x1x1
Kcur-22,ROPE,0.002187,1544.361093,4096,5698600,128x8x1x1,0x0x0,128x8x1x1
Kcur-22 (view),VIEW,0.000417,1544.365208,4096,5698600,1024x1x1x1,0x0x0,1024x1x1x1
cache_k_l22 (view),SET_ROWS,0.019427,1544.388281,83886080,5698600,1024x40960x1x1,0x0x0,1024x40960x1x1
Vcur-22 (view),VIEW,0.000261,1544.393073,4096,5698600,1024x1x1x1,0x0x0,1024x1x1x1
cache_v_l22 (view),SET_ROWS,0.010364,1544.407291,83886080,5698600,1024x40960x1x1,0x0x0,1024x40960x1x1
Qcur-22 (view),VIEW,0.000313,1544.412031,8192,5698600,128x16x1x1,0x0x0,128x16x1x1
Qcur-22 (view) (permuted),PERMUTE,0.014114,1544.429791,8192,5698600,128x1x16x1,0x0x0,128x1x16x1
cache_k_l22 (view),VIEW,0.000313,1544.434271,524288,5698600,128x8x256x1,0x0x0,128x8x256x1
cache_k_l22 (view) (permuted),PERMUTE,0.007968,1544.446093,524288,5698600,128x256x8x1,0x0x0,128x256x8x1
cache_v_l22 (view),VIEW,0.000313,1544.450625,524288,5698600,128x8x256x1,0x0x0,128x8x256x1
cache_v_l22 (view) (permuted),PERMUTE,0.011510,1544.466093,524288,5698600,128x256x8x1,0x0x0,128x256x8x1
node_795,FLASH_ATTN_EXT,0.047188,1544.517552,8192,5698600,128x16x1x1,0x0x0,128x16x1x1
kqv_out-22,RESHAPE,0.000312,1544.522083,8192,5698600,2048x1x1x1,0x0x0,2048x1x1x1
node_797,MUL_MAT,0.129010,1544.654791,8192,5698600,2048x1x1x1,0x0x0,2048x1x1x1
ffn_inp-22,ADD,0.001458,1544.660989,8192,5698600,2048x1x1x1,0x0x0,2048x1x1x1
norm-22,RMS_NORM,0.003230,1544.668073,8192,5698600,2048x1x1x1,0x0x0,2048x1x1x1
ffn_norm-22,MUL,0.001511,1544.673229,8192,5698600,2048x1x1x1,0x0x0,2048x1x1x1
ffn_gate-22,MUL_MAT,0.165052,1544.841823,24576,5698600,6144x1x1x1,0x0x0,6144x1x1x1
ffn_up-22,MUL_MAT,0.165260,1545.011458,24576,5698600,6144x1x1x1,0x0x0,6144x1x1x1
ffn_swiglu-22,GLU,0.004219,1545.020052,24576,5698600,6144x1x1x1,0x0x0,6144x1x1x1
ffn_out-22,MUL_MAT,0.168438,1545.192448,8192,5698600,2048x1x1x1,0x0x0,2048x1x1x1
l_out-22,ADD,0.001406,1545.198437,8192,5698600,2048x1x1x1,0x0x0,2048x1x1x1
norm-23,RMS_NORM,0.003385,1545.209010,8192,5698600,2048x1x1x1,0x0x0,2048x1x1x1
attn_norm-23,MUL,0.001459,1545.214323,8192,5698600,2048x1x1x1,0x0x0,2048x1x1x1
Qcur-23,MUL_MAT,0.056407,1545.274323,8192,5698600,2048x1x1x1,0x0x0,2048x1x1x1
Qcur-23,RESHAPE,0.000313,1545.278906,8192,5698600,128x16x1x1,0x0x0,128x16x1x1
norm-23,RMS_NORM,0.059271,1545.342083,8192,5698600,128x16x1x1,0x0x0,128x16x1x1
Qcur_normed-23,MUL,0.002031,1545.348541,8192,5698600,128x16x1x1,0x0x0,128x16x1x1
Qcur-23,ROPE,0.002084,1545.354323,8192,5698600,128x16x1x1,0x0x0,128x16x1x1
Vcur-23,MUL_MAT,0.036146,1545.394062,4096,5698600,1024x1x1x1,0x0x0,1024x1x1x1
Vcur-23,RESHAPE,0.000469,1545.398646,4096,5698600,128x8x1x1,0x0x0,128x8x1x1
Kcur-23,MUL_MAT,0.092812,1545.495208,4096,5698600,1024x1x1x1,0x0x0,1024x1x1x1
Kcur-23,RESHAPE,0.000469,1545.500156,4096,5698600,128x8x1x1,0x0x0,128x8x1x1
norm-23,RMS_NORM,0.034219,1545.538125,4096,5698600,128x8x1x1,0x0x0,128x8x1x1
Kcur_normed-23,MUL,0.001406,1545.543802,4096,5698600,128x8x1x1,0x0x0,128x8x1x1
Kcur-23,ROPE,0.001979,1545.549531,4096,5698600,128x8x1x1,0x0x0,128x8x1x1
Kcur-23 (view),VIEW,0.000312,1545.553385,4096,5698600,1024x1x1x1,0x0x0,1024x1x1x1
cache_k_l23 (view),SET_ROWS,0.020313,1545.577396,83886080,5698600,1024x40960x1x1,0x0x0,1024x40960x1x1
Vcur-23 (view),VIEW,0.000260,1545.582031,4096,5698600,1024x1x1x1,0x0x0,1024x1x1x1
cache_v_l23 (view),SET_ROWS,0.010625,1545.596510,83886080,5698600,1024x40960x1x1,0x0x0,1024x40960x1x1
Qcur-23 (view),VIEW,0.000313,1545.601302,8192,5698600,128x16x1x1,0x0x0,128x16x1x1
Qcur-23 (view) (permuted),PERMUTE,0.015208,1545.620312,8192,5698600,128x1x16x1,0x0x0,128x1x16x1
cache_k_l23 (view),VIEW,0.000313,1545.625000,524288,5698600,128x8x256x1,0x0x0,128x8x256x1
cache_k_l23 (view) (permuted),PERMUTE,0.011979,1545.640937,524288,5698600,128x256x8x1,0x0x0,128x256x8x1
cache_v_l23 (view),VIEW,0.000313,1545.645573,524288,5698600,128x8x256x1,0x0x0,128x8x256x1
cache_v_l23 (view) (permuted),PERMUTE,0.015573,1545.665052,524288,5698600,128x256x8x1,0x0x0,128x256x8x1
node_830,FLASH_ATTN_EXT,0.031718,1545.700989,8192,5698600,128x16x1x1,0x0x0,128x16x1x1
kqv_out-23,RESHAPE,0.000312,1545.705416,8192,5698600,2048x1x1x1,0x0x0,2048x1x1x1
node_832,MUL_MAT,0.113229,1545.822343,8192,5698600,2048x1x1x1,0x0x0,2048x1x1x1
ffn_inp-23,ADD,0.001719,1545.828646,8192,5698600,2048x1x1x1,0x0x0,2048x1x1x1
norm-23,RMS_NORM,0.003229,1545.835625,8192,5698600,2048x1x1x1,0x0x0,2048x1x1x1
ffn_norm-23,MUL,0.001406,1545.840729,8192,5698600,2048x1x1x1,0x0x0,2048x1x1x1
ffn_gate-23,MUL_MAT,0.164062,1546.009010,24576,5698600,6144x1x1x1,0x0x0,6144x1x1x1
ffn_up-23,MUL_MAT,0.167552,1546.181093,24576,5698600,6144x1x1x1,0x0x0,6144x1x1x1
ffn_swiglu-23,GLU,0.004427,1546.189948,24576,5698600,6144x1x1x1,0x0x0,6144x1x1x1
ffn_out-23,MUL_MAT,0.166302,1546.360260,8192,5698600,2048x1x1x1,0x0x0,2048x1x1x1
l_out-23,ADD,0.001406,1546.366354,8192,5698600,2048x1x1x1,0x0x0,2048x1x1x1
norm-24,RMS_NORM,0.003333,1546.373385,8192,5698600,2048x1x1x1,0x0x0,2048x1x1x1
attn_norm-24,MUL,0.001406,1546.378437,8192,5698600,2048x1x1x1,0x0x0,2048x1x1x1
Qcur-24,MUL_MAT,0.056146,1546.438177,8192,5698600,2048x1x1x1,0x0x0,2048x1x1x1
Qcur-24,RESHAPE,0.000313,1546.443177,8192,5698600,128x16x1x1,0x0x0,128x16x1x1
norm-24,RMS_NORM,0.058385,1546.505416,8192,5698600,128x16x1x1,0x0x0,128x16x1x1
Qcur_normed-24,MUL,0.002188,1546.511979,8192,5698600,128x16x1x1,0x0x0,128x16x1x1
Qcur-24,ROPE,0.002343,1546.517916,8192,5698600,128x16x1x1,0x0x0,128x16x1x1
Vcur-24,MUL_MAT,0.035781,1546.557343,4096,5698600,1024x1x1x1,0x0x0,1024x1x1x1
Vcur-24,RESHAPE,0.000417,1546.562031,4096,5698600,128x8x1x1,0x0x0,128x8x1x1
Kcur-24,MUL_MAT,0.093021,1546.658802,4096,5698600,1024x1x1x1,0x0x0,1024x1x1x1
Kcur-24,RESHAPE,0.000469,1546.663698,4096,5698600,128x8x1x1,0x0x0,128x8x1x1
norm-24,RMS_NORM,0.056823,1546.724375,4096,5698600,128x8x1x1,0x0x0,128x8x1x1
Kcur_normed-24,MUL,0.001198,1546.729896,4096,5698600,128x8x1x1,0x0x0,128x8x1x1
Kcur-24,ROPE,0.002188,1546.735677,4096,5698600,128x8x1x1,0x0x0,128x8x1x1
Kcur-24 (view),VIEW,0.000365,1546.739583,4096,5698600,1024x1x1x1,0x0x0,1024x1x1x1
cache_k_l24 (view),SET_ROWS,0.024635,1546.770885,83886080,5698600,1024x40960x1x1,0x0x0,1024x40960x1x1
Vcur-24 (view),VIEW,0.000261,1546.775729,4096,5698600,1024x1x1x1,0x0x0,1024x1x1x1
cache_v_l24 (view),SET_ROWS,0.013698,1546.793229,83886080,5698600,1024x40960x1x1,0x0x0,1024x40960x1x1
Qcur-24 (view),VIEW,0.000521,1546.798021,8192,5698600,128x16x1x1,0x0x0,128x16x1x1
Qcur-24 (view) (permuted),PERMUTE,0.016250,1546.818125,8192,5698600,128x1x16x1,0x0x0,128x1x16x1
cache_k_l24 (view),VIEW,0.000260,1546.822760,524288,5698600,128x8x256x1,0x0x0,128x8x256x1
cache_k_l24 (view) (permuted),PERMUTE,0.010469,1546.837135,524288,5698600,128x256x8x1,0x0x0,128x256x8x1
cache_v_l24 (view),VIEW,0.000312,1546.841614,524288,5698600,128x8x256x1,0x0x0,128x8x256x1
cache_v_l24 (view) (permuted),PERMUTE,0.010573,1546.856198,524288,5698600,128x256x8x1,0x0x0,128x256x8x1
node_865,FLASH_ATTN_EXT,0.039896,1546.900260,8192,5698600,128x16x1x1,0x0x0,128x16x1x1
kqv_out-24,RESHAPE,0.000312,1546.904687,8192,5698600,2048x1x1x1,0x0x0,2048x1x1x1
node_867,MUL_MAT,0.089479,1546.997812,8192,5698600,2048x1x1x1,0x0x0,2048x1x1x1
ffn_inp-24,ADD,0.001562,1547.004062,8192,5698600,2048x1x1x1,0x0x0,2048x1x1x1
norm-24,RMS_NORM,0.003229,1547.011041,8192,5698600,2048x1x1x1,0x0x0,2048x1x1x1
ffn_norm-24,MUL,0.001407,1547.016198,8192,5698600,2048x1x1x1,0x0x0,2048x1x1x1
ffn_gate-24,MUL_MAT,0.163907,1547.183750,24576,5698600,6144x1x1x1,0x0x0,6144x1x1x1
ffn_up-24,MUL_MAT,0.172083,1547.360312,24576,5698600,6144x1x1x1,0x0x0,6144x1x1x1
ffn_swiglu-24,GLU,0.004427,1547.369323,24576,5698600,6144x1x1x1,0x0x0,6144x1x1x1
ffn_out-24,MUL_MAT,0.168229,1547.541614,8192,5698600,2048x1x1x1,0x0x0,2048x1x1x1
l_out-24,ADD,0.001563,1547.547552,8192,5698600,2048x1x1x1,0x0x0,2048x1x1x1
norm-25,RMS_NORM,0.003333,1547.554531,8192,5698600,2048x1x1x1,0x0x0,2048x1x1x1
attn_norm-25,MUL,0.001406,1547.559635,8192,5698600,2048x1x1x1,0x0x0,2048x1x1x1
Qcur-25,MUL_MAT,0.057760,1547.621041,8192,5698600,2048x1x1x1,0x0x0,2048x1x1x1
Qcur-25,RESHAPE,0.000521,1547.625833,8192,5698600,128x16x1x1,0x0x0,128x16x1x1
norm-25,RMS_NORM,0.058073,1547.687916,8192,5698600,128x16x1x1,0x0x0,128x16x1x1
Qcur_normed-25,MUL,0.001823,1547.694166,8192,5698600,128x16x1x1,0x0x0,128x16x1x1
Qcur-25,ROPE,0.002240,1547.700052,8192,5698600,128x16x1x1,0x0x0,128x16x1x1
Vcur-25,MUL_MAT,0.036145,1547.739791,4096,5698600,1024x1x1x1,0x0x0,1024x1x1x1
Vcur-25,RESHAPE,0.000469,1547.744635,4096,5698600,128x8x1x1,0x0x0,128x8x1x1
Kcur-25,MUL_MAT,0.093177,1547.841718,4096,5698600,1024x1x1x1,0x0x0,1024x1x1x1
Kcur-25,RESHAPE,0.000468,1547.846614,4096,5698600,128x8x1x1,0x0x0,128x8x1x1
norm-25,RMS_NORM,0.058021,1547.908385,4096,5698600,128x8x1x1,0x0x0,128x8x1x1
Kcur_normed-25,MUL,0.001406,1547.914114,4096,5698600,128x8x1x1,0x0x0,128x8x1x1
Kcur-25,ROPE,0.002084,1547.919896,4096,5698600,128x8x1x1,0x0x0,128x8x1x1
Kcur-25 (view),VIEW,0.000313,1547.923802,4096,5698600,1024x1x1x1,0x0x0,1024x1x1x1
cache_k_l25 (view),SET_ROWS,0.024166,1547.951666,83886080,5698600,1024x40960x1x1,0x0x0,1024x40960x1x1
Vcur-25 (view),VIEW,0.000313,1547.956406,4096,5698600,1024x1x1x1,0x0x0,1024x1x1x1
cache_v_l25 (view),SET_ROWS,0.013698,1547.973750,83886080,5698600,1024x40960x1x1,0x0x0,1024x40960x1x1
Qcur-25 (view),VIEW,0.001979,1547.980104,8192,5698600,128x16x1x1,0x0x0,128x16x1x1
Qcur-25 (view) (permuted),PERMUTE,0.019583,1548.003541,8192,5698600,128x1x16x1,0x0x0,128x1x16x1
cache_k_l25 (view),VIEW,0.000261,1548.008177,524288,5698600,128x8x256x1,0x0x0,128x8x256x1
cache_k_l25 (view) (permuted),PERMUTE,0.012969,1548.025052,524288,5698600,128x256x8x1,0x0x0,128x256x8x1
cache_v_l25 (view),VIEW,0.000260,1548.029687,524288,5698600,128x8x256x1,0x0x0,128x8x256x1
cache_v_l25 (view) (permuted),PERMUTE,0.000782,1548.034271,524288,5698600,128x256x8x1,0x0x0,128x256x8x1
node_900,FLASH_ATTN_EXT,0.030157,1548.068125,8192,5698600,128x16x1x1,0x0x0,128x16x1x1
kqv_out-25,RESHAPE,0.000312,1548.072864,8192,5698600,2048x1x1x1,0x0x0,2048x1x1x1
node_902,MUL_MAT,0.113125,1548.189739,8192,5698600,2048x1x1x1,0x0x0,2048x1x1x1
ffn_inp-25,ADD,0.001614,1548.195885,8192,5698600,2048x1x1x1,0x0x0,2048x1x1x1
norm-25,RMS_NORM,0.003229,1548.205989,8192,5698600,2048x1x1x1,0x0x0,2048x1x1x1
ffn_norm-25,MUL,0.001459,1548.211250,8192,5698600,2048x1x1x1,0x0x0,2048x1x1x1
ffn_gate-25,MUL_MAT,0.164739,1548.379739,24576,5698600,6144x1x1x1,0x0x0,6144x1x1x1
ffn_up-25,MUL_MAT,0.165157,1548.549323,24576,5698600,6144x1x1x1,0x0x0,6144x1x1x1
ffn_swiglu-25,GLU,0.030677,1548.610468,24576,5698600,6144x1x1x1,0x0x0,6144x1x1x1
ffn_out-25,MUL_MAT,0.167605,1548.782396,8192,5698600,2048x1x1x1,0x0x0,2048x1x1x1
l_out-25,ADD,0.001302,1548.788125,8192,5698600,2048x1x1x1,0x0x0,2048x1x1x1
norm-26,RMS_NORM,0.003333,1548.795260,8192,5698600,2048x1x1x1,0x0x0,2048x1x1x1
attn_norm-26,MUL,0.001406,1548.800364,8192,5698600,2048x1x1x1,0x0x0,2048x1x1x1
Qcur-26,MUL_MAT,0.056667,1548.860729,8192,5698600,2048x1x1x1,0x0x0,2048x1x1x1
Qcur-26,RESHAPE,0.000469,1548.865573,8192,5698600,128x16x1x1,0x0x0,128x16x1x1
norm-26,RMS_NORM,0.060677,1548.930104,8192,5698600,128x16x1x1,0x0x0,128x16x1x1
Qcur_normed-26,MUL,0.001823,1548.936250,8192,5698600,128x16x1x1,0x0x0,128x16x1x1
Qcur-26,ROPE,0.002239,1548.942239,8192,5698600,128x16x1x1,0x0x0,128x16x1x1
Vcur-26,MUL_MAT,0.036198,1548.982135,4096,5698600,1024x1x1x1,0x0x0,1024x1x1x1
Vcur-26,RESHAPE,0.000416,1548.986614,4096,5698600,128x8x1x1,0x0x0,128x8x1x1
Kcur-26,MUL_MAT,0.093959,1549.084323,4096,5698600,1024x1x1x1,0x0x0,1024x1x1x1
Kcur-26,RESHAPE,0.000469,1549.089323,4096,5698600,128x8x1x1,0x0x0,128x8x1x1
norm-26,RMS_NORM,0.037136,1549.130104,4096,5698600,128x8x1x1,0x0x0,128x8x1x1
Kcur_normed-26,MUL,0.001406,1549.135885,4096,5698600,128x8x1x1,0x0x0,128x8x1x1
Kcur-26,ROPE,0.002083,1549.141562,4096,5698600,128x8x1x1,0x0x0,128x8x1x1
Kcur-26 (view),VIEW,0.000312,1549.145468,4096,5698600,1024x1x1x1,0x0x0,1024x1x1x1
cache_k_l26 (view),SET_ROWS,0.024688,1549.173854,83886080,5698600,1024x40960x1x1,0x0x0,1024x40960x1x1
Vcur-26 (view),VIEW,0.000261,1549.178698,4096,5698600,1024x1x1x1,0x0x0,1024x1x1x1
cache_v_l26 (view),SET_ROWS,0.013177,1549.195573,83886080,5698600,1024x40960x1x1,0x0x0,1024x40960x1x1
Qcur-26 (view),VIEW,0.000468,1549.200364,8192,5698600,128x16x1x1,0x0x0,128x16x1x1
Qcur-26 (view) (permuted),PERMUTE,0.015625,1549.219843,8192,5698600,128x1x16x1,0x0x0,128x1x16x1
cache_k_l26 (view),VIEW,0.000261,1549.224375,524288,5698600,128x8x256x1,0x0x0,128x8x256x1
cache_k_l26 (view) (permuted),PERMUTE,0.011354,1549.239635,524288,5698600,128x256x8x1,0x0x0,128x256x8x1
cache_v_l26 (view),VIEW,0.000937,1549.244843,524288,5698600,128x8x256x1,0x0x0,128x8x256x1
cache_v_l26 (view) (permuted),PERMUTE,0.011459,1549.260000,524288,5698600,128x256x8x1,0x0x0,128x256x8x1
node_935,FLASH_ATTN_EXT,0.045990,1549.310156,8192,5698600,128x16x1x1,0x0x0,128x16x1x1
kqv_out-26,RESHAPE,0.000364,1549.314739,8192,5698600,2048x1x1x1,0x0x0,2048x1x1x1
node_937,MUL_MAT,0.112240,1549.430729,8192,5698600,2048x1x1x1,0x0x0,2048x1x1x1
ffn_inp-26,ADD,0.001458,1549.436666,8192,5698600,2048x1x1x1,0x0x0,2048x1x1x1
norm-26,RMS_NORM,0.003229,1549.443750,8192,5698600,2048x1x1x1,0x0x0,2048x1x1x1
ffn_norm-26,MUL,0.001406,1549.448802,8192,5698600,2048x1x1x1,0x0x0,2048x1x1x1
ffn_gate-26,MUL_MAT,0.164843,1549.617291,24576,5698600,6144x1x1x1,0x0x0,6144x1x1x1
ffn_up-26,MUL_MAT,0.165208,1549.787343,24576,5698600,6144x1x1x1,0x0x0,6144x1x1x1
ffn_swiglu-26,GLU,0.004375,1549.796146,24576,5698600,6144x1x1x1,0x0x0,6144x1x1x1
ffn_out-26,MUL_MAT,0.162188,1549.962396,8192,5698600,2048x1x1x1,0x0x0,2048x1x1x1
l_out-26,ADD,0.001406,1549.968229,8192,5698600,2048x1x1x1,0x0x0,2048x1x1x1
norm-27,RMS_NORM,0.003385,1549.975260,8192,5698600,2048x1x1x1,0x0x0,2048x1x1x1
attn_norm-27,MUL,0.001458,1549.980416,8192,5698600,2048x1x1x1,0x0x0,2048x1x1x1
Qcur-27,MUL_MAT,0.056563,1550.040677,8192,5698600,2048x1x1x1,0x0x0,2048x1x1x1
Qcur-27,RESHAPE,0.000312,1550.045260,8192,5698600,128x16x1x1,0x0x0,128x16x1x1
norm-27,RMS_NORM,0.050261,1550.099427,8192,5698600,128x16x1x1,0x0x0,128x16x1x1
Qcur_normed-27,MUL,0.001875,1550.105677,8192,5698600,128x16x1x1,0x0x0,128x16x1x1
Qcur-27,ROPE,0.002343,1550.111718,8192,5698600,128x16x1x1,0x0x0,128x16x1x1
Vcur-27,MUL_MAT,0.035782,1550.151146,4096,5698600,1024x1x1x1,0x0x0,1024x1x1x1
Vcur-27,RESHAPE,0.000469,1550.155833,4096,5698600,128x8x1x1,0x0x0,128x8x1x1
Kcur-27,MUL_MAT,0.093802,1550.256875,4096,5698600,1024x1x1x1,0x0x0,1024x1x1x1
Kcur-27,RESHAPE,0.000312,1550.261666,4096,5698600,128x8x1x1,0x0x0,128x8x1x1
norm-27,RMS_NORM,0.056302,1550.321614,4096,5698600,128x8x1x1,0x0x0,128x8x1x1
Kcur_normed-27,MUL,0.001459,1550.327500,4096,5698600,128x8x1x1,0x0x0,128x8x1x1
Kcur-27,ROPE,0.001927,1550.333177,4096,5698600,128x8x1x1,0x0x0,128x8x1x1
Kcur-27 (view),VIEW,0.000468,1550.337291,4096,5698600,1024x1x1x1,0x0x0,1024x1x1x1
cache_k_l27 (view),SET_ROWS,0.020417,1550.361510,83886080,5698600,1024x40960x1x1,0x0x0,1024x40960x1x1
Vcur-27 (view),VIEW,0.001198,1550.367135,4096,5698600,1024x1x1x1,0x0x0,1024x1x1x1
cache_v_l27 (view),SET_ROWS,0.019844,1550.390833,83886080,5698600,1024x40960x1x1,0x0x0,1024x40960x1x1
Qcur-27 (view),VIEW,0.000417,1550.395625,8192,5698600,128x16x1x1,0x0x0,128x16x1x1
Qcur-27 (view) (permuted),PERMUTE,0.016250,1550.415677,8192,5698600,128x1x16x1,0x0x0,128x1x16x1
cache_k_l27 (view),VIEW,0.000312,1550.420260,524288,5698600,128x8x256x1,0x0x0,128x8x256x1
cache_k_l27 (view) (permuted),PERMUTE,0.014896,1550.438906,524288,5698600,128x256x8x1,0x0x0,128x256x8x1
cache_v_l27 (view),VIEW,0.000312,1550.443437,524288,5698600,128x8x256x1,0x0x0,128x8x256x1
cache_v_l27 (view) (permuted),PERMUTE,0.000469,1550.447656,524288,5698600,128x256x8x1,0x0x0,128x256x8x1
node_970,FLASH_ATTN_EXT,0.046771,1550.498073,8192,5698600,128x16x1x1,0x0x0,128x16x1x1
kqv_out-27,RESHAPE,0.000312,1550.502864,8192,5698600,2048x1x1x1,0x0x0,2048x1x1x1
node_972,MUL_MAT,0.106459,1550.613021,8192,5698600,2048x1x1x1,0x0x0,2048x1x1x1
node_973,GET_ROWS,0.000989,1550.618489,8192,5698600,2048x1x1x1,0x0x0,2048x1x1x1
node_974,GET_ROWS,0.024219,1550.646510,8192,5698600,2048x1x1x1,0x0x0,2048x1x1x1
ffn_inp-27,ADD,0.030000,1550.681093,8192,5698600,2048x1x1x1,0x0x0,2048x1x1x1
norm-27,RMS_NORM,0.003230,1550.688073,8192,5698600,2048x1x1x1,0x0x0,2048x1x1x1
ffn_norm-27,MUL,0.001510,1550.693281,8192,5698600,2048x1x1x1,0x0x0,2048x1x1x1
ffn_gate-27,MUL_MAT,0.170208,1550.867187,24576,5698600,6144x1x1x1,0x0x0,6144x1x1x1
ffn_up-27,MUL_MAT,0.164167,1551.035625,24576,5698600,6144x1x1x1,0x0x0,6144x1x1x1
ffn_swiglu-27,GLU,0.004271,1551.044271,24576,5698600,6144x1x1x1,0x0x0,6144x1x1x1
ffn_out-27,MUL_MAT,0.161459,1551.209896,8192,5698600,2048x1x1x1,0x0x0,2048x1x1x1
l_out-27,ADD,0.001458,1551.215729,8192,5698600,2048x1x1x1,0x0x0,2048x1x1x1
norm,RMS_NORM,0.003177,1551.222604,8192,5698600,2048x1x1x1,0x0x0,2048x1x1x1
result_norm,MUL,0.001823,1551.228073,8192,5698600,2048x1x1x1,0x0x0,2048x1x1x1
result_output,MUL_MAT,5.135990,1556.367656,607744,5698600,151936x1x1x1,0x0x0,151936x1x1x1
